,id,price,escrowPubkey,owner,collectionName,collectionTitle,img,title,content,propertyCategory,creators,sellerFeeBasisPoints,mintAddress,attributes,properties,supply,updateAuthority,primarySaleHappened,onChainCollection,tokenDelegateValid,v2,rarity
0,4QVRAWXr5Htb7yf2Ndayh1hsU8pURfoXJaozVBGaWKr7,19.5,4mV9VDkfW34C7yJjfq15r7oevNQBKkusJkNeBfc3mqkz,2RwD5cXVfvtGGoWmhGysLKupxhMZdG1Zfh81GcCnQtWG,888_anon_club,The Anon Club™,https://www.arweave.net/7GPgy6KM6kqocc-hwQ384wJJFIO7TomwxTk347Fyhmc?ext=png,888AC #829,888 Unique 2D Pixel Anons which represent membership into The 888 Anon Club™,image,"[{'address': '7JZbDVec4dViXTsMgYudpBppVdVAzZYjUuX985wZCK8B', 'verified': 1, 'share': 0}, {'address': 'FDfhQ9t7Nq8U4Y2xXynmd9bQW8HMdgbVS5PggeuAaff3', 'verified': 0, 'share': 100}]",500,2Bk7n23saj3iAyBqJqcJwidNwFArZ4Ud5yXmjSxodPTK,"[{'trait_type': 'background', 'value': 'dusk-green'}, {'trait_type': 'tshirt', 'value': 'logo2-purple'}, {'trait_type': 'skin', 'value': 'blue'}, {'trait_type': 'mask', 'value': 'crimson'}, {'trait_type': 'accessory', 'value': 'fangs'}]","{'category': 'image', 'creators': [{'address': 'FDfhQ9t7Nq8U4Y2xXynmd9bQW8HMdgbVS5PggeuAaff3', 'share': 100}], 'files': [{'uri': 'https://www.arweave.net/7GPgy6KM6kqocc-hwQ384wJJFIO7TomwxTk347Fyhmc?ext=png', 'type': 'image/png'}]}",1,prC6wjf6Qu3ZgBxMdpTcknReCberDnRitqkEHhG59yv,1,{},False,"{'auctionHouseKey': 'E8cU1WiRWjanGxmn96ewBgk9vPTcL6AEZ1t6F6fkgUWe', 'sellerReferral': 'autMW8SgBkVYeBgqYiTuJZnkvDZMVU2MHJh9Jh7CSQ2', 'expiry': -1}",{'moonrank': {'rank': 684}}
1,E3c9a287ZvKbjEFKgcXpRpJKzY2Lj56UQx69Vj7dBHsn,20.0,FMzbaENzSMToqG2abUtguQqysqupLzHD6LbGeVfHWcAs,AaPCFNSTPonqfNiZH9FadP3VDFwzvn6GtmhncK3g9oQ8,888_anon_club,The Anon Club™,https://www.arweave.net/cNWvltrlJ9wQADy7LUkVf3lTHj__ghaCXt4DypR5t2Q?ext=png,888AC #181,888 Unique 2D Pixel Anons which represent membership into The 888 Anon Club™,image,"[{'address': '7JZbDVec4dViXTsMgYudpBppVdVAzZYjUuX985wZCK8B', 'verified': 1, 'share': 0}, {'address': 'FDfhQ9t7Nq8U4Y2xXynmd9bQW8HMdgbVS5PggeuAaff3', 'verified': 0, 'share': 100}]",500,9gGKswvwt2RU4qcVuXSSEkrmAFH7zx5EXkHVRYGZpoiH,"[{'trait_type': 'background', 'value': 'candy-red'}, {'trait_type': 'tshirt', 'value': 'logo-orange'}, {'trait_type': 'skin', 'value': 'dusk'}, {'trait_type': 'mask', 'value': 'dusk'}, {'trait_type': 'accessory', 'value': 'bandage'}]","{'category': 'image', 'creators': [{'address': 'FDfhQ9t7Nq8U4Y2xXynmd9bQW8HMdgbVS5PggeuAaff3', 'share': 100}], 'files': [{'uri': 'https://www.arweave.net/cNWvltrlJ9wQADy7LUkVf3lTHj__ghaCXt4DypR5t2Q?ext=png', 'type': 'image/png'}]}",1,prC6wjf6Qu3ZgBxMdpTcknReCberDnRitqkEHhG59yv,1,{},False,"{'auctionHouseKey': 'E8cU1WiRWjanGxmn96ewBgk9vPTcL6AEZ1t6F6fkgUWe', 'sellerReferral': 'autMW8SgBkVYeBgqYiTuJZnkvDZMVU2MHJh9Jh7CSQ2', 'expiry': -1}","{'moonrank': {'rank': 303}, 'howrare': {'rank': 327}}"
2,7WzmCGXe61xHao66P21vpJnLcf7U1DEcjwH5zigvfem2,21.0,3uLdorxZrATJH4nMzb2Azorj9uhn2ENvuazxCb4foiFF,3dThnFSLaGq3S5KpgPdxiMJc7VH2PyjCsN9eGd7QePBH,888_anon_club,The Anon Club™,https://www.arweave.net/0OFpGuYJgXknPVeECjmyjKptT4ltbmF-E3pUN6nF34c?ext=png,888AC #56,888 Unique 2D Pixel Anons which represent membership into The 888 Anon Club™,image,"[{'address': '7JZbDVec4dViXTsMgYudpBppVdVAzZYjUuX985wZCK8B', 'verified': 1, 'share': 0}, {'address': 'FDfhQ9t7Nq8U4Y2xXynmd9bQW8HMdgbVS5PggeuAaff3', 'verified': 0, 'share': 100}]",500,362Mu4qhpTXWGrJvpPpHCUJfHm6XDjoxPzzS894kZYjU,"[{'trait_type': 'background', 'value': 'candy-red'}, {'trait_type': 'tshirt', 'value': 'plain-red'}, {'trait_type': 'skin', 'value': 'orange'}, {'trait_type': 'mask', 'value': 'blue'}, {'trait_type': 'accessory', 'value': 'mouth'}]","{'category': 'image', 'creators': [{'address': 'FDfhQ9t7Nq8U4Y2xXynmd9bQW8HMdgbVS5PggeuAaff3', 'share': 100}], 'files': [{'uri': 'https://www.arweave.net/0OFpGuYJgXknPVeECjmyjKptT4ltbmF-E3pUN6nF34c?ext=png', 'type': 'image/png'}]}",1,prC6wjf6Qu3ZgBxMdpTcknReCberDnRitqkEHhG59yv,1,{},False,"{'auctionHouseKey': 'E8cU1WiRWjanGxmn96ewBgk9vPTcL6AEZ1t6F6fkgUWe', 'sellerReferral': 'autMW8SgBkVYeBgqYiTuJZnkvDZMVU2MHJh9Jh7CSQ2', 'expiry': -1}","{'moonrank': {'rank': 370}, 'howrare': {'rank': 395}}"
3,V2Q4T2ihfAZaxBoMdywxJGFCSNr3cZ1pPzckAocHxH4,21.5,HKdEPaitBMWbBSekPexVk3iYxZSBxTjEfZRfdSBYbk5V,FspCE8JboVXrq1MUjn5Jssb7YJpwUXU6BFJgZctdJEjK,888_anon_club,The Anon Club™,https://www.arweave.net/-6BX6LrAv1OtIczzfhO4uuP0Mr3mEEbqNRwLqx8UXN0?ext=png,888AC #708,888 Unique 2D Pixel Anons which represent membership into The 888 Anon Club™,image,"[{'address': '7JZbDVec4dViXTsMgYudpBppVdVAzZYjUuX985wZCK8B', 'verified': 1, 'share': 0}, {'address': 'FDfhQ9t7Nq8U4Y2xXynmd9bQW8HMdgbVS5PggeuAaff3', 'verified': 0, 'share': 100}]",500,9KZbaUDXYYe8pNAAiytn7uDdFsG9V2xC6acoDd42jREv,"[{'trait_type': 'background', 'value': 'blue'}, {'trait_type': 'tshirt', 'value': 'logo-bblue'}, {'trait_type': 'skin', 'value': 'black'}, {'trait_type': 'mask', 'value': 'inverse'}, {'trait_type': 'accessory', 'value': 'green-eyes'}]","{'category': 'image', 'creators': [{'address': 'FDfhQ9t7Nq8U4Y2xXynmd9bQW8HMdgbVS5PggeuAaff3', 'share': 100}], 'files': [{'uri': 'https://www.arweave.net/-6BX6LrAv1OtIczzfhO4uuP0Mr3mEEbqNRwLqx8UXN0?ext=png', 'type': 'image/png'}]}",1,prC6wjf6Qu3ZgBxMdpTcknReCberDnRitqkEHhG59yv,1,{},False,"{'auctionHouseKey': 'E8cU1WiRWjanGxmn96ewBgk9vPTcL6AEZ1t6F6fkgUWe', 'sellerReferral': 'autMW8SgBkVYeBgqYiTuJZnkvDZMVU2MHJh9Jh7CSQ2', 'expiry': -1}","{'moonrank': {'rank': 740}, 'howrare': {'rank': 821}}"
4,5FsJ7x6G4VZapGhawyj4gJFavMqGkYoEu7CxXJdx6Ri8,21.9,7rrDQ116Kmya9uK8ViWJNMP62q8Xebrr36cCRp82XmVd,EigzTSviXcMjgTsTHDbMei1pZWRXs74sLVhWDomWdoM1,888_anon_club,The Anon Club™,https://www.arweave.net/H_1s09kkemn5f7GlrLzrYlDvOIORpKIrY79UBfHGaR8?ext=png,888AC #547,888 Unique 2D Pixel Anons which represent membership into The 888 Anon Club™,image,"[{'address': '7JZbDVec4dViXTsMgYudpBppVdVAzZYjUuX985wZCK8B', 'verified': 1, 'share': 0}, {'address': 'FDfhQ9t7Nq8U4Y2xXynmd9bQW8HMdgbVS5PggeuAaff3', 'verified': 0, 'share': 100}]",500,GDpv9FDDXcNaf5CCSc3o91Fkf3TRySMmEBQVrce5oyUj,"[{'trait_type': 'background', 'value': 'dusk'}, {'trait_type': 'tshirt', 'value': 'skull-orange'}, {'trait_type': 'skin', 'value': 'crimson'}, {'trait_type': 'mask', 'value': 'hot-pink'}, {'trait_type': 'accessory', 'value': 'green-eyes'}]","{'category': 'image', 'creators': [{'address': 'FDfhQ9t7Nq8U4Y2xXynmd9bQW8HMdgbVS5PggeuAaff3', 'share': 100}], 'files': [{'uri': 'https://www.arweave.net/H_1s09kkemn5f7GlrLzrYlDvOIORpKIrY79UBfHGaR8?ext=png', 'type': 'image/png'}]}",1,prC6wjf6Qu3ZgBxMdpTcknReCberDnRitqkEHhG59yv,1,{},False,"{'auctionHouseKey': 'E8cU1WiRWjanGxmn96ewBgk9vPTcL6AEZ1t6F6fkgUWe', 'sellerReferral': 'autMW8SgBkVYeBgqYiTuJZnkvDZMVU2MHJh9Jh7CSQ2', 'expiry': -1}","{'moonrank': {'rank': 582}, 'howrare': {'rank': 644}}"
5,2AXksk5A8iKCXvKbo86NvKqSsrYNEJivQpi6c3zKF4xJ,22.0,BUqSdumZveFRTpAS4VigCE6NazcwXxpTPHYGB1hs54vb,7CnfVic8vTNFfN4Nk3wCkP9LNXwbXYiwy6TdcvHSL8FQ,888_anon_club,The Anon Club™,https://www.arweave.net/PfUq4lAKyt4O_HVmytWAeZa_P20_NOgUIKSndbBR-28?ext=png,888AC #727,888 Unique 2D Pixel Anons which represent membership into The 888 Anon Club™,image,"[{'address': '7JZbDVec4dViXTsMgYudpBppVdVAzZYjUuX985wZCK8B', 'verified': 1, 'share': 0}, {'address': 'FDfhQ9t7Nq8U4Y2xXynmd9bQW8HMdgbVS5PggeuAaff3', 'verified': 0, 'share': 100}]",500,8TQwnNPU1rn4s3JLABBJ8cav3RqUebG69urA44BBrfXu,"[{'trait_type': 'background', 'value': 'toy-blue'}, {'trait_type': 'tshirt', 'value': 'skull-olive'}, {'trait_type': 'skin', 'value': 'white'}, {'trait_type': 'mask', 'value': 'ice'}, {'trait_type': 'accessory', 'value': 'lasers'}]","{'category': 'image', 'creators': [{'address': 'FDfhQ9t7Nq8U4Y2xXynmd9bQW8HMdgbVS5PggeuAaff3', 'share': 100}], 'files': [{'uri': 'https://www.arweave.net/PfUq4lAKyt4O_HVmytWAeZa_P20_NOgUIKSndbBR-28?ext=png', 'type': 'image/png'}]}",1,prC6wjf6Qu3ZgBxMdpTcknReCberDnRitqkEHhG59yv,1,{},False,"{'auctionHouseKey': 'E8cU1WiRWjanGxmn96ewBgk9vPTcL6AEZ1t6F6fkgUWe', 'sellerReferral': 'autMW8SgBkVYeBgqYiTuJZnkvDZMVU2MHJh9Jh7CSQ2', 'expiry': -1}","{'moonrank': {'rank': 70}, 'howrare': {'rank': 89}}"
6,ArUAM4MJHwQfEDwNyEFgprWauwQi97e7Kz4nsPf1CrRL,22.0,Gh5JGAMrJmAhbAihFtdESFSE5jLqcHfWBdV8cmMsDeoW,4cLdpKm8oHn72ApP2Rg6SfynWzcgyjmbppzNJSeSpqwq,888_anon_club,The Anon Club™,https://www.arweave.net/XZRI5h1wLLevb--XOkx2tMgpk9EUn2JRsK-cDD1frGU?ext=png,888AC #36,888 Unique 2D Pixel Anons which represent membership into The 888 Anon Club™,image,"[{'address': '7JZbDVec4dViXTsMgYudpBppVdVAzZYjUuX985wZCK8B', 'verified': 1, 'share': 0}, {'address': 'FDfhQ9t7Nq8U4Y2xXynmd9bQW8HMdgbVS5PggeuAaff3', 'verified': 0, 'share': 100}]",500,5YADeWgu1bmGXcnz4UD7TqgovhE6JQzotvRZaLJP4uRw,"[{'trait_type': 'background', 'value': 'dark-shades'}, {'trait_type': 'tshirt', 'value': 'plain-black'}, {'trait_type': 'skin', 'value': 'ice'}, {'trait_type': 'mask', 'value': 'orange'}, {'trait_type': 'accessory', 'value': 'tears'}]","{'category': 'image', 'creators': [{'address': 'FDfhQ9t7Nq8U4Y2xXynmd9bQW8HMdgbVS5PggeuAaff3', 'share': 100}], 'files': [{'uri': 'https://www.arweave.net/XZRI5h1wLLevb--XOkx2tMgpk9EUn2JRsK-cDD1frGU?ext=png', 'type': 'image/png'}]}",1,prC6wjf6Qu3ZgBxMdpTcknReCberDnRitqkEHhG59yv,1,{},False,"{'auctionHouseKey': 'E8cU1WiRWjanGxmn96ewBgk9vPTcL6AEZ1t6F6fkgUWe', 'sellerReferral': 'autMW8SgBkVYeBgqYiTuJZnkvDZMVU2MHJh9Jh7CSQ2', 'expiry': -1}","{'howrare': {'rank': 268}, 'moonrank': {'rank': 233}}"
7,5cypqDTt5FMMABwCEpWTUQCXsByDamBpTccwkM3t7UGQ,22.0,CKXF4qqzMPQ2LnXKZca4YkWMMktWuZjestDmhuswJs2i,BoKX8xes6gQgBPTLkuBiEN27U3GrRQTSMg1orKZoR9bm,888_anon_club,The Anon Club™,https://www.arweave.net/DlqqHHx3iSuKuiteskJuN4mPkbI6PToXFl4N-TgyXGk?ext=png,888AC #435,888 Unique 2D Pixel Anons which represent membership into The 888 Anon Club™,image,"[{'address': '7JZbDVec4dViXTsMgYudpBppVdVAzZYjUuX985wZCK8B', 'verified': 1, 'share': 0}, {'address': 'FDfhQ9t7Nq8U4Y2xXynmd9bQW8HMdgbVS5PggeuAaff3', 'verified': 0, 'share': 100}]",500,9ikJYucnUS1AjmDfm6ZxXqydFWBuMLfkqBxemtP7LFcN,"[{'trait_type': 'background', 'value': 'royal'}, {'trait_type': 'tshirt', 'value': 'logo-red'}, {'trait_type': 'skin', 'value': 'crimson'}, {'trait_type': 'mask', 'value': 'saloon'}, {'trait_type': 'accessory', 'value': 'cig'}]","{'category': 'image', 'creators': [{'address': 'FDfhQ9t7Nq8U4Y2xXynmd9bQW8HMdgbVS5PggeuAaff3', 'share': 100}], 'files': [{'uri': 'https://www.arweave.net/DlqqHHx3iSuKuiteskJuN4mPkbI6PToXFl4N-TgyXGk?ext=png', 'type': 'image/png'}]}",1,prC6wjf6Qu3ZgBxMdpTcknReCberDnRitqkEHhG59yv,1,{},False,"{'auctionHouseKey': 'E8cU1WiRWjanGxmn96ewBgk9vPTcL6AEZ1t6F6fkgUWe', 'sellerReferral': 'autMW8SgBkVYeBgqYiTuJZnkvDZMVU2MHJh9Jh7CSQ2', 'expiry': -1}","{'moonrank': {'rank': 796}, 'howrare': {'rank': 810}}"
8,3DaCdBwBzM3jrSRKcxWAoZv4ukpJoFSbXDPyvATjtbd3,22.2,2XnEF2dzK7NkXJuu1UzmVqRFWL1PTcCpPGrUXvM1HVHD,Hcw7uZtm9ANWFUS4Hrk1DRpLe16ue5vAQG72w17suXHW,888_anon_club,The Anon Club™,https://www.arweave.net/GgyUlyJBFAUjrt2Jbspmkd4diIfO5KBWRz6ikhnMmZk?ext=png,888AC #403,888 Unique 2D Pixel Anons which represent membership into The 888 Anon Club™,image,"[{'address': '7JZbDVec4dViXTsMgYudpBppVdVAzZYjUuX985wZCK8B', 'verified': 1, 'share': 0}, {'address': 'FDfhQ9t7Nq8U4Y2xXynmd9bQW8HMdgbVS5PggeuAaff3', 'verified': 0, 'share': 100}]",500,6Y8YQwM8FiQv7VbsM8eGoroNQ1j9bvfgNfbZNRzx4JPy,"[{'trait_type': 'background', 'value': 'blue'}, {'trait_type': 'tshirt', 'value': 'logo-coral'}, {'trait_type': 'skin', 'value': 'yellow'}, {'trait_type': 'mask', 'value': 'wine'}, {'trait_type': 'accessory', 'value': 'eyepatch'}]","{'category': 'image', 'creators': [{'address': 'FDfhQ9t7Nq8U4Y2xXynmd9bQW8HMdgbVS5PggeuAaff3', 'share': 100}], 'files': [{'uri': 'https://www.arweave.net/GgyUlyJBFAUjrt2Jbspmkd4diIfO5KBWRz6ikhnMmZk?ext=png', 'type': 'image/png'}]}",1,prC6wjf6Qu3ZgBxMdpTcknReCberDnRitqkEHhG59yv,1,{},False,"{'auctionHouseKey': 'E8cU1WiRWjanGxmn96ewBgk9vPTcL6AEZ1t6F6fkgUWe', 'sellerReferral': 'autMW8SgBkVYeBgqYiTuJZnkvDZMVU2MHJh9Jh7CSQ2', 'expiry': -1}",{'moonrank': {'rank': 148}}
9,9i43xAhDsdTKyY12VwThqCWkhS8tXN6APjc4hKHczMM6,23.5,3PRCCUEYtze6qCWz3RPRFAwcprMpCs1ZHwaLMm86VAnp,hgNBphQCBvH2YKYpUApauEXrGfTuSt4wQbewZsSa9Nk,888_anon_club,The Anon Club™,https://www.arweave.net/F_5xXsFgH-Slce6902SuXNQAlLKWnhOqKD74klHH6ws?ext=png,888AC #360,888 Unique 2D Pixel Anons which represent membership into The 888 Anon Club™,image,"[{'address': '7JZbDVec4dViXTsMgYudpBppVdVAzZYjUuX985wZCK8B', 'verified': 1, 'share': 0}, {'address': 'FDfhQ9t7Nq8U4Y2xXynmd9bQW8HMdgbVS5PggeuAaff3', 'verified': 0, 'share': 100}]",500,4tRkeCeGnKGj4z5MaCLwUCFhBEBnfacFiywEnKnoDpBZ,"[{'trait_type': 'background', 'value': 'vale-green'}, {'trait_type': 'tshirt', 'value': 'skull-pink'}, {'trait_type': 'skin', 'value': 'crimson'}, {'trait_type': 'mask', 'value': 'inverse'}, {'trait_type': 'accessory', 'value': 'tears'}]","{'category': 'image', 'creators': [{'address': 'FDfhQ9t7Nq8U4Y2xXynmd9bQW8HMdgbVS5PggeuAaff3', 'share': 100}], 'files': [{'uri': 'https://www.arweave.net/F_5xXsFgH-Slce6902SuXNQAlLKWnhOqKD74klHH6ws?ext=png', 'type': 'image/png'}]}",1,prC6wjf6Qu3ZgBxMdpTcknReCberDnRitqkEHhG59yv,1,{},False,"{'auctionHouseKey': 'E8cU1WiRWjanGxmn96ewBgk9vPTcL6AEZ1t6F6fkgUWe', 'sellerReferral': 'autMW8SgBkVYeBgqYiTuJZnkvDZMVU2MHJh9Jh7CSQ2', 'expiry': -1}","{'moonrank': {'rank': 198}, 'howrare': {'rank': 238}}"
10,BCVG1WfkEVcwzx4i85U2aUB62R8c1GrFpytePaKPmXKP,23.5,9bXYS2MoxZ5U5fMidjMGAScfLDa2nfFn5YMf8pWvkS6u,FspCE8JboVXrq1MUjn5Jssb7YJpwUXU6BFJgZctdJEjK,888_anon_club,The Anon Club™,https://www.arweave.net/dcza4hQH9xlyZ_QNQAW4buT91rkfDJEo2wGZz-rAabM?ext=png,888AC #272,888 Unique 2D Pixel Anons which represent membership into The 888 Anon Club™,image,"[{'address': '7JZbDVec4dViXTsMgYudpBppVdVAzZYjUuX985wZCK8B', 'verified': 1, 'share': 0}, {'address': 'FDfhQ9t7Nq8U4Y2xXynmd9bQW8HMdgbVS5PggeuAaff3', 'verified': 0, 'share': 100}]",500,14kU1xApQz4TRaxxgEiuZmWu9MCiaqS7idGPpYPhpoRU,"[{'trait_type': 'background', 'value': 'candy-red'}, {'trait_type': 'tshirt', 'value': 'red-striped'}, {'trait_type': 'skin', 'value': 'dusk'}, {'trait_type': 'mask', 'value': 'green'}, {'trait_type': 'accessory', 'value': 'grin'}]","{'category': 'image', 'creators': [{'address': 'FDfhQ9t7Nq8U4Y2xXynmd9bQW8HMdgbVS5PggeuAaff3', 'share': 100}], 'files': [{'uri': 'https://www.arweave.net/dcza4hQH9xlyZ_QNQAW4buT91rkfDJEo2wGZz-rAabM?ext=png', 'type': 'image/png'}]}",1,prC6wjf6Qu3ZgBxMdpTcknReCberDnRitqkEHhG59yv,1,{},False,"{'auctionHouseKey': 'E8cU1WiRWjanGxmn96ewBgk9vPTcL6AEZ1t6F6fkgUWe', 'sellerReferral': 'autMW8SgBkVYeBgqYiTuJZnkvDZMVU2MHJh9Jh7CSQ2', 'expiry': -1}","{'moonrank': {'rank': 466}, 'howrare': {'rank': 547}}"
11,Hvd6JmXttkUqMGu9WCkYniYqoiUUDfeQ7K6TsfqjhphN,24.0,CEu8W3XWsUUkYVjYPYy4a8G8dZGpofyMUwCD5q3dhrxE,BAZScT86iXkM34AUi8UmoVchqDGUAW7VqaA22LSo62wu,888_anon_club,The Anon Club™,https://www.arweave.net/MqLOBKOaXTQEP6Z1l2GP8xDP66r-NxCJEzv-yNiGQLw?ext=png,888AC #859,888 Unique 2D Pixel Anons which represent membership into The 888 Anon Club™,image,"[{'address': '7JZbDVec4dViXTsMgYudpBppVdVAzZYjUuX985wZCK8B', 'verified': 1, 'share': 0}, {'address': 'FDfhQ9t7Nq8U4Y2xXynmd9bQW8HMdgbVS5PggeuAaff3', 'verified': 0, 'share': 100}]",500,CnvHPBpYqyEtnV7jroBDXQwNmr9oHXAFz6yKsRPsC8AP,"[{'trait_type': 'background', 'value': 'night-sky'}, {'trait_type': 'tshirt', 'value': 'plain-orange'}, {'trait_type': 'skin', 'value': 'grey'}, {'trait_type': 'mask', 'value': 'teal'}, {'trait_type': 'accessory', 'value': 'black-eyes'}]","{'category': 'image', 'creators': [{'address': 'FDfhQ9t7Nq8U4Y2xXynmd9bQW8HMdgbVS5PggeuAaff3', 'share': 100}], 'files': [{'uri': 'https://www.arweave.net/MqLOBKOaXTQEP6Z1l2GP8xDP66r-NxCJEzv-yNiGQLw?ext=png', 'type': 'image/png'}]}",1,prC6wjf6Qu3ZgBxMdpTcknReCberDnRitqkEHhG59yv,1,{},False,"{'auctionHouseKey': 'E8cU1WiRWjanGxmn96ewBgk9vPTcL6AEZ1t6F6fkgUWe', 'sellerReferral': 'autMW8SgBkVYeBgqYiTuJZnkvDZMVU2MHJh9Jh7CSQ2', 'expiry': -1}","{'moonrank': {'rank': 366}, 'howrare': {'rank': 132}}"
12,6TxkGDFMXqajunS2u5ctLPScHAvKnWUPVYTWSSxKUEXs,24.9,9hwtFZrZmspWF6QhTHSNTS8xjcGXJc7pKVDeM1anTKST,5P13y1Swjk5UKgqcVYYLdNUSMkCGFEeLkTL3JvY3Hppn,888_anon_club,The Anon Club™,https://www.arweave.net/7gBEq13GAfOXXEeCyv17zBmMCH1DHJ5TYlTiqSiH6xM?ext=png,888AC #680,888 Unique 2D Pixel Anons which represent membership into The 888 Anon Club™,image,"[{'address': '7JZbDVec4dViXTsMgYudpBppVdVAzZYjUuX985wZCK8B', 'verified': 1, 'share': 0}, {'address': 'FDfhQ9t7Nq8U4Y2xXynmd9bQW8HMdgbVS5PggeuAaff3', 'verified': 0, 'share': 100}]",500,hkXEXJKMvLkR8JFsBfZ2MwaP6pj1MMCukRKeDzDmpLq,"[{'trait_type': 'background', 'value': 'fuscia'}, {'trait_type': 'tshirt', 'value': 'logo1-purple'}, {'trait_type': 'skin', 'value': 'orange'}, {'trait_type': 'mask', 'value': 'beige'}, {'trait_type': 'accessory', 'value': 'cig'}]","{'category': 'image', 'creators': [{'address': 'FDfhQ9t7Nq8U4Y2xXynmd9bQW8HMdgbVS5PggeuAaff3', 'share': 100}], 'files': [{'uri': 'https://www.arweave.net/7gBEq13GAfOXXEeCyv17zBmMCH1DHJ5TYlTiqSiH6xM?ext=png', 'type': 'image/png'}]}",1,prC6wjf6Qu3ZgBxMdpTcknReCberDnRitqkEHhG59yv,1,{},False,"{'auctionHouseKey': 'E8cU1WiRWjanGxmn96ewBgk9vPTcL6AEZ1t6F6fkgUWe', 'sellerReferral': 'autMW8SgBkVYeBgqYiTuJZnkvDZMVU2MHJh9Jh7CSQ2', 'expiry': -1}","{'moonrank': {'rank': 846}, 'howrare': {'rank': 859}}"
13,jC6D6Pd9BSHp8DcJ3Z7raUqBorvE14FWowke77bVqGm,25.0,7FdokcjNS4jf4UUpvQpFkr7PwfdYDVtRCVRpxgLURNWS,9VTiWSijUSdfT2rMEyJdbrZgRPaRDach5jaiTD7HCBmA,888_anon_club,The Anon Club™,https://www.arweave.net/iKRDwJ7wXcRaK1tuPAENafs9CYewaqP5YzVS9Tf8I40?ext=png,888AC #499,888 Unique 2D Pixel Anons which represent membership into The 888 Anon Club™,image,"[{'address': '7JZbDVec4dViXTsMgYudpBppVdVAzZYjUuX985wZCK8B', 'verified': 1, 'share': 0}, {'address': 'FDfhQ9t7Nq8U4Y2xXynmd9bQW8HMdgbVS5PggeuAaff3', 'verified': 0, 'share': 100}]",500,BqkNHCoeJsDKgekXhaANQ44PEZtmdvrfLeKN9g21itEn,"[{'trait_type': 'background', 'value': 'white'}, {'trait_type': 'tshirt', 'value': 'logo2-blue'}, {'trait_type': 'skin', 'value': 'grey'}, {'trait_type': 'mask', 'value': 'orange'}, {'trait_type': 'accessory', 'value': 'police-shades'}]","{'category': 'image', 'creators': [{'address': 'FDfhQ9t7Nq8U4Y2xXynmd9bQW8HMdgbVS5PggeuAaff3', 'share': 100}], 'files': [{'uri': 'https://www.arweave.net/iKRDwJ7wXcRaK1tuPAENafs9CYewaqP5YzVS9Tf8I40?ext=png', 'type': 'image/png'}]}",1,prC6wjf6Qu3ZgBxMdpTcknReCberDnRitqkEHhG59yv,1,{},False,"{'auctionHouseKey': 'E8cU1WiRWjanGxmn96ewBgk9vPTcL6AEZ1t6F6fkgUWe', 'sellerReferral': 'autMW8SgBkVYeBgqYiTuJZnkvDZMVU2MHJh9Jh7CSQ2', 'expiry': -1}","{'moonrank': {'rank': 138}, 'howrare': {'rank': 198}}"
14,CR5W9ebbHjPYf6RiawEWjZAG9NUNZAjwvvYBzeh9244X,25.0,Gz1Rf23VnPpSmvW5oikTRSVKcyhhqrH3hk327TCvHTQB,CoEm1EfrpSybU5AU7cn3fShXk2ivQJnmWPSX1adtAjST,888_anon_club,The Anon Club™,https://www.arweave.net/-WiFoyhKTwRKCnbGm0vU-ajQ1Hvh0hB5PlCaiTjut9Y?ext=png,888AC #34,888 Unique 2D Pixel Anons which represent membership into The 888 Anon Club™,image,"[{'address': '7JZbDVec4dViXTsMgYudpBppVdVAzZYjUuX985wZCK8B', 'verified': 1, 'share': 0}, {'address': 'FDfhQ9t7Nq8U4Y2xXynmd9bQW8HMdgbVS5PggeuAaff3', 'verified': 0, 'share': 100}]",500,7CGPc6AeoY2nxHfnmuKnZE1GsNb8EGVAwjG3uhqrKaZf,"[{'trait_type': 'background', 'value': 'white'}, {'trait_type': 'tshirt', 'value': 'skull-orange'}, {'trait_type': 'skin', 'value': 'candy-red'}, {'trait_type': 'mask', 'value': 'neon'}, {'trait_type': 'accessory', 'value': 'devil'}]","{'category': 'image', 'creators': [{'address': 'FDfhQ9t7Nq8U4Y2xXynmd9bQW8HMdgbVS5PggeuAaff3', 'share': 100}], 'files': [{'uri': 'https://www.arweave.net/-WiFoyhKTwRKCnbGm0vU-ajQ1Hvh0hB5PlCaiTjut9Y?ext=png', 'type': 'image/png'}]}",1,prC6wjf6Qu3ZgBxMdpTcknReCberDnRitqkEHhG59yv,1,{},False,"{'auctionHouseKey': 'E8cU1WiRWjanGxmn96ewBgk9vPTcL6AEZ1t6F6fkgUWe', 'sellerReferral': 'autMW8SgBkVYeBgqYiTuJZnkvDZMVU2MHJh9Jh7CSQ2', 'expiry': -1}","{'moonrank': {'rank': 93}, 'howrare': {'rank': 131}}"
15,HHc4xrjjTiEdmsh72SofQ74voTXY9pBFNjpSC5ymZMDa,27.69,HzGMj4SXo9fNKLPMRosukUM3c2yURxtChYRaNM3T6J1z,FY6jFHnx7tspW2TvugczTV5QkyDS9XdDSzxRUa9J3Cyk,888_anon_club,The Anon Club™,https://www.arweave.net/-vd9GSxNsWEu8JFbDE60BEH3t4nf60dS-65SgdRV4xs?ext=png,888AC #407,888 Unique 2D Pixel Anons which represent membership into The 888 Anon Club™,image,"[{'address': '7JZbDVec4dViXTsMgYudpBppVdVAzZYjUuX985wZCK8B', 'verified': 1, 'share': 0}, {'address': 'FDfhQ9t7Nq8U4Y2xXynmd9bQW8HMdgbVS5PggeuAaff3', 'verified': 0, 'share': 100}]",500,DkYsvkFeJ8qjKZdrupoWM1gHFhbuSKvcBx6ub9y3bN3h,"[{'trait_type': 'background', 'value': 'orange'}, {'trait_type': 'tshirt', 'value': 'plain-red'}, {'trait_type': 'skin', 'value': 'blue'}, {'trait_type': 'mask', 'value': 'wine'}, {'trait_type': 'accessory', 'value': 'none'}]","{'category': 'image', 'creators': [{'address': 'FDfhQ9t7Nq8U4Y2xXynmd9bQW8HMdgbVS5PggeuAaff3', 'share': 100}], 'files': [{'uri': 'https://www.arweave.net/-vd9GSxNsWEu8JFbDE60BEH3t4nf60dS-65SgdRV4xs?ext=png', 'type': 'image/png'}]}",1,prC6wjf6Qu3ZgBxMdpTcknReCberDnRitqkEHhG59yv,1,{},False,"{'auctionHouseKey': 'E8cU1WiRWjanGxmn96ewBgk9vPTcL6AEZ1t6F6fkgUWe', 'sellerReferral': 'autMW8SgBkVYeBgqYiTuJZnkvDZMVU2MHJh9Jh7CSQ2', 'expiry': -1}","{'howrare': {'rank': 410}, 'moonrank': {'rank': 635}}"
16,Ac53bJtR1kxfNy2iMgKzCG5gE85ziJoRVHAzb65w8sKE,27.77,C56xsE7BvbijsJDsKoQYrToazWcvrvmawsEmppVff1Mj,CcTpRFzGizcNNjY6RTey4fM7QU91NkUhUWQzBMAoRdy1,888_anon_club,The Anon Club™,https://www.arweave.net/h2_qOeBCa1CBqdxVB6xlOonv4XZoUTX5hViTm2xPbYU?ext=png,888AC #806,888 Unique 2D Pixel Anons which represent membership into The 888 Anon Club™,image,"[{'address': '7JZbDVec4dViXTsMgYudpBppVdVAzZYjUuX985wZCK8B', 'verified': 1, 'share': 0}, {'address': 'FDfhQ9t7Nq8U4Y2xXynmd9bQW8HMdgbVS5PggeuAaff3', 'verified': 0, 'share': 100}]",500,FxmrgZhUHpL18pLt3minHTXzG57q1bxxtADuWGFYCp1b,"[{'trait_type': 'background', 'value': 'dark-shades'}, {'trait_type': 'tshirt', 'value': 'skull-black'}, {'trait_type': 'skin', 'value': 'green'}, {'trait_type': 'mask', 'value': 'dusk'}, {'trait_type': 'accessory', 'value': 'fangs'}]","{'category': 'image', 'creators': [{'address': 'FDfhQ9t7Nq8U4Y2xXynmd9bQW8HMdgbVS5PggeuAaff3', 'share': 100}], 'files': [{'uri': 'https://www.arweave.net/h2_qOeBCa1CBqdxVB6xlOonv4XZoUTX5hViTm2xPbYU?ext=png', 'type': 'image/png'}]}",1,prC6wjf6Qu3ZgBxMdpTcknReCberDnRitqkEHhG59yv,1,{},False,"{'auctionHouseKey': 'E8cU1WiRWjanGxmn96ewBgk9vPTcL6AEZ1t6F6fkgUWe', 'sellerReferral': 'autMW8SgBkVYeBgqYiTuJZnkvDZMVU2MHJh9Jh7CSQ2', 'expiry': -1}","{'howrare': {'rank': 516}, 'moonrank': {'rank': 498}}"
17,Bsev1DFNxH4foQdNpMPZzRjCBgnsSvpL7Smee69vRM12,28.88,8SRAC7bgtaZnuGvMUM95yuLRh46NajB9G4CQ5aPaB1bm,Aowm5YCpK486HfpyjPUomFxTrerbevDmmMRhzyEiXt39,888_anon_club,The Anon Club™,https://www.arweave.net/mXYA3wvfyHw3mFKq9djx_K2ItMC7BVw-6JOQquM4tpk?ext=png,888AC #525,888 Unique 2D Pixel Anons which represent membership into The 888 Anon Club™,image,"[{'address': '7JZbDVec4dViXTsMgYudpBppVdVAzZYjUuX985wZCK8B', 'verified': 1, 'share': 0}, {'address': 'FDfhQ9t7Nq8U4Y2xXynmd9bQW8HMdgbVS5PggeuAaff3', 'verified': 0, 'share': 100}]",500,DJiK8skHhS6fdxJ8QuNJfYtsL49T8BMV32NtMUgJAPS,"[{'trait_type': 'background', 'value': 'orange'}, {'trait_type': 'tshirt', 'value': 'plain-blue'}, {'trait_type': 'skin', 'value': 'candy-red'}, {'trait_type': 'mask', 'value': 'wine'}, {'trait_type': 'accessory', 'value': 'none'}]","{'category': 'image', 'creators': [{'address': 'FDfhQ9t7Nq8U4Y2xXynmd9bQW8HMdgbVS5PggeuAaff3', 'share': 100}], 'files': [{'uri': 'https://www.arweave.net/mXYA3wvfyHw3mFKq9djx_K2ItMC7BVw-6JOQquM4tpk?ext=png', 'type': 'image/png'}]}",1,prC6wjf6Qu3ZgBxMdpTcknReCberDnRitqkEHhG59yv,1,{},False,"{'auctionHouseKey': 'E8cU1WiRWjanGxmn96ewBgk9vPTcL6AEZ1t6F6fkgUWe', 'sellerReferral': 'autMW8SgBkVYeBgqYiTuJZnkvDZMVU2MHJh9Jh7CSQ2', 'expiry': -1}","{'moonrank': {'rank': 688}, 'howrare': {'rank': 470}}"
18,Cx4o2m7kmxLYb9gJbyWQKAXt6G3eeAqk4mAB2QojUsvr,29.0,FEfCXHTZiqf4EjK4PDNo1RyL1ZjHPoyePo1TunKryy1e,3DtWW5YdHBBSu6cgwqTuxG6nCupQmucVpeaz93LTH3ZP,888_anon_club,The Anon Club™,https://www.arweave.net/TZLKP-wjc07ggMB3KSpMQLNJv4yKr79JMmPdPKXNSw8?ext=png,888AC #414,888 Unique 2D Pixel Anons which represent membership into The 888 Anon Club™,image,"[{'address': '7JZbDVec4dViXTsMgYudpBppVdVAzZYjUuX985wZCK8B', 'verified': 1, 'share': 0}, {'address': 'FDfhQ9t7Nq8U4Y2xXynmd9bQW8HMdgbVS5PggeuAaff3', 'verified': 0, 'share': 100}]",500,C5Z9LP6b4xQG9U2zs5hpB9R5z5yCRLc4nasbz9g8uXqv,"[{'trait_type': 'background', 'value': 'black'}, {'trait_type': 'tshirt', 'value': 'plain-black'}, {'trait_type': 'skin', 'value': 'dusk'}, {'trait_type': 'mask', 'value': 'saloon'}, {'trait_type': 'accessory', 'value': 'grin'}]","{'category': 'image', 'creators': [{'address': 'FDfhQ9t7Nq8U4Y2xXynmd9bQW8HMdgbVS5PggeuAaff3', 'share': 100}], 'files': [{'uri': 'https://www.arweave.net/TZLKP-wjc07ggMB3KSpMQLNJv4yKr79JMmPdPKXNSw8?ext=png', 'type': 'image/png'}]}",1,prC6wjf6Qu3ZgBxMdpTcknReCberDnRitqkEHhG59yv,1,{},False,"{'auctionHouseKey': 'E8cU1WiRWjanGxmn96ewBgk9vPTcL6AEZ1t6F6fkgUWe', 'sellerReferral': 'autMW8SgBkVYeBgqYiTuJZnkvDZMVU2MHJh9Jh7CSQ2', 'expiry': -1}",{'moonrank': {'rank': 505}}
19,ANZxeQVihsDfvGEzXvg8fResL4FzUhER1ofDnM5JmcdG,29.69,6egM4UfuDDqgeYhQR9A5RmqSb9pEuHCP2xd7YyrtVos2,4YgtMja9aX1gVyR3pCHnYHzk5A7xZCMEJr3TrABoUBke,888_anon_club,The Anon Club™,https://www.arweave.net/VJ4g8eyOJLFHdWiZTpopUd_HrVWoanz5oQKV_4RcBi4?ext=png,888AC #164,888 Unique 2D Pixel Anons which represent membership into The 888 Anon Club™,image,"[{'address': '7JZbDVec4dViXTsMgYudpBppVdVAzZYjUuX985wZCK8B', 'verified': 1, 'share': 0}, {'address': 'FDfhQ9t7Nq8U4Y2xXynmd9bQW8HMdgbVS5PggeuAaff3', 'verified': 0, 'share': 100}]",500,Dgkh8djxqqEhYvFvSWCYnYEVwEHEKCj8E5VnTKLkEuhS,"[{'trait_type': 'background', 'value': 'cloud-white'}, {'trait_type': 'tshirt', 'value': 'logo1-blue'}, {'trait_type': 'skin', 'value': 'green'}, {'trait_type': 'mask', 'value': 'teal'}, {'trait_type': 'accessory', 'value': 'grin'}]","{'category': 'image', 'creators': [{'address': 'FDfhQ9t7Nq8U4Y2xXynmd9bQW8HMdgbVS5PggeuAaff3', 'share': 100}], 'files': [{'uri': 'https://www.arweave.net/VJ4g8eyOJLFHdWiZTpopUd_HrVWoanz5oQKV_4RcBi4?ext=png', 'type': 'image/png'}]}",1,prC6wjf6Qu3ZgBxMdpTcknReCberDnRitqkEHhG59yv,1,{},False,"{'auctionHouseKey': 'E8cU1WiRWjanGxmn96ewBgk9vPTcL6AEZ1t6F6fkgUWe', 'sellerReferral': 'autMW8SgBkVYeBgqYiTuJZnkvDZMVU2MHJh9Jh7CSQ2', 'expiry': -1}","{'moonrank': {'rank': 536}, 'howrare': {'rank': 720}}"
20,DJ2bmseAVFJfLk3AFC7iubbEPgav5AMyJyXDwTkCP7kC,30.0,GUvkgn2DPrcB4GPfNCXP4eid8t8hs9tyCoozddapGkjF,3jNMgQCjoFspGgPP2mWEd1rq5vFbxK15qdZhbr1N9K9u,888_anon_club,The Anon Club™,https://www.arweave.net/K_BxuzsT7pUAMI3aYYUnoOwh3lE41HjrbiwvucBovB0?ext=png,888AC #231,888 Unique 2D Pixel Anons which represent membership into The 888 Anon Club™,image,"[{'address': '7JZbDVec4dViXTsMgYudpBppVdVAzZYjUuX985wZCK8B', 'verified': 1, 'share': 0}, {'address': 'FDfhQ9t7Nq8U4Y2xXynmd9bQW8HMdgbVS5PggeuAaff3', 'verified': 0, 'share': 100}]",500,A6kqaareEZ39ote8gRG6y4ajXdkQa6PFBYjdtZEzynN7,"[{'trait_type': 'background', 'value': 'cloud-white'}, {'trait_type': 'tshirt', 'value': 'logo-forest'}, {'trait_type': 'skin', 'value': 'ice'}, {'trait_type': 'mask', 'value': 'ice'}, {'trait_type': 'accessory', 'value': 'devil'}]","{'category': 'image', 'creators': [{'address': 'FDfhQ9t7Nq8U4Y2xXynmd9bQW8HMdgbVS5PggeuAaff3', 'share': 100}], 'files': [{'uri': 'https://www.arweave.net/K_BxuzsT7pUAMI3aYYUnoOwh3lE41HjrbiwvucBovB0?ext=png', 'type': 'image/png'}]}",1,prC6wjf6Qu3ZgBxMdpTcknReCberDnRitqkEHhG59yv,1,{},False,"{'auctionHouseKey': 'E8cU1WiRWjanGxmn96ewBgk9vPTcL6AEZ1t6F6fkgUWe', 'sellerReferral': 'autMW8SgBkVYeBgqYiTuJZnkvDZMVU2MHJh9Jh7CSQ2', 'expiry': -1}",{'moonrank': {'rank': 191}}
21,4Z4Uq7bBad8yB9u9r2RkL2zkw6t46RUsp2DS1movTbnK,30.0,BDBPZXfZZ9xw9iPsuebp9afakfKPcRBn85FcMYiY62Pp,7jUXDefgbcda7Jek4abygZboGJqwUnUTsJAskkVAWPvH,888_anon_club,The Anon Club™,https://www.arweave.net/alsGBC3yNgtodUjWDvXVf2mO445DfW17NCPLysP3Pyw?ext=png,888AC #419,888 Unique 2D Pixel Anons which represent membership into The 888 Anon Club™,image,"[{'address': '7JZbDVec4dViXTsMgYudpBppVdVAzZYjUuX985wZCK8B', 'verified': 1, 'share': 0}, {'address': 'FDfhQ9t7Nq8U4Y2xXynmd9bQW8HMdgbVS5PggeuAaff3', 'verified': 0, 'share': 100}]",500,9nN65Ff6ZGC1stHD6eUrrwP6d1A8p6eaV382fA3WXV9c,"[{'trait_type': 'background', 'value': 'fuscia'}, {'trait_type': 'tshirt', 'value': 'plain-red'}, {'trait_type': 'skin', 'value': 'brown'}, {'trait_type': 'mask', 'value': 'grey'}, {'trait_type': 'accessory', 'value': 'bandage'}]","{'category': 'image', 'creators': [{'address': 'FDfhQ9t7Nq8U4Y2xXynmd9bQW8HMdgbVS5PggeuAaff3', 'share': 100}], 'files': [{'uri': 'https://www.arweave.net/alsGBC3yNgtodUjWDvXVf2mO445DfW17NCPLysP3Pyw?ext=png', 'type': 'image/png'}]}",1,prC6wjf6Qu3ZgBxMdpTcknReCberDnRitqkEHhG59yv,1,{},False,"{'auctionHouseKey': 'E8cU1WiRWjanGxmn96ewBgk9vPTcL6AEZ1t6F6fkgUWe', 'sellerReferral': 'autMW8SgBkVYeBgqYiTuJZnkvDZMVU2MHJh9Jh7CSQ2', 'expiry': -1}","{'moonrank': {'rank': 221}, 'howrare': {'rank': 249}}"
22,4rudFZQtthYHwNykgL9gdAKKn6pibXpexYXN8a7YxLra,32.0,8SmDSbukW5AjqdM9MAvrrbS3Zk727vgondehwAK5cqjo,74CpKeDJud6a2Gw4rshF9PY1WgFiq8JYF5uuz64CRumu,888_anon_club,The Anon Club™,https://www.arweave.net/_t57Q6P7M7vNtc9hLk885NlI_pMmDV1_eV5iUMsejJA?ext=png,888AC #349,888 Unique 2D Pixel Anons which represent membership into The 888 Anon Club™,image,"[{'address': '7JZbDVec4dViXTsMgYudpBppVdVAzZYjUuX985wZCK8B', 'verified': 1, 'share': 0}, {'address': 'FDfhQ9t7Nq8U4Y2xXynmd9bQW8HMdgbVS5PggeuAaff3', 'verified': 0, 'share': 100}]",500,5o4Nin1oc6oc16SJuo6kt2xocA1etYUsFo4XMZVdzYpe,"[{'trait_type': 'background', 'value': 'musk'}, {'trait_type': 'tshirt', 'value': 'skull-olive'}, {'trait_type': 'skin', 'value': 'brown'}, {'trait_type': 'mask', 'value': 'dusk'}, {'trait_type': 'accessory', 'value': 'fangs'}]","{'category': 'image', 'creators': [{'address': 'FDfhQ9t7Nq8U4Y2xXynmd9bQW8HMdgbVS5PggeuAaff3', 'share': 100}], 'files': [{'uri': 'https://www.arweave.net/_t57Q6P7M7vNtc9hLk885NlI_pMmDV1_eV5iUMsejJA?ext=png', 'type': 'image/png'}]}",1,prC6wjf6Qu3ZgBxMdpTcknReCberDnRitqkEHhG59yv,1,{},False,"{'auctionHouseKey': 'E8cU1WiRWjanGxmn96ewBgk9vPTcL6AEZ1t6F6fkgUWe', 'sellerReferral': 'autMW8SgBkVYeBgqYiTuJZnkvDZMVU2MHJh9Jh7CSQ2', 'expiry': -1}","{'moonrank': {'rank': 594}, 'howrare': {'rank': 660}}"
23,AcQu15GeERxRyviyGtfVr5UGFadfbiAU1Y4xsdMga6jR,33.0,ESHaDdZ2VQJ9cdwimXCcWtBeiHcGzJjMdFKbkHfx8iSf,HT2SuCbePhjNZaar24uVwihYowCNvSjdvhJ8BRSVw9nX,888_anon_club,The Anon Club™,https://www.arweave.net/Psgn4EZMg_hbtjF9aQQSLfXigMrMwmbamrFSqcPSHi8?ext=png,888AC #700,888 Unique 2D Pixel Anons which represent membership into The 888 Anon Club™,image,"[{'address': '7JZbDVec4dViXTsMgYudpBppVdVAzZYjUuX985wZCK8B', 'verified': 1, 'share': 0}, {'address': 'FDfhQ9t7Nq8U4Y2xXynmd9bQW8HMdgbVS5PggeuAaff3', 'verified': 0, 'share': 100}]",500,883nt9iVfYargvLcwfMtENAnb86Z65Dh6aTNSen4oAhh,"[{'trait_type': 'background', 'value': 'orange'}, {'trait_type': 'tshirt', 'value': 'logo-coral'}, {'trait_type': 'skin', 'value': 'black'}, {'trait_type': 'mask', 'value': 'orange'}, {'trait_type': 'accessory', 'value': 'bandana'}]","{'category': 'image', 'creators': [{'address': 'FDfhQ9t7Nq8U4Y2xXynmd9bQW8HMdgbVS5PggeuAaff3', 'share': 100}], 'files': [{'uri': 'https://www.arweave.net/Psgn4EZMg_hbtjF9aQQSLfXigMrMwmbamrFSqcPSHi8?ext=png', 'type': 'image/png'}]}",1,prC6wjf6Qu3ZgBxMdpTcknReCberDnRitqkEHhG59yv,1,{},False,"{'auctionHouseKey': 'E8cU1WiRWjanGxmn96ewBgk9vPTcL6AEZ1t6F6fkgUWe', 'sellerReferral': 'autMW8SgBkVYeBgqYiTuJZnkvDZMVU2MHJh9Jh7CSQ2', 'expiry': -1}","{'moonrank': {'rank': 340}, 'howrare': {'rank': 362}}"
24,DH3Mi1wAJ1KJEPT7dVgBogAr3Wh5Qm254r3UCRXu8wCq,38.0,8Je8q2vQv7Lnbsi7oxCNzdcovtVRoJvPq2KcTKvL4Si2,DHVSPNcjcVQdWT1PnduruKhJTmULDJV8hg89t8mcCMjj,888_anon_club,The Anon Club™,https://www.arweave.net/3gHLgg0gQhSJWoOVaElxcvaqj6Fo_IoypnWDXQBtdPk?ext=png,888AC #35,888 Unique 2D Pixel Anons which represent membership into The 888 Anon Club™,image,"[{'address': '7JZbDVec4dViXTsMgYudpBppVdVAzZYjUuX985wZCK8B', 'verified': 1, 'share': 0}, {'address': 'FDfhQ9t7Nq8U4Y2xXynmd9bQW8HMdgbVS5PggeuAaff3', 'verified': 0, 'share': 100}]",500,3gsZNDvaNXQPHZ1WTkxTkAdw8hu8VNs6KVPuHZWiw5ub,"[{'trait_type': 'background', 'value': 'toy-blue'}, {'trait_type': 'tshirt', 'value': 'work-shirt'}, {'trait_type': 'skin', 'value': 'ice'}, {'trait_type': 'mask', 'value': 'beige'}, {'trait_type': 'accessory', 'value': 'halo'}]","{'category': 'image', 'creators': [{'address': 'FDfhQ9t7Nq8U4Y2xXynmd9bQW8HMdgbVS5PggeuAaff3', 'share': 100}], 'files': [{'uri': 'https://www.arweave.net/3gHLgg0gQhSJWoOVaElxcvaqj6Fo_IoypnWDXQBtdPk?ext=png', 'type': 'image/png'}]}",1,prC6wjf6Qu3ZgBxMdpTcknReCberDnRitqkEHhG59yv,1,{},False,"{'auctionHouseKey': 'E8cU1WiRWjanGxmn96ewBgk9vPTcL6AEZ1t6F6fkgUWe', 'sellerReferral': 'autMW8SgBkVYeBgqYiTuJZnkvDZMVU2MHJh9Jh7CSQ2', 'expiry': -1}",{'moonrank': {'rank': 8}}
25,GYZo8PVqo4ZYDUdjqu7ePod8PGnmkeqeJJJ4n9xET6UZ,38.69,ApdwWQg33fNTBZ8URikzTyrqrnX6vuEcvKwp7hKVxsgu,2djAPLCdeUkjsm1wbXJYgCzK9KcvQwrCy9jPaiNMYbi6,888_anon_club,The Anon Club™,https://www.arweave.net/XbhqDJwmrEFj3vJHuyMahOdX6jOcorY73t8R25Qeit0?ext=png,888AC #812,888 Unique 2D Pixel Anons which represent membership into The 888 Anon Club™,image,"[{'address': '7JZbDVec4dViXTsMgYudpBppVdVAzZYjUuX985wZCK8B', 'verified': 1, 'share': 0}, {'address': 'FDfhQ9t7Nq8U4Y2xXynmd9bQW8HMdgbVS5PggeuAaff3', 'verified': 0, 'share': 100}]",500,4nPogHVwjWjC5MEaTyuGUNRocHMd3y2Edmro4RhzXTjC,"[{'trait_type': 'background', 'value': 'purple'}, {'trait_type': 'tshirt', 'value': 'plain-green'}, {'trait_type': 'skin', 'value': 'grey'}, {'trait_type': 'mask', 'value': 'inverse'}, {'trait_type': 'accessory', 'value': 'green-eyes'}]","{'category': 'image', 'creators': [{'address': 'FDfhQ9t7Nq8U4Y2xXynmd9bQW8HMdgbVS5PggeuAaff3', 'share': 100}], 'files': [{'uri': 'https://www.arweave.net/XbhqDJwmrEFj3vJHuyMahOdX6jOcorY73t8R25Qeit0?ext=png', 'type': 'image/png'}]}",1,prC6wjf6Qu3ZgBxMdpTcknReCberDnRitqkEHhG59yv,1,{},False,"{'auctionHouseKey': 'E8cU1WiRWjanGxmn96ewBgk9vPTcL6AEZ1t6F6fkgUWe', 'sellerReferral': 'autMW8SgBkVYeBgqYiTuJZnkvDZMVU2MHJh9Jh7CSQ2', 'expiry': -1}","{'moonrank': {'rank': 628}, 'howrare': {'rank': 697}}"
26,2it7bg1U9oE5vWMGu51ZAn1RznERnwkhFZJ6QEMA58qL,40.0,2F6EEeEZhmpUpRmZDkyu4NCabJVX1gk8mRasoRUQSFCK,EFR6sAf9eWi69ggVrvvN2mqQSX152xcNqu5k4EgPEF8,888_anon_club,The Anon Club™,https://www.arweave.net/EVOWsv8I7LWIrpTkwv2UMbpI_SjPx07E-qRRihf9dWM?ext=png,888AC #814,888 Unique 2D Pixel Anons which represent membership into The 888 Anon Club™,image,"[{'address': '7JZbDVec4dViXTsMgYudpBppVdVAzZYjUuX985wZCK8B', 'verified': 1, 'share': 0}, {'address': 'FDfhQ9t7Nq8U4Y2xXynmd9bQW8HMdgbVS5PggeuAaff3', 'verified': 0, 'share': 100}]",500,2avrysn3mS75JfgTfSTohLRVK7ybo26M34r9MdMEy9ph,"[{'trait_type': 'background', 'value': 'night-forest'}, {'trait_type': 'tshirt', 'value': 'skull-black'}, {'trait_type': 'skin', 'value': 'orange'}, {'trait_type': 'mask', 'value': 'forest'}, {'trait_type': 'accessory', 'value': 'aviators'}]","{'category': 'image', 'creators': [{'address': 'FDfhQ9t7Nq8U4Y2xXynmd9bQW8HMdgbVS5PggeuAaff3', 'share': 100}], 'files': [{'uri': 'https://www.arweave.net/EVOWsv8I7LWIrpTkwv2UMbpI_SjPx07E-qRRihf9dWM?ext=png', 'type': 'image/png'}]}",1,prC6wjf6Qu3ZgBxMdpTcknReCberDnRitqkEHhG59yv,1,{},False,"{'auctionHouseKey': 'E8cU1WiRWjanGxmn96ewBgk9vPTcL6AEZ1t6F6fkgUWe', 'sellerReferral': 'autMW8SgBkVYeBgqYiTuJZnkvDZMVU2MHJh9Jh7CSQ2', 'expiry': -1}",{'moonrank': {'rank': 85}}
27,HqStN47egc5ZHHBFveSKzb5UQ77TqGBcRRA2yhYhttHR,42.0,DhkWRzxtE3AtHtT812XeTyccEkMW4gu9briBh3WW2aod,FNjY4AHn6PBDoGRZw1uHSWCdkdysHMrL1KeBkT8uhmTP,888_anon_club,The Anon Club™,https://www.arweave.net/JmYbjMoQ7Tapzp-e3UKmwnjZduSV-iyzN9hfjsbIgmg?ext=png,888AC #113,888 Unique 2D Pixel Anons which represent membership into The 888 Anon Club™,image,"[{'address': '7JZbDVec4dViXTsMgYudpBppVdVAzZYjUuX985wZCK8B', 'verified': 1, 'share': 0}, {'address': 'FDfhQ9t7Nq8U4Y2xXynmd9bQW8HMdgbVS5PggeuAaff3', 'verified': 0, 'share': 100}]",500,BANXgVoVhtUtuCEojo82QsLrMPg1BLLUUucJHgYPPw14,"[{'trait_type': 'background', 'value': 'purple'}, {'trait_type': 'tshirt', 'value': 'logo-red'}, {'trait_type': 'skin', 'value': 'beige'}, {'trait_type': 'mask', 'value': 'purple'}, {'trait_type': 'accessory', 'value': 'blue-eyes'}]","{'category': 'image', 'creators': [{'address': 'FDfhQ9t7Nq8U4Y2xXynmd9bQW8HMdgbVS5PggeuAaff3', 'share': 100}], 'files': [{'uri': 'https://www.arweave.net/JmYbjMoQ7Tapzp-e3UKmwnjZduSV-iyzN9hfjsbIgmg?ext=png', 'type': 'image/png'}]}",1,prC6wjf6Qu3ZgBxMdpTcknReCberDnRitqkEHhG59yv,1,{},False,"{'auctionHouseKey': 'E8cU1WiRWjanGxmn96ewBgk9vPTcL6AEZ1t6F6fkgUWe', 'sellerReferral': 'autMW8SgBkVYeBgqYiTuJZnkvDZMVU2MHJh9Jh7CSQ2', 'expiry': -1}","{'howrare': {'rank': 640}, 'moonrank': {'rank': 480}}"
28,GNuTeEYoQ8dgSVkRGwHvYEVG4E1nDct8dvQpaiTpbNvt,48.0,8HbgfjiSnAscpJxYWB5Co83B2p1hEuznKjao7jXBtKQN,6Ek6Kf4CBUPoE8t2RnaMWrv6REPtWyisuUNFTXJ1BCiX,888_anon_club,The Anon Club™,https://www.arweave.net/fRvNqaekiQcAeUyl0PGVUDw0YMVHZIFhDKP5Yz6ZueQ?ext=png,888AC #869,888 Unique 2D Pixel Anons which represent membership into The 888 Anon Club™,image,"[{'address': '7JZbDVec4dViXTsMgYudpBppVdVAzZYjUuX985wZCK8B', 'verified': 1, 'share': 0}, {'address': 'FDfhQ9t7Nq8U4Y2xXynmd9bQW8HMdgbVS5PggeuAaff3', 'verified': 0, 'share': 100}]",500,B5AqkQa3fU6Ed3Cx5YyFP9WyWEVu6HPazopjxXZw8SC6,"[{'trait_type': 'background', 'value': 'hot-pink'}, {'trait_type': 'tshirt', 'value': 'logo1-purple'}, {'trait_type': 'skin', 'value': 'black'}, {'trait_type': 'mask', 'value': 'inverse'}, {'trait_type': 'accessory', 'value': 'eyepatch'}]","{'category': 'image', 'creators': [{'address': 'FDfhQ9t7Nq8U4Y2xXynmd9bQW8HMdgbVS5PggeuAaff3', 'share': 100}], 'files': [{'uri': 'https://www.arweave.net/fRvNqaekiQcAeUyl0PGVUDw0YMVHZIFhDKP5Yz6ZueQ?ext=png', 'type': 'image/png'}]}",1,prC6wjf6Qu3ZgBxMdpTcknReCberDnRitqkEHhG59yv,1,{},False,"{'auctionHouseKey': 'E8cU1WiRWjanGxmn96ewBgk9vPTcL6AEZ1t6F6fkgUWe', 'sellerReferral': 'autMW8SgBkVYeBgqYiTuJZnkvDZMVU2MHJh9Jh7CSQ2', 'expiry': -1}","{'howrare': {'rank': 185}, 'moonrank': {'rank': 170}}"
29,8GynNdmDuxuTqeGsWLTDAYJY2VysHdTqy14Q7Rj1LS2w,49.0,EyJ7FxVhncntC4oUiQcAg3PohZUC5ZjLpcb7igKwGqNG,1dtbH9Jf84KrirKgubs7L3gcaNYFzrUVU3LHUusV7ZN,888_anon_club,The Anon Club™,https://www.arweave.net/r9Obu1ukGy5Flx8MFpAWrCqyACgbVuODJUSbydA2NFc?ext=png,888AC #387,888 Unique 2D Pixel Anons which represent membership into The 888 Anon Club™,image,"[{'address': '7JZbDVec4dViXTsMgYudpBppVdVAzZYjUuX985wZCK8B', 'verified': 1, 'share': 0}, {'address': 'FDfhQ9t7Nq8U4Y2xXynmd9bQW8HMdgbVS5PggeuAaff3', 'verified': 0, 'share': 100}]",500,HRSixQ2N1FKVJ55tv36gPH2dVBzsF9rcuecTWbW2dNo8,"[{'trait_type': 'background', 'value': 'red'}, {'trait_type': 'tshirt', 'value': 'plain-brown'}, {'trait_type': 'skin', 'value': 'white'}, {'trait_type': 'mask', 'value': 'lime'}, {'trait_type': 'accessory', 'value': 'black-eyes'}]","{'category': 'image', 'creators': [{'address': 'FDfhQ9t7Nq8U4Y2xXynmd9bQW8HMdgbVS5PggeuAaff3', 'share': 100}], 'files': [{'uri': 'https://www.arweave.net/r9Obu1ukGy5Flx8MFpAWrCqyACgbVuODJUSbydA2NFc?ext=png', 'type': 'image/png'}]}",1,prC6wjf6Qu3ZgBxMdpTcknReCberDnRitqkEHhG59yv,1,{},False,"{'auctionHouseKey': 'E8cU1WiRWjanGxmn96ewBgk9vPTcL6AEZ1t6F6fkgUWe', 'sellerReferral': 'autMW8SgBkVYeBgqYiTuJZnkvDZMVU2MHJh9Jh7CSQ2', 'expiry': -1}",{'moonrank': {'rank': 764}}
30,D9g5611YVUaJdNTDAewpp7VVjybrYGHUbuSai1QE9A8z,50.0,55RaYz6TdmWosvs6rgBnnbpm1NUXAq5euXnda3AxSuYd,DHVSPNcjcVQdWT1PnduruKhJTmULDJV8hg89t8mcCMjj,888_anon_club,The Anon Club™,https://www.arweave.net/F-ws1UDcXWGG6-80-mLDVE6RsTjAoisqr5_iPBdv4jc?ext=png,888AC #434,888 Unique 2D Pixel Anons which represent membership into The 888 Anon Club™,image,"[{'address': '7JZbDVec4dViXTsMgYudpBppVdVAzZYjUuX985wZCK8B', 'verified': 1, 'share': 0}, {'address': 'FDfhQ9t7Nq8U4Y2xXynmd9bQW8HMdgbVS5PggeuAaff3', 'verified': 0, 'share': 100}]",500,7JDNu4SCV92JmiXFuLcmRYyVKUMGCt6NHUpjmyA3n6gW,"[{'trait_type': 'background', 'value': 'yellow'}, {'trait_type': 'tshirt', 'value': 'logo-mauve'}, {'trait_type': 'skin', 'value': 'crimson'}, {'trait_type': 'mask', 'value': 'dusk'}, {'trait_type': 'accessory', 'value': 'crown'}]","{'category': 'image', 'creators': [{'address': 'FDfhQ9t7Nq8U4Y2xXynmd9bQW8HMdgbVS5PggeuAaff3', 'share': 100}], 'files': [{'uri': 'https://www.arweave.net/F-ws1UDcXWGG6-80-mLDVE6RsTjAoisqr5_iPBdv4jc?ext=png', 'type': 'image/png'}]}",1,prC6wjf6Qu3ZgBxMdpTcknReCberDnRitqkEHhG59yv,1,{},False,"{'auctionHouseKey': 'E8cU1WiRWjanGxmn96ewBgk9vPTcL6AEZ1t6F6fkgUWe', 'sellerReferral': 'autMW8SgBkVYeBgqYiTuJZnkvDZMVU2MHJh9Jh7CSQ2', 'expiry': -1}",{}
31,AtBW3cxjbujh8x3iJQFCzYVhmanxqAYkSqCjv2mkeiTr,58.0,GyQq32PeLkhfG9AWjHyJVaHX9YA1gTo4f8s5hUsCiN5k,3dibdj2pm11V9vfidfJXPFWRy2ry41Cy3xQPNJz7mTEE,888_anon_club,The Anon Club™,https://www.arweave.net/YKQoAk-kfH1UDslc9wi3LQgpawhRwgxSpRHuAjIwpAw?ext=png,888AC #445,888 Unique 2D Pixel Anons which represent membership into The 888 Anon Club™,image,"[{'address': '7JZbDVec4dViXTsMgYudpBppVdVAzZYjUuX985wZCK8B', 'verified': 1, 'share': 0}, {'address': 'FDfhQ9t7Nq8U4Y2xXynmd9bQW8HMdgbVS5PggeuAaff3', 'verified': 0, 'share': 100}]",500,B4uJcVq19gzfxZ2hAmkbaK6ECVqHY9WcSH3wYK6gZRxK,"[{'trait_type': 'background', 'value': 'musk'}, {'trait_type': 'tshirt', 'value': 'logo-sea'}, {'trait_type': 'skin', 'value': 'pink'}, {'trait_type': 'mask', 'value': 'teal'}, {'trait_type': 'accessory', 'value': 'green-eyes'}]","{'category': 'image', 'creators': [{'address': 'FDfhQ9t7Nq8U4Y2xXynmd9bQW8HMdgbVS5PggeuAaff3', 'share': 100}], 'files': [{'uri': 'https://www.arweave.net/YKQoAk-kfH1UDslc9wi3LQgpawhRwgxSpRHuAjIwpAw?ext=png', 'type': 'image/png'}]}",1,prC6wjf6Qu3ZgBxMdpTcknReCberDnRitqkEHhG59yv,1,{},False,"{'auctionHouseKey': 'E8cU1WiRWjanGxmn96ewBgk9vPTcL6AEZ1t6F6fkgUWe', 'sellerReferral': 'autMW8SgBkVYeBgqYiTuJZnkvDZMVU2MHJh9Jh7CSQ2', 'expiry': -1}",
32,LbqsXHEJUhR8anZoddvTMd7pyaAYanLJP7rMJGdk9PR,60.0,8Y5Byx6GeC7Y5F7gV2zcLBpbNdb2MF2bF4PbTe5JySjg,2RwD5cXVfvtGGoWmhGysLKupxhMZdG1Zfh81GcCnQtWG,888_anon_club,The Anon Club™,https://www.arweave.net/Yk4YyimuTeRFJHu5JN2P_MkKKsxTb43Op9kZAFWpYOo?ext=png,888AC #511,888 Unique 2D Pixel Anons which represent membership into The 888 Anon Club™,image,"[{'address': '7JZbDVec4dViXTsMgYudpBppVdVAzZYjUuX985wZCK8B', 'verified': 1, 'share': 0}, {'address': 'FDfhQ9t7Nq8U4Y2xXynmd9bQW8HMdgbVS5PggeuAaff3', 'verified': 0, 'share': 100}]",500,GMnARJrymborcbnj5TY7vxWZZ5pAZLXXLMw4rXQGCftG,"[{'trait_type': 'background', 'value': 'black'}, {'trait_type': 'tshirt', 'value': 'tree-tshirt'}, {'trait_type': 'skin', 'value': 'black'}, {'trait_type': 'mask', 'value': 'mauve'}, {'trait_type': 'accessory', 'value': 'crown'}]","{'category': 'image', 'creators': [{'address': 'FDfhQ9t7Nq8U4Y2xXynmd9bQW8HMdgbVS5PggeuAaff3', 'share': 100}], 'files': [{'uri': 'https://www.arweave.net/Yk4YyimuTeRFJHu5JN2P_MkKKsxTb43Op9kZAFWpYOo?ext=png', 'type': 'image/png'}]}",1,prC6wjf6Qu3ZgBxMdpTcknReCberDnRitqkEHhG59yv,1,{},False,"{'auctionHouseKey': 'E8cU1WiRWjanGxmn96ewBgk9vPTcL6AEZ1t6F6fkgUWe', 'sellerReferral': 'autMW8SgBkVYeBgqYiTuJZnkvDZMVU2MHJh9Jh7CSQ2', 'expiry': -1}","{'moonrank': {'rank': 3}, 'howrare': {'rank': 7}}"
33,GUjziLFxMJsKdqApRrNsPBPgf4XA3MVFQeTTsPuVNQyz,66.6,DK1yVnySTcBhc21YonncQSgBufBnBa1k7HvfeARR5njB,AMcgqC4J9X8b5E1cY6WutwSdsZ7bcSr38QbBrnSH9J94,888_anon_club,The Anon Club™,https://www.arweave.net/nuzx6-dTSXYN8KK-0PUTp1RGbXM4XwWL36CeAVCatKE?ext=png,888AC #666,888 Unique 2D Pixel Anons which represent membership into The 888 Anon Club™,image,"[{'address': '7JZbDVec4dViXTsMgYudpBppVdVAzZYjUuX985wZCK8B', 'verified': 1, 'share': 0}, {'address': 'FDfhQ9t7Nq8U4Y2xXynmd9bQW8HMdgbVS5PggeuAaff3', 'verified': 0, 'share': 100}]",500,FwwfmiNKV9k3ZLP4LmnjQRLjKK6JHBAH6XwbzuofaNMi,"[{'trait_type': 'background', 'value': 'fuscia'}, {'trait_type': 'tshirt', 'value': 'red-striped'}, {'trait_type': 'skin', 'value': 'black'}, {'trait_type': 'mask', 'value': 'dusk'}, {'trait_type': 'accessory', 'value': 'police-shades'}]","{'category': 'image', 'creators': [{'address': 'FDfhQ9t7Nq8U4Y2xXynmd9bQW8HMdgbVS5PggeuAaff3', 'share': 100}], 'files': [{'uri': 'https://www.arweave.net/nuzx6-dTSXYN8KK-0PUTp1RGbXM4XwWL36CeAVCatKE?ext=png', 'type': 'image/png'}]}",1,prC6wjf6Qu3ZgBxMdpTcknReCberDnRitqkEHhG59yv,1,{},False,"{'auctionHouseKey': 'E8cU1WiRWjanGxmn96ewBgk9vPTcL6AEZ1t6F6fkgUWe', 'sellerReferral': 'autMW8SgBkVYeBgqYiTuJZnkvDZMVU2MHJh9Jh7CSQ2', 'expiry': -1}",
34,EATwXS4QhbZZSceTMcW34HN3GhygCstVEwE2UfqfexK8,70.0,64L6MaEJVKYVhz7awMRpm1nS6TewhbFKWXeZppy41GUH,6zmDVs1mCakTJB4QEfcp3S4RsuFoYZ9ziVLmcTa9kxPt,888_anon_club,The Anon Club™,https://www.arweave.net/atzXhD0Wp4DkyfotVp6KV8B6MFde4XNL7n_FYvsKhLU?ext=png,888AC #362,888 Unique 2D Pixel Anons which represent membership into The 888 Anon Club™,image,"[{'address': '7JZbDVec4dViXTsMgYudpBppVdVAzZYjUuX985wZCK8B', 'verified': 1, 'share': 0}, {'address': 'FDfhQ9t7Nq8U4Y2xXynmd9bQW8HMdgbVS5PggeuAaff3', 'verified': 0, 'share': 100}]",500,2XvYFC5cPyw5YFuUTK7JdKdR5uJfrvxCgbwbS4aN2UJS,"[{'trait_type': 'background', 'value': 'musk'}, {'trait_type': 'tshirt', 'value': 'logo-coral'}, {'trait_type': 'skin', 'value': 'orange'}, {'trait_type': 'mask', 'value': 'forest'}, {'trait_type': 'accessory', 'value': 'sleeping-mask'}]","{'category': 'image', 'creators': [{'address': 'FDfhQ9t7Nq8U4Y2xXynmd9bQW8HMdgbVS5PggeuAaff3', 'share': 100}], 'files': [{'uri': 'https://www.arweave.net/atzXhD0Wp4DkyfotVp6KV8B6MFde4XNL7n_FYvsKhLU?ext=png', 'type': 'image/png'}]}",1,prC6wjf6Qu3ZgBxMdpTcknReCberDnRitqkEHhG59yv,1,{},False,"{'auctionHouseKey': 'E8cU1WiRWjanGxmn96ewBgk9vPTcL6AEZ1t6F6fkgUWe', 'sellerReferral': 'autMW8SgBkVYeBgqYiTuJZnkvDZMVU2MHJh9Jh7CSQ2', 'expiry': -1}",
35,n2VYpEcU7fockJS6z48vD65h7DKgD9L7cKCXDjkrEiL,95.0,4FQcWm9EzUcDZKdPpt3JNKefxNzbHtXcMJ1GiWieiNpQ,H7jxZmTYV6mDPj2L77xYqjbjQEAo4HPFMY1dZLeNPeBC,888_anon_club,The Anon Club™,https://www.arweave.net/czYOOv__Tp_eeh-qwbaNpMmrvSBA7zOdGalOgwnqs5Q?ext=png,888AC #602,888 Unique 2D Pixel Anons which represent membership into The 888 Anon Club™,image,"[{'address': '7JZbDVec4dViXTsMgYudpBppVdVAzZYjUuX985wZCK8B', 'verified': 1, 'share': 0}, {'address': 'FDfhQ9t7Nq8U4Y2xXynmd9bQW8HMdgbVS5PggeuAaff3', 'verified': 0, 'share': 100}]",500,57CYLZj5stqPHFsZ1WSxdicq6Xbnux1disjZ9o1ovnTt,"[{'trait_type': 'background', 'value': 'purple'}, {'trait_type': 'tshirt', 'value': 'logo-pink'}, {'trait_type': 'skin', 'value': 'black'}, {'trait_type': 'mask', 'value': 'yellow'}, {'trait_type': 'accessory', 'value': 'halo'}]","{'category': 'image', 'creators': [{'address': 'FDfhQ9t7Nq8U4Y2xXynmd9bQW8HMdgbVS5PggeuAaff3', 'share': 100}], 'files': [{'uri': 'https://www.arweave.net/czYOOv__Tp_eeh-qwbaNpMmrvSBA7zOdGalOgwnqs5Q?ext=png', 'type': 'image/png'}]}",1,prC6wjf6Qu3ZgBxMdpTcknReCberDnRitqkEHhG59yv,1,{},False,"{'auctionHouseKey': 'E8cU1WiRWjanGxmn96ewBgk9vPTcL6AEZ1t6F6fkgUWe', 'sellerReferral': 'autMW8SgBkVYeBgqYiTuJZnkvDZMVU2MHJh9Jh7CSQ2', 'expiry': -1}","{'moonrank': {'rank': 63}, 'howrare': {'rank': 66}}"
36,54tGEVgERrdNgz7PrviE8coSNmco1Safisy44iAq9S8L,100.0,4W3vJ2dnvwT8nCw7LF9e9zpEkrwe8tKagtsgKSFrkwZ4,7qEkDwTDSj9bi5uWCHUvavP1pFuhNs2ALBByuiDT77QQ,888_anon_club,The Anon Club™,https://www.arweave.net/OGMJMpjCLFyh3wRV9093zKzePxrvfkT-h--Pspu8BXc?ext=png,888AC #474,888 Unique 2D Pixel Anons which represent membership into The 888 Anon Club™,image,"[{'address': '7JZbDVec4dViXTsMgYudpBppVdVAzZYjUuX985wZCK8B', 'verified': 1, 'share': 0}, {'address': 'FDfhQ9t7Nq8U4Y2xXynmd9bQW8HMdgbVS5PggeuAaff3', 'verified': 0, 'share': 100}]",500,FNEaYRd8TzPsaqPBQ19jgXXKykuKyVWpD3tjYZZGhGGr,"[{'trait_type': 'background', 'value': 'blue'}, {'trait_type': 'tshirt', 'value': 'plain-black'}, {'trait_type': 'skin', 'value': 'brown'}, {'trait_type': 'mask', 'value': 'teal'}, {'trait_type': 'accessory', 'value': 'halo'}]","{'category': 'image', 'creators': [{'address': 'FDfhQ9t7Nq8U4Y2xXynmd9bQW8HMdgbVS5PggeuAaff3', 'share': 100}], 'files': [{'uri': 'https://www.arweave.net/OGMJMpjCLFyh3wRV9093zKzePxrvfkT-h--Pspu8BXc?ext=png', 'type': 'image/png'}]}",1,prC6wjf6Qu3ZgBxMdpTcknReCberDnRitqkEHhG59yv,1,{},False,"{'auctionHouseKey': 'E8cU1WiRWjanGxmn96ewBgk9vPTcL6AEZ1t6F6fkgUWe', 'sellerReferral': 'autMW8SgBkVYeBgqYiTuJZnkvDZMVU2MHJh9Jh7CSQ2', 'expiry': -1}",
37,6rA9ueStnq3u9RrBxZLGpNGxwHmB33Yf9t5xvUMy7SHe,100.0,394zxt1QYAnsfDAiq3esr4eTqEZxCkFQkzWyVAWyiW4D,E62Aq9dKX2YiujojCYG7J6aSMy8Kp7KUafoAMVAa5pRZ,888_anon_club,The Anon Club™,https://www.arweave.net/Ph1irtsqHwWOTBCXHDMzCVjnPn_41wsrjrK5ePB93RM?ext=png,888AC #100,888 Unique 2D Pixel Anons which represent membership into The 888 Anon Club™,image,"[{'address': '7JZbDVec4dViXTsMgYudpBppVdVAzZYjUuX985wZCK8B', 'verified': 1, 'share': 0}, {'address': 'FDfhQ9t7Nq8U4Y2xXynmd9bQW8HMdgbVS5PggeuAaff3', 'verified': 0, 'share': 100}]",500,Fn9wPjVHwPvKy8Vxm2zZgQAVgDQ2W8wV4yuaLzPsQFJc,"[{'trait_type': 'background', 'value': 'black'}, {'trait_type': 'tshirt', 'value': 'logo-coral'}, {'trait_type': 'skin', 'value': 'crimson'}, {'trait_type': 'mask', 'value': 'neon'}, {'trait_type': 'accessory', 'value': 'halo'}]","{'category': 'image', 'creators': [{'address': 'FDfhQ9t7Nq8U4Y2xXynmd9bQW8HMdgbVS5PggeuAaff3', 'share': 100}], 'files': [{'uri': 'https://www.arweave.net/Ph1irtsqHwWOTBCXHDMzCVjnPn_41wsrjrK5ePB93RM?ext=png', 'type': 'image/png'}]}",1,prC6wjf6Qu3ZgBxMdpTcknReCberDnRitqkEHhG59yv,1,{},False,"{'auctionHouseKey': 'E8cU1WiRWjanGxmn96ewBgk9vPTcL6AEZ1t6F6fkgUWe', 'sellerReferral': 'autMW8SgBkVYeBgqYiTuJZnkvDZMVU2MHJh9Jh7CSQ2', 'expiry': -1}",
38,BWGTH6ci1BHqG1ikLSfiP8DAGjNDx1KdNDxo1vjyHHn2,100.888,BNQCxBQX69AXwKz9g2pZoy6X2CPjz1JeLnFfN6o6ScMk,4MmdAMeqLuY43q97LixdUH4A98E3k5nNSf8LihfAAQAQ,888_anon_club,The Anon Club™,https://www.arweave.net/mAcwe5IUa3U6nFVCMyp8BP4J-w_WJNoh8VAc1xZ6aAI?ext=png,888AC #459,888 Unique 2D Pixel Anons which represent membership into The 888 Anon Club™,image,"[{'address': '7JZbDVec4dViXTsMgYudpBppVdVAzZYjUuX985wZCK8B', 'verified': 1, 'share': 0}, {'address': 'FDfhQ9t7Nq8U4Y2xXynmd9bQW8HMdgbVS5PggeuAaff3', 'verified': 0, 'share': 100}]",500,6fwKw4btSt3VSYfXnzcFbywa1XJGVRDBGEf38NTLBhmh,"[{'trait_type': 'background', 'value': 'black'}, {'trait_type': 'tshirt', 'value': 'skull-navy'}, {'trait_type': 'skin', 'value': 'orange'}, {'trait_type': 'mask', 'value': 'charcoal'}, {'trait_type': 'accessory', 'value': 'ski-mask'}]","{'category': 'image', 'creators': [{'address': 'FDfhQ9t7Nq8U4Y2xXynmd9bQW8HMdgbVS5PggeuAaff3', 'share': 100}], 'files': [{'uri': 'https://www.arweave.net/mAcwe5IUa3U6nFVCMyp8BP4J-w_WJNoh8VAc1xZ6aAI?ext=png', 'type': 'image/png'}]}",1,prC6wjf6Qu3ZgBxMdpTcknReCberDnRitqkEHhG59yv,1,{},False,"{'auctionHouseKey': 'E8cU1WiRWjanGxmn96ewBgk9vPTcL6AEZ1t6F6fkgUWe', 'sellerReferral': 'autMW8SgBkVYeBgqYiTuJZnkvDZMVU2MHJh9Jh7CSQ2', 'expiry': -1}","{'moonrank': {'rank': 35}, 'howrare': {'rank': 27}}"
39,BZpRbjsxN7SJXsvoctyq2RFGpLSGZtFDacC9QuVk3dPr,135.0,5m2gnyCfkZZeg7HAAvkQb8jLLRB94cNGdz4vzHfYmPyv,ESq4fAKWsxWxTbwjfHnjESvQQh6THvSt5jJiUudpBEhK,888_anon_club,The Anon Club™,https://www.arweave.net/FbV1s9zlVyLtM3J4AMF3WYTjq-hB8_O1wMCfj0DQjpI?ext=png,888AC #338,888 Unique 2D Pixel Anons which represent membership into The 888 Anon Club™,image,"[{'address': '7JZbDVec4dViXTsMgYudpBppVdVAzZYjUuX985wZCK8B', 'verified': 1, 'share': 0}, {'address': 'FDfhQ9t7Nq8U4Y2xXynmd9bQW8HMdgbVS5PggeuAaff3', 'verified': 0, 'share': 100}]",500,HT4w7BREiGStLys8Tuyp6QCBjtBUnCrJg52fgD5pZQvo,"[{'trait_type': 'background', 'value': 'candy-red'}, {'trait_type': 'tshirt', 'value': 'plain-black'}, {'trait_type': 'skin', 'value': 'candy-red'}, {'trait_type': 'mask', 'value': 'beige'}, {'trait_type': 'accessory', 'value': 'grin'}]","{'category': 'image', 'creators': [{'address': 'FDfhQ9t7Nq8U4Y2xXynmd9bQW8HMdgbVS5PggeuAaff3', 'share': 100}], 'files': [{'uri': 'https://www.arweave.net/FbV1s9zlVyLtM3J4AMF3WYTjq-hB8_O1wMCfj0DQjpI?ext=png', 'type': 'image/png'}]}",1,prC6wjf6Qu3ZgBxMdpTcknReCberDnRitqkEHhG59yv,1,{},False,"{'auctionHouseKey': 'E8cU1WiRWjanGxmn96ewBgk9vPTcL6AEZ1t6F6fkgUWe', 'sellerReferral': 'autMW8SgBkVYeBgqYiTuJZnkvDZMVU2MHJh9Jh7CSQ2', 'expiry': -1}",
40,H8fdNLFVwHwAcEZEKawAywCthgcD2KA2BdaFgcQFJiFi,276.0,AxPNM4BCxdg9dryQ1dZQZQyYycFGyYjLFCCumkQU7iAz,GiXXZDXuQ6Wm6TDLoKWsdtPZ4TgtLPCaS8D88da8FMdC,888_anon_club,The Anon Club™,https://www.arweave.net/JLlGsvN2pfPlfFpDI5qSoF4Re59CclGHtl3mvchgKmE?ext=png,888AC #12,888 Unique 2D Pixel Anons which represent membership into The 888 Anon Club™,image,"[{'address': '7JZbDVec4dViXTsMgYudpBppVdVAzZYjUuX985wZCK8B', 'verified': 1, 'share': 0}, {'address': 'FDfhQ9t7Nq8U4Y2xXynmd9bQW8HMdgbVS5PggeuAaff3', 'verified': 0, 'share': 100}]",500,HbYRY7hqJZ7vER9yndQrxvuAtWyVPTMLL8fy6CN9DyQe,"[{'trait_type': 'background', 'value': 'gamma-crystal'}, {'trait_type': 'tshirt', 'value': 'tree-tshirt'}, {'trait_type': 'skin', 'value': 'black'}, {'trait_type': 'mask', 'value': 'forest'}, {'trait_type': 'accessory', 'value': 'cig'}]","{'category': 'image', 'creators': [{'address': 'FDfhQ9t7Nq8U4Y2xXynmd9bQW8HMdgbVS5PggeuAaff3', 'share': 100}], 'files': [{'uri': 'https://www.arweave.net/JLlGsvN2pfPlfFpDI5qSoF4Re59CclGHtl3mvchgKmE?ext=png', 'type': 'image/png'}]}",1,prC6wjf6Qu3ZgBxMdpTcknReCberDnRitqkEHhG59yv,1,{},False,"{'auctionHouseKey': 'E8cU1WiRWjanGxmn96ewBgk9vPTcL6AEZ1t6F6fkgUWe', 'sellerReferral': 'autMW8SgBkVYeBgqYiTuJZnkvDZMVU2MHJh9Jh7CSQ2', 'expiry': -1}","{'moonrank': {'rank': 65}, 'howrare': {'rank': 32}}"
41,CTJdLExSCVNzjzXYaMCRVAozrx8V6C8HUhDAWPYc2kr5,888.0,Ew2Lb8wDB1G3dAuaFMzg7DTwwacZVsLCvtjTjCqnVCs4,B86ztkUMgwbXFFjDpFBPZmszeiXzCa14afXUZAMp3aqs,888_anon_club,The Anon Club™,https://www.arweave.net/LMnEI5XNlms8WEeWY-xqLQ-VMEPY3KQ2Rd8i_omjJvg?ext=png,888AC #439,888 Unique 2D Pixel Anons which represent membership into The 888 Anon Club™,image,"[{'address': '7JZbDVec4dViXTsMgYudpBppVdVAzZYjUuX985wZCK8B', 'verified': 1, 'share': 0}, {'address': 'FDfhQ9t7Nq8U4Y2xXynmd9bQW8HMdgbVS5PggeuAaff3', 'verified': 0, 'share': 100}]",500,AYi3wRKW8gKYZapjhZicvBhytTCwidEEQJRRaqpuqHWc,"[{'trait_type': 'background', 'value': 'night-sky'}, {'trait_type': 'tshirt', 'value': 'logo-coral'}, {'trait_type': 'skin', 'value': 'ice'}, {'trait_type': 'mask', 'value': 'hot-pink'}, {'trait_type': 'accessory', 'value': 'none'}]","{'category': 'image', 'creators': [{'address': 'FDfhQ9t7Nq8U4Y2xXynmd9bQW8HMdgbVS5PggeuAaff3', 'share': 100}], 'files': [{'uri': 'https://www.arweave.net/LMnEI5XNlms8WEeWY-xqLQ-VMEPY3KQ2Rd8i_omjJvg?ext=png', 'type': 'image/png'}]}",1,prC6wjf6Qu3ZgBxMdpTcknReCberDnRitqkEHhG59yv,1,{},False,"{'auctionHouseKey': 'E8cU1WiRWjanGxmn96ewBgk9vPTcL6AEZ1t6F6fkgUWe', 'sellerReferral': 'autMW8SgBkVYeBgqYiTuJZnkvDZMVU2MHJh9Jh7CSQ2', 'expiry': -1}",{'moonrank': {'rank': 321}}
