,id,price,escrowPubkey,owner,collectionName,collectionTitle,img,title,content,propertyCategory,creators,sellerFeeBasisPoints,mintAddress,attributes,properties,supply,updateAuthority,primarySaleHappened,onChainCollection,tokenDelegateValid,v2,rarity
0,5DhMWXJbaiF7dkk6hHp7siTtBtBtbTyftozRxGDA41aE,10.88,77vaBBA13eDp5qiGbYUjymAtFRWZSzZoQJNvAFKMw5n,4nCYp5cyaydgokYnHL7yTYtjyApsfSkgLFvcYdu1zZBT,sea_shanties,Sea Shanties,https://arweave.net/IA2e6xxzx7IEhL77kHF3gZuSw0VYn_eb78ZCBz-NnVw,Sea Shanties #334,The first Underwater Metaverse on the Solana Blockchain,image,"[{'address': '6CjUgT4zYdjEnXeL2YRxBr8BE1Na5nUZBt1WLxE3T9nB', 'verified': 1, 'share': 0}, {'address': '994Gi3gWBWPHjxAqH4j43dbrSvnEDGP2erLGYHnjkXMR', 'verified': 0, 'share': 100}]",800,4KZitKLdjkiDbKXrAEksrGtc7TA4tFibHL8YKFfgBYCH,"[{'trait_type': 'Trait 3', 'value': 'Green Window'}, {'trait_type': 'Door', 'value': 'Steel'}, {'trait_type': 'Roof', 'value': 'Siren'}, {'trait_type': 'Trait 1', 'value': 'Drainage Pipe'}, {'trait_type': 'Background ', 'value': 'Outskirts'}, {'trait_type': 'Trait 2', 'value': 'None'}, {'trait_type': 'Base', 'value': 'Fancy Bucket'}]","{'files': [{'type': 'image/png', 'uri': 'https://arweave.net/IA2e6xxzx7IEhL77kHF3gZuSw0VYn_eb78ZCBz-NnVw'}], 'category': 'image', 'creators': [{'share': 100, 'address': '994Gi3gWBWPHjxAqH4j43dbrSvnEDGP2erLGYHnjkXMR'}]}",1,4MpjH3ZyU4Hgvds848ApPQXWLRpoVQ3W92EPzpgQexe7,1,{},False,"{'auctionHouseKey': 'E8cU1WiRWjanGxmn96ewBgk9vPTcL6AEZ1t6F6fkgUWe', 'sellerReferral': 'autMW8SgBkVYeBgqYiTuJZnkvDZMVU2MHJh9Jh7CSQ2', 'expiry': -1}",{'moonrank': {'rank': 1835}}
1,GdBbHiq4Sut5DFQ2egjorbBq9t6YwhMTrSwsLVT6Hahx,10.99,CftVQ2WBDutyZgKdkQGznKqiAo2iYcJ4gx3Wx4JAf4ni,8KQuEcowbnUE7Aabi2o7CEokgnbLfcGAY2X2URehRUTm,sea_shanties,Sea Shanties,https://arweave.net/UUTD14PFO7Q8ttYEgTeDRzaH1B1hIaV2yMWf9OGO0OY,Sea Shanties #797,The first Underwater Metaverse on the Solana Blockchain,image,"[{'address': '6CjUgT4zYdjEnXeL2YRxBr8BE1Na5nUZBt1WLxE3T9nB', 'verified': 1, 'share': 0}, {'address': '994Gi3gWBWPHjxAqH4j43dbrSvnEDGP2erLGYHnjkXMR', 'verified': 0, 'share': 100}]",800,8Djdbjbu5hVFvDNqtRvL1gdTrpmS4siBzPdoxagRabUw,"[{'trait_type': 'Trait 1', 'value': 'Window'}, {'trait_type': 'Trait 2', 'value': 'None'}, {'trait_type': 'Base', 'value': 'Toxic Waste Site'}, {'trait_type': 'Door', 'value': 'Hatch'}, {'trait_type': 'Background ', 'value': 'Go to Shill City'}, {'trait_type': 'Roof', 'value': 'Vent'}]","{'files': [{'type': 'image/png', 'uri': 'https://arweave.net/UUTD14PFO7Q8ttYEgTeDRzaH1B1hIaV2yMWf9OGO0OY'}], 'category': 'image', 'creators': [{'share': 100, 'address': '994Gi3gWBWPHjxAqH4j43dbrSvnEDGP2erLGYHnjkXMR'}]}",1,4MpjH3ZyU4Hgvds848ApPQXWLRpoVQ3W92EPzpgQexe7,1,{},False,"{'auctionHouseKey': 'E8cU1WiRWjanGxmn96ewBgk9vPTcL6AEZ1t6F6fkgUWe', 'sellerReferral': 'autMW8SgBkVYeBgqYiTuJZnkvDZMVU2MHJh9Jh7CSQ2', 'expiry': -1}",{'moonrank': {'rank': 3027}}
2,CPmU8i5YbNzWKQgYmbghM5QEaTFZLBjJqGbWgTMruQoB,11.0,9eNxaM8JNpu3JaEPJD5YcW2PwGM6qfAoc8RskprEyoxR,J1eQouur4vEokmgMtUuWJZGYzUhxDDrtXKuFmdKouriM,sea_shanties,Sea Shanties,https://arweave.net/Ix1JSlY06zfuEcfJG9ALVJWFarEmjqqTMDd2FYh8e-0,Sea Shanties #161,The first Underwater Metaverse on the Solana Blockchain,image,"[{'address': '6CjUgT4zYdjEnXeL2YRxBr8BE1Na5nUZBt1WLxE3T9nB', 'verified': 1, 'share': 0}, {'address': '994Gi3gWBWPHjxAqH4j43dbrSvnEDGP2erLGYHnjkXMR', 'verified': 0, 'share': 100}]",800,5uuv5RdS66JEydJynKjThKsuwmhvjicB3YsxP4siMmot,"[{'trait_type': 'Trait 3', 'value': 'None'}, {'trait_type': 'Trait 1', 'value': 'Drainage Pipe'}, {'trait_type': 'Roof', 'value': 'Steel Chimney'}, {'trait_type': 'Trait 2', 'value': 'Glowing Window'}, {'trait_type': 'Door', 'value': 'Hatch'}, {'trait_type': 'Background ', 'value': 'Go to Shill City'}, {'trait_type': 'Base', 'value': 'Bucket'}]","{'files': [{'type': 'image/png', 'uri': 'https://arweave.net/Ix1JSlY06zfuEcfJG9ALVJWFarEmjqqTMDd2FYh8e-0'}], 'category': 'image', 'creators': [{'share': 100, 'address': '994Gi3gWBWPHjxAqH4j43dbrSvnEDGP2erLGYHnjkXMR'}]}",1,4MpjH3ZyU4Hgvds848ApPQXWLRpoVQ3W92EPzpgQexe7,1,{},False,"{'auctionHouseKey': 'E8cU1WiRWjanGxmn96ewBgk9vPTcL6AEZ1t6F6fkgUWe', 'sellerReferral': 'autMW8SgBkVYeBgqYiTuJZnkvDZMVU2MHJh9Jh7CSQ2', 'expiry': -1}",{'moonrank': {'rank': 672}}
3,3RF3aXeQE2NfpLhkLoGuvUdTcaZ2dPokVrQJhMdvb6vk,11.0,H3qxox2RcZnvNu9NP6nexsSrHZCvf3KyocLPr77b8n2C,DG4jtPL3YQzeZmBRn3Cd3f14ck3GZMnHjEdJrF7t7Pit,sea_shanties,Sea Shanties,https://arweave.net/3blejriz2-zSy_BtohTJBeaLehIx2TPyFXobVN3NPRI,Sea Shanties #373,The first Underwater Metaverse on the Solana Blockchain,image,"[{'address': '6CjUgT4zYdjEnXeL2YRxBr8BE1Na5nUZBt1WLxE3T9nB', 'verified': 1, 'share': 0}, {'address': '994Gi3gWBWPHjxAqH4j43dbrSvnEDGP2erLGYHnjkXMR', 'verified': 0, 'share': 100}]",800,8XJ2H5anps7S7qmhtZfFrQNhRqwKdCXbAn78Rs6vPw78,"[{'trait_type': 'Trait 2', 'value': 'None'}, {'trait_type': 'Background ', 'value': 'Go to Shill City'}, {'trait_type': 'Roof', 'value': 'Telescope'}, {'trait_type': 'Trait 1', 'value': 'Skylight'}, {'trait_type': 'Base', 'value': 'Reinforced Trap House'}, {'trait_type': 'Door', 'value': 'Wood'}]","{'files': [{'type': 'image/png', 'uri': 'https://arweave.net/3blejriz2-zSy_BtohTJBeaLehIx2TPyFXobVN3NPRI'}], 'category': 'image', 'creators': [{'share': 100, 'address': '994Gi3gWBWPHjxAqH4j43dbrSvnEDGP2erLGYHnjkXMR'}]}",1,4MpjH3ZyU4Hgvds848ApPQXWLRpoVQ3W92EPzpgQexe7,1,{},False,"{'auctionHouseKey': 'E8cU1WiRWjanGxmn96ewBgk9vPTcL6AEZ1t6F6fkgUWe', 'sellerReferral': 'autMW8SgBkVYeBgqYiTuJZnkvDZMVU2MHJh9Jh7CSQ2', 'expiry': -1}",{'moonrank': {'rank': 2703}}
4,9Fo1wAe5kKM2y1T9rZ8BeKDdxaeYLjFFjfrfLfduQup4,11.0,A6GgVgE2gFDc55AXvHcCL3eNMWgzgZqfrtC4Vy6LnxUp,Dq7KRHkeN8qK6uJDzgndj56oga7YHNY861DbR2vkxjCZ,sea_shanties,Sea Shanties,https://arweave.net/zzHa2L7NBRpzGRJuGqNVoDK4y5TcwKDxT9EE3HBsY78,Sea Shanties #288,The first Underwater Metaverse on the Solana Blockchain,image,"[{'address': '6CjUgT4zYdjEnXeL2YRxBr8BE1Na5nUZBt1WLxE3T9nB', 'verified': 1, 'share': 0}, {'address': '994Gi3gWBWPHjxAqH4j43dbrSvnEDGP2erLGYHnjkXMR', 'verified': 0, 'share': 100}]",800,CXf6ruYQVNBBSha6VB1TmAY66CoHMVi1RZBfsLCHv2jC,"[{'trait_type': 'Base', 'value': 'Fancy Bucket'}, {'trait_type': 'Trait 2', 'value': 'Glowing Window'}, {'trait_type': 'Trait 3', 'value': 'None'}, {'trait_type': 'Background ', 'value': 'Go to Shill City'}, {'trait_type': 'Roof', 'value': 'Steel Chimney'}, {'trait_type': 'Trait 1', 'value': 'Drainage Pipe'}, {'trait_type': 'Door', 'value': 'Watcher'}]","{'files': [{'type': 'image/png', 'uri': 'https://arweave.net/zzHa2L7NBRpzGRJuGqNVoDK4y5TcwKDxT9EE3HBsY78'}], 'category': 'image', 'creators': [{'share': 100, 'address': '994Gi3gWBWPHjxAqH4j43dbrSvnEDGP2erLGYHnjkXMR'}]}",1,4MpjH3ZyU4Hgvds848ApPQXWLRpoVQ3W92EPzpgQexe7,1,{},False,"{'auctionHouseKey': 'E8cU1WiRWjanGxmn96ewBgk9vPTcL6AEZ1t6F6fkgUWe', 'sellerReferral': 'autMW8SgBkVYeBgqYiTuJZnkvDZMVU2MHJh9Jh7CSQ2', 'expiry': -1}",{'moonrank': {'rank': 523}}
5,CJBvZzy9eXgsJAQQxTiHwyCW88J5nVtAxEiyGkka5LZ1,11.5,7z28kuk1r4SZjRcWRDuzjJuASpj2VkYp2Lq9VoksXRWF,2EKayEspNwbBhTLK7Dsinse5CCx33uUnzxVfND3LxNnz,sea_shanties,Sea Shanties,https://arweave.net/B7BZPp9AuwyOsjd0oKslxO5JOi8P9e0BrzmWBdVgZCo,Sea Shanties #2842,The first Underwater Metaverse on the Solana Blockchain,image,"[{'address': '6CjUgT4zYdjEnXeL2YRxBr8BE1Na5nUZBt1WLxE3T9nB', 'verified': 1, 'share': 0}, {'address': '994Gi3gWBWPHjxAqH4j43dbrSvnEDGP2erLGYHnjkXMR', 'verified': 0, 'share': 100}]",800,H8aSCdRCAU6F7biBDreuXCetuqxhBXwGeV2JxZgba5HY,"[{'trait_type': 'Chest Trait 2', 'value': 'Barred Window'}, {'trait_type': 'Chest Trait 1', 'value': 'Black Jack'}, {'trait_type': 'Roof', 'value': 'Telescope'}, {'trait_type': 'Background', 'value': 'Shill City Ghetto'}, {'trait_type': 'Base', 'value': 'Chest'}, {'trait_type': 'Door', 'value': 'Fine'}, {'trait_type': 'Chest Trait 3', 'value': 'Blue Window'}]","{'files': [{'type': 'image/png', 'uri': 'https://arweave.net/B7BZPp9AuwyOsjd0oKslxO5JOi8P9e0BrzmWBdVgZCo'}], 'category': 'image', 'creators': [{'share': 100, 'address': '994Gi3gWBWPHjxAqH4j43dbrSvnEDGP2erLGYHnjkXMR'}]}",1,4MpjH3ZyU4Hgvds848ApPQXWLRpoVQ3W92EPzpgQexe7,1,{},False,"{'auctionHouseKey': 'E8cU1WiRWjanGxmn96ewBgk9vPTcL6AEZ1t6F6fkgUWe', 'sellerReferral': 'autMW8SgBkVYeBgqYiTuJZnkvDZMVU2MHJh9Jh7CSQ2', 'expiry': -1}",{'moonrank': {'rank': 659}}
6,4jfDzrUm1wtJo8RxJLJG4G6QQpscbNkwgzXaYXQjpjt8,11.99,B1pTUxcFdfZBfuakeiUmeJSLRP6aPyt96CAgGMfp9e3o,4xkfjg9bkGM1Q6jjYr9cpeDUrDhi4KUafSNmTKXWRHFx,sea_shanties,Sea Shanties,https://arweave.net/GZlX7eE9XXXpEcIHL-WPTBSdStp94L1PEQan3NM6GKQ,Sea Shanties #2230,The first Underwater Metaverse on the Solana Blockchain,image,"[{'address': '6CjUgT4zYdjEnXeL2YRxBr8BE1Na5nUZBt1WLxE3T9nB', 'verified': 1, 'share': 0}, {'address': '994Gi3gWBWPHjxAqH4j43dbrSvnEDGP2erLGYHnjkXMR', 'verified': 0, 'share': 100}]",800,GBzNLFbVzwqbL27PDNzGg7vRuS6XpygpMMnjcwVcf992,"[{'trait_type': 'Trait 1', 'value': 'None'}, {'trait_type': 'Trait 3', 'value': 'Green Light'}, {'trait_type': 'Background', 'value': 'Shill City Metro'}, {'trait_type': 'Roof', 'value': 'Telescope'}, {'trait_type': 'Trait 2', 'value': 'Chimney'}, {'trait_type': 'Door', 'value': 'Bubble'}, {'trait_type': 'Base', 'value': 'Submarine Watchtower'}]","{'files': [{'type': 'image/png', 'uri': 'https://arweave.net/GZlX7eE9XXXpEcIHL-WPTBSdStp94L1PEQan3NM6GKQ'}], 'category': 'image', 'creators': [{'share': 100, 'address': '994Gi3gWBWPHjxAqH4j43dbrSvnEDGP2erLGYHnjkXMR'}]}",1,4MpjH3ZyU4Hgvds848ApPQXWLRpoVQ3W92EPzpgQexe7,1,{},False,"{'auctionHouseKey': 'E8cU1WiRWjanGxmn96ewBgk9vPTcL6AEZ1t6F6fkgUWe', 'sellerReferral': 'autMW8SgBkVYeBgqYiTuJZnkvDZMVU2MHJh9Jh7CSQ2', 'expiry': -1}",{'moonrank': {'rank': 1255}}
7,FbFVp6cRFksvXrfwfv3EA6T29Rg2hNdvM3U7ct5uXdpj,11.999,619xFtSQ2b2c87HpPpD2UNeRQWZQXz89c8jw3Hz59ocK,AGxXTnwvJmM34ikBVLrgFvsU9zU7GFWV4AaodnGV2gnX,sea_shanties,Sea Shanties,https://arweave.net/j0xvtWf7Q8SPDtN7I939SIJBG8YIDrgSiW2MnkLPbko,Sea Shanties #2896,The first Underwater Metaverse on the Solana Blockchain,image,"[{'address': '6CjUgT4zYdjEnXeL2YRxBr8BE1Na5nUZBt1WLxE3T9nB', 'verified': 1, 'share': 0}, {'address': '994Gi3gWBWPHjxAqH4j43dbrSvnEDGP2erLGYHnjkXMR', 'verified': 0, 'share': 100}]",800,G2YqSxYaR1zpjveYmm2ezkVHd7FsaUfbGcDGjom25Ryg,"[{'trait_type': 'Background', 'value': 'Shill City Metro'}, {'trait_type': 'Chest Trait 3', 'value': 'Barred Window'}, {'trait_type': 'Chest Trait 1', 'value': 'Restaurant'}, {'trait_type': 'Door', 'value': 'Steel'}, {'trait_type': 'Roof', 'value': 'Drain Pipe'}, {'trait_type': 'Base', 'value': 'Chest 2'}, {'trait_type': 'Chest Trait 2', 'value': 'Pub Window'}]","{'files': [{'type': 'image/png', 'uri': 'https://arweave.net/j0xvtWf7Q8SPDtN7I939SIJBG8YIDrgSiW2MnkLPbko'}], 'category': 'image', 'creators': [{'share': 100, 'address': '994Gi3gWBWPHjxAqH4j43dbrSvnEDGP2erLGYHnjkXMR'}]}",1,4MpjH3ZyU4Hgvds848ApPQXWLRpoVQ3W92EPzpgQexe7,1,{},False,"{'auctionHouseKey': 'E8cU1WiRWjanGxmn96ewBgk9vPTcL6AEZ1t6F6fkgUWe', 'sellerReferral': 'autMW8SgBkVYeBgqYiTuJZnkvDZMVU2MHJh9Jh7CSQ2', 'expiry': -1}",{'moonrank': {'rank': 607}}
8,H7YASdbviiejRvByKpjrJhrUHMCfSDkiZYmccY4aY5ww,12.0,2kksJADNbWDEpqegrLMNPNkJMA5THPseSVkEiVUJs9HG,HSEfzitJhoWErBGXwT3N5uF5BQRNFKgpckyR8EYGeVC9,sea_shanties,Sea Shanties,https://arweave.net/N9Yhj6svcOSHgO1rhlXc9ZWzK0u6zqQCG6Kh-N7VXhw,Sea Shanties #850,The first Underwater Metaverse on the Solana Blockchain,image,"[{'address': '6CjUgT4zYdjEnXeL2YRxBr8BE1Na5nUZBt1WLxE3T9nB', 'verified': 1, 'share': 0}, {'address': '994Gi3gWBWPHjxAqH4j43dbrSvnEDGP2erLGYHnjkXMR', 'verified': 0, 'share': 100}]",800,B5rswcnpvotTWRxYxheVkS4chmSCjzfjCp2W2nNFWk5J,"[{'trait_type': 'Door', 'value': 'Steel'}, {'trait_type': 'Trait 2', 'value': 'Glowing Light'}, {'trait_type': 'Base', 'value': 'Crushed Toxic Waste Barrel'}, {'trait_type': 'Roof', 'value': 'None'}, {'trait_type': 'Trait 1', 'value': 'Glowing Light'}, {'trait_type': 'Background ', 'value': 'Go to Shill City'}]","{'files': [{'type': 'image/png', 'uri': 'https://arweave.net/N9Yhj6svcOSHgO1rhlXc9ZWzK0u6zqQCG6Kh-N7VXhw'}], 'category': 'image', 'creators': [{'share': 100, 'address': '994Gi3gWBWPHjxAqH4j43dbrSvnEDGP2erLGYHnjkXMR'}]}",1,4MpjH3ZyU4Hgvds848ApPQXWLRpoVQ3W92EPzpgQexe7,1,{},False,"{'auctionHouseKey': 'E8cU1WiRWjanGxmn96ewBgk9vPTcL6AEZ1t6F6fkgUWe', 'sellerReferral': 'autMW8SgBkVYeBgqYiTuJZnkvDZMVU2MHJh9Jh7CSQ2', 'expiry': -1}",{'moonrank': {'rank': 2977}}
9,EVL3ByYSVhvvpJYmthukbwa8qZrKrGjjk8HK43vSgJoo,12.0,FanpX5z956XSzf5vEY9mic6NKRMMVnREjiFJMn5BMfxq,3Czdvgnpc7jWB9yWJiSdmz1breL2kmsYeHHU5xLYjrY2,sea_shanties,Sea Shanties,https://arweave.net/PbMjaDiA_vinHwc2rWpm3gDVa1KUjq-ySSI5_zuzE1I,Sea Shanties #406,The first Underwater Metaverse on the Solana Blockchain,image,"[{'address': '6CjUgT4zYdjEnXeL2YRxBr8BE1Na5nUZBt1WLxE3T9nB', 'verified': 1, 'share': 0}, {'address': '994Gi3gWBWPHjxAqH4j43dbrSvnEDGP2erLGYHnjkXMR', 'verified': 0, 'share': 100}]",800,5iYXWnwR7TjLt3adwWr9Lo95YA84p59VWmW9mXdKgk9M,"[{'trait_type': 'Trait 2', 'value': 'Plumbing'}, {'trait_type': 'Base', 'value': 'Trap House'}, {'trait_type': 'Background ', 'value': 'Outskirts'}, {'trait_type': 'Roof', 'value': 'Telescope'}, {'trait_type': 'Door', 'value': 'Wood'}, {'trait_type': 'Trait 1', 'value': 'None'}]","{'files': [{'type': 'image/png', 'uri': 'https://arweave.net/PbMjaDiA_vinHwc2rWpm3gDVa1KUjq-ySSI5_zuzE1I'}], 'category': 'image', 'creators': [{'share': 100, 'address': '994Gi3gWBWPHjxAqH4j43dbrSvnEDGP2erLGYHnjkXMR'}]}",1,4MpjH3ZyU4Hgvds848ApPQXWLRpoVQ3W92EPzpgQexe7,1,{},False,"{'auctionHouseKey': 'E8cU1WiRWjanGxmn96ewBgk9vPTcL6AEZ1t6F6fkgUWe', 'sellerReferral': 'autMW8SgBkVYeBgqYiTuJZnkvDZMVU2MHJh9Jh7CSQ2', 'expiry': -1}",{'moonrank': {'rank': 3115}}
10,EmdJQ1Abd1MyPzBw7eusnkLraW1b1US5kPMF5hqEzypQ,12.1,AmoRsVWYpMeme4XuXh5FazXvtTYZAekd8yQsM5ZaHhpD,5izdJnzFbXksy8Bga8CaXCcLAMBXx8CGercwmc37oBgm,sea_shanties,Sea Shanties,https://arweave.net/VgFh1pz4dfrUQcD-l8y4OI40WcbQEwmnMY-J1zoNoDE,Sea Shanties #2292,The first Underwater Metaverse on the Solana Blockchain,image,"[{'address': '6CjUgT4zYdjEnXeL2YRxBr8BE1Na5nUZBt1WLxE3T9nB', 'verified': 1, 'share': 0}, {'address': '994Gi3gWBWPHjxAqH4j43dbrSvnEDGP2erLGYHnjkXMR', 'verified': 0, 'share': 100}]",800,CnBedbWigMnJT6fFmtMo9QLmZQwd6oZKdckJrw3DtwvR,"[{'trait_type': 'Roof', 'value': 'Drainage Pipe'}, {'trait_type': 'Door', 'value': 'Bubble'}, {'trait_type': 'Background', 'value': 'Shill City Ghetto'}, {'trait_type': 'Trait 3', 'value': 'None'}, {'trait_type': 'Base', 'value': 'Submarine'}, {'trait_type': 'Trait 2', 'value': 'Chimney'}, {'trait_type': 'Trait 1', 'value': 'Barred Window'}]","{'files': [{'type': 'image/png', 'uri': 'https://arweave.net/VgFh1pz4dfrUQcD-l8y4OI40WcbQEwmnMY-J1zoNoDE'}], 'category': 'image', 'creators': [{'share': 100, 'address': '994Gi3gWBWPHjxAqH4j43dbrSvnEDGP2erLGYHnjkXMR'}]}",1,4MpjH3ZyU4Hgvds848ApPQXWLRpoVQ3W92EPzpgQexe7,1,{},False,"{'auctionHouseKey': 'E8cU1WiRWjanGxmn96ewBgk9vPTcL6AEZ1t6F6fkgUWe', 'sellerReferral': 'autMW8SgBkVYeBgqYiTuJZnkvDZMVU2MHJh9Jh7CSQ2', 'expiry': -1}",{'moonrank': {'rank': 1408}}
11,2DaqqsqtRiz8ExdyU7wH3XktzRt7R1JrnuudZnGGMRft,12.25,Ryiwwu1imwG9PxP4mGVmE45dfTx9PNsgnE49Sx4qBrf,22KkEFc8pngB1q47RhrDvnjEcQQfcN9FyU4Q3q7CYT64,sea_shanties,Sea Shanties,https://arweave.net/1_uj9CzgDrRAFpcA49nKcnEk0Kwi-fJ_EOjTNFfX0sc,Sea Shanties #283,The first Underwater Metaverse on the Solana Blockchain,image,"[{'address': '6CjUgT4zYdjEnXeL2YRxBr8BE1Na5nUZBt1WLxE3T9nB', 'verified': 1, 'share': 0}, {'address': '994Gi3gWBWPHjxAqH4j43dbrSvnEDGP2erLGYHnjkXMR', 'verified': 0, 'share': 100}]",800,68wLLD8kXpLM3fUvwe4cxZB4ECYr5mCAmAu8zWHTSReZ,"[{'trait_type': 'Background ', 'value': 'Outskirts'}, {'trait_type': 'Base', 'value': 'Fancy Bucket'}, {'trait_type': 'Trait 3', 'value': 'Green Window'}, {'trait_type': 'Door', 'value': 'Watcher'}, {'trait_type': 'Roof', 'value': 'None'}, {'trait_type': 'Trait 2', 'value': 'Glowing Barred Window'}, {'trait_type': 'Trait 1', 'value': 'Scrap Drainage Pipe'}]","{'files': [{'type': 'image/png', 'uri': 'https://arweave.net/1_uj9CzgDrRAFpcA49nKcnEk0Kwi-fJ_EOjTNFfX0sc'}], 'category': 'image', 'creators': [{'share': 100, 'address': '994Gi3gWBWPHjxAqH4j43dbrSvnEDGP2erLGYHnjkXMR'}]}",1,4MpjH3ZyU4Hgvds848ApPQXWLRpoVQ3W92EPzpgQexe7,1,{},False,"{'auctionHouseKey': 'E8cU1WiRWjanGxmn96ewBgk9vPTcL6AEZ1t6F6fkgUWe', 'sellerReferral': 'autMW8SgBkVYeBgqYiTuJZnkvDZMVU2MHJh9Jh7CSQ2', 'expiry': -1}",{'moonrank': {'rank': 962}}
12,7iZc8sYtDWbpMYdxAx71NWCGjafSZuTpypS2mZzCZJWA,12.5,5HMsNbTYmMnkgVWQZAV5eMSAqfALAEavvpi9mVnJBkAi,5izdJnzFbXksy8Bga8CaXCcLAMBXx8CGercwmc37oBgm,sea_shanties,Sea Shanties,https://arweave.net/W8FaRjyGNVhwz9t8Azwx97LcvP-c8betx8kUbnV23Ys,Sea Shanties #1325,The first Underwater Metaverse on the Solana Blockchain,image,"[{'address': '6CjUgT4zYdjEnXeL2YRxBr8BE1Na5nUZBt1WLxE3T9nB', 'verified': 1, 'share': 0}, {'address': '994Gi3gWBWPHjxAqH4j43dbrSvnEDGP2erLGYHnjkXMR', 'verified': 0, 'share': 100}]",800,EnBTCAVT3iBQsWFJ5mZnA2BNyKYyf7zwrCxbNZTGkv14,"[{'trait_type': 'Chimney', 'value': 'Rust'}, {'trait_type': 'Base', 'value': 'Coral Amethyst'}, {'trait_type': 'Background', 'value': 'The Back Wall'}, {'trait_type': 'Walls', 'value': 'Purple'}, {'trait_type': 'Door', 'value': 'Steel'}, {'trait_type': 'Window', 'value': 'Yellow Window'}]","{'files': [{'type': 'image/png', 'uri': 'https://arweave.net/W8FaRjyGNVhwz9t8Azwx97LcvP-c8betx8kUbnV23Ys'}], 'category': 'image', 'creators': [{'share': '100', 'address': '994Gi3gWBWPHjxAqH4j43dbrSvnEDGP2erLGYHnjkXMR'}]}",1,4MpjH3ZyU4Hgvds848ApPQXWLRpoVQ3W92EPzpgQexe7,1,{},False,"{'auctionHouseKey': 'E8cU1WiRWjanGxmn96ewBgk9vPTcL6AEZ1t6F6fkgUWe', 'sellerReferral': 'autMW8SgBkVYeBgqYiTuJZnkvDZMVU2MHJh9Jh7CSQ2', 'expiry': -1}",{'moonrank': {'rank': 1543}}
13,6upvJwGzJ3ii7ssFS94bnLYwcjJYFqx724LHJFEM4vg3,12.5,DyWeA7E17csXUYcaajPvoKdSLyXtqDEcUDKH4txkQfMk,7NZsUKu6BgMkyLzM5ees7WheNF1iErCq7iBBhFAGDYED,sea_shanties,Sea Shanties,https://arweave.net/OdoQrMCkAbNog5U-JxRLmx6lttka2HlynqGPO-IYYKg,Sea Shanties #1640,The first Underwater Metaverse on the Solana Blockchain,image,"[{'address': '6CjUgT4zYdjEnXeL2YRxBr8BE1Na5nUZBt1WLxE3T9nB', 'verified': 1, 'share': 0}, {'address': '994Gi3gWBWPHjxAqH4j43dbrSvnEDGP2erLGYHnjkXMR', 'verified': 0, 'share': 100}]",800,6AsrXxWTdTUjRPTTusX7g2MguQN37scjeV6EJaZvJEdV,"[{'trait_type': 'Easter Head Base', 'value': 'Crested Slate Head'}, {'trait_type': 'Windows', 'value': 'Green'}, {'trait_type': 'Wall', 'value': 'None'}, {'trait_type': 'Door', 'value': 'Pest'}, {'trait_type': 'Background', 'value': 'City View'}, {'trait_type': 'Easter Head Nose', 'value': 'Jade Thick'}]","{'files': [{'type': 'image/png', 'uri': 'https://arweave.net/OdoQrMCkAbNog5U-JxRLmx6lttka2HlynqGPO-IYYKg'}], 'category': 'image', 'creators': [{'share': 100, 'address': '994Gi3gWBWPHjxAqH4j43dbrSvnEDGP2erLGYHnjkXMR'}]}",1,4MpjH3ZyU4Hgvds848ApPQXWLRpoVQ3W92EPzpgQexe7,1,{},False,"{'auctionHouseKey': 'E8cU1WiRWjanGxmn96ewBgk9vPTcL6AEZ1t6F6fkgUWe', 'sellerReferral': 'autMW8SgBkVYeBgqYiTuJZnkvDZMVU2MHJh9Jh7CSQ2', 'expiry': -1}",{'moonrank': {'rank': 427}}
14,BABcnAYPJBpke5k9WdL8NbE7Ut7PEUXG9s4i3LhtLLoT,12.5,EsVfBdj63qcqdp5sbJCtcqsaNy9QbxmhaY8ZSd8pzvv3,ENub2p5KGMje2LF8JStxLNFHNqpaBwhaPUArVZ3fjcgc,sea_shanties,Sea Shanties,https://arweave.net/VPq3y4B56sXboHBE6Kea2Ut5ZcwXRIMFT6mP10ZErC4,Sea Shanties #1012,The first Underwater Metaverse on the Solana Blockchain,image,"[{'address': '6CjUgT4zYdjEnXeL2YRxBr8BE1Na5nUZBt1WLxE3T9nB', 'verified': 1, 'share': 0}, {'address': '994Gi3gWBWPHjxAqH4j43dbrSvnEDGP2erLGYHnjkXMR', 'verified': 0, 'share': 100}]",800,E6KhPsGC81mJoS2VZfaBXPyBBX2aF4GYmQgVR1QnykHb,"[{'trait_type': 'Trait 1', 'value': 'Glowing Window'}, {'trait_type': 'Door', 'value': 'Hatch'}, {'trait_type': 'Roof', 'value': 'Vent'}, {'trait_type': 'Background ', 'value': 'Outskirts'}, {'trait_type': 'Base', 'value': 'Toxic Waste Site'}, {'trait_type': 'Trait 2', 'value': 'Glowing Light'}]","{'files': [{'type': 'image/png', 'uri': 'https://arweave.net/VPq3y4B56sXboHBE6Kea2Ut5ZcwXRIMFT6mP10ZErC4'}], 'category': 'image', 'creators': [{'share': 100, 'address': '994Gi3gWBWPHjxAqH4j43dbrSvnEDGP2erLGYHnjkXMR'}]}",1,4MpjH3ZyU4Hgvds848ApPQXWLRpoVQ3W92EPzpgQexe7,1,{},False,"{'auctionHouseKey': 'E8cU1WiRWjanGxmn96ewBgk9vPTcL6AEZ1t6F6fkgUWe', 'sellerReferral': 'autMW8SgBkVYeBgqYiTuJZnkvDZMVU2MHJh9Jh7CSQ2', 'expiry': -1}",{'moonrank': {'rank': 2498}}
15,DBW5nEdPkuQz9oC3FoMdr85AWhNefkQxfvUQFZt1MaKY,12.9,HkosuaTjwFyj7CFHZXac66DnDbkv9zgpjtWmsr5dLK7Z,oDkTq9H95J1YUvX3orRac2yxGmysRhDDVX4nxTDxkJL,sea_shanties,Sea Shanties,https://arweave.net/QAtaVdC3o-t5qXH44c8_I_PDt0F0F-SxSplaguy0PCw,Sea Shanties #1538,The first Underwater Metaverse on the Solana Blockchain,image,"[{'address': '6CjUgT4zYdjEnXeL2YRxBr8BE1Na5nUZBt1WLxE3T9nB', 'verified': 1, 'share': 0}, {'address': '994Gi3gWBWPHjxAqH4j43dbrSvnEDGP2erLGYHnjkXMR', 'verified': 0, 'share': 100}]",800,8apJ5wBFQgYf5bNr6kbtLUYT7TkENcbwRNMKadAbnBpB,"[{'trait_type': 'Background', 'value': 'City View'}, {'trait_type': 'Easter Head Nose', 'value': 'Jade Thick'}, {'trait_type': 'Windows', 'value': 'Red'}, {'trait_type': 'Door', 'value': 'Open Red Door'}, {'trait_type': 'Easter Head Base', 'value': 'Volcanic Head'}, {'trait_type': 'Wall', 'value': 'Blue'}]","{'files': [{'type': 'image/png', 'uri': 'https://arweave.net/QAtaVdC3o-t5qXH44c8_I_PDt0F0F-SxSplaguy0PCw'}], 'category': 'image', 'creators': [{'share': 100, 'address': '994Gi3gWBWPHjxAqH4j43dbrSvnEDGP2erLGYHnjkXMR'}]}",1,4MpjH3ZyU4Hgvds848ApPQXWLRpoVQ3W92EPzpgQexe7,1,{},False,"{'auctionHouseKey': 'E8cU1WiRWjanGxmn96ewBgk9vPTcL6AEZ1t6F6fkgUWe', 'sellerReferral': 'autMW8SgBkVYeBgqYiTuJZnkvDZMVU2MHJh9Jh7CSQ2', 'expiry': -1}",{'moonrank': {'rank': 295}}
16,4zsctUxDYXD1iJCSEBrGEFdp6HeKPn99SA23Din5VsyS,13.0,ReAaE2MsUANiBon427Vx43KrX1dKNYArXv7m98roSmS,NUeeAbQ177SCkcW7JGPMgY8GVpmu9VX585wjrXS23YX,sea_shanties,Sea Shanties,https://arweave.net/zxWoHE9hqLN7OLY0q_u8iPphBSgb5AmC7s85M70bGaI,Sea Shanties #2959,The first Underwater Metaverse on the Solana Blockchain,image,"[{'address': '6CjUgT4zYdjEnXeL2YRxBr8BE1Na5nUZBt1WLxE3T9nB', 'verified': 1, 'share': 0}, {'address': '994Gi3gWBWPHjxAqH4j43dbrSvnEDGP2erLGYHnjkXMR', 'verified': 0, 'share': 100}]",800,HadoG2KNkdrpGJpv8JV8RsfdZCpYyEh9U9JT4oRoAu7W,"[{'trait_type': 'Roof', 'value': 'Drain Pipe'}, {'trait_type': 'Door', 'value': 'Steel'}, {'trait_type': 'Base', 'value': 'Chest 2'}, {'trait_type': 'Chest Trait 1', 'value': 'Black Jack'}, {'trait_type': 'Chest Trait 3', 'value': 'Blue Window'}, {'trait_type': 'Background', 'value': 'Shill City Ghetto'}, {'trait_type': 'Chest Trait 2', 'value': 'Blue Window'}]","{'files': [{'type': 'image/png', 'uri': 'https://arweave.net/zxWoHE9hqLN7OLY0q_u8iPphBSgb5AmC7s85M70bGaI'}], 'category': 'image', 'creators': [{'share': 100, 'address': '994Gi3gWBWPHjxAqH4j43dbrSvnEDGP2erLGYHnjkXMR'}]}",1,4MpjH3ZyU4Hgvds848ApPQXWLRpoVQ3W92EPzpgQexe7,1,{},False,"{'auctionHouseKey': 'E8cU1WiRWjanGxmn96ewBgk9vPTcL6AEZ1t6F6fkgUWe', 'sellerReferral': 'autMW8SgBkVYeBgqYiTuJZnkvDZMVU2MHJh9Jh7CSQ2', 'expiry': -1}",{'moonrank': {'rank': 849}}
17,42soBtMETFPCrhjJB7dWGHq2Bt66jSFihXHamJpqgPUM,13.0,8hjcmv1Rnhn3EDuhhET4PQV1yvRVGkhQV3KnCuiPeQ78,GRQ676Rv1XVWkdezQkmudNkRqsXAo2LhSfWYveboX5Ak,sea_shanties,Sea Shanties,https://arweave.net/KDSg90k-Sl1XxCPuLOS6v_A58PNj0pGz-78vFpviKgA,Sea Shanties #2091,The first Underwater Metaverse on the Solana Blockchain,image,"[{'address': '6CjUgT4zYdjEnXeL2YRxBr8BE1Na5nUZBt1WLxE3T9nB', 'verified': 1, 'share': 0}, {'address': '994Gi3gWBWPHjxAqH4j43dbrSvnEDGP2erLGYHnjkXMR', 'verified': 0, 'share': 100}]",800,Ua2NQhXzSec5FeERTvUybfuXTRj5UYEGModsFYvv1w2,"[{'trait_type': 'Chimney', 'value': 'Steel'}, {'trait_type': 'Door', 'value': 'Steel'}, {'trait_type': 'Background', 'value': 'Long Valley Nights'}, {'trait_type': 'Window', 'value': 'Right Eye'}, {'trait_type': 'Walls', 'value': 'None'}, {'trait_type': 'Base', 'value': 'Bare Pineapple'}]","{'files': [{'type': 'image/png', 'uri': 'https://arweave.net/KDSg90k-Sl1XxCPuLOS6v_A58PNj0pGz-78vFpviKgA'}], 'category': 'image', 'creators': [{'share': 100, 'address': '994Gi3gWBWPHjxAqH4j43dbrSvnEDGP2erLGYHnjkXMR'}]}",1,4MpjH3ZyU4Hgvds848ApPQXWLRpoVQ3W92EPzpgQexe7,1,{},False,"{'auctionHouseKey': 'E8cU1WiRWjanGxmn96ewBgk9vPTcL6AEZ1t6F6fkgUWe', 'sellerReferral': 'autMW8SgBkVYeBgqYiTuJZnkvDZMVU2MHJh9Jh7CSQ2', 'expiry': -1}",{'moonrank': {'rank': 1955}}
18,4wNKoERurKAz2jEx3kPMURNycVY4rvg8igWQvqPZhVr5,13.5,AB6jAPi8zXjdFGqNUH7gdweTDzEG8A8fVDx9UeQrs7JN,DMHQ4RBp47cvHCSHS2YNmexPmr4LPdK3QRSSppi69xEM,sea_shanties,Sea Shanties,https://arweave.net/_0gZ-p0offeeYHYP0-Ypjp-yWpqaOnIaqCnEzqMpf3Y,Sea Shanties #1617,The first Underwater Metaverse on the Solana Blockchain,image,"[{'address': '6CjUgT4zYdjEnXeL2YRxBr8BE1Na5nUZBt1WLxE3T9nB', 'verified': 1, 'share': 0}, {'address': '994Gi3gWBWPHjxAqH4j43dbrSvnEDGP2erLGYHnjkXMR', 'verified': 0, 'share': 100}]",800,B585UkSkkA6xu1GFamYADqzbV4SY9AcAE8iT4znCFYqt,"[{'trait_type': 'Wall', 'value': 'Red'}, {'trait_type': 'Easter Head Base', 'value': 'Crested Jade'}, {'trait_type': 'Background', 'value': 'The Back Wall'}, {'trait_type': 'Door', 'value': 'Open Red Door'}, {'trait_type': 'Easter Head Nose', 'value': 'Slate'}, {'trait_type': 'Windows', 'value': 'Red'}]","{'files': [{'type': 'image/png', 'uri': 'https://arweave.net/_0gZ-p0offeeYHYP0-Ypjp-yWpqaOnIaqCnEzqMpf3Y'}], 'category': 'image', 'creators': [{'share': 100, 'address': '994Gi3gWBWPHjxAqH4j43dbrSvnEDGP2erLGYHnjkXMR'}]}",1,4MpjH3ZyU4Hgvds848ApPQXWLRpoVQ3W92EPzpgQexe7,1,{},False,"{'auctionHouseKey': 'E8cU1WiRWjanGxmn96ewBgk9vPTcL6AEZ1t6F6fkgUWe', 'sellerReferral': 'autMW8SgBkVYeBgqYiTuJZnkvDZMVU2MHJh9Jh7CSQ2', 'expiry': -1}",{'moonrank': {'rank': 250}}
19,Fcj5JqyYRDsAHFcHXEF8GWrz5Ss9SytWqAYnqpJpC3gM,14.99,CYrTpkHD5rCYd285BdzQ7PbkVLLfkGmsf4Fsga28EAan,AGdAVNox57wXGSKKeesSCfu2jd4VNSW6h4Hmd6d8KC7m,sea_shanties,Sea Shanties,https://arweave.net/N5ovoZfEV4BVXyBWbl249riJ5HAghGSd9ktPtW3V7MQ,Sea Shanties #2359,The first Underwater Metaverse on the Solana Blockchain,image,"[{'address': '6CjUgT4zYdjEnXeL2YRxBr8BE1Na5nUZBt1WLxE3T9nB', 'verified': 1, 'share': 0}, {'address': '994Gi3gWBWPHjxAqH4j43dbrSvnEDGP2erLGYHnjkXMR', 'verified': 0, 'share': 100}]",800,JJ8wDmBLkGkksqk5dSaRwdpJFwcVsxzWDyyRMMkQB6G,"[{'trait_type': 'Base', 'value': 'Submarine'}, {'trait_type': 'Trait 3', 'value': 'Blue Light'}, {'trait_type': 'Door', 'value': 'Pest'}, {'trait_type': 'Roof', 'value': 'Telescope'}, {'trait_type': 'Background', 'value': 'Shill City Metro'}, {'trait_type': 'Trait 1', 'value': 'Window'}, {'trait_type': 'Trait 2', 'value': 'Drainage Pipe'}]","{'files': [{'type': 'image/png', 'uri': 'https://arweave.net/N5ovoZfEV4BVXyBWbl249riJ5HAghGSd9ktPtW3V7MQ'}], 'category': 'image', 'creators': [{'share': 100, 'address': '994Gi3gWBWPHjxAqH4j43dbrSvnEDGP2erLGYHnjkXMR'}]}",1,4MpjH3ZyU4Hgvds848ApPQXWLRpoVQ3W92EPzpgQexe7,1,{},False,"{'auctionHouseKey': 'E8cU1WiRWjanGxmn96ewBgk9vPTcL6AEZ1t6F6fkgUWe', 'sellerReferral': 'autMW8SgBkVYeBgqYiTuJZnkvDZMVU2MHJh9Jh7CSQ2', 'expiry': -1}",{'moonrank': {'rank': 1996}}
20,6FNxYfY7PAKmEXrz1wzyDvyNdmgy41xYhBVDvk39b4in,14.99,AR5PHUnrFPkokJj8dDCWwc5eB9e5JW3hgieTPSfthAhv,7Rd4JcAVtfTVGc2XqhrVxjvTxsd3esrN3mKd6mje6nLx,sea_shanties,Sea Shanties,https://arweave.net/8oVNrgKjQRWeeO4LVZAxmU2RzwHJI7txiJueCDakNY8,Sea Shanties #785,The first Underwater Metaverse on the Solana Blockchain,image,"[{'address': '6CjUgT4zYdjEnXeL2YRxBr8BE1Na5nUZBt1WLxE3T9nB', 'verified': 1, 'share': 0}, {'address': '994Gi3gWBWPHjxAqH4j43dbrSvnEDGP2erLGYHnjkXMR', 'verified': 0, 'share': 100}]",800,3jzxZcF3mkiJbZbbYKmLK294K9Ndajq41WuxQ2votk2d,"[{'trait_type': 'Trait 2', 'value': 'Vent'}, {'trait_type': 'Trait 1', 'value': 'Glowing Window'}, {'trait_type': 'Roof', 'value': 'Roof Vent'}, {'trait_type': 'Base', 'value': 'Toxic Waste Barrel'}, {'trait_type': 'Background ', 'value': 'Go to Shill City'}, {'trait_type': 'Door', 'value': 'Open'}]","{'files': [{'type': 'image/png', 'uri': 'https://arweave.net/8oVNrgKjQRWeeO4LVZAxmU2RzwHJI7txiJueCDakNY8'}], 'category': 'image', 'creators': [{'share': 100, 'address': '994Gi3gWBWPHjxAqH4j43dbrSvnEDGP2erLGYHnjkXMR'}]}",1,4MpjH3ZyU4Hgvds848ApPQXWLRpoVQ3W92EPzpgQexe7,1,{},False,"{'auctionHouseKey': 'E8cU1WiRWjanGxmn96ewBgk9vPTcL6AEZ1t6F6fkgUWe', 'sellerReferral': 'autMW8SgBkVYeBgqYiTuJZnkvDZMVU2MHJh9Jh7CSQ2', 'expiry': -1}",{'moonrank': {'rank': 2063}}
21,6a61MBcUfByA4YwQySjcp55fuhLqKihWfpJR8nnWEhs3,15.0,3Etui7rW9A7EMdffZZRM1TxB5wwLLiRg9Cs68i1FADYW,BBkVTTm6WjiKMDmsCbvZe2sdHUbpugBk32vKH5mbTnDP,sea_shanties,Sea Shanties,https://arweave.net/HRRYDRPHaQSsztkHRlQ1n8IAZed6OQJ6ELEc5nDKI_c,Sea Shanties #1957,The first Underwater Metaverse on the Solana Blockchain,image,"[{'address': '6CjUgT4zYdjEnXeL2YRxBr8BE1Na5nUZBt1WLxE3T9nB', 'verified': 1, 'share': 0}, {'address': '994Gi3gWBWPHjxAqH4j43dbrSvnEDGP2erLGYHnjkXMR', 'verified': 0, 'share': 100}]",800,66NdwUpdTY5pXjPZ33EKvC5yjYy9yvugV5P1mT5KEhoM,"[{'trait_type': 'Background', 'value': 'City View'}, {'trait_type': 'Base', 'value': 'Bare Pineapple'}, {'trait_type': 'Chimney', 'value': 'Rust'}, {'trait_type': 'Walls', 'value': 'Red'}, {'trait_type': 'Window', 'value': 'Left Eye'}, {'trait_type': 'Door', 'value': 'Pest'}]","{'files': [{'type': 'image/png', 'uri': 'https://arweave.net/HRRYDRPHaQSsztkHRlQ1n8IAZed6OQJ6ELEc5nDKI_c'}], 'category': 'image', 'creators': [{'share': 100, 'address': '994Gi3gWBWPHjxAqH4j43dbrSvnEDGP2erLGYHnjkXMR'}]}",1,4MpjH3ZyU4Hgvds848ApPQXWLRpoVQ3W92EPzpgQexe7,1,{},False,"{'auctionHouseKey': 'E8cU1WiRWjanGxmn96ewBgk9vPTcL6AEZ1t6F6fkgUWe', 'sellerReferral': 'autMW8SgBkVYeBgqYiTuJZnkvDZMVU2MHJh9Jh7CSQ2', 'expiry': -1}",{'moonrank': {'rank': 1765}}
22,GE284muwpW4pWs4jVYfurrRMNMo2NkfGhs1DnzJ42PZj,15.125,979knPrr8PVzJKRrbkHzfZtvg7q6hCrMYpRdZUSQ2cZT,33CgcAjmHidf6HwCLEN7bLmVScQcFjvjoy5VHfCq3a33,sea_shanties,Sea Shanties,https://arweave.net/1IYTRaJG11I8Mh3Trt-M3BfIH30Romp_Qf4phVrOsig,Sea Shanties #1358,The first Underwater Metaverse on the Solana Blockchain,image,"[{'address': '6CjUgT4zYdjEnXeL2YRxBr8BE1Na5nUZBt1WLxE3T9nB', 'verified': 1, 'share': 0}, {'address': '994Gi3gWBWPHjxAqH4j43dbrSvnEDGP2erLGYHnjkXMR', 'verified': 0, 'share': 100}]",800,7jtjgRtfhknQ6G6PdbGkDTRC9sM69bX3FiMYQkZTjxoL,"[{'trait_type': 'Walls', 'value': 'Purple'}, {'trait_type': 'Background', 'value': 'The Back Wall'}, {'trait_type': 'Chimney', 'value': 'Steel'}, {'trait_type': 'Window', 'value': 'Yellow Window'}, {'trait_type': 'Door', 'value': 'Pest'}, {'trait_type': 'Base', 'value': 'Coral Ruby'}]","{'files': [{'type': 'image/png', 'uri': 'https://arweave.net/1IYTRaJG11I8Mh3Trt-M3BfIH30Romp_Qf4phVrOsig'}], 'category': 'image', 'creators': [{'share': '100', 'address': '994Gi3gWBWPHjxAqH4j43dbrSvnEDGP2erLGYHnjkXMR'}]}",1,4MpjH3ZyU4Hgvds848ApPQXWLRpoVQ3W92EPzpgQexe7,1,{},False,"{'auctionHouseKey': 'E8cU1WiRWjanGxmn96ewBgk9vPTcL6AEZ1t6F6fkgUWe', 'sellerReferral': 'autMW8SgBkVYeBgqYiTuJZnkvDZMVU2MHJh9Jh7CSQ2', 'expiry': -1}",{'moonrank': {'rank': 1478}}
23,CrcfjGdE66KyNW6YVqS3FES6iw588dvPQYyhFEMsK1W2,16.5,8o4siyhCuLxpmBpHp9QzGJe8g2hD4tdTGWmZyg3uGp4n,KR89XA7H7FHzLdTqWRHzAJNggaWEaMbke7y7Ub8YUhV,sea_shanties,Sea Shanties,https://arweave.net/QHRgAm3KG1lz2Nn6dkkLo5G7cIKPHLPH83VBqIxrnsI,Sea Shanties #2789,The first Underwater Metaverse on the Solana Blockchain,image,"[{'address': '6CjUgT4zYdjEnXeL2YRxBr8BE1Na5nUZBt1WLxE3T9nB', 'verified': 1, 'share': 0}, {'address': '994Gi3gWBWPHjxAqH4j43dbrSvnEDGP2erLGYHnjkXMR', 'verified': 0, 'share': 100}]",800,6edFjGLvxJ336sv3wyVbhYCQgQqFoi1YrZEnMEXcEddg,"[{'trait_type': 'Base', 'value': 'Scrap House'}, {'trait_type': 'Door', 'value': 'Green'}, {'trait_type': 'Trait 2', 'value': 'None'}, {'trait_type': 'Roof', 'value': 'Pot Lid'}, {'trait_type': 'Background', 'value': 'Shill City Metro'}, {'trait_type': 'Trait 1', 'value': 'Turtle Shell Roof'}]","{'files': [{'type': 'image/png', 'uri': 'https://arweave.net/QHRgAm3KG1lz2Nn6dkkLo5G7cIKPHLPH83VBqIxrnsI'}], 'category': 'image', 'creators': [{'share': 100, 'address': '994Gi3gWBWPHjxAqH4j43dbrSvnEDGP2erLGYHnjkXMR'}]}",1,4MpjH3ZyU4Hgvds848ApPQXWLRpoVQ3W92EPzpgQexe7,1,{},False,"{'auctionHouseKey': 'E8cU1WiRWjanGxmn96ewBgk9vPTcL6AEZ1t6F6fkgUWe', 'sellerReferral': 'autMW8SgBkVYeBgqYiTuJZnkvDZMVU2MHJh9Jh7CSQ2', 'expiry': -1}",{'moonrank': {'rank': 2803}}
24,9gktYLdsw1xEBSHZqMzkJaQzZj4qpUFf6ed5yHnSgYPG,16.85,8StX9XcByKPpnatujSFvYmRxeenTJ7hpPxBcPYyMV9CP,HQMAgMzHpp8Xr2HtygzUPLdfnuL5ZQxFQP3J1jmcChqV,sea_shanties,Sea Shanties,https://arweave.net/8ejf2dCilKQSFuz3n3KqzL6ECMl0jREyU_9wjklbINg,Sea Shanties #3257,The first Underwater Metaverse on the Solana Blockchain,image,"[{'address': 'Dc3hBwXPkhpzbGTs28k2FrgrTndE7GsHpBkWrdSMhLX5', 'verified': 1, 'share': 0}, {'address': '994Gi3gWBWPHjxAqH4j43dbrSvnEDGP2erLGYHnjkXMR', 'verified': 0, 'share': 100}]",800,Eu2M6W5UL9ne2S2T3WJqXFujP4A7ajqUiLp9F4Nnn867,"[{'trait_type': 'Background', 'value': 'The Back Wall'}, {'trait_type': 'Base', 'value': 'Coral Bare'}, {'trait_type': 'Chimney', 'value': 'Scrap'}, {'trait_type': 'Window', 'value': 'Blue Invader'}, {'trait_type': 'Walls', 'value': 'None'}, {'trait_type': 'Door', 'value': 'Wood'}]","{'files': [{'type': 'image/png', 'uri': 'https://arweave.net/8ejf2dCilKQSFuz3n3KqzL6ECMl0jREyU_9wjklbINg'}], 'category': 'image', 'creators': [{'share': '100', 'address': '994Gi3gWBWPHjxAqH4j43dbrSvnEDGP2erLGYHnjkXMR'}]}",1,4MpjH3ZyU4Hgvds848ApPQXWLRpoVQ3W92EPzpgQexe7,1,{},False,"{'auctionHouseKey': 'E8cU1WiRWjanGxmn96ewBgk9vPTcL6AEZ1t6F6fkgUWe', 'sellerReferral': 'autMW8SgBkVYeBgqYiTuJZnkvDZMVU2MHJh9Jh7CSQ2', 'expiry': -1}",{'moonrank': {'rank': 1027}}
25,1mJeSwX7s8YjGLc6X6oR5dsPmQYuMcGC5nDaUyPfMkf,17.0,6gdDcqFn6ytunWD7xuoFji2k4hyFmg9H5ktR1tfZhKp1,4uY3rRxMeNADwHAHLLUJC8Gy3Y9BxC6kpcKqMEVP1RUn,sea_shanties,Sea Shanties,https://arweave.net/1jNYT8PWCEuzf4A3T1Y6rmDqkbpRXbbuQ1U-lQ9wNoE,Sea Shanties #1469,The first Underwater Metaverse on the Solana Blockchain,image,"[{'address': '6CjUgT4zYdjEnXeL2YRxBr8BE1Na5nUZBt1WLxE3T9nB', 'verified': 1, 'share': 0}, {'address': '994Gi3gWBWPHjxAqH4j43dbrSvnEDGP2erLGYHnjkXMR', 'verified': 0, 'share': 100}]",800,2oigdZKredz4YPLdipHNEd2hW6GANG6Nmi8v1C9nPqtZ,"[{'trait_type': 'Wall', 'value': 'None'}, {'trait_type': 'Easter Head Nose', 'value': 'Topaz'}, {'trait_type': 'Easter Head Base', 'value': 'Crested Jade'}, {'trait_type': 'Windows', 'value': 'Purple'}, {'trait_type': 'Door', 'value': 'Open Red Door'}, {'trait_type': 'Background', 'value': 'The Back Wall'}]","{'files': [{'type': 'image/png', 'uri': 'https://arweave.net/1jNYT8PWCEuzf4A3T1Y6rmDqkbpRXbbuQ1U-lQ9wNoE'}], 'category': 'image', 'creators': [{'share': 100, 'address': '994Gi3gWBWPHjxAqH4j43dbrSvnEDGP2erLGYHnjkXMR'}]}",1,4MpjH3ZyU4Hgvds848ApPQXWLRpoVQ3W92EPzpgQexe7,1,{},False,"{'auctionHouseKey': 'E8cU1WiRWjanGxmn96ewBgk9vPTcL6AEZ1t6F6fkgUWe', 'sellerReferral': 'autMW8SgBkVYeBgqYiTuJZnkvDZMVU2MHJh9Jh7CSQ2', 'expiry': -1}",{'moonrank': {'rank': 139}}
26,J8fUn6VnvbnDX4EWnZvfzPb17F8MXqoHR7rJddtZU7JP,18.0,HwTgbYkYrk7r1kaTgMek9s3qPgENmUNWvoZ3YWdaWDtg,QFDzaVq6pfJYe6hCUAkw3ybotA7RqEAfssn766SiXLb,sea_shanties,Sea Shanties,https://arweave.net/OpjBnrDbDwvo1VReeqP9otup70Uq_bgd_bPmPEO9C68,Sea Shanties #1820,The first Underwater Metaverse on the Solana Blockchain,image,"[{'address': '6CjUgT4zYdjEnXeL2YRxBr8BE1Na5nUZBt1WLxE3T9nB', 'verified': 1, 'share': 0}, {'address': '994Gi3gWBWPHjxAqH4j43dbrSvnEDGP2erLGYHnjkXMR', 'verified': 0, 'share': 100}]",800,7yWypnky52hSG3giUd8MFai9aUkmeA6d83tfMs3XSsyN,"[{'trait_type': 'Base', 'value': 'Silver Crown Pineapple'}, {'trait_type': 'Chimney', 'value': 'None'}, {'trait_type': 'Door', 'value': 'Pest'}, {'trait_type': 'Background', 'value': 'City View'}, {'trait_type': 'Window', 'value': 'Eyes'}, {'trait_type': 'Walls', 'value': 'Purple'}]","{'files': [{'type': 'image/png', 'uri': 'https://arweave.net/OpjBnrDbDwvo1VReeqP9otup70Uq_bgd_bPmPEO9C68'}], 'category': 'image', 'creators': [{'share': 100, 'address': '994Gi3gWBWPHjxAqH4j43dbrSvnEDGP2erLGYHnjkXMR'}]}",1,4MpjH3ZyU4Hgvds848ApPQXWLRpoVQ3W92EPzpgQexe7,1,{},False,"{'auctionHouseKey': 'E8cU1WiRWjanGxmn96ewBgk9vPTcL6AEZ1t6F6fkgUWe', 'sellerReferral': 'autMW8SgBkVYeBgqYiTuJZnkvDZMVU2MHJh9Jh7CSQ2', 'expiry': -1}",{'moonrank': {'rank': 1232}}
27,5pHR8Cvu7PjFBPbq44JuyS5TKKymGozU1L8cFjzT5N8H,19.0,GrEAgaYVxNspjS6tQtZPwC6qsCho59WpqPnTU8aETfBL,AGdAVNox57wXGSKKeesSCfu2jd4VNSW6h4Hmd6d8KC7m,sea_shanties,Sea Shanties,https://arweave.net/iCXfRWd4xnKjoHeQ0Y83_NCkvLjP_SB_DMjbZN-FJ1g,Sea Shanties #1846,The first Underwater Metaverse on the Solana Blockchain,image,"[{'address': '6CjUgT4zYdjEnXeL2YRxBr8BE1Na5nUZBt1WLxE3T9nB', 'verified': 1, 'share': 0}, {'address': '994Gi3gWBWPHjxAqH4j43dbrSvnEDGP2erLGYHnjkXMR', 'verified': 0, 'share': 100}]",800,4KNdo4rGqprBYWytRqHwB6zHyCjNMfMQkK1e2EchWzMf,"[{'trait_type': 'Walls', 'value': 'None'}, {'trait_type': 'Base', 'value': 'Bare Pineapple'}, {'trait_type': 'Door', 'value': 'Steel'}, {'trait_type': 'Chimney', 'value': 'Steel'}, {'trait_type': 'Background', 'value': 'Long Valley Nights'}, {'trait_type': 'Window', 'value': 'Eyes'}]","{'files': [{'type': 'image/png', 'uri': 'https://arweave.net/iCXfRWd4xnKjoHeQ0Y83_NCkvLjP_SB_DMjbZN-FJ1g'}], 'category': 'image', 'creators': [{'share': 100, 'address': '994Gi3gWBWPHjxAqH4j43dbrSvnEDGP2erLGYHnjkXMR'}]}",1,4MpjH3ZyU4Hgvds848ApPQXWLRpoVQ3W92EPzpgQexe7,1,{},False,"{'auctionHouseKey': 'E8cU1WiRWjanGxmn96ewBgk9vPTcL6AEZ1t6F6fkgUWe', 'sellerReferral': 'autMW8SgBkVYeBgqYiTuJZnkvDZMVU2MHJh9Jh7CSQ2', 'expiry': -1}",{'moonrank': {'rank': 1932}}
28,4EZdkW87kiMrWbFCi2poJZJpZSF53VYiY3Tbrgqb7kSe,19.0,7z7fLgKrDrmsjCXxGa7NzmUEbF5b5JDZRRZLBnByHSwY,6Qy1PoH5J5MxrHrApF8RK2vMrLdrDL5r9Z2NUyxVQFet,sea_shanties,Sea Shanties,https://arweave.net/2LQG82td3WFtEb5t9VCSqpZMlNdn7Unk-YlfOd9_el0,Sea Shanties #3333,The first Underwater Metaverse on the Solana Blockchain,image,"[{'address': 'Dc3hBwXPkhpzbGTs28k2FrgrTndE7GsHpBkWrdSMhLX5', 'verified': 1, 'share': 0}, {'address': '994Gi3gWBWPHjxAqH4j43dbrSvnEDGP2erLGYHnjkXMR', 'verified': 0, 'share': 100}]",800,H1NtCaUGGFiiwKfW2HoejaEAiSNsiWW8ecF5LcjhNcVW,"[{'trait_type': 'Door', 'value': 'Wooden'}, {'trait_type': 'Trait 2', 'value': 'Glowing Light'}, {'trait_type': 'Roof', 'value': 'Scrap Chimney'}, {'trait_type': 'Trait 1', 'value': 'Vent'}, {'trait_type': 'Background ', 'value': 'Go to Shill City'}, {'trait_type': 'Base', 'value': 'Toxic Waste Site'}]","{'files': [{'type': 'image/png', 'uri': 'https://arweave.net/2LQG82td3WFtEb5t9VCSqpZMlNdn7Unk-YlfOd9_el0'}], 'category': 'image', 'creators': [{'share': 100, 'address': '994Gi3gWBWPHjxAqH4j43dbrSvnEDGP2erLGYHnjkXMR'}]}",1,4MpjH3ZyU4Hgvds848ApPQXWLRpoVQ3W92EPzpgQexe7,1,{},False,,{'moonrank': {'rank': 2017}}
29,5YFwMf6z7bynq65BsoLT6cXue6dPYRaQVExNjuZqtFeL,19.3,3ojvqMtgDCPrF5MtzujByEocoEhkHbCHQzLmihgZht9m,E8MEEBBvQzCoDkVRCfGRKtsrrb9R4WYqv3rB2emR8zbj,sea_shanties,Sea Shanties,https://arweave.net/dfSftlZY3LZsWp2I-95od2ihMWWKTnNbCgzjdaiwm4o,Sea Shanties #1424,The first Underwater Metaverse on the Solana Blockchain,image,"[{'address': '6CjUgT4zYdjEnXeL2YRxBr8BE1Na5nUZBt1WLxE3T9nB', 'verified': 1, 'share': 0}, {'address': '994Gi3gWBWPHjxAqH4j43dbrSvnEDGP2erLGYHnjkXMR', 'verified': 0, 'share': 100}]",800,JARAQRMjyfV3YfrZnL216ZfdZShLxhkixi9pW6n7aJME,"[{'trait_type': 'Wall', 'value': 'Purple'}, {'trait_type': 'Background', 'value': 'City View'}, {'trait_type': 'Easter Head Nose', 'value': 'Volcanic'}, {'trait_type': 'Windows', 'value': 'Green'}, {'trait_type': 'Easter Head Base', 'value': 'Crested Jade'}, {'trait_type': 'Door', 'value': 'Open Blue Door'}]","{'files': [{'type': 'image/png', 'uri': 'https://arweave.net/dfSftlZY3LZsWp2I-95od2ihMWWKTnNbCgzjdaiwm4o'}], 'category': 'image', 'creators': [{'share': 100, 'address': '994Gi3gWBWPHjxAqH4j43dbrSvnEDGP2erLGYHnjkXMR'}]}",1,4MpjH3ZyU4Hgvds848ApPQXWLRpoVQ3W92EPzpgQexe7,1,{},False,"{'auctionHouseKey': 'E8cU1WiRWjanGxmn96ewBgk9vPTcL6AEZ1t6F6fkgUWe', 'sellerReferral': 'autMW8SgBkVYeBgqYiTuJZnkvDZMVU2MHJh9Jh7CSQ2', 'expiry': -1}",{'moonrank': {'rank': 160}}
30,44gXeswEsyjXABJmLpBCuzJQdFxYNfkAHNRK7KdJM9jD,19.69,8EiR3wymGV8ffi5vHeAJ8XhY3RcQPtY5JDPPntksekDV,YzuWBK2XpDeoVk9u1i2kfNJZqzAxccvs7x84xRrp1o4,sea_shanties,Sea Shanties,https://arweave.net/auUV8BbEnwQSecsSISEIAex-4QAWWzunkW6bQDV4kzw,Sea Shanties #2022,The first Underwater Metaverse on the Solana Blockchain,image,"[{'address': '6CjUgT4zYdjEnXeL2YRxBr8BE1Na5nUZBt1WLxE3T9nB', 'verified': 1, 'share': 0}, {'address': '994Gi3gWBWPHjxAqH4j43dbrSvnEDGP2erLGYHnjkXMR', 'verified': 0, 'share': 100}]",800,7hrcbfifTWRwCKyg9uP35DBX3zLcUkbTNG17C9sPukb5,"[{'trait_type': 'Base', 'value': ""The King's Crown Pineapple""}, {'trait_type': 'Walls', 'value': 'Blue'}, {'trait_type': 'Background', 'value': 'The Back Wall'}, {'trait_type': 'Door', 'value': 'Steel'}, {'trait_type': 'Window', 'value': 'Eyes'}, {'trait_type': 'Chimney', 'value': 'None'}]","{'files': [{'type': 'image/png', 'uri': 'https://arweave.net/auUV8BbEnwQSecsSISEIAex-4QAWWzunkW6bQDV4kzw'}], 'category': 'image', 'creators': [{'share': 100, 'address': '994Gi3gWBWPHjxAqH4j43dbrSvnEDGP2erLGYHnjkXMR'}]}",1,4MpjH3ZyU4Hgvds848ApPQXWLRpoVQ3W92EPzpgQexe7,1,{},False,"{'auctionHouseKey': 'E8cU1WiRWjanGxmn96ewBgk9vPTcL6AEZ1t6F6fkgUWe', 'sellerReferral': 'autMW8SgBkVYeBgqYiTuJZnkvDZMVU2MHJh9Jh7CSQ2', 'expiry': -1}",{'moonrank': {'rank': 1495}}
31,Bpnbjns4C1FzSJCptCbke5XuRrV6tFtQqmanRBHLr9sB,19.75,718TTFASqgcyCk38E7Hhab87htHmdwjiMHuPjFm3LHrW,8xjHAQZs9dxGmbLQmaoVr6Um39AEnBFxKpGdEukfweFo,sea_shanties,Sea Shanties,https://arweave.net/C5nwfMtmGghjygTA5_PbV9WfzUfjcmjkTYo_gmjhijw,Sea Shanties #3160,The first Underwater Metaverse on the Solana Blockchain,image,"[{'address': '6CjUgT4zYdjEnXeL2YRxBr8BE1Na5nUZBt1WLxE3T9nB', 'verified': 1, 'share': 0}, {'address': '994Gi3gWBWPHjxAqH4j43dbrSvnEDGP2erLGYHnjkXMR', 'verified': 0, 'share': 100}]",800,3XW55tyBqtqn68vhHtvW5EFhHUU9Lm8jTFnStJcsCLPH,"[{'trait_type': 'Background', 'value': 'Shill City Metro'}, {'trait_type': 'Chest Trait 2', 'value': 'Pub Window'}, {'trait_type': 'Chest Trait 3', 'value': 'Blue Window'}, {'trait_type': 'Roof', 'value': 'Telescope'}, {'trait_type': 'Base', 'value': 'Chest 2'}, {'trait_type': 'Chest Trait 1', 'value': 'Black Jack'}, {'trait_type': 'Door', 'value': 'Swinging Doors'}]","{'files': [{'type': 'image/png', 'uri': 'https://arweave.net/C5nwfMtmGghjygTA5_PbV9WfzUfjcmjkTYo_gmjhijw'}], 'category': 'image', 'creators': [{'share': 100, 'address': '994Gi3gWBWPHjxAqH4j43dbrSvnEDGP2erLGYHnjkXMR'}]}",1,4MpjH3ZyU4Hgvds848ApPQXWLRpoVQ3W92EPzpgQexe7,1,{},False,"{'auctionHouseKey': 'E8cU1WiRWjanGxmn96ewBgk9vPTcL6AEZ1t6F6fkgUWe', 'sellerReferral': 'autMW8SgBkVYeBgqYiTuJZnkvDZMVU2MHJh9Jh7CSQ2', 'expiry': -1}",{'moonrank': {'rank': 635}}
32,45dzPL5mQ4XdR7ftcGkq5qdgnyAp7imgH6g6CFWGSvKm,19.85,F9oDYDBDpNeUw5jw3uWJUtX3AAd2RhiRiZuWVBFw4Dw9,8xjHAQZs9dxGmbLQmaoVr6Um39AEnBFxKpGdEukfweFo,sea_shanties,Sea Shanties,https://arweave.net/DTEq9ikvzhf44lpe56Id1Uez4_M-559u568CIn3rwj0,Sea Shanties #1186,The first Underwater Metaverse on the Solana Blockchain,image,"[{'address': '6CjUgT4zYdjEnXeL2YRxBr8BE1Na5nUZBt1WLxE3T9nB', 'verified': 1, 'share': 0}, {'address': '994Gi3gWBWPHjxAqH4j43dbrSvnEDGP2erLGYHnjkXMR', 'verified': 0, 'share': 100}]",800,4QVEixb7VYaYbC1tYV7yK5zjzrxrR5duvkD95mktUuew,"[{'trait_type': 'Door', 'value': 'Red'}, {'trait_type': 'Background', 'value': 'Long Valley Nights'}, {'trait_type': 'Window', 'value': 'Blue Invader'}, {'trait_type': 'Base', 'value': 'Coral Stacked Rocks'}, {'trait_type': 'Chimney', 'value': 'Rust'}, {'trait_type': 'Walls', 'value': 'None'}]","{'files': [{'type': 'image/png', 'uri': 'https://arweave.net/DTEq9ikvzhf44lpe56Id1Uez4_M-559u568CIn3rwj0'}], 'category': 'image', 'creators': [{'share': '100', 'address': '994Gi3gWBWPHjxAqH4j43dbrSvnEDGP2erLGYHnjkXMR'}]}",1,4MpjH3ZyU4Hgvds848ApPQXWLRpoVQ3W92EPzpgQexe7,1,{},False,"{'auctionHouseKey': 'E8cU1WiRWjanGxmn96ewBgk9vPTcL6AEZ1t6F6fkgUWe', 'sellerReferral': 'autMW8SgBkVYeBgqYiTuJZnkvDZMVU2MHJh9Jh7CSQ2', 'expiry': -1}",{'moonrank': {'rank': 811}}
33,GL5jRKktXUPTJJ55fSEf6tLpLhjHMbYhtRrf5zP5hbqL,19.85,AdSHDU2zEuT8BsmizjAXgaQxsLKXwTUxPpp5ped1XPgH,8xjHAQZs9dxGmbLQmaoVr6Um39AEnBFxKpGdEukfweFo,sea_shanties,Sea Shanties,https://arweave.net/0COHqcpfAccrL7m-atwLHJTLOCyFIuNpEogM61sWvm4,Sea Shanties #3084,The first Underwater Metaverse on the Solana Blockchain,image,"[{'address': '6CjUgT4zYdjEnXeL2YRxBr8BE1Na5nUZBt1WLxE3T9nB', 'verified': 1, 'share': 0}, {'address': '994Gi3gWBWPHjxAqH4j43dbrSvnEDGP2erLGYHnjkXMR', 'verified': 0, 'share': 100}]",800,CN2q3HZWH5m7HpaRoUG7gFguQ7QpQFVrSr649wP9U151,"[{'trait_type': 'Door', 'value': 'Swinging Doors'}, {'trait_type': 'Chest Trait 1', 'value': 'Saloon'}, {'trait_type': 'Background', 'value': 'Shill City Metro'}, {'trait_type': 'Chest Trait 3', 'value': 'Blue Window'}, {'trait_type': 'Chest Trait 2', 'value': 'Green Window'}, {'trait_type': 'Base', 'value': 'Chest 2'}, {'trait_type': 'Roof', 'value': 'Telescope'}]","{'files': [{'type': 'image/png', 'uri': 'https://arweave.net/0COHqcpfAccrL7m-atwLHJTLOCyFIuNpEogM61sWvm4'}], 'category': 'image', 'creators': [{'share': 100, 'address': '994Gi3gWBWPHjxAqH4j43dbrSvnEDGP2erLGYHnjkXMR'}]}",1,4MpjH3ZyU4Hgvds848ApPQXWLRpoVQ3W92EPzpgQexe7,1,{},False,"{'auctionHouseKey': 'E8cU1WiRWjanGxmn96ewBgk9vPTcL6AEZ1t6F6fkgUWe', 'sellerReferral': 'autMW8SgBkVYeBgqYiTuJZnkvDZMVU2MHJh9Jh7CSQ2', 'expiry': -1}",{'moonrank': {'rank': 588}}
34,9wF6raKepYKc6xPZMuKtxF74FTkZ1pjder7Z7z21Hvw1,20.0,62yw91F6cCD8Qs72g1AFNTYxVv7DeztGrRhKerNQm1Cz,8VXbfQfTeRPMJWULFKgo4eVjxhUmuZ2pc7iVX8rwFAxE,sea_shanties,Sea Shanties,https://arweave.net/c9NEY38RvEtuDSgHLDVEy2XmBBZHFiggIKSNERRvQ74,Sea Shanties #1698,The first Underwater Metaverse on the Solana Blockchain,image,"[{'address': '6CjUgT4zYdjEnXeL2YRxBr8BE1Na5nUZBt1WLxE3T9nB', 'verified': 1, 'share': 0}, {'address': '994Gi3gWBWPHjxAqH4j43dbrSvnEDGP2erLGYHnjkXMR', 'verified': 0, 'share': 100}]",800,HEBNC9NP56Unz29Te2E4SzonZys51NVp3xfCa6oNc2jn,"[{'trait_type': 'Easter Head Base', 'value': 'Crested Slate Head'}, {'trait_type': 'Easter Head Nose', 'value': 'Jade'}, {'trait_type': 'Wall', 'value': 'Purple'}, {'trait_type': 'Windows', 'value': 'Purple'}, {'trait_type': 'Door', 'value': 'Open Red Door'}, {'trait_type': 'Background', 'value': 'The Back Wall'}]","{'files': [{'type': 'image/png', 'uri': 'https://arweave.net/c9NEY38RvEtuDSgHLDVEy2XmBBZHFiggIKSNERRvQ74'}], 'category': 'image', 'creators': [{'share': 100, 'address': '994Gi3gWBWPHjxAqH4j43dbrSvnEDGP2erLGYHnjkXMR'}]}",1,4MpjH3ZyU4Hgvds848ApPQXWLRpoVQ3W92EPzpgQexe7,1,{},False,"{'auctionHouseKey': 'E8cU1WiRWjanGxmn96ewBgk9vPTcL6AEZ1t6F6fkgUWe', 'sellerReferral': 'autMW8SgBkVYeBgqYiTuJZnkvDZMVU2MHJh9Jh7CSQ2', 'expiry': -1}",{'moonrank': {'rank': 166}}
35,BRQjFWewpRMrFopWQADJtzGt6TjgFeE9FR8Pap6anxtw,20.0,bZiQDa3gGY51mxPMx8au62ZDqbpyXkBHicH7TDybaqm,2MgwBpVA2du31RFWvXAH4zp33t5Pqex846w5fxvRRH8K,sea_shanties,Sea Shanties,https://arweave.net/6gNFpQb9IBXhWtMCEOe6x30eeUjTG3C_BvwGjCbMAe0,Sea Shanties #1854,The first Underwater Metaverse on the Solana Blockchain,image,"[{'address': '6CjUgT4zYdjEnXeL2YRxBr8BE1Na5nUZBt1WLxE3T9nB', 'verified': 1, 'share': 0}, {'address': '994Gi3gWBWPHjxAqH4j43dbrSvnEDGP2erLGYHnjkXMR', 'verified': 0, 'share': 100}]",800,3Fj1sz7MGa1YctWti3U4w1BZvjVTiAkFXkjHQNuSv4wq,"[{'trait_type': 'Base', 'value': 'Bare Pineapple'}, {'trait_type': 'Walls', 'value': 'Red'}, {'trait_type': 'Background', 'value': 'Long Valley Nights'}, {'trait_type': 'Chimney', 'value': 'Steel'}, {'trait_type': 'Door', 'value': 'Festive'}, {'trait_type': 'Window', 'value': 'Single Eye'}]","{'files': [{'type': 'image/png', 'uri': 'https://arweave.net/6gNFpQb9IBXhWtMCEOe6x30eeUjTG3C_BvwGjCbMAe0'}], 'category': 'image', 'creators': [{'share': 100, 'address': '994Gi3gWBWPHjxAqH4j43dbrSvnEDGP2erLGYHnjkXMR'}]}",1,4MpjH3ZyU4Hgvds848ApPQXWLRpoVQ3W92EPzpgQexe7,1,{},False,"{'auctionHouseKey': 'E8cU1WiRWjanGxmn96ewBgk9vPTcL6AEZ1t6F6fkgUWe', 'sellerReferral': 'autMW8SgBkVYeBgqYiTuJZnkvDZMVU2MHJh9Jh7CSQ2', 'expiry': -1}",{'moonrank': {'rank': 1065}}
36,HwK71BRcx4NtENc8rt84A2gMcRV1VYCqRCPdC3vxT4p8,20.0,BXHgCAZUzpAXhVyabL5JuyVAXXsQfqxdzDdyfgxDha4t,8iZ9ExkwLQoo5rvKFYxemDt3ZEDDkzPNvj9HYyrXvriB,sea_shanties,Sea Shanties,https://arweave.net/pyayWMhxWCaHIaAYXtuHuNcdNa6R6yebApcJTW8m3OM,Sea Shanties #1937,The first Underwater Metaverse on the Solana Blockchain,image,"[{'address': '6CjUgT4zYdjEnXeL2YRxBr8BE1Na5nUZBt1WLxE3T9nB', 'verified': 1, 'share': 0}, {'address': '994Gi3gWBWPHjxAqH4j43dbrSvnEDGP2erLGYHnjkXMR', 'verified': 0, 'share': 100}]",800,HaotqvHyKjC137ezxzvBuXmFj7uQmn5cWhii8yUxyaLp,"[{'trait_type': 'Base', 'value': 'Bare Pineapple'}, {'trait_type': 'Window', 'value': 'Single Eye'}, {'trait_type': 'Walls', 'value': 'Purple'}, {'trait_type': 'Background', 'value': 'Long Valley Nights'}, {'trait_type': 'Chimney', 'value': 'Steel'}, {'trait_type': 'Door', 'value': 'Wooden'}]","{'files': [{'type': 'image/png', 'uri': 'https://arweave.net/pyayWMhxWCaHIaAYXtuHuNcdNa6R6yebApcJTW8m3OM'}], 'category': 'image', 'creators': [{'share': 100, 'address': '994Gi3gWBWPHjxAqH4j43dbrSvnEDGP2erLGYHnjkXMR'}]}",1,4MpjH3ZyU4Hgvds848ApPQXWLRpoVQ3W92EPzpgQexe7,1,{},False,"{'auctionHouseKey': 'E8cU1WiRWjanGxmn96ewBgk9vPTcL6AEZ1t6F6fkgUWe', 'sellerReferral': 'autMW8SgBkVYeBgqYiTuJZnkvDZMVU2MHJh9Jh7CSQ2', 'expiry': -1}",{'moonrank': {'rank': 1384}}
37,H5g5duvzaDx77xWsJLJN8v1CSLMn4YgxB2p1ma2aLxoF,20.0,8BvwV8JCZiREL59Aa7zHyN9s2Pw5ViLQHAWTSCrTH4m1,3QRJSt2n2nfuegTgkXKJ6iKgHCtQKTj7f3po5z26xqsk,sea_shanties,Sea Shanties,https://arweave.net/drejrt4DBTXpFzZAehQNyQeuI7QE8Y2SZ2p6KJmUnFA,Sea Shanties #926,The first Underwater Metaverse on the Solana Blockchain,image,"[{'address': '6CjUgT4zYdjEnXeL2YRxBr8BE1Na5nUZBt1WLxE3T9nB', 'verified': 1, 'share': 0}, {'address': '994Gi3gWBWPHjxAqH4j43dbrSvnEDGP2erLGYHnjkXMR', 'verified': 0, 'share': 100}]",800,38Jr4C3wvNRkpkwnP3twqQaQ91bTgt8JsA19QH25S4iM,"[{'trait_type': 'Trait 1', 'value': 'None'}, {'trait_type': 'Background ', 'value': 'Outskirts'}, {'trait_type': 'Roof', 'value': 'None'}, {'trait_type': 'Trait 2', 'value': 'Glowing Light'}, {'trait_type': 'Door', 'value': 'Wooden'}, {'trait_type': 'Base', 'value': 'Crushed Toxic Waste Barrel'}]","{'files': [{'type': 'image/png', 'uri': 'https://arweave.net/drejrt4DBTXpFzZAehQNyQeuI7QE8Y2SZ2p6KJmUnFA'}], 'category': 'image', 'creators': [{'share': 100, 'address': '994Gi3gWBWPHjxAqH4j43dbrSvnEDGP2erLGYHnjkXMR'}]}",1,4MpjH3ZyU4Hgvds848ApPQXWLRpoVQ3W92EPzpgQexe7,1,{},False,"{'auctionHouseKey': 'E8cU1WiRWjanGxmn96ewBgk9vPTcL6AEZ1t6F6fkgUWe', 'sellerReferral': 'autMW8SgBkVYeBgqYiTuJZnkvDZMVU2MHJh9Jh7CSQ2', 'expiry': -1}",{'moonrank': {'rank': 3172}}
38,AddciMDAvuyXnSM18wAXzGDMo3GAfYRBsMNzVUTydeX2,20.0,J7CC88A9W5x4hbytmcGPjre87K7g3jnLCcruFUacq2dK,95ptU8VX5EayedS15cbEyEbeFdgu4Bf6rf7XXQKBtchz,sea_shanties,Sea Shanties,https://arweave.net/L1Sxer2xNJRGtg9oejNozYUnfkD_dyGGaUszR0jFdhc,Sea Shanties #746,The first Underwater Metaverse on the Solana Blockchain,image,"[{'address': '6CjUgT4zYdjEnXeL2YRxBr8BE1Na5nUZBt1WLxE3T9nB', 'verified': 1, 'share': 0}, {'address': '994Gi3gWBWPHjxAqH4j43dbrSvnEDGP2erLGYHnjkXMR', 'verified': 0, 'share': 100}]",800,D3VRjwsFH5v3hY2TGCnMg16jZAhqeiQAvTYAqqubDAo5,"[{'trait_type': 'Roof', 'value': 'Scrap Chimney'}, {'trait_type': 'Trait 1', 'value': 'Vent'}, {'trait_type': 'Base', 'value': 'Toxic Waste Barrel'}, {'trait_type': 'Trait 2', 'value': 'None'}, {'trait_type': 'Background ', 'value': 'Outskirts'}, {'trait_type': 'Door', 'value': 'Wooden'}]","{'files': [{'type': 'image/png', 'uri': 'https://arweave.net/L1Sxer2xNJRGtg9oejNozYUnfkD_dyGGaUszR0jFdhc'}], 'category': 'image', 'creators': [{'share': 100, 'address': '994Gi3gWBWPHjxAqH4j43dbrSvnEDGP2erLGYHnjkXMR'}]}",1,4MpjH3ZyU4Hgvds848ApPQXWLRpoVQ3W92EPzpgQexe7,1,{},False,,{'moonrank': {'rank': 2393}}
39,9yEkWXhGg9qWbCogGxM6KfFPHdrc9YPu6KzS4cuHobmD,20.0,6Ljji4awoeq7Bbc18QrWopM28hCR6aZSvF2PerGPoNWP,95ptU8VX5EayedS15cbEyEbeFdgu4Bf6rf7XXQKBtchz,sea_shanties,Sea Shanties,https://arweave.net/w9jfx8fR7Xj5vLyr1MBv4pJZ_o3G0EPK9mfPMNrvQNI,Sea Shanties #1981,The first Underwater Metaverse on the Solana Blockchain,image,"[{'address': '6CjUgT4zYdjEnXeL2YRxBr8BE1Na5nUZBt1WLxE3T9nB', 'verified': 1, 'share': 0}, {'address': '994Gi3gWBWPHjxAqH4j43dbrSvnEDGP2erLGYHnjkXMR', 'verified': 0, 'share': 100}]",800,9tPVxD6tgDhXWXW3QDCFmeiKQmeByQ24HMcxaH16oSV3,"[{'trait_type': 'Walls', 'value': 'None'}, {'trait_type': 'Window', 'value': 'Single Eye'}, {'trait_type': 'Door', 'value': 'Wooden'}, {'trait_type': 'Chimney', 'value': 'Steel'}, {'trait_type': 'Background', 'value': 'City View'}, {'trait_type': 'Base', 'value': 'Bare Pineapple'}]","{'files': [{'type': 'image/png', 'uri': 'https://arweave.net/w9jfx8fR7Xj5vLyr1MBv4pJZ_o3G0EPK9mfPMNrvQNI'}], 'category': 'image', 'creators': [{'share': 100, 'address': '994Gi3gWBWPHjxAqH4j43dbrSvnEDGP2erLGYHnjkXMR'}]}",1,4MpjH3ZyU4Hgvds848ApPQXWLRpoVQ3W92EPzpgQexe7,1,{},False,,{'moonrank': {'rank': 1273}}
40,9ZBRvA1L2pfTc8t3ZswnFabiU9JrjmANneyHixatjede,21.5,66ECPDVsMiLSi56kVKDo6SoRqwdoBgHf5GnsBHd9gtqW,8xjHAQZs9dxGmbLQmaoVr6Um39AEnBFxKpGdEukfweFo,sea_shanties,Sea Shanties,https://arweave.net/6yE8XQmdO4CqA9dZTVl3asuUBe499GZbLW6BLBCMtDM,Sea Shanties #200,The first Underwater Metaverse on the Solana Blockchain,image,"[{'address': '6CjUgT4zYdjEnXeL2YRxBr8BE1Na5nUZBt1WLxE3T9nB', 'verified': 1, 'share': 0}, {'address': '994Gi3gWBWPHjxAqH4j43dbrSvnEDGP2erLGYHnjkXMR', 'verified': 0, 'share': 100}]",800,AN8nWbhKcmQpYN4a32AJxw6FeHAeHPjBMmfKHgFdUS4N,"[{'trait_type': 'Background ', 'value': 'Go to Shill City'}, {'trait_type': 'Trait 1', 'value': 'Duck foot'}, {'trait_type': 'Trait 2', 'value': 'Glowing Barred Window'}, {'trait_type': 'Roof', 'value': 'Pot Lid'}, {'trait_type': 'Door', 'value': 'Steel'}, {'trait_type': 'Trait 3', 'value': 'Green Window'}, {'trait_type': 'Base', 'value': 'Bucket'}]","{'files': [{'type': 'image/png', 'uri': 'https://arweave.net/6yE8XQmdO4CqA9dZTVl3asuUBe499GZbLW6BLBCMtDM'}], 'category': 'image', 'creators': [{'share': 100, 'address': '994Gi3gWBWPHjxAqH4j43dbrSvnEDGP2erLGYHnjkXMR'}]}",1,4MpjH3ZyU4Hgvds848ApPQXWLRpoVQ3W92EPzpgQexe7,1,{},False,"{'auctionHouseKey': 'E8cU1WiRWjanGxmn96ewBgk9vPTcL6AEZ1t6F6fkgUWe', 'sellerReferral': 'autMW8SgBkVYeBgqYiTuJZnkvDZMVU2MHJh9Jh7CSQ2', 'expiry': -1}",{'moonrank': {'rank': 1012}}
41,9Yzy5L8VFh2oFWv8iHV8hndteS1RJBHfWCyu1hRLf1jb,22.0,3AKb6PPwhWgdUfCRwSygTFFeZmukxPuQiHrzx8Ppcyzp,8U4iqM68bYtt17nUii98LfB7Y7Hot4v6VTpfGuAtzXSp,sea_shanties,Sea Shanties,https://arweave.net/ZwVbOUSM_5N1Pslgl1KVdJh-Z4JtOlHumhG4oJDQRYk,Sea Shanties #1930,The first Underwater Metaverse on the Solana Blockchain,image,"[{'address': '6CjUgT4zYdjEnXeL2YRxBr8BE1Na5nUZBt1WLxE3T9nB', 'verified': 1, 'share': 0}, {'address': '994Gi3gWBWPHjxAqH4j43dbrSvnEDGP2erLGYHnjkXMR', 'verified': 0, 'share': 100}]",800,BJF28rmQNavc1M4zxYM9cjHNjs3JmZWqXb5ypdxy3Dbt,"[{'trait_type': 'Background', 'value': 'City View'}, {'trait_type': 'Door', 'value': 'Pest'}, {'trait_type': 'Base', 'value': 'Bare Pineapple'}, {'trait_type': 'Chimney', 'value': 'Rust'}, {'trait_type': 'Walls', 'value': 'Purple'}, {'trait_type': 'Window', 'value': 'Eyes'}]","{'files': [{'type': 'image/png', 'uri': 'https://arweave.net/ZwVbOUSM_5N1Pslgl1KVdJh-Z4JtOlHumhG4oJDQRYk'}], 'category': 'image', 'creators': [{'share': 100, 'address': '994Gi3gWBWPHjxAqH4j43dbrSvnEDGP2erLGYHnjkXMR'}]}",1,4MpjH3ZyU4Hgvds848ApPQXWLRpoVQ3W92EPzpgQexe7,1,{},False,"{'auctionHouseKey': 'E8cU1WiRWjanGxmn96ewBgk9vPTcL6AEZ1t6F6fkgUWe', 'sellerReferral': 'autMW8SgBkVYeBgqYiTuJZnkvDZMVU2MHJh9Jh7CSQ2', 'expiry': -1}",{'moonrank': {'rank': 1386}}
42,9nZTQwi1Z3xR9VP1seFTaqaZbPzRV1gfCfxHEKCrWRCZ,23.75,Eswe2MV3tMXCvytNeaak48TCohNSDqApd4NUBukF1Gxb,8xjHAQZs9dxGmbLQmaoVr6Um39AEnBFxKpGdEukfweFo,sea_shanties,Sea Shanties,https://arweave.net/I1ByRv7UfTB7nqlZmkJm36pwl9g8bQirB5wMrHSdesU,Sea Shanties #2798,The first Underwater Metaverse on the Solana Blockchain,image,"[{'address': '6CjUgT4zYdjEnXeL2YRxBr8BE1Na5nUZBt1WLxE3T9nB', 'verified': 1, 'share': 0}, {'address': '994Gi3gWBWPHjxAqH4j43dbrSvnEDGP2erLGYHnjkXMR', 'verified': 0, 'share': 100}]",800,H73RAmuyhHL7jpNnSJa7hLNrDq8PYMNfnZKXjLpWA2Rv,"[{'trait_type': 'Trait 2', 'value': 'Sewage Drain'}, {'trait_type': 'Roof', 'value': 'Capped Roof'}, {'trait_type': 'Base', 'value': 'Scrap House'}, {'trait_type': 'Background', 'value': 'Shill City Ghetto'}, {'trait_type': 'Door', 'value': 'Steel'}, {'trait_type': 'Trait 1', 'value': 'None'}]","{'files': [{'type': 'image/png', 'uri': 'https://arweave.net/I1ByRv7UfTB7nqlZmkJm36pwl9g8bQirB5wMrHSdesU'}], 'category': 'image', 'creators': [{'share': 100, 'address': '994Gi3gWBWPHjxAqH4j43dbrSvnEDGP2erLGYHnjkXMR'}]}",1,4MpjH3ZyU4Hgvds848ApPQXWLRpoVQ3W92EPzpgQexe7,1,{},False,"{'auctionHouseKey': 'E8cU1WiRWjanGxmn96ewBgk9vPTcL6AEZ1t6F6fkgUWe', 'sellerReferral': 'autMW8SgBkVYeBgqYiTuJZnkvDZMVU2MHJh9Jh7CSQ2', 'expiry': -1}",{'moonrank': {'rank': 3160}}
43,6dy7XAPYeL6SZ3dp9QwK8j5BNd4o6ScK72m38YUpyZxa,25.0,dMrBfBsunuB7JLmNpv1YdCMdJSPdKnaH7khR9HLYFwN,8xjHAQZs9dxGmbLQmaoVr6Um39AEnBFxKpGdEukfweFo,sea_shanties,Sea Shanties,https://arweave.net/OU5gIHYpEDQU0qb45Bq0i0s1uPRqbeNT6lf2nSzMtQM,Sea Shanties #2135,The first Underwater Metaverse on the Solana Blockchain,image,"[{'address': '6CjUgT4zYdjEnXeL2YRxBr8BE1Na5nUZBt1WLxE3T9nB', 'verified': 1, 'share': 0}, {'address': '994Gi3gWBWPHjxAqH4j43dbrSvnEDGP2erLGYHnjkXMR', 'verified': 0, 'share': 100}]",800,7bSbspxhguhz394GoNfkpRX9jqSodJLQFPcgKcpz9M5X,"[{'trait_type': 'Door', 'value': 'Bubble'}, {'trait_type': 'Roof', 'value': 'Telescope'}, {'trait_type': 'Trait 2', 'value': 'Chimney'}, {'trait_type': 'Base', 'value': 'Submarine'}, {'trait_type': 'Trait 1', 'value': 'Barred Window'}, {'trait_type': 'Trait 3', 'value': 'None'}, {'trait_type': 'Background', 'value': 'Shill City Metro'}]","{'files': [{'type': 'image/png', 'uri': 'https://arweave.net/OU5gIHYpEDQU0qb45Bq0i0s1uPRqbeNT6lf2nSzMtQM'}], 'category': 'image', 'creators': [{'share': 100, 'address': '994Gi3gWBWPHjxAqH4j43dbrSvnEDGP2erLGYHnjkXMR'}]}",1,4MpjH3ZyU4Hgvds848ApPQXWLRpoVQ3W92EPzpgQexe7,1,{},False,"{'auctionHouseKey': 'E8cU1WiRWjanGxmn96ewBgk9vPTcL6AEZ1t6F6fkgUWe', 'sellerReferral': 'autMW8SgBkVYeBgqYiTuJZnkvDZMVU2MHJh9Jh7CSQ2', 'expiry': -1}",{'moonrank': {'rank': 1570}}
44,6P8CafVPuGZjN5bRKi9B2VRW2t33ja6hm3ZozveJ6qX3,25.0,EFa6kUUetJuUzaLx4UpPT8gBCMBG7PgmmTVfeXtvkHmG,Fsmt4V3cT3EH6kXj2iBQRvbMCw6ZtodFDeLUGG2Bvbmq,sea_shanties,Sea Shanties,https://arweave.net/-IHXywYr4AqVE7dQla5qdKuIRYlmmK0o3lWovFBuE9E,Sea Shanties #2269,The first Underwater Metaverse on the Solana Blockchain,image,"[{'address': '6CjUgT4zYdjEnXeL2YRxBr8BE1Na5nUZBt1WLxE3T9nB', 'verified': 1, 'share': 0}, {'address': '994Gi3gWBWPHjxAqH4j43dbrSvnEDGP2erLGYHnjkXMR', 'verified': 0, 'share': 100}]",800,5WDkir2NqGrufPAAj22XCzNGsgKkQ2L4NymjHUuTVG3i,"[{'trait_type': 'Trait 3', 'value': 'None'}, {'trait_type': 'Door', 'value': 'Pest'}, {'trait_type': 'Trait 2', 'value': 'Chimney'}, {'trait_type': 'Trait 1', 'value': 'Fine'}, {'trait_type': 'Base', 'value': 'Reinforced Submarine'}, {'trait_type': 'Roof', 'value': 'Telescope'}, {'trait_type': 'Background', 'value': 'Shill City Metro'}]","{'files': [{'type': 'image/png', 'uri': 'https://arweave.net/-IHXywYr4AqVE7dQla5qdKuIRYlmmK0o3lWovFBuE9E'}], 'category': 'image', 'creators': [{'share': 100, 'address': '994Gi3gWBWPHjxAqH4j43dbrSvnEDGP2erLGYHnjkXMR'}]}",1,4MpjH3ZyU4Hgvds848ApPQXWLRpoVQ3W92EPzpgQexe7,1,{},False,"{'auctionHouseKey': 'E8cU1WiRWjanGxmn96ewBgk9vPTcL6AEZ1t6F6fkgUWe', 'sellerReferral': 'autMW8SgBkVYeBgqYiTuJZnkvDZMVU2MHJh9Jh7CSQ2', 'expiry': -1}",{'moonrank': {'rank': 1499}}
45,6VRUze5nxVTFPA18xshsgHDRZNzSuBYo3gfAKYSF8n8H,99.0,HGzDns9Vn1eneGfE6ZQyaV8fHrFT2o67W9H3MWpMwP9i,J5cHj88WabPLAF7WgqJH7nxvfTt2QxSvJLxmBERmrTsN,sea_shanties,Sea Shanties,https://arweave.net/bFIV9v5_OuTXDxNg6Y5KVIFYyAckZXUcZilEBT_ZjUU,Sea Shanties #1711,The first Underwater Metaverse on the Solana Blockchain,image,"[{'address': '6CjUgT4zYdjEnXeL2YRxBr8BE1Na5nUZBt1WLxE3T9nB', 'verified': 1, 'share': 0}, {'address': '994Gi3gWBWPHjxAqH4j43dbrSvnEDGP2erLGYHnjkXMR', 'verified': 0, 'share': 100}]",800,4Pntfdv2gFD8eNpGs6Q1uu2pEmu2VR8htdPgS3rFJPUt,"[{'trait_type': 'Easter Head Nose', 'value': 'None'}, {'trait_type': 'Wall', 'value': 'None'}, {'trait_type': 'Easter Head Base', 'value': 'Jade Head'}, {'trait_type': 'Door', 'value': 'Open Red Door'}, {'trait_type': 'Background', 'value': 'City View'}, {'trait_type': 'Windows', 'value': 'Green'}]","{'files': [{'type': 'image/png', 'uri': 'https://arweave.net/bFIV9v5_OuTXDxNg6Y5KVIFYyAckZXUcZilEBT_ZjUU'}], 'category': 'image', 'creators': [{'share': 100, 'address': '994Gi3gWBWPHjxAqH4j43dbrSvnEDGP2erLGYHnjkXMR'}]}",1,4MpjH3ZyU4Hgvds848ApPQXWLRpoVQ3W92EPzpgQexe7,1,{},False,"{'auctionHouseKey': 'E8cU1WiRWjanGxmn96ewBgk9vPTcL6AEZ1t6F6fkgUWe', 'sellerReferral': 'autMW8SgBkVYeBgqYiTuJZnkvDZMVU2MHJh9Jh7CSQ2', 'expiry': -1}",{'moonrank': {'rank': 15}}
46,2ejMMr6Ekv8UfqHGUPnk38hWRwq2LbXjAoyTpwSUrMjq,110.0,3YC3BBA6KsRE3nxVCDbyHqD8fNMERaRKe8QouF9Vsade,C1bb62mFGzNQyS8muAeUrgjGpQjxEv5TQ81iG2s2kKWH,sea_shanties,Sea Shanties,https://arweave.net/BG4igm2aZN79k021LqqtNLFbcUdUY3ftEDRejNvPAkw,Sea Shanties #3180,The first Underwater Metaverse on the Solana Blockchain,image,"[{'address': '6CjUgT4zYdjEnXeL2YRxBr8BE1Na5nUZBt1WLxE3T9nB', 'verified': 1, 'share': 0}, {'address': '994Gi3gWBWPHjxAqH4j43dbrSvnEDGP2erLGYHnjkXMR', 'verified': 0, 'share': 100}]",800,9Gd3CpPFgK5PbfRnEuhF2JmDSUFEyWkHPkB7GA4SfSdA,"[{'trait_type': 'Unique', 'value': '1/1'}, {'trait_type': 'Background ', 'value': 'City View'}]","{'files': [{'type': 'image/png', 'uri': 'https://arweave.net/BG4igm2aZN79k021LqqtNLFbcUdUY3ftEDRejNvPAkw'}], 'category': 'image', 'creators': [{'share': 100, 'address': '994Gi3gWBWPHjxAqH4j43dbrSvnEDGP2erLGYHnjkXMR'}]}",1,4MpjH3ZyU4Hgvds848ApPQXWLRpoVQ3W92EPzpgQexe7,1,{},False,"{'auctionHouseKey': 'E8cU1WiRWjanGxmn96ewBgk9vPTcL6AEZ1t6F6fkgUWe', 'sellerReferral': 'autMW8SgBkVYeBgqYiTuJZnkvDZMVU2MHJh9Jh7CSQ2', 'expiry': -1}",{'moonrank': {'rank': 1436}}
