,id,price,escrowPubkey,owner,collectionName,collectionTitle,img,title,content,propertyCategory,creators,sellerFeeBasisPoints,mintAddress,attributes,properties,supply,updateAuthority,primarySaleHappened,onChainCollection,tokenDelegateValid,v2,rarity
0,H9AFGCvc7qL3z7xibgYU9P8CqgXZRPTmkiz5uB1oL8Bs,69.9,Cs24kZ9tYFCARqGUuDQFM66ksmXpFpvD3Y8Nn45trPZF,ChejcUMQBJKpG7NftaNhyZ6VBfzCiUZ6nN1FHuUqGNJi,shadowy_super_coder_dao,Shadowy Super Coder DAO,https://shadowysupercoder.s3.us-east-2.amazonaws.com/nft/6614.png,Shadowy Super Coder #6614,"""Instead of leaving our financial system at the whims of giant banks, crypto puts the system at the whims of some shadowy, faceless group of super-coders and miners, which doesn’t sound better to me."" - Elizabeth Warren, 2021

To this group of randomly generated Shadowy Super Coders... that sounds a lot better.",image,"[{'address': '71ghWqucipW661X4ht61qvmc3xKQGMBGZxwSDmZrYQmf', 'verified': 1, 'share': 0}, {'address': 'D6wZ5U9onMC578mrKMp5PZtfyc5262426qKsYJW7nT3p', 'verified': 0, 'share': 100}]",500,25rDecSGEnvqdqYer8Exoxfi7HHd1ttFfX1mcqBqkZi4,"[{'trait_type': 'Background', 'value': 'Magenta'}, {'trait_type': 'Base Model', 'value': 'Pale'}, {'trait_type': 'Desk', 'value': 'Red Metal'}, {'trait_type': 'Monitor 1', 'value': 'Matrix'}, {'trait_type': 'Monitor 2', 'value': 'Access Granted'}, {'trait_type': 'Monitor 3', 'value': 'Glitch One'}, {'trait_type': 'Mouth', 'value': 'Pink Smirk'}, {'trait_type': 'Hoodie', 'value': 'Punk Hacker'}, {'trait_type': 'Favorite Programming Language', 'value': 'Rust'}]","{'files': [{'uri': 'https://shadowysupercoder.s3.us-east-2.amazonaws.com/nft/6614.png', 'type': 'image/png'}], 'creators': [{'address': 'D6wZ5U9onMC578mrKMp5PZtfyc5262426qKsYJW7nT3p', 'share': 100}], 'category': 'image'}",1,DGNZDSvy6emDXvBuCDRrpLVxcPaEcvKiStvvCivEJ38X,1,{},False,"{'auctionHouseKey': 'E8cU1WiRWjanGxmn96ewBgk9vPTcL6AEZ1t6F6fkgUWe', 'sellerReferral': 'autMW8SgBkVYeBgqYiTuJZnkvDZMVU2MHJh9Jh7CSQ2', 'expiry': -1}","{'moonrank': {'rank': 8130}, 'howrare': {'rank': 8783}}"
1,3Jcx9uYx6QZt3xCKXMdCEVVnX9ZQ1nvjZ45bXZBbccDw,71.0,y7SbR78tkMBoB1QXsetbiVDQYZ9eoxRNMxHfkdBSwdP,32K7zC7TuE6NizZabfbRrVotEV5ctaeReazH2MJdeARs,shadowy_super_coder_dao,Shadowy Super Coder DAO,https://shadowysupercoder.s3.us-east-2.amazonaws.com/nft/4364.png,Shadowy Super Coder #4364,"""Instead of leaving our financial system at the whims of giant banks, crypto puts the system at the whims of some shadowy, faceless group of super-coders and miners, which doesn’t sound better to me."" - Elizabeth Warren, 2021

To this group of randomly generated Shadowy Super Coders... that sounds a lot better.",image,"[{'address': '71ghWqucipW661X4ht61qvmc3xKQGMBGZxwSDmZrYQmf', 'verified': 1, 'share': 0}, {'address': 'D6wZ5U9onMC578mrKMp5PZtfyc5262426qKsYJW7nT3p', 'verified': 0, 'share': 100}]",500,GD4E8MVQVqXBfxPH96KikN8ZUcmVUfWRo9AVFw82sC8V,"[{'trait_type': 'Background', 'value': 'Light-Yellow'}, {'trait_type': 'Base Model', 'value': 'Natural'}, {'trait_type': 'Desk', 'value': 'Purple Metal'}, {'trait_type': 'Monitor 1', 'value': 'Investin'}, {'trait_type': 'Monitor 2', 'value': 'Jet Protocol'}, {'trait_type': 'Monitor 3', 'value': 'Glitch One'}, {'trait_type': 'Mouth', 'value': 'Red Smile'}, {'trait_type': 'Hoodie', 'value': 'Squid Game Hacker'}, {'trait_type': 'Favorite Programming Language', 'value': 'Rust'}]","{'files': [{'uri': 'https://shadowysupercoder.s3.us-east-2.amazonaws.com/nft/4364.png', 'type': 'image/png'}], 'creators': [{'address': 'D6wZ5U9onMC578mrKMp5PZtfyc5262426qKsYJW7nT3p', 'share': 100}], 'category': 'image'}",1,DGNZDSvy6emDXvBuCDRrpLVxcPaEcvKiStvvCivEJ38X,1,{},False,"{'auctionHouseKey': 'E8cU1WiRWjanGxmn96ewBgk9vPTcL6AEZ1t6F6fkgUWe', 'sellerReferral': 'autMW8SgBkVYeBgqYiTuJZnkvDZMVU2MHJh9Jh7CSQ2', 'expiry': -1}","{'moonrank': {'rank': 684}, 'howrare': {'rank': 783}}"
2,HNtfHacruwpUQ38vCKsaGuoJEH3oQwuBifNZLqrxwUnx,74.5,9swBDuU5X7Kqdxk37dXQfvUSm7AG2VPZ2XWiwZUR5Tfs,CSzU9nGK76faL2MgSFt6P4LHMZqgoaZ44TbMWDiKbCkF,shadowy_super_coder_dao,Shadowy Super Coder DAO,https://shadowysupercoder.s3.us-east-2.amazonaws.com/nft/4685.png,Shadowy Super Coder #4685,"""Instead of leaving our financial system at the whims of giant banks, crypto puts the system at the whims of some shadowy, faceless group of super-coders and miners, which doesn’t sound better to me."" - Elizabeth Warren, 2021

To this group of randomly generated Shadowy Super Coders... that sounds a lot better.",image,"[{'address': '71ghWqucipW661X4ht61qvmc3xKQGMBGZxwSDmZrYQmf', 'verified': 1, 'share': 0}, {'address': 'D6wZ5U9onMC578mrKMp5PZtfyc5262426qKsYJW7nT3p', 'verified': 0, 'share': 100}]",500,FwiSfgq2FNeR77NKxqk6Y77hKW12yXnHobrwGYP1vqsX,"[{'trait_type': 'Background', 'value': 'Red'}, {'trait_type': 'Base Model', 'value': 'Natural'}, {'trait_type': 'Desk', 'value': 'Silver Metal'}, {'trait_type': 'Monitor 1', 'value': 'Trading White'}, {'trait_type': 'Monitor 2', 'value': 'Linux'}, {'trait_type': 'Monitor 3', 'value': 'Solana'}, {'trait_type': 'Mouth', 'value': 'Red Smile'}, {'trait_type': 'Hoodie', 'value': 'Dragon Hacker'}, {'trait_type': 'Favorite Programming Language', 'value': 'Java'}]","{'files': [{'uri': 'https://shadowysupercoder.s3.us-east-2.amazonaws.com/nft/4685.png', 'type': 'image/png'}], 'creators': [{'address': 'D6wZ5U9onMC578mrKMp5PZtfyc5262426qKsYJW7nT3p', 'share': 100}], 'category': 'image'}",1,DGNZDSvy6emDXvBuCDRrpLVxcPaEcvKiStvvCivEJ38X,1,{},False,"{'auctionHouseKey': 'E8cU1WiRWjanGxmn96ewBgk9vPTcL6AEZ1t6F6fkgUWe', 'sellerReferral': 'autMW8SgBkVYeBgqYiTuJZnkvDZMVU2MHJh9Jh7CSQ2', 'expiry': -1}","{'moonrank': {'rank': 2888}, 'howrare': {'rank': 3212}}"
3,8HmDRuLZxy4M3kRiLnrkGKeUkPMspoPsjcWj7oCAiS54,78.0,88dyDtmfyZKNksQkY2v9gnokXX1THcT3aUU5MyYAe2rZ,AaLs8t74b4dnY33QXBiENB4n5FvTVG2PSLWKxsUDfAnA,shadowy_super_coder_dao,Shadowy Super Coder DAO,https://shadowysupercoder.s3.us-east-2.amazonaws.com/nft/6748.png,Shadowy Super Coder #6748,"""Instead of leaving our financial system at the whims of giant banks, crypto puts the system at the whims of some shadowy, faceless group of super-coders and miners, which doesn’t sound better to me."" - Elizabeth Warren, 2021

To this group of randomly generated Shadowy Super Coders... that sounds a lot better.",image,"[{'address': '71ghWqucipW661X4ht61qvmc3xKQGMBGZxwSDmZrYQmf', 'verified': 1, 'share': 0}, {'address': 'D6wZ5U9onMC578mrKMp5PZtfyc5262426qKsYJW7nT3p', 'verified': 0, 'share': 100}]",500,5R27XR7QgS6gWpU5QipbhCdvNKtQocABjpw4au9ne5aU,"[{'trait_type': 'Background', 'value': 'Violet'}, {'trait_type': 'Base Model', 'value': 'Natural'}, {'trait_type': 'Desk', 'value': 'Purple Metal'}, {'trait_type': 'Monitor 1', 'value': 'Trading Dark'}, {'trait_type': 'Monitor 2', 'value': 'Phantom'}, {'trait_type': 'Monitor 3', 'value': 'Glitch One'}, {'trait_type': 'Mouth', 'value': 'Red Smile'}, {'trait_type': 'Hoodie', 'value': 'Cat-Ear Hacker'}, {'trait_type': 'Favorite Programming Language', 'value': 'C++'}]","{'files': [{'uri': 'https://shadowysupercoder.s3.us-east-2.amazonaws.com/nft/6748.png', 'type': 'image/png'}], 'creators': [{'address': 'D6wZ5U9onMC578mrKMp5PZtfyc5262426qKsYJW7nT3p', 'share': 100}], 'category': 'image'}",1,DGNZDSvy6emDXvBuCDRrpLVxcPaEcvKiStvvCivEJ38X,1,{},False,"{'auctionHouseKey': 'E8cU1WiRWjanGxmn96ewBgk9vPTcL6AEZ1t6F6fkgUWe', 'sellerReferral': 'autMW8SgBkVYeBgqYiTuJZnkvDZMVU2MHJh9Jh7CSQ2', 'expiry': -1}","{'moonrank': {'rank': 3050}, 'howrare': {'rank': 3016}}"
4,36x5EJqXKu6HUiXYowUAongboRqtFdUEaXArrJZ8GZ14,80.0,7rPV8i1cUqS7YqGCGvT73qPiHTwXvcPYDtHVV1vmTPaJ,GesPRijCWEpweQA4BbkN44s1FTJHeVU4KDnhDN8r1WHN,shadowy_super_coder_dao,Shadowy Super Coder DAO,https://shadowysupercoder.s3.us-east-2.amazonaws.com/nft/2832.png,Shadowy Super Coder #2832,"""Instead of leaving our financial system at the whims of giant banks, crypto puts the system at the whims of some shadowy, faceless group of super-coders and miners, which doesn’t sound better to me."" - Elizabeth Warren, 2021

To this group of randomly generated Shadowy Super Coders... that sounds a lot better.",image,"[{'address': '71ghWqucipW661X4ht61qvmc3xKQGMBGZxwSDmZrYQmf', 'verified': 1, 'share': 0}, {'address': 'D6wZ5U9onMC578mrKMp5PZtfyc5262426qKsYJW7nT3p', 'verified': 0, 'share': 100}]",500,C8d74iN3PTpM6Yqvo3aATdiq1khoKQkyC12LG8XkFovX,"[{'trait_type': 'Background', 'value': 'Light-Blue'}, {'trait_type': 'Base Model', 'value': 'Natural'}, {'trait_type': 'Desk', 'value': 'Purple Metal'}, {'trait_type': 'Monitor 1', 'value': 'Trading Dark'}, {'trait_type': 'Monitor 2', 'value': 'Glitch One'}, {'trait_type': 'Monitor 3', 'value': 'Matrix'}, {'trait_type': 'Mouth', 'value': 'Pink Smirk'}, {'trait_type': 'Hoodie', 'value': 'Shark Hacker'}, {'trait_type': 'Favorite Programming Language', 'value': 'Python'}]","{'files': [{'uri': 'https://shadowysupercoder.s3.us-east-2.amazonaws.com/nft/2832.png', 'type': 'image/png'}], 'creators': [{'address': 'D6wZ5U9onMC578mrKMp5PZtfyc5262426qKsYJW7nT3p', 'share': 100}], 'category': 'image'}",1,DGNZDSvy6emDXvBuCDRrpLVxcPaEcvKiStvvCivEJ38X,1,{},False,"{'auctionHouseKey': 'E8cU1WiRWjanGxmn96ewBgk9vPTcL6AEZ1t6F6fkgUWe', 'sellerReferral': 'autMW8SgBkVYeBgqYiTuJZnkvDZMVU2MHJh9Jh7CSQ2', 'expiry': -1}","{'moonrank': {'rank': 8497}, 'howrare': {'rank': 8606}}"
5,FVAJ2PuTqyXMeMqp9cXzTrJbpVYyqvuURxSVL11qGBFe,82.5,23umAZFvXQtieCBFG1JrKRX8DwNRqX5pziYEhdmwP9Kt,EkUbiHU8GtQ1qY8CuJPoNfdRG46SWnEsmjvCscLuhJba,shadowy_super_coder_dao,Shadowy Super Coder DAO,https://shadowysupercoder.s3.us-east-2.amazonaws.com/nft/4861.png,Shadowy Super Coder #4861,"""Instead of leaving our financial system at the whims of giant banks, crypto puts the system at the whims of some shadowy, faceless group of super-coders and miners, which doesn’t sound better to me."" - Elizabeth Warren, 2021

To this group of randomly generated Shadowy Super Coders... that sounds a lot better.",image,"[{'address': '71ghWqucipW661X4ht61qvmc3xKQGMBGZxwSDmZrYQmf', 'verified': 1, 'share': 0}, {'address': 'D6wZ5U9onMC578mrKMp5PZtfyc5262426qKsYJW7nT3p', 'verified': 0, 'share': 100}]",500,5HU1kRbno2Yzgf5QY8BsgdwjzeoDJBYLvpVAjkmmzoM4,"[{'trait_type': 'Background', 'value': 'Gold'}, {'trait_type': 'Base Model', 'value': 'Pale'}, {'trait_type': 'Desk', 'value': 'Silver Metal'}, {'trait_type': 'Monitor 1', 'value': 'Surveillance Blue'}, {'trait_type': 'Monitor 2', 'value': 'Access Granted'}, {'trait_type': 'Monitor 3', 'value': 'Linux'}, {'trait_type': 'Mouth', 'value': 'Pink Smile'}, {'trait_type': 'Hoodie', 'value': 'Unmasked Squid Game Hacker'}, {'trait_type': 'Favorite Programming Language', 'value': 'Objective-C'}]","{'files': [{'uri': 'https://shadowysupercoder.s3.us-east-2.amazonaws.com/nft/4861.png', 'type': 'image/png'}], 'creators': [{'address': 'D6wZ5U9onMC578mrKMp5PZtfyc5262426qKsYJW7nT3p', 'share': 100}], 'category': 'image'}",1,DGNZDSvy6emDXvBuCDRrpLVxcPaEcvKiStvvCivEJ38X,1,{},False,"{'auctionHouseKey': 'E8cU1WiRWjanGxmn96ewBgk9vPTcL6AEZ1t6F6fkgUWe', 'sellerReferral': 'autMW8SgBkVYeBgqYiTuJZnkvDZMVU2MHJh9Jh7CSQ2', 'expiry': -1}","{'moonrank': {'rank': 5861}, 'howrare': {'rank': 5884}}"
6,A46bpK16X3QYqKje5NG13XsynozBFN9N9t1uEJBaA99m,82.5,BrWfBRpyHSZFv6B1Udj9EWDZzpUreUjAP2r5ZvR8vFcA,T3QoaTdwuitr4EEXu1mBRRb6sddgoybYyEDSj7u13xM,shadowy_super_coder_dao,Shadowy Super Coder DAO,https://shadowysupercoder.s3.us-east-2.amazonaws.com/nft/5804.png,Shadowy Super Coder #5804,"""Instead of leaving our financial system at the whims of giant banks, crypto puts the system at the whims of some shadowy, faceless group of super-coders and miners, which doesn’t sound better to me."" - Elizabeth Warren, 2021

To this group of randomly generated Shadowy Super Coders... that sounds a lot better.",image,"[{'address': '71ghWqucipW661X4ht61qvmc3xKQGMBGZxwSDmZrYQmf', 'verified': 1, 'share': 0}, {'address': 'D6wZ5U9onMC578mrKMp5PZtfyc5262426qKsYJW7nT3p', 'verified': 0, 'share': 100}]",500,6tjYte5fJ3DDcWWBjrYNem9PdYoodXrkc2TZ2fs4xrvH,"[{'trait_type': 'Background', 'value': 'Light-Orange'}, {'trait_type': 'Base Model', 'value': 'Chestnut'}, {'trait_type': 'Desk', 'value': 'Purple Metal'}, {'trait_type': 'Monitor 1', 'value': 'Glitch Two'}, {'trait_type': 'Monitor 2', 'value': 'Solana'}, {'trait_type': 'Monitor 3', 'value': 'Glitch One'}, {'trait_type': 'Mouth', 'value': 'Purple Smirk'}, {'trait_type': 'Hoodie', 'value': 'Unmasked Squid Game Hacker'}, {'trait_type': 'Favorite Programming Language', 'value': 'C++'}]","{'files': [{'uri': 'https://shadowysupercoder.s3.us-east-2.amazonaws.com/nft/5804.png', 'type': 'image/png'}], 'creators': [{'address': 'D6wZ5U9onMC578mrKMp5PZtfyc5262426qKsYJW7nT3p', 'share': 100}], 'category': 'image'}",1,DGNZDSvy6emDXvBuCDRrpLVxcPaEcvKiStvvCivEJ38X,1,{},False,"{'auctionHouseKey': 'E8cU1WiRWjanGxmn96ewBgk9vPTcL6AEZ1t6F6fkgUWe', 'sellerReferral': 'autMW8SgBkVYeBgqYiTuJZnkvDZMVU2MHJh9Jh7CSQ2', 'expiry': -1}","{'moonrank': {'rank': 4799}, 'howrare': {'rank': 5358}}"
7,CgURLD1SzDvGgQzvit74RdQREkMVqnxi88f89kF3atnS,90.0,BPUc9G5fE7PXQc8qrCvc94zjfvFJYmoJHJgzBfxXuvTX,CZFmkBzFk3XWk3zPEuEBoPqpPe6zBUGTVxH6KC8iMXGU,shadowy_super_coder_dao,Shadowy Super Coder DAO,https://shadowysupercoder.s3.us-east-2.amazonaws.com/nft/3299.png,Shadowy Super Coder #3299,"""Instead of leaving our financial system at the whims of giant banks, crypto puts the system at the whims of some shadowy, faceless group of super-coders and miners, which doesn’t sound better to me."" - Elizabeth Warren, 2021

To this group of randomly generated Shadowy Super Coders... that sounds a lot better.",image,"[{'address': '71ghWqucipW661X4ht61qvmc3xKQGMBGZxwSDmZrYQmf', 'verified': 1, 'share': 0}, {'address': 'D6wZ5U9onMC578mrKMp5PZtfyc5262426qKsYJW7nT3p', 'verified': 0, 'share': 100}]",500,FF7oRvM3GXkXjC8BiNokAaNznwUrmfWWaLnkmktQMzT1,"[{'trait_type': 'Background', 'value': 'Dark-Red'}, {'trait_type': 'Base Model', 'value': 'Pale'}, {'trait_type': 'Desk', 'value': 'Bronze Metal'}, {'trait_type': 'Monitor 1', 'value': 'Fabric Alt'}, {'trait_type': 'Monitor 2', 'value': 'Kaiju'}, {'trait_type': 'Monitor 3', 'value': 'SGF United'}, {'trait_type': 'Mouth', 'value': 'Red Smirk'}, {'trait_type': 'Hoodie', 'value': 'Tech Hacker'}, {'trait_type': 'Favorite Programming Language', 'value': 'C++'}]","{'files': [{'uri': 'https://shadowysupercoder.s3.us-east-2.amazonaws.com/nft/3299.png', 'type': 'image/png'}], 'creators': [{'address': 'D6wZ5U9onMC578mrKMp5PZtfyc5262426qKsYJW7nT3p', 'share': 100}], 'category': 'image'}",1,DGNZDSvy6emDXvBuCDRrpLVxcPaEcvKiStvvCivEJ38X,1,{},False,"{'auctionHouseKey': 'E8cU1WiRWjanGxmn96ewBgk9vPTcL6AEZ1t6F6fkgUWe', 'sellerReferral': 'autMW8SgBkVYeBgqYiTuJZnkvDZMVU2MHJh9Jh7CSQ2', 'expiry': -1}","{'moonrank': {'rank': 89}, 'howrare': {'rank': 107}}"
8,26GngGUvR5uq4GBERx2hWU2rvwwNV7fCHa2TrzR8XEVb,95.0,DgnoTbELwRrmQzTthnsL8LhSDdgUsoJeCUfMsK3hjv96,7qEkDwTDSj9bi5uWCHUvavP1pFuhNs2ALBByuiDT77QQ,shadowy_super_coder_dao,Shadowy Super Coder DAO,https://shadowysupercoder.s3.us-east-2.amazonaws.com/nft/9167.png,Shadowy Super Coder #9167,"""Instead of leaving our financial system at the whims of giant banks, crypto puts the system at the whims of some shadowy, faceless group of super-coders and miners, which doesn’t sound better to me."" - Elizabeth Warren, 2021

To this group of randomly generated Shadowy Super Coders... that sounds a lot better.",image,"[{'address': '71ghWqucipW661X4ht61qvmc3xKQGMBGZxwSDmZrYQmf', 'verified': 1, 'share': 0}, {'address': 'D6wZ5U9onMC578mrKMp5PZtfyc5262426qKsYJW7nT3p', 'verified': 0, 'share': 100}]",500,D5E9NvHMe79W5GuVmBWgjExMJiVyS26vr6MSvyyCTnAG,"[{'trait_type': 'Background', 'value': 'Light-Blue'}, {'trait_type': 'Base Model', 'value': 'Tan'}, {'trait_type': 'Desk', 'value': 'Silver Metal'}, {'trait_type': 'Monitor 1', 'value': 'Aurory Logo'}, {'trait_type': 'Monitor 2', 'value': 'Matrix'}, {'trait_type': 'Monitor 3', 'value': 'Glitch Two'}, {'trait_type': 'Mouth', 'value': 'Purple Smirk'}, {'trait_type': 'Hoodie', 'value': 'Neon Solana Hacker'}, {'trait_type': 'Favorite Programming Language', 'value': 'C#'}]","{'files': [{'uri': 'https://shadowysupercoder.s3.us-east-2.amazonaws.com/nft/9167.png', 'type': 'image/png'}], 'creators': [{'address': 'D6wZ5U9onMC578mrKMp5PZtfyc5262426qKsYJW7nT3p', 'share': 100}], 'category': 'image'}",1,DGNZDSvy6emDXvBuCDRrpLVxcPaEcvKiStvvCivEJ38X,1,{},False,"{'auctionHouseKey': 'E8cU1WiRWjanGxmn96ewBgk9vPTcL6AEZ1t6F6fkgUWe', 'sellerReferral': 'autMW8SgBkVYeBgqYiTuJZnkvDZMVU2MHJh9Jh7CSQ2', 'expiry': -1}","{'moonrank': {'rank': 1738}, 'howrare': {'rank': 1437}}"
9,EgHR92GmUK9QTG6KMHmtt9V1UM68LN3GLgpZAj1izxwD,97.0,E2mwzmCNwZeo4xoeA55EruyDC9wMQ7BDE25Wrgg9Tmkg,3UEr6TVhqdFn5grpRhnCy18rRhS7rFfjxxa8H5KEgWCZ,shadowy_super_coder_dao,Shadowy Super Coder DAO,https://shadowysupercoder.s3.us-east-2.amazonaws.com/nft/6766.png,Shadowy Super Coder #6766,"""Instead of leaving our financial system at the whims of giant banks, crypto puts the system at the whims of some shadowy, faceless group of super-coders and miners, which doesn’t sound better to me."" - Elizabeth Warren, 2021

To this group of randomly generated Shadowy Super Coders... that sounds a lot better.",image,"[{'address': '71ghWqucipW661X4ht61qvmc3xKQGMBGZxwSDmZrYQmf', 'verified': 1, 'share': 0}, {'address': 'D6wZ5U9onMC578mrKMp5PZtfyc5262426qKsYJW7nT3p', 'verified': 0, 'share': 100}]",500,3HPXSzrtHivEJMLJ96SndWyn2XTkvSunJ94qGxHfvZgy,"[{'trait_type': 'Background', 'value': 'Noire'}, {'trait_type': 'Base Model', 'value': 'Tan'}, {'trait_type': 'Desk', 'value': 'Silver Metal'}, {'trait_type': 'Monitor 1', 'value': 'Access Granted'}, {'trait_type': 'Monitor 2', 'value': 'Hacked'}, {'trait_type': 'Monitor 3', 'value': 'Glitch Two'}, {'trait_type': 'Mouth', 'value': 'Pink Smirk'}, {'trait_type': 'Hoodie', 'value': 'Monke Hacker'}, {'trait_type': 'Favorite Programming Language', 'value': 'Rust'}]","{'files': [{'uri': 'https://shadowysupercoder.s3.us-east-2.amazonaws.com/nft/6766.png', 'type': 'image/png'}], 'creators': [{'address': 'D6wZ5U9onMC578mrKMp5PZtfyc5262426qKsYJW7nT3p', 'share': 100}], 'category': 'image'}",1,DGNZDSvy6emDXvBuCDRrpLVxcPaEcvKiStvvCivEJ38X,1,{},False,"{'auctionHouseKey': 'E8cU1WiRWjanGxmn96ewBgk9vPTcL6AEZ1t6F6fkgUWe', 'sellerReferral': 'autMW8SgBkVYeBgqYiTuJZnkvDZMVU2MHJh9Jh7CSQ2', 'expiry': -1}","{'moonrank': {'rank': 6445}, 'howrare': {'rank': 6173}}"
10,A2BuRBVWuLWpG4p7dLCFqaXKZQN8Rvpd9wdX3hkRtaVU,99.0,VWdQGvoJ1qdGkx1bTDkNN2fTQUuW9m9Xk3EjWZM5AXF,CZFmkBzFk3XWk3zPEuEBoPqpPe6zBUGTVxH6KC8iMXGU,shadowy_super_coder_dao,Shadowy Super Coder DAO,https://shadowysupercoder.s3.us-east-2.amazonaws.com/nft/7164.png,Shadowy Super Coder #7164,"""Instead of leaving our financial system at the whims of giant banks, crypto puts the system at the whims of some shadowy, faceless group of super-coders and miners, which doesn’t sound better to me."" - Elizabeth Warren, 2021

To this group of randomly generated Shadowy Super Coders... that sounds a lot better.",image,"[{'address': '71ghWqucipW661X4ht61qvmc3xKQGMBGZxwSDmZrYQmf', 'verified': 1, 'share': 0}, {'address': 'D6wZ5U9onMC578mrKMp5PZtfyc5262426qKsYJW7nT3p', 'verified': 0, 'share': 100}]",500,3D9Hc8QvPW3F4DjFcGYgKBhT5wyCLt8UyPcLs8ZfnTzx,"[{'trait_type': 'Background', 'value': 'Noire'}, {'trait_type': 'Base Model', 'value': 'Natural'}, {'trait_type': 'Desk', 'value': 'Silver Metal'}, {'trait_type': 'Monitor 1', 'value': 'Tungstencube'}, {'trait_type': 'Monitor 2', 'value': 'SGF'}, {'trait_type': 'Monitor 3', 'value': 'Access Granted'}, {'trait_type': 'Mouth', 'value': 'Pink Smirk'}, {'trait_type': 'Hoodie', 'value': 'Unmasked Squid Game Hacker'}, {'trait_type': 'Favorite Programming Language', 'value': 'C'}]","{'files': [{'uri': 'https://shadowysupercoder.s3.us-east-2.amazonaws.com/nft/7164.png', 'type': 'image/png'}], 'creators': [{'address': 'D6wZ5U9onMC578mrKMp5PZtfyc5262426qKsYJW7nT3p', 'share': 100}], 'category': 'image'}",1,DGNZDSvy6emDXvBuCDRrpLVxcPaEcvKiStvvCivEJ38X,1,{},False,"{'auctionHouseKey': 'E8cU1WiRWjanGxmn96ewBgk9vPTcL6AEZ1t6F6fkgUWe', 'sellerReferral': 'autMW8SgBkVYeBgqYiTuJZnkvDZMVU2MHJh9Jh7CSQ2', 'expiry': -1}","{'moonrank': {'rank': 627}, 'howrare': {'rank': 731}}"
11,4tybN49Xh2DDbZh3fP7FUCG6Hr5Qc2CeQrfLVBTPd7TZ,108.0,3eAAdykrkPdJqRL94EkcAbZNgindGVRdvAvjnXJEEGBQ,6TDrccWsSf6LGaUiAn1MuJ8CGJz3eazun7r5BbP4gGXS,shadowy_super_coder_dao,Shadowy Super Coder DAO,https://sld-gengo.s3.amazonaws.com/1340.png,Shadowy Super Coder #1340,"""Instead of leaving our financial system at the whims of giant banks, crypto puts the system at the whims of some shadowy, faceless group of super-coders and miners, which doesn’t sound better to me."" - Elizabeth Warren, 2021

To this group of randomly generated Shadowy Super Coders... that sounds a lot better.",image,"[{'address': '71ghWqucipW661X4ht61qvmc3xKQGMBGZxwSDmZrYQmf', 'verified': 1, 'share': 0}, {'address': 'D6wZ5U9onMC578mrKMp5PZtfyc5262426qKsYJW7nT3p', 'verified': 0, 'share': 100}]",500,9LP9FH5tax53uVFj8Rpm6Kz5R3TMbtNVkcRCe9ZcCDDZ,"[{'trait_type': 'Background', 'value': 'Gold'}, {'trait_type': 'Base Model', 'value': 'Tan'}, {'trait_type': 'Desk', 'value': 'Red Metal'}, {'trait_type': 'Monitor 1', 'value': 'Trading White'}, {'trait_type': 'Monitor 2', 'value': 'Glitch Two'}, {'trait_type': 'Monitor 3', 'value': 'Matrix'}, {'trait_type': 'Mouth', 'value': 'Red Smirk'}, {'trait_type': 'Hoodie', 'value': 'Shark Hacker'}, {'trait_type': 'Favorite Programming Language', 'value': 'JavaScript'}]","{'files': [{'uri': 'https://sld-gengo.s3.amazonaws.com/1340.png', 'type': 'image/png'}], 'creators': [{'address': 'D6wZ5U9onMC578mrKMp5PZtfyc5262426qKsYJW7nT3p', 'share': 100}], 'category': 'image'}",1,8qnNiwDxn674mDh29dRekoGEnRS5aDoG2WK524rKWXLr,1,{},False,"{'auctionHouseKey': 'E8cU1WiRWjanGxmn96ewBgk9vPTcL6AEZ1t6F6fkgUWe', 'sellerReferral': 'autMW8SgBkVYeBgqYiTuJZnkvDZMVU2MHJh9Jh7CSQ2', 'expiry': -1}","{'moonrank': {'rank': 9769}, 'howrare': {'rank': 9767}}"
12,BXgRAhJSNq4iMJqs1kc6vftFGBTxymfhLXZsukh8XLi3,109.0,GYE6R2CvrCQcemk9nmSE7KKRhSmtcaKhMw8aaafCSaAg,HgTUj7ko2bsG7QAAiTtqY3L7LaJmjhnTNuSzRLrYS6h5,shadowy_super_coder_dao,Shadowy Super Coder DAO,https://shadowysupercoder.s3.us-east-2.amazonaws.com/nft/2514.png,Shadowy Super Coder #2514,"""Instead of leaving our financial system at the whims of giant banks, crypto puts the system at the whims of some shadowy, faceless group of super-coders and miners, which doesn’t sound better to me."" - Elizabeth Warren, 2021

To this group of randomly generated Shadowy Super Coders... that sounds a lot better.",image,"[{'address': '71ghWqucipW661X4ht61qvmc3xKQGMBGZxwSDmZrYQmf', 'verified': 1, 'share': 0}, {'address': 'D6wZ5U9onMC578mrKMp5PZtfyc5262426qKsYJW7nT3p', 'verified': 0, 'share': 100}]",500,GHXt6NpJ6ufowgQzumwT7qPEbmLSP8mgkqDn94myTRNG,"[{'trait_type': 'Background', 'value': 'Red'}, {'trait_type': 'Base Model', 'value': 'Chestnut'}, {'trait_type': 'Desk', 'value': 'Silver Metal'}, {'trait_type': 'Monitor 1', 'value': 'Glitch One'}, {'trait_type': 'Monitor 2', 'value': 'Matrix'}, {'trait_type': 'Monitor 3', 'value': 'Hacked'}, {'trait_type': 'Mouth', 'value': 'Red Smirk'}, {'trait_type': 'Hoodie', 'value': 'Punk Hacker'}, {'trait_type': 'Favorite Programming Language', 'value': 'Go'}]","{'files': [{'uri': 'https://shadowysupercoder.s3.us-east-2.amazonaws.com/nft/2514.png', 'type': 'image/png'}], 'creators': [{'address': 'D6wZ5U9onMC578mrKMp5PZtfyc5262426qKsYJW7nT3p', 'share': 100}], 'category': 'image'}",1,DGNZDSvy6emDXvBuCDRrpLVxcPaEcvKiStvvCivEJ38X,1,{},False,,"{'moonrank': {'rank': 9916}, 'howrare': {'rank': 9951}}"
13,DQcP6K3HeVZDswiBKZ3m64zt1ZDs4eEd4mUWKgtGHtYe,126.0,4bj9uj7kc9A5DUjfHmYYNnqbtNwLQbfk18hMEXNqaTxK,Akij1c1HQ5AyEgwHHcPV3jExSM4HKdukRqZbYiAWWWEB,shadowy_super_coder_dao,Shadowy Super Coder DAO,https://sld-gengo.s3.amazonaws.com/8816.png,Shadowy Super Coder #8816,"""Instead of leaving our financial system at the whims of giant banks, crypto puts the system at the whims of some shadowy, faceless group of super-coders and miners, which doesn’t sound better to me."" - Elizabeth Warren, 2021

To this group of randomly generated Shadowy Super Coders... that sounds a lot better.",image,"[{'address': '71ghWqucipW661X4ht61qvmc3xKQGMBGZxwSDmZrYQmf', 'verified': 1, 'share': 0}, {'address': 'D6wZ5U9onMC578mrKMp5PZtfyc5262426qKsYJW7nT3p', 'verified': 0, 'share': 100}]",500,CrYmd9aZ7k4FzSWvQ1rV7L4i4Z1hqwwfatsP9jtYwQnN,"[{'trait_type': 'Background', 'value': 'Light-Blue'}, {'trait_type': 'Base Model', 'value': 'Chestnut'}, {'trait_type': 'Desk', 'value': 'Red Metal'}, {'trait_type': 'Monitor 1', 'value': 'Access Granted'}, {'trait_type': 'Monitor 2', 'value': 'Phantom'}, {'trait_type': 'Monitor 3', 'value': 'Linux'}, {'trait_type': 'Mouth', 'value': 'Pink Smirk'}, {'trait_type': 'Hoodie', 'value': 'Sci-Fi Hacker'}, {'trait_type': 'Favorite Programming Language', 'value': 'Fortran'}]","{'files': [{'uri': 'https://sld-gengo.s3.amazonaws.com/8816.png', 'type': 'image/png'}], 'creators': [{'address': 'D6wZ5U9onMC578mrKMp5PZtfyc5262426qKsYJW7nT3p', 'share': 100}], 'category': 'image'}",1,8qnNiwDxn674mDh29dRekoGEnRS5aDoG2WK524rKWXLr,1,{},False,"{'auctionHouseKey': 'E8cU1WiRWjanGxmn96ewBgk9vPTcL6AEZ1t6F6fkgUWe', 'sellerReferral': 'autMW8SgBkVYeBgqYiTuJZnkvDZMVU2MHJh9Jh7CSQ2', 'expiry': -1}","{'moonrank': {'rank': 2600}, 'howrare': {'rank': 2983}}"
14,BEfRDNDTTQipk6kNgnDcm4sjVdX9Uw5j4PiYzWryuYaC,128.88,FFpmf5CWttgtsfJ6LgtCv1MizXdXopBchgPUPzgcNUEf,DqX73ftNYf3keunEiH34CGHcHdu1D5sHzA2qmd9jSqzh,shadowy_super_coder_dao,Shadowy Super Coder DAO,https://shadowysupercoder.s3.us-east-2.amazonaws.com/nft/342.png,Shadowy Super Coder #342,"""Instead of leaving our financial system at the whims of giant banks, crypto puts the system at the whims of some shadowy, faceless group of super-coders and miners, which doesn’t sound better to me."" - Elizabeth Warren, 2021

To this group of randomly generated Shadowy Super Coders... that sounds a lot better.",image,"[{'address': '71ghWqucipW661X4ht61qvmc3xKQGMBGZxwSDmZrYQmf', 'verified': 1, 'share': 0}, {'address': 'D6wZ5U9onMC578mrKMp5PZtfyc5262426qKsYJW7nT3p', 'verified': 0, 'share': 100}]",500,49qzqYTsScoPZT844d5cLcHUuqKa4p86Av6BXFeEFyau,"[{'trait_type': 'Background', 'value': 'Red'}, {'trait_type': 'Base Model', 'value': 'Tan'}, {'trait_type': 'Desk', 'value': 'Bronze Metal'}, {'trait_type': 'Monitor 1', 'value': 'Ninja'}, {'trait_type': 'Monitor 2', 'value': 'Serum'}, {'trait_type': 'Monitor 3', 'value': 'Marginfi'}, {'trait_type': 'Mouth', 'value': 'Pink Smirk'}, {'trait_type': 'Hoodie', 'value': 'Sci-Fi Hacker'}, {'trait_type': 'Favorite Programming Language', 'value': 'Java'}]","{'files': [{'uri': 'https://shadowysupercoder.s3.us-east-2.amazonaws.com/nft/342.png', 'type': 'image/png'}], 'creators': [{'address': 'D6wZ5U9onMC578mrKMp5PZtfyc5262426qKsYJW7nT3p', 'share': 100}], 'category': 'image'}",1,DGNZDSvy6emDXvBuCDRrpLVxcPaEcvKiStvvCivEJ38X,1,{},False,"{'auctionHouseKey': 'E8cU1WiRWjanGxmn96ewBgk9vPTcL6AEZ1t6F6fkgUWe', 'sellerReferral': 'autMW8SgBkVYeBgqYiTuJZnkvDZMVU2MHJh9Jh7CSQ2', 'expiry': -1}","{'moonrank': {'rank': 169}, 'howrare': {'rank': 302}}"
15,HpZGe4iwu5nirLdKaEHhsUhU1xDjprNfcEK6CqNrY3dN,136.66,3MHXBSpNHq75XPhC3MmK6zcQWPv2SiKe7WGbBXhqWLG5,3S7zKtYCMUQBanyJf4t6cNtkqDNFtqbDRFq22PKeawpw,shadowy_super_coder_dao,Shadowy Super Coder DAO,https://shadowysupercoder.s3.us-east-2.amazonaws.com/nft/2564.png,Shadowy Super Coder #2564,"""Instead of leaving our financial system at the whims of giant banks, crypto puts the system at the whims of some shadowy, faceless group of super-coders and miners, which doesn’t sound better to me."" - Elizabeth Warren, 2021

To this group of randomly generated Shadowy Super Coders... that sounds a lot better.",image,"[{'address': '71ghWqucipW661X4ht61qvmc3xKQGMBGZxwSDmZrYQmf', 'verified': 1, 'share': 0}, {'address': 'D6wZ5U9onMC578mrKMp5PZtfyc5262426qKsYJW7nT3p', 'verified': 0, 'share': 100}]",500,8vX5pg8NbPEeajTC9V4ANKufAZvDUA5FUVFxTikQGATR,"[{'trait_type': 'Background', 'value': 'Violet'}, {'trait_type': 'Base Model', 'value': 'Pale'}, {'trait_type': 'Desk', 'value': 'Bronze Metal'}, {'trait_type': 'Monitor 1', 'value': 'Linux'}, {'trait_type': 'Monitor 2', 'value': 'Linux'}, {'trait_type': 'Monitor 3', 'value': 'Access Granted'}, {'trait_type': 'Mouth', 'value': 'Red Smile'}, {'trait_type': 'Hoodie', 'value': 'Squid Game Hacker'}, {'trait_type': 'Favorite Programming Language', 'value': 'JavaScript'}]","{'files': [{'uri': 'https://shadowysupercoder.s3.us-east-2.amazonaws.com/nft/2564.png', 'type': 'image/png'}], 'creators': [{'address': 'D6wZ5U9onMC578mrKMp5PZtfyc5262426qKsYJW7nT3p', 'share': 100}], 'category': 'image'}",1,DGNZDSvy6emDXvBuCDRrpLVxcPaEcvKiStvvCivEJ38X,1,{},False,"{'auctionHouseKey': 'E8cU1WiRWjanGxmn96ewBgk9vPTcL6AEZ1t6F6fkgUWe', 'sellerReferral': 'autMW8SgBkVYeBgqYiTuJZnkvDZMVU2MHJh9Jh7CSQ2', 'expiry': -1}","{'moonrank': {'rank': 7612}, 'howrare': {'rank': 7652}}"
16,8EmvBymjBEQkRKYdXPbP2KLeamtii1hEEcHsoNu5Hz4Z,138.0,2RsYKRG7qgc3mT8DVaHwtab42e2a3VQbopDFUzYEu2u3,7qXSYXbZQyrtW35PjwunvYH2bEEyHNaerjpE3WAZTeVn,shadowy_super_coder_dao,Shadowy Super Coder DAO,https://shadowysupercoder.s3.us-east-2.amazonaws.com/nft/3092.png,Shadowy Super Coder #3092,"""Instead of leaving our financial system at the whims of giant banks, crypto puts the system at the whims of some shadowy, faceless group of super-coders and miners, which doesn’t sound better to me."" - Elizabeth Warren, 2021

To this group of randomly generated Shadowy Super Coders... that sounds a lot better.",image,"[{'address': '71ghWqucipW661X4ht61qvmc3xKQGMBGZxwSDmZrYQmf', 'verified': 1, 'share': 0}, {'address': 'D6wZ5U9onMC578mrKMp5PZtfyc5262426qKsYJW7nT3p', 'verified': 0, 'share': 100}]",500,Dy7YNyj2tGM8i4tvkkxDQYjfUrQ3jLv7CdQsiZJDjS1S,"[{'trait_type': 'Background', 'value': 'Noire'}, {'trait_type': 'Base Model', 'value': 'Chestnut'}, {'trait_type': 'Desk', 'value': 'Purple Metal'}, {'trait_type': 'Monitor 1', 'value': 'Linux'}, {'trait_type': 'Monitor 2', 'value': 'Glitch One'}, {'trait_type': 'Monitor 3', 'value': 'Matrix'}, {'trait_type': 'Mouth', 'value': 'Red Smirk'}, {'trait_type': 'Hoodie', 'value': 'Unmasked Squid Game Hacker'}, {'trait_type': 'Favorite Programming Language', 'value': 'Python'}]","{'files': [{'uri': 'https://shadowysupercoder.s3.us-east-2.amazonaws.com/nft/3092.png', 'type': 'image/png'}], 'creators': [{'address': 'D6wZ5U9onMC578mrKMp5PZtfyc5262426qKsYJW7nT3p', 'share': 100}], 'category': 'image'}",1,DGNZDSvy6emDXvBuCDRrpLVxcPaEcvKiStvvCivEJ38X,1,{},False,"{'auctionHouseKey': 'E8cU1WiRWjanGxmn96ewBgk9vPTcL6AEZ1t6F6fkgUWe', 'sellerReferral': 'autMW8SgBkVYeBgqYiTuJZnkvDZMVU2MHJh9Jh7CSQ2', 'expiry': -1}","{'moonrank': {'rank': 7445}, 'howrare': {'rank': 7120}}"
17,FD6Q5xUoEPoteJYWTzk5BnsPBegLEBx9oLCfA32cuNdx,144.99,8J6FJd5j6qGGX6TGeq1hMZUrHpyUHaA4ksp3cJ4c4HfG,3qvXfcus46B3uaSzfaNaPFTwv7RVn8Fp3D55fQdUsRZU,shadowy_super_coder_dao,Shadowy Super Coder DAO,https://shadowysupercoder.s3.us-east-2.amazonaws.com/nft/8684.png,Shadowy Super Coder #8684,"""Instead of leaving our financial system at the whims of giant banks, crypto puts the system at the whims of some shadowy, faceless group of super-coders and miners, which doesn’t sound better to me."" - Elizabeth Warren, 2021

To this group of randomly generated Shadowy Super Coders... that sounds a lot better.",image,"[{'address': '71ghWqucipW661X4ht61qvmc3xKQGMBGZxwSDmZrYQmf', 'verified': 1, 'share': 0}, {'address': 'D6wZ5U9onMC578mrKMp5PZtfyc5262426qKsYJW7nT3p', 'verified': 0, 'share': 100}]",500,3kVgWzo3rwc1CQyKU3Ucswk86mHD74u4NrgxS47hRhQk,"[{'trait_type': 'Background', 'value': 'Green'}, {'trait_type': 'Base Model', 'value': 'Chestnut'}, {'trait_type': 'Desk', 'value': 'Purple Metal'}, {'trait_type': 'Monitor 1', 'value': 'Matrix'}, {'trait_type': 'Monitor 2', 'value': 'Linux'}, {'trait_type': 'Monitor 3', 'value': 'Mango Markets'}, {'trait_type': 'Mouth', 'value': 'Red Smile'}, {'trait_type': 'Hoodie', 'value': 'Captain America Hacker'}, {'trait_type': 'Favorite Programming Language', 'value': 'Rust'}]","{'files': [{'uri': 'https://shadowysupercoder.s3.us-east-2.amazonaws.com/nft/8684.png', 'type': 'image/png'}], 'creators': [{'address': 'D6wZ5U9onMC578mrKMp5PZtfyc5262426qKsYJW7nT3p', 'share': 100}], 'category': 'image'}",1,DGNZDSvy6emDXvBuCDRrpLVxcPaEcvKiStvvCivEJ38X,1,{},False,,"{'moonrank': {'rank': 4973}, 'howrare': {'rank': 5253}}"
18,3CbPFsiHfxtAAnfjMSV1XQfPRihWPhjFvi7JZTLzaeT9,148.0,4zYnVKcRNXjRT38wRMoFfSF6QonDEVMr823oB46eViGa,AKASsQdWoBgSv5G2TU6huCkjj2RuD8je5ABVdFRxZaSM,shadowy_super_coder_dao,Shadowy Super Coder DAO,https://shadowysupercoder.s3.us-east-2.amazonaws.com/nft/7085.png,Shadowy Super Coder #7085,"""Instead of leaving our financial system at the whims of giant banks, crypto puts the system at the whims of some shadowy, faceless group of super-coders and miners, which doesn’t sound better to me."" - Elizabeth Warren, 2021

To this group of randomly generated Shadowy Super Coders... that sounds a lot better.",image,"[{'address': '71ghWqucipW661X4ht61qvmc3xKQGMBGZxwSDmZrYQmf', 'verified': 1, 'share': 0}, {'address': 'D6wZ5U9onMC578mrKMp5PZtfyc5262426qKsYJW7nT3p', 'verified': 0, 'share': 100}]",500,FsmviBz8PSXrYrnCHa3N7oT7fbsGC4W6j8VHevc9T3gR,"[{'trait_type': 'Background', 'value': 'Noire'}, {'trait_type': 'Base Model', 'value': 'Tan'}, {'trait_type': 'Desk', 'value': 'Silver Metal'}, {'trait_type': 'Monitor 1', 'value': 'Glitch One'}, {'trait_type': 'Monitor 2', 'value': 'Sillylittledao'}, {'trait_type': 'Monitor 3', 'value': 'Defi Land Welcome'}, {'trait_type': 'Mouth', 'value': 'Purple Smirk'}, {'trait_type': 'Hoodie', 'value': 'Squid Game Hacker'}, {'trait_type': 'Favorite Programming Language', 'value': 'Java'}]","{'files': [{'uri': 'https://shadowysupercoder.s3.us-east-2.amazonaws.com/nft/7085.png', 'type': 'image/png'}], 'creators': [{'address': 'D6wZ5U9onMC578mrKMp5PZtfyc5262426qKsYJW7nT3p', 'share': 100}], 'category': 'image'}",1,DGNZDSvy6emDXvBuCDRrpLVxcPaEcvKiStvvCivEJ38X,1,{},False,"{'auctionHouseKey': 'E8cU1WiRWjanGxmn96ewBgk9vPTcL6AEZ1t6F6fkgUWe', 'sellerReferral': 'autMW8SgBkVYeBgqYiTuJZnkvDZMVU2MHJh9Jh7CSQ2', 'expiry': -1}","{'moonrank': {'rank': 879}, 'howrare': {'rank': 1114}}"
19,93q1dgh2Mdk9cMqPzn4fp1pfcZFRggFTn9srXudsBMpi,180.0,7hYZXtt8CVWumpyuPatxdY1RrajxbQjhQEijFHUoykr5,CmMLFeZhyWmY9TvEiWAkJVLpd79ZYDnFsPtpbRdKbFPB,shadowy_super_coder_dao,Shadowy Super Coder DAO,https://sld-gengo.s3.amazonaws.com/2442.png,Shadowy Super Coder #2442,"""Instead of leaving our financial system at the whims of giant banks, crypto puts the system at the whims of some shadowy, faceless group of super-coders and miners, which doesn’t sound better to me."" - Elizabeth Warren, 2021

To this group of randomly generated Shadowy Super Coders... that sounds a lot better.",image,"[{'address': '71ghWqucipW661X4ht61qvmc3xKQGMBGZxwSDmZrYQmf', 'verified': 1, 'share': 0}, {'address': 'D6wZ5U9onMC578mrKMp5PZtfyc5262426qKsYJW7nT3p', 'verified': 0, 'share': 100}]",500,EcV8VUidgWetuz5CTGKPpnbKu1sTNY9YsHFjk4gejszy,"[{'trait_type': 'Background', 'value': 'Light-Blue'}, {'trait_type': 'Base Model', 'value': 'Pale'}, {'trait_type': 'Desk', 'value': 'Purple Metal'}, {'trait_type': 'Monitor 1', 'value': 'Access Granted'}, {'trait_type': 'Monitor 2', 'value': 'Investin'}, {'trait_type': 'Monitor 3', 'value': 'Trading Dark'}, {'trait_type': 'Mouth', 'value': 'Red Smile'}, {'trait_type': 'Hoodie', 'value': 'Shadowy Hacker'}, {'trait_type': 'Favorite Programming Language', 'value': 'C++'}]","{'files': [{'uri': 'https://sld-gengo.s3.amazonaws.com/2442.png', 'type': 'image/png'}], 'creators': [{'address': 'D6wZ5U9onMC578mrKMp5PZtfyc5262426qKsYJW7nT3p', 'share': 100}], 'category': 'image'}",1,8qnNiwDxn674mDh29dRekoGEnRS5aDoG2WK524rKWXLr,1,{},False,,"{'moonrank': {'rank': 4148}, 'howrare': {'rank': 4594}}"
20,26tteyYUQs3mZUxpMLQavGcYPUjhmQFAZLT4FMxmRgRk,195.0,9RFkyo1hDRMusYBAX2VjsfZDsZPTim8zcGFwvwUuQNUH,33c2kAcq5jkPHAYdZJnELZWWHzxZg5njX4u5uRDX9rJ8,shadowy_super_coder_dao,Shadowy Super Coder DAO,https://shadowysupercoder.s3.us-east-2.amazonaws.com/nft/8315.png,Shadowy Super Coder #8315,"""Instead of leaving our financial system at the whims of giant banks, crypto puts the system at the whims of some shadowy, faceless group of super-coders and miners, which doesn’t sound better to me."" - Elizabeth Warren, 2021

To this group of randomly generated Shadowy Super Coders... that sounds a lot better.",image,"[{'address': '71ghWqucipW661X4ht61qvmc3xKQGMBGZxwSDmZrYQmf', 'verified': 1, 'share': 0}, {'address': 'D6wZ5U9onMC578mrKMp5PZtfyc5262426qKsYJW7nT3p', 'verified': 0, 'share': 100}]",500,EGmCUqXwkzHimZ7waokhFwhRBPo2Wg8ZrrbTgRbAHYMs,"[{'trait_type': 'Background', 'value': 'Gold'}, {'trait_type': 'Base Model', 'value': 'Natural'}, {'trait_type': 'Desk', 'value': 'Red Metal'}, {'trait_type': 'Monitor 1', 'value': 'Glitch Two'}, {'trait_type': 'Monitor 2', 'value': 'Solend'}, {'trait_type': 'Monitor 3', 'value': 'Glitch One'}, {'trait_type': 'Mouth', 'value': 'Purple Smirk'}, {'trait_type': 'Hoodie', 'value': 'Dragon Hacker'}, {'trait_type': 'Favorite Programming Language', 'value': 'R'}]","{'files': [{'uri': 'https://shadowysupercoder.s3.us-east-2.amazonaws.com/nft/8315.png', 'type': 'image/png'}], 'creators': [{'address': 'D6wZ5U9onMC578mrKMp5PZtfyc5262426qKsYJW7nT3p', 'share': 100}], 'category': 'image'}",1,DGNZDSvy6emDXvBuCDRrpLVxcPaEcvKiStvvCivEJ38X,1,{},False,,"{'moonrank': {'rank': 3431}, 'howrare': {'rank': 3302}}"
21,A5bKz27XbCmLerKFfY4QNoGxKkseLCb5iwj7wiBAuLUm,229.0,3rKZdUjbsrrSbPAGWmYxUggRUawy7poMP5PLtvRVSycw,92HoTLipoHHJ2LDXw8v25TFyKuHdzfatVYvg7JCTqgKM,shadowy_super_coder_dao,Shadowy Super Coder DAO,https://shadowysupercoder.s3.us-east-2.amazonaws.com/nft/611.png,Shadowy Super Coder #611,"""Instead of leaving our financial system at the whims of giant banks, crypto puts the system at the whims of some shadowy, faceless group of super-coders and miners, which doesn’t sound better to me."" - Elizabeth Warren, 2021

To this group of randomly generated Shadowy Super Coders... that sounds a lot better.",image,"[{'address': '71ghWqucipW661X4ht61qvmc3xKQGMBGZxwSDmZrYQmf', 'verified': 1, 'share': 0}, {'address': 'D6wZ5U9onMC578mrKMp5PZtfyc5262426qKsYJW7nT3p', 'verified': 0, 'share': 100}]",500,31fNaSjiuZuEqnWTe2oW78ktRdjgnoepg5KWtCascEx3,"[{'trait_type': 'Background', 'value': 'Pink'}, {'trait_type': 'Base Model', 'value': 'Natural'}, {'trait_type': 'Desk', 'value': 'Silver Metal'}, {'trait_type': 'Monitor 1', 'value': 'Trading White'}, {'trait_type': 'Monitor 2', 'value': 'Matrix'}, {'trait_type': 'Monitor 3', 'value': 'Access Granted'}, {'trait_type': 'Mouth', 'value': 'Red Smirk'}, {'trait_type': 'Hoodie', 'value': 'Tech Hacker'}, {'trait_type': 'Favorite Programming Language', 'value': 'C#'}]","{'files': [{'uri': 'https://shadowysupercoder.s3.us-east-2.amazonaws.com/nft/611.png', 'type': 'image/png'}], 'creators': [{'address': 'D6wZ5U9onMC578mrKMp5PZtfyc5262426qKsYJW7nT3p', 'share': 100}], 'category': 'image'}",1,DGNZDSvy6emDXvBuCDRrpLVxcPaEcvKiStvvCivEJ38X,1,{},False,,"{'moonrank': {'rank': 9436}, 'howrare': {'rank': 9565}}"
22,GopoUn82QUg6FfqGCrNBg31pseGeMBxZG7Rz7LbC7Wib,240.69,4G1rkq8eiGTu5f1pi2pCD6y8YCg54K2Z7V2ReEW5wmyK,GRUZBgdF7vHj52bca5wpUBaJ4VtC3v6iyHLyJ5SKE4mD,shadowy_super_coder_dao,Shadowy Super Coder DAO,https://shadowysupercoder.s3.us-east-2.amazonaws.com/nft/3989.png,Shadowy Super Coder #3989,"""Instead of leaving our financial system at the whims of giant banks, crypto puts the system at the whims of some shadowy, faceless group of super-coders and miners, which doesn’t sound better to me."" - Elizabeth Warren, 2021

To this group of randomly generated Shadowy Super Coders... that sounds a lot better.",image,"[{'address': '71ghWqucipW661X4ht61qvmc3xKQGMBGZxwSDmZrYQmf', 'verified': 1, 'share': 0}, {'address': 'D6wZ5U9onMC578mrKMp5PZtfyc5262426qKsYJW7nT3p', 'verified': 0, 'share': 100}]",500,2gfUAfpBfvCvcAn8qYm8DW7DWN74xDixWXUvEJQR6KGA,"[{'trait_type': 'Background', 'value': 'Green'}, {'trait_type': 'Base Model', 'value': 'Pale'}, {'trait_type': 'Desk', 'value': 'Purple Metal'}, {'trait_type': 'Monitor 1', 'value': 'Interstellar'}, {'trait_type': 'Monitor 2', 'value': 'Solana Valley'}, {'trait_type': 'Monitor 3', 'value': 'Glitch Two'}, {'trait_type': 'Mouth', 'value': 'Pink Smirk'}, {'trait_type': 'Hoodie', 'value': 'Punk Hacker'}, {'trait_type': 'Favorite Programming Language', 'value': 'Swift'}]","{'files': [{'uri': 'https://shadowysupercoder.s3.us-east-2.amazonaws.com/nft/3989.png', 'type': 'image/png'}], 'creators': [{'address': 'D6wZ5U9onMC578mrKMp5PZtfyc5262426qKsYJW7nT3p', 'share': 100}], 'category': 'image'}",1,DGNZDSvy6emDXvBuCDRrpLVxcPaEcvKiStvvCivEJ38X,1,{},False,,"{'moonrank': {'rank': 536}, 'howrare': {'rank': 499}}"
23,GyWn6pSbZLbc4rXf4x4UCKW8FxMPeXYxq6edLuC2CR8V,250.0,CvUmXcRHKnckJbYGL4wnTo5cEYDiJZ8mR9myhPoaEfNq,2BNr8fdyNQLXFyqvrFJeJT6TkMkQmVcfjhL1T9Xrtmih,shadowy_super_coder_dao,Shadowy Super Coder DAO,https://shadowysupercoder.s3.us-east-2.amazonaws.com/nft/9526.png,Shadowy Super Coder #9526,"""Instead of leaving our financial system at the whims of giant banks, crypto puts the system at the whims of some shadowy, faceless group of super-coders and miners, which doesn’t sound better to me."" - Elizabeth Warren, 2021

To this group of randomly generated Shadowy Super Coders... that sounds a lot better.",image,"[{'address': '71ghWqucipW661X4ht61qvmc3xKQGMBGZxwSDmZrYQmf', 'verified': 1, 'share': 0}, {'address': 'D6wZ5U9onMC578mrKMp5PZtfyc5262426qKsYJW7nT3p', 'verified': 0, 'share': 100}]",500,8AwVqUpsyKik5DjaFLRgsAgCm8T9HVNBq3yxJSCDcGwb,"[{'trait_type': 'Background', 'value': 'Violet'}, {'trait_type': 'Base Model', 'value': 'Natural'}, {'trait_type': 'Desk', 'value': 'Bronze Metal'}, {'trait_type': 'Monitor 1', 'value': 'Surveillance Blue'}, {'trait_type': 'Monitor 2', 'value': 'Goo'}, {'trait_type': 'Monitor 3', 'value': 'Hacked'}, {'trait_type': 'Mouth', 'value': 'Pink Smile'}, {'trait_type': 'Hoodie', 'value': 'Shadowy Hacker'}, {'trait_type': 'Favorite Programming Language', 'value': 'Solidity'}]","{'files': [{'uri': 'https://shadowysupercoder.s3.us-east-2.amazonaws.com/nft/9526.png', 'type': 'image/png'}], 'creators': [{'address': 'D6wZ5U9onMC578mrKMp5PZtfyc5262426qKsYJW7nT3p', 'share': 100}], 'category': 'image'}",1,DGNZDSvy6emDXvBuCDRrpLVxcPaEcvKiStvvCivEJ38X,1,{},False,"{'auctionHouseKey': 'E8cU1WiRWjanGxmn96ewBgk9vPTcL6AEZ1t6F6fkgUWe', 'sellerReferral': 'autMW8SgBkVYeBgqYiTuJZnkvDZMVU2MHJh9Jh7CSQ2', 'expiry': -1}","{'moonrank': {'rank': 4633}, 'howrare': {'rank': 3402}}"
24,H8h97Y12fXB9CyZDJKvDSr9Ws1ysN8D4FoowG1vbbWSK,420.69,2zuutqfQxUJLgMnxUD3Yc1CVnGUuJR6cnNnmgCXnSZT1,CT2V6UVwygRnimd83H9nxBgXfF9iLLAAmGpacE3ftrKe,shadowy_super_coder_dao,Shadowy Super Coder DAO,https://shadowysupercoder.s3.us-east-2.amazonaws.com/nft/7953.png,Shadowy Super Coder #7953,"""Instead of leaving our financial system at the whims of giant banks, crypto puts the system at the whims of some shadowy, faceless group of super-coders and miners, which doesn’t sound better to me."" - Elizabeth Warren, 2021

To this group of randomly generated Shadowy Super Coders... that sounds a lot better.",image,"[{'address': '71ghWqucipW661X4ht61qvmc3xKQGMBGZxwSDmZrYQmf', 'verified': 1, 'share': 0}, {'address': 'D6wZ5U9onMC578mrKMp5PZtfyc5262426qKsYJW7nT3p', 'verified': 0, 'share': 100}]",500,6bZ1S8XnzbuqxDjrTryvUnS1GJH8Waiy7vCgbPySmbWL,"[{'trait_type': 'Background', 'value': 'Noire'}, {'trait_type': 'Base Model', 'value': 'Pale'}, {'trait_type': 'Desk', 'value': 'Bronze Metal'}, {'trait_type': 'Monitor 1', 'value': 'Solflare'}, {'trait_type': 'Monitor 2', 'value': 'Linux'}, {'trait_type': 'Monitor 3', 'value': 'Steven'}, {'trait_type': 'Mouth', 'value': 'Red Smile'}, {'trait_type': 'Hoodie', 'value': 'Shadowy Hacker'}, {'trait_type': 'Favorite Programming Language', 'value': 'Objective-C'}]","{'files': [{'uri': 'https://shadowysupercoder.s3.us-east-2.amazonaws.com/nft/7953.png', 'type': 'image/png'}], 'creators': [{'address': 'D6wZ5U9onMC578mrKMp5PZtfyc5262426qKsYJW7nT3p', 'share': 100}], 'category': 'image'}",1,DGNZDSvy6emDXvBuCDRrpLVxcPaEcvKiStvvCivEJ38X,1,{},False,,"{'moonrank': {'rank': 220}, 'howrare': {'rank': 100}}"
25,FzkZewqv6T4cj2DxZuJQgmdbiU4e7zcdPMG2FsgCyNqB,420.69,6MnLCy4yUUGvVGo7goHywAHwzRVDg6PEcisPcyMv5Lza,CT2V6UVwygRnimd83H9nxBgXfF9iLLAAmGpacE3ftrKe,shadowy_super_coder_dao,Shadowy Super Coder DAO,https://shadowysupercoder.s3.us-east-2.amazonaws.com/nft/3775.png,Shadowy Super Coder #3775,"""Instead of leaving our financial system at the whims of giant banks, crypto puts the system at the whims of some shadowy, faceless group of super-coders and miners, which doesn’t sound better to me."" - Elizabeth Warren, 2021

To this group of randomly generated Shadowy Super Coders... that sounds a lot better.",image,"[{'address': '71ghWqucipW661X4ht61qvmc3xKQGMBGZxwSDmZrYQmf', 'verified': 1, 'share': 0}, {'address': 'D6wZ5U9onMC578mrKMp5PZtfyc5262426qKsYJW7nT3p', 'verified': 0, 'share': 100}]",500,DPTc6HJchcX3DJvb1rPLs5X2CVmhJQh1ao3qXvbNSibt,"[{'trait_type': 'Background', 'value': 'Green'}, {'trait_type': 'Base Model', 'value': 'Chestnut'}, {'trait_type': 'Desk', 'value': 'Purple Metal'}, {'trait_type': 'Monitor 1', 'value': 'Thugbirdz DAO'}, {'trait_type': 'Monitor 2', 'value': 'Hacked'}, {'trait_type': 'Monitor 3', 'value': 'Access Granted'}, {'trait_type': 'Mouth', 'value': 'Purple Smile'}, {'trait_type': 'Hoodie', 'value': 'Shark Hacker'}, {'trait_type': 'Favorite Programming Language', 'value': 'Fortran'}]","{'files': [{'uri': 'https://shadowysupercoder.s3.us-east-2.amazonaws.com/nft/3775.png', 'type': 'image/png'}], 'creators': [{'address': 'D6wZ5U9onMC578mrKMp5PZtfyc5262426qKsYJW7nT3p', 'share': 100}], 'category': 'image'}",1,DGNZDSvy6emDXvBuCDRrpLVxcPaEcvKiStvvCivEJ38X,1,{},False,,"{'moonrank': {'rank': 1753}, 'howrare': {'rank': 918}}"
26,4xkX4Q1cjeCsTVgB7q96YHSBd1CCLfSEp2bfZQ9b7SDK,469.42,J7XpLpwuDoafyrHEUC8oSNh3rdX8y66arViigVxHUN7o,GpYx6NpBYkddwH7KmHhBho56K5mGghhfRdii2JrtpCDV,shadowy_super_coder_dao,Shadowy Super Coder DAO,https://shadowysupercoder.s3.us-east-2.amazonaws.com/nft/7851.png,Shadowy Super Coder #7851,"""Instead of leaving our financial system at the whims of giant banks, crypto puts the system at the whims of some shadowy, faceless group of super-coders and miners, which doesn’t sound better to me."" - Elizabeth Warren, 2021

To this group of randomly generated Shadowy Super Coders... that sounds a lot better.",image,"[{'address': '71ghWqucipW661X4ht61qvmc3xKQGMBGZxwSDmZrYQmf', 'verified': 1, 'share': 0}, {'address': 'D6wZ5U9onMC578mrKMp5PZtfyc5262426qKsYJW7nT3p', 'verified': 0, 'share': 100}]",500,7J8DWFKauRSThgfaqxXCkwJsqHck3JnQL9zti9MXyDL1,"[{'trait_type': 'Background', 'value': 'Dark-Red'}, {'trait_type': 'Base Model', 'value': 'Pale'}, {'trait_type': 'Desk', 'value': 'Silver Metal'}, {'trait_type': 'Monitor 1', 'value': 'Scoopshop'}, {'trait_type': 'Monitor 2', 'value': 'Scoopshop'}, {'trait_type': 'Monitor 3', 'value': 'Scoopshop'}, {'trait_type': 'Mouth', 'value': 'Red Smirk'}, {'trait_type': 'Hoodie', 'value': 'Dragon Hacker'}, {'trait_type': 'Favorite Programming Language', 'value': 'Objective-C'}]","{'files': [{'uri': 'https://shadowysupercoder.s3.us-east-2.amazonaws.com/nft/7851.png', 'type': 'image/png'}], 'creators': [{'address': 'D6wZ5U9onMC578mrKMp5PZtfyc5262426qKsYJW7nT3p', 'share': 100}], 'category': 'image'}",1,DGNZDSvy6emDXvBuCDRrpLVxcPaEcvKiStvvCivEJ38X,1,{},False,"{'auctionHouseKey': 'E8cU1WiRWjanGxmn96ewBgk9vPTcL6AEZ1t6F6fkgUWe', 'sellerReferral': 'autMW8SgBkVYeBgqYiTuJZnkvDZMVU2MHJh9Jh7CSQ2', 'expiry': -1}","{'moonrank': {'rank': 13}, 'howrare': {'rank': 33}}"
27,Ev2sNibbSyCwnnMhMtCuPMYSvbDJAx71q6XXvtmGnVkH,555.0,EofXDEgDWbFtVpkTmWQJuk8b2pvQSjrUfet7vweAk3QS,CpKffy57hqeXUFP6VAVArPpzontjYURg6T3Udhfibeq,shadowy_super_coder_dao,Shadowy Super Coder DAO,https://shadowysupercoder.s3.us-east-2.amazonaws.com/nft/3682.png,Shadowy Super Coder #3682,"""Instead of leaving our financial system at the whims of giant banks, crypto puts the system at the whims of some shadowy, faceless group of super-coders and miners, which doesn’t sound better to me."" - Elizabeth Warren, 2021

To this group of randomly generated Shadowy Super Coders... that sounds a lot better.",image,"[{'address': '71ghWqucipW661X4ht61qvmc3xKQGMBGZxwSDmZrYQmf', 'verified': 1, 'share': 0}, {'address': 'D6wZ5U9onMC578mrKMp5PZtfyc5262426qKsYJW7nT3p', 'verified': 0, 'share': 100}]",500,7dDnu7pAKNZDpU7GNUMrzKX5ZMyKkhTDB5FTfF9Jxj1y,"[{'trait_type': 'Background', 'value': 'Magenta'}, {'trait_type': 'Base Model', 'value': 'Chestnut'}, {'trait_type': 'Desk', 'value': 'Bronze Metal'}, {'trait_type': 'Monitor 1', 'value': 'Surveillance Blue'}, {'trait_type': 'Monitor 2', 'value': 'Hacked'}, {'trait_type': 'Monitor 3', 'value': 'Linux'}, {'trait_type': 'Mouth', 'value': 'Purple Smile'}, {'trait_type': 'Hoodie', 'value': 'Shark Hacker'}, {'trait_type': 'Favorite Programming Language', 'value': 'C++'}]","{'files': [{'uri': 'https://shadowysupercoder.s3.us-east-2.amazonaws.com/nft/3682.png', 'type': 'image/png'}], 'creators': [{'address': 'D6wZ5U9onMC578mrKMp5PZtfyc5262426qKsYJW7nT3p', 'share': 100}], 'category': 'image'}",1,DGNZDSvy6emDXvBuCDRrpLVxcPaEcvKiStvvCivEJ38X,1,{},False,,"{'moonrank': {'rank': 8148}, 'howrare': {'rank': 7763}}"
28,H22gNKE6Z6h8DqDfqxZ2vXR8Lg5c1GSjEmEN7LnsUyqB,960.42,6eFUFZixEfd5L8qdzgpCQFpyyeDLgFBCYqMRXsqPgg2U,CZFmkBzFk3XWk3zPEuEBoPqpPe6zBUGTVxH6KC8iMXGU,shadowy_super_coder_dao,Shadowy Super Coder DAO,https://shadowysupercoder.s3.us-east-2.amazonaws.com/nft/1535.png,Shadowy Super Coder #1535,"""Instead of leaving our financial system at the whims of giant banks, crypto puts the system at the whims of some shadowy, faceless group of super-coders and miners, which doesn’t sound better to me."" - Elizabeth Warren, 2021

To this group of randomly generated Shadowy Super Coders... that sounds a lot better.",image,"[{'address': '71ghWqucipW661X4ht61qvmc3xKQGMBGZxwSDmZrYQmf', 'verified': 1, 'share': 0}, {'address': 'D6wZ5U9onMC578mrKMp5PZtfyc5262426qKsYJW7nT3p', 'verified': 0, 'share': 100}]",500,3f2ftGY3UEzyDJcVHaE2wjefUtPueJcF5Ap7vd3KuBA6,"[{'trait_type': 'Background', 'value': 'Pink'}, {'trait_type': 'Base Model', 'value': 'Natural'}, {'trait_type': 'Desk', 'value': 'Bronze Metal'}, {'trait_type': 'Monitor 1', 'value': 'Barret'}, {'trait_type': 'Monitor 2', 'value': 'Barret'}, {'trait_type': 'Monitor 3', 'value': 'Barret'}, {'trait_type': 'Mouth', 'value': 'Purple Smirk'}, {'trait_type': 'Hoodie', 'value': 'Shark Hacker'}, {'trait_type': 'Favorite Programming Language', 'value': 'Python'}]","{'files': [{'uri': 'https://shadowysupercoder.s3.us-east-2.amazonaws.com/nft/1535.png', 'type': 'image/png'}], 'creators': [{'address': 'D6wZ5U9onMC578mrKMp5PZtfyc5262426qKsYJW7nT3p', 'share': 100}], 'category': 'image'}",1,DGNZDSvy6emDXvBuCDRrpLVxcPaEcvKiStvvCivEJ38X,1,{},False,"{'auctionHouseKey': 'E8cU1WiRWjanGxmn96ewBgk9vPTcL6AEZ1t6F6fkgUWe', 'sellerReferral': 'autMW8SgBkVYeBgqYiTuJZnkvDZMVU2MHJh9Jh7CSQ2', 'expiry': -1}","{'moonrank': {'rank': 1}, 'howrare': {'rank': 1}}"
29,94untfJ3C1RX94Nc2HdjMZRjZwBw196f2WTwwZzwBsqj,999.0,HwzvHkz4rD1turE1DZ63q55rbdqvVy8Nhr9y3ve6SbqK,2cFLgRG77RyKxQMCaBtkyuJgbYrEt1PAxVgQFj1Nvmyp,shadowy_super_coder_dao,Shadowy Super Coder DAO,https://shadowysupercoder.s3.us-east-2.amazonaws.com/nft/5647.png,Shadowy Super Coder #5647,"""Instead of leaving our financial system at the whims of giant banks, crypto puts the system at the whims of some shadowy, faceless group of super-coders and miners, which doesn’t sound better to me."" - Elizabeth Warren, 2021

To this group of randomly generated Shadowy Super Coders... that sounds a lot better.",image,"[{'address': '71ghWqucipW661X4ht61qvmc3xKQGMBGZxwSDmZrYQmf', 'verified': 1, 'share': 0}, {'address': 'D6wZ5U9onMC578mrKMp5PZtfyc5262426qKsYJW7nT3p', 'verified': 0, 'share': 100}]",500,Nif9eC28hykZMm1TKFAaG3fahdMT66yge7oPL2G632h,"[{'trait_type': 'Background', 'value': 'Gold'}, {'trait_type': 'Base Model', 'value': 'Natural'}, {'trait_type': 'Desk', 'value': 'Purple Metal'}, {'trait_type': 'Monitor 1', 'value': 'Steven'}, {'trait_type': 'Monitor 2', 'value': 'Access Granted'}, {'trait_type': 'Monitor 3', 'value': 'Glitch Two'}, {'trait_type': 'Mouth', 'value': 'Pink Smile'}, {'trait_type': 'Hoodie', 'value': 'Unmasked Squid Game Hacker'}, {'trait_type': 'Favorite Programming Language', 'value': 'R'}]","{'files': [{'uri': 'https://shadowysupercoder.s3.us-east-2.amazonaws.com/nft/5647.png', 'type': 'image/png'}], 'creators': [{'address': 'D6wZ5U9onMC578mrKMp5PZtfyc5262426qKsYJW7nT3p', 'share': 100}], 'category': 'image'}",1,DGNZDSvy6emDXvBuCDRrpLVxcPaEcvKiStvvCivEJ38X,1,{},False,,"{'moonrank': {'rank': 2146}, 'howrare': {'rank': 2210}}"
