,id,price,escrowPubkey,owner,collectionName,collectionTitle,img,title,content,externalURL,propertyCategory,creators,sellerFeeBasisPoints,mintAddress,attributes,properties,supply,updateAuthority,primarySaleHappened,onChainCollection,tokenDelegateValid,v2,rarity
0,Fs1BpQnhWmWfUs2Pbk8ucW7ZCXJoKZpRAmw1JwPvreA7,9.55,5Cn4vSQgP8S7PGBsSYUGYtMLRby59SjD5hvdNwkeVUDJ,FYpqCuwotv4RqZG1Rh9CjWz6Q4SztvxXLsK6uHcX1Qcr,zankoku,Zankoku Cybogrez,https://arweave.net/Gx7GJk1Fh3mkvL9HkfZh6bZAz2VT5q4bu1Myq5a1084,Zankoku Cybogrez #62,Cybogrez go BOP BOP,https://zankokuarena.io,image,"[{'address': 'xgLPMgPaFd1mjgP73Ghkogkpokn9AZFQhPAB5nre8m5', 'verified': 1, 'share': 0}, {'address': '52Cy9Xus2JgCszQ9vZq24A4r1gWRgpLLhSG1Bfk1YjNZ', 'verified': 0, 'share': 100}]",1250,CJkSAL8oVRD2i1o99xwd233UK74wGgVr3SFKq4VkqkMZ,"[{'trait_type': 'Background', 'value': 'BG 3'}, {'trait_type': 'Face', 'value': 'Ogre'}, {'trait_type': 'Arms', 'value': 'Ratchet'}, {'trait_type': 'Accessories', 'value': 'Skull'}, {'trait_type': 'Torso', 'value': 'ZOKU003'}, {'trait_type': 'Helmet', 'value': 'Neptune'}, {'trait_type': 'Feet', 'value': 'Mega'}, {'trait_type': 'Bracers', 'value': 'Prime'}, {'trait_type': 'Hands', 'value': 'Geo'}]","{'files': [{'type': 'image/png', 'uri': 'https://arweave.net/Gx7GJk1Fh3mkvL9HkfZh6bZAz2VT5q4bu1Myq5a1084'}], 'category': 'image', 'creators': [{'address': '52Cy9Xus2JgCszQ9vZq24A4r1gWRgpLLhSG1Bfk1YjNZ', 'share': 100}]}",1,ZanzPN8P8kP41jq5gTR5yVQMavndvmSxUhSqrSjY36v,1,{},False,"{'auctionHouseKey': 'E8cU1WiRWjanGxmn96ewBgk9vPTcL6AEZ1t6F6fkgUWe', 'sellerReferral': 'autMW8SgBkVYeBgqYiTuJZnkvDZMVU2MHJh9Jh7CSQ2', 'expiry': -1}",{'moonrank': {'rank': 558}}
1,7jnkfYMDH5SQrSqvaWyEiEGCnqjPb8jmUmTqfCEKcGNf,9.6,H8kRtuvB14nqyd9uCowJMvbkGuPeCMRPKTzPHuNLEZyZ,FYpqCuwotv4RqZG1Rh9CjWz6Q4SztvxXLsK6uHcX1Qcr,zankoku,Zankoku Cybogrez,https://arweave.net/gKEY4rpdRsu7tXrkTS5LC6OTlNQ9OIhnoxGLbEBDjb0,Zankoku Cybogrez #479,Cybogrez go BOP BOP,https://zankokuarena.io,image,"[{'address': 'xgLPMgPaFd1mjgP73Ghkogkpokn9AZFQhPAB5nre8m5', 'verified': 1, 'share': 0}, {'address': '52Cy9Xus2JgCszQ9vZq24A4r1gWRgpLLhSG1Bfk1YjNZ', 'verified': 0, 'share': 100}]",1250,8UEdgrpRYmHvyyvfGCSqwbxGW8US9sGNQchSKxNgbJy6,"[{'trait_type': 'Background', 'value': 'BG 8'}, {'trait_type': 'Face', 'value': 'Ogre'}, {'trait_type': 'Arms', 'value': 'Libra'}, {'trait_type': 'Accessories', 'value': 'Cross Bandaid'}, {'trait_type': 'Torso', 'value': 'ZOKU007'}, {'trait_type': 'Helmet', 'value': 'Golem'}, {'trait_type': 'Feet', 'value': 'Balder'}, {'trait_type': 'Bracers', 'value': 'Aion'}, {'trait_type': 'Hands', 'value': 'Star Crossed'}]","{'files': [{'type': 'image/png', 'uri': 'https://arweave.net/gKEY4rpdRsu7tXrkTS5LC6OTlNQ9OIhnoxGLbEBDjb0'}], 'category': 'image', 'creators': [{'address': '52Cy9Xus2JgCszQ9vZq24A4r1gWRgpLLhSG1Bfk1YjNZ', 'share': 100}]}",1,ZanzPN8P8kP41jq5gTR5yVQMavndvmSxUhSqrSjY36v,1,{},False,"{'auctionHouseKey': 'E8cU1WiRWjanGxmn96ewBgk9vPTcL6AEZ1t6F6fkgUWe', 'sellerReferral': 'autMW8SgBkVYeBgqYiTuJZnkvDZMVU2MHJh9Jh7CSQ2', 'expiry': -1}",{'moonrank': {'rank': 1007}}
2,F4thcMsQ7JNdk7yVfnwazJKyXVyRyWnQgQTjCyCoEH1G,9.69,GbkfGGL2MmhbJQNhpEWbgWW8Jk4nMhK75TE9WvMpqq8q,C3sD6bkxqoARdeMbYwuJmJACfcR2oe6WNVvwhWNygwBq,zankoku,Zankoku Cybogrez,https://arweave.net/FwHF7-j-YStkljDEkAoWvvUV3y8qBTKoTOGm7nilN14,Zankoku Cybogrez #779,Cybogrez go BOP BOP,https://zankokuarena.io,image,"[{'address': 'xgLPMgPaFd1mjgP73Ghkogkpokn9AZFQhPAB5nre8m5', 'verified': 1, 'share': 0}, {'address': '52Cy9Xus2JgCszQ9vZq24A4r1gWRgpLLhSG1Bfk1YjNZ', 'verified': 0, 'share': 100}]",1250,3QcQNKUJ6z5ATxQXfriJGwPz2BUk2kFV7Qh5sR5NLmFX,"[{'trait_type': 'Background', 'value': 'BG 9'}, {'trait_type': 'Face', 'value': 'Ogre'}, {'trait_type': 'Arms', 'value': 'Virgo'}, {'trait_type': 'Accessories', 'value': 'Nose Ring'}, {'trait_type': 'Torso', 'value': 'ZOKU008'}, {'trait_type': 'Helmet', 'value': 'Cyan'}, {'trait_type': 'Feet', 'value': 'Kindred'}, {'trait_type': 'Bracers', 'value': 'Aether'}, {'trait_type': 'Hands', 'value': 'Star Crossed'}]","{'files': [{'type': 'image/png', 'uri': 'https://arweave.net/FwHF7-j-YStkljDEkAoWvvUV3y8qBTKoTOGm7nilN14'}], 'category': 'image', 'creators': [{'address': '52Cy9Xus2JgCszQ9vZq24A4r1gWRgpLLhSG1Bfk1YjNZ', 'share': 100}]}",1,ZanzPN8P8kP41jq5gTR5yVQMavndvmSxUhSqrSjY36v,1,{},False,"{'auctionHouseKey': 'E8cU1WiRWjanGxmn96ewBgk9vPTcL6AEZ1t6F6fkgUWe', 'sellerReferral': 'autMW8SgBkVYeBgqYiTuJZnkvDZMVU2MHJh9Jh7CSQ2', 'expiry': -1}",{'moonrank': {'rank': 515}}
3,GEiVgRR2V3UgPtd8Y5r7GhrHyDDywe8KPR6FMz3k7LHm,9.88,ZxwFJiSXTnYipJbJFkV28xL6jswnRxHHTe45xFZDbde,J4x4kD4hsAMdtawYrnDYuATqPem3PjVpQrtk641yGUYR,zankoku,Zankoku Cybogrez,https://arweave.net/k5cQgwkID11w3iRTAMn9EGbelMasWUwHCMcHAm8IOqw,Zankoku Cybogrez #404,Cybogrez go BOP BOP,https://zankokuarena.io,image,"[{'address': 'xgLPMgPaFd1mjgP73Ghkogkpokn9AZFQhPAB5nre8m5', 'verified': 1, 'share': 0}, {'address': '52Cy9Xus2JgCszQ9vZq24A4r1gWRgpLLhSG1Bfk1YjNZ', 'verified': 0, 'share': 100}]",1250,B6iYKGvKhqYzde6utEeysWzCMd4HavKrsfZMj7TSxjSq,"[{'trait_type': 'Background', 'value': 'BG 5'}, {'trait_type': 'Face', 'value': 'Ogre'}, {'trait_type': 'Arms', 'value': 'Beta'}, {'trait_type': 'Accessories', 'value': 'Tongue'}, {'trait_type': 'Torso', 'value': 'ZOKU018'}, {'trait_type': 'Helmet', 'value': 'Tohth'}, {'trait_type': 'Feet', 'value': 'Mega'}, {'trait_type': 'Bracers', 'value': 'Hera'}, {'trait_type': 'Hands', 'value': 'Sloth'}]","{'files': [{'type': 'image/png', 'uri': 'https://arweave.net/k5cQgwkID11w3iRTAMn9EGbelMasWUwHCMcHAm8IOqw'}], 'category': 'image', 'creators': [{'address': '52Cy9Xus2JgCszQ9vZq24A4r1gWRgpLLhSG1Bfk1YjNZ', 'share': 100}]}",1,ZanzPN8P8kP41jq5gTR5yVQMavndvmSxUhSqrSjY36v,1,{},False,"{'auctionHouseKey': 'E8cU1WiRWjanGxmn96ewBgk9vPTcL6AEZ1t6F6fkgUWe', 'sellerReferral': 'autMW8SgBkVYeBgqYiTuJZnkvDZMVU2MHJh9Jh7CSQ2', 'expiry': -1}",{'moonrank': {'rank': 1080}}
4,MZfuNWmHwGqnySot5pKyTGGHVnb6FSxfthohBhvAekE,9.9,65XNiXR9LDgx9cvEkRrdL7xRBRbw4uMDHDtz574okDpE,8pWRQa2DqN51v45sSbcXwQ8ELi7iPnaYesfVAYN9VdCa,zankoku,Zankoku Cybogrez,https://arweave.net/8pW31hbxzkzW0doGdllwiGBzx0nG1eoEdxlq3sSDB40,Zankoku Cybogrez #167,Cybogrez go BOP BOP,https://zankokuarena.io,image,"[{'address': 'xgLPMgPaFd1mjgP73Ghkogkpokn9AZFQhPAB5nre8m5', 'verified': 1, 'share': 0}, {'address': '52Cy9Xus2JgCszQ9vZq24A4r1gWRgpLLhSG1Bfk1YjNZ', 'verified': 0, 'share': 100}]",1250,5HCKuzKjpG3CDP5VgAH6Pqo3wnNdkQijQz91uni9HNsY,"[{'trait_type': 'Background', 'value': 'BG 14'}, {'trait_type': 'Face', 'value': 'Ogre'}, {'trait_type': 'Arms', 'value': 'Beta'}, {'trait_type': 'Accessories', 'value': 'Alert'}, {'trait_type': 'Torso', 'value': 'ZOKU021'}, {'trait_type': 'Helmet', 'value': 'Domino'}, {'trait_type': 'Feet', 'value': 'Kindred'}, {'trait_type': 'Bracers', 'value': 'Hephaestus'}, {'trait_type': 'Hands', 'value': 'Empress'}]","{'files': [{'type': 'image/png', 'uri': 'https://arweave.net/8pW31hbxzkzW0doGdllwiGBzx0nG1eoEdxlq3sSDB40'}], 'category': 'image', 'creators': [{'address': '52Cy9Xus2JgCszQ9vZq24A4r1gWRgpLLhSG1Bfk1YjNZ', 'share': 100}]}",1,ZanzPN8P8kP41jq5gTR5yVQMavndvmSxUhSqrSjY36v,1,{},False,"{'auctionHouseKey': 'E8cU1WiRWjanGxmn96ewBgk9vPTcL6AEZ1t6F6fkgUWe', 'sellerReferral': 'autMW8SgBkVYeBgqYiTuJZnkvDZMVU2MHJh9Jh7CSQ2', 'expiry': -1}",{'moonrank': {'rank': 751}}
5,9gkXEJBsZYWu4Gi8r5YP68B8UG21dYpYdRUK8W2AL5Zq,10.0,2n3mHpu4FYGguvNbRwxo5YAZQTMiMQjBDaPPHgENZbJM,98RC8iQMye5suXtnqenPtmy6PpJt6SudPu4TWd7Xgne8,zankoku,Zankoku Cybogrez,https://arweave.net/Qevm0PdIIzAt51N9-xygnn67mZEE_zVD6xPQ6mSpN1Q,Zankoku Cybogrez #615,Cybogrez go BOP BOP,https://zankokuarena.io,image,"[{'address': 'xgLPMgPaFd1mjgP73Ghkogkpokn9AZFQhPAB5nre8m5', 'verified': 1, 'share': 0}, {'address': '52Cy9Xus2JgCszQ9vZq24A4r1gWRgpLLhSG1Bfk1YjNZ', 'verified': 0, 'share': 100}]",1250,8gcGj1ZVvMAdCbC2LSzzv8j3iKZGQ8sjEY91meAXhr4y,"[{'trait_type': 'Background', 'value': 'BG 3'}, {'trait_type': 'Face', 'value': 'Ogre'}, {'trait_type': 'Arms', 'value': 'Apollo'}, {'trait_type': 'Accessories', 'value': 'None'}, {'trait_type': 'Torso', 'value': 'ZOKU004'}, {'trait_type': 'Helmet', 'value': 'Clash'}, {'trait_type': 'Feet', 'value': 'Kami'}, {'trait_type': 'Bracers', 'value': 'Hazard'}, {'trait_type': 'Hands', 'value': 'Geo'}]","{'files': [{'type': 'image/png', 'uri': 'https://arweave.net/Qevm0PdIIzAt51N9-xygnn67mZEE_zVD6xPQ6mSpN1Q'}], 'category': 'image', 'creators': [{'address': '52Cy9Xus2JgCszQ9vZq24A4r1gWRgpLLhSG1Bfk1YjNZ', 'share': 100}]}",1,ZanzPN8P8kP41jq5gTR5yVQMavndvmSxUhSqrSjY36v,1,{},False,"{'auctionHouseKey': 'E8cU1WiRWjanGxmn96ewBgk9vPTcL6AEZ1t6F6fkgUWe', 'sellerReferral': 'autMW8SgBkVYeBgqYiTuJZnkvDZMVU2MHJh9Jh7CSQ2', 'expiry': -1}",{'moonrank': {'rank': 803}}
6,DfS2gqtE1DJYjodENosaUC14vSy78vbeGrZnqoKDM9TR,10.45,CTSQMM4pBnGv6M7zvCwggXWasWoo3YHXZTBcyJLrBbM7,AD8eiHiW5z6J8fRMCf3AgkNG88bDX3dgK7QhvyVcPWxK,zankoku,Zankoku Cybogrez,https://arweave.net/WvPXP6_DmCK-O4IkAAadtWURHHp19zM9-T6yY99XaOw,Zankoku Cybogrez #471,Cybogrez go BOP BOP,https://zankokuarena.io,image,"[{'address': 'xgLPMgPaFd1mjgP73Ghkogkpokn9AZFQhPAB5nre8m5', 'verified': 1, 'share': 0}, {'address': '52Cy9Xus2JgCszQ9vZq24A4r1gWRgpLLhSG1Bfk1YjNZ', 'verified': 0, 'share': 100}]",1250,9wq6Vmy8kXkWMhNKK91d3a3BoJELAFNY2bmeTsXZuuT4,"[{'trait_type': 'Background', 'value': 'BG 12'}, {'trait_type': 'Face', 'value': 'Ogre'}, {'trait_type': 'Arms', 'value': 'Umbra'}, {'trait_type': 'Accessories', 'value': 'Sparkle'}, {'trait_type': 'Torso', 'value': 'ZOKU014'}, {'trait_type': 'Helmet', 'value': 'Justice'}, {'trait_type': 'Feet', 'value': 'Kami'}, {'trait_type': 'Bracers', 'value': 'Hera'}, {'trait_type': 'Hands', 'value': 'Enigma'}]","{'files': [{'type': 'image/png', 'uri': 'https://arweave.net/WvPXP6_DmCK-O4IkAAadtWURHHp19zM9-T6yY99XaOw'}], 'category': 'image', 'creators': [{'address': '52Cy9Xus2JgCszQ9vZq24A4r1gWRgpLLhSG1Bfk1YjNZ', 'share': 100}]}",1,ZanzPN8P8kP41jq5gTR5yVQMavndvmSxUhSqrSjY36v,1,{},False,"{'auctionHouseKey': 'E8cU1WiRWjanGxmn96ewBgk9vPTcL6AEZ1t6F6fkgUWe', 'sellerReferral': 'autMW8SgBkVYeBgqYiTuJZnkvDZMVU2MHJh9Jh7CSQ2', 'expiry': -1}",{'moonrank': {'rank': 676}}
7,GxvF4ZR5L6j4L3rfiFuo6uMSsCw5kj9HjMKWBr8rVoa,10.5,6dsBnoVDXTMHGFsQSEwywRdctiVACezAP7iSiTUCRUYn,Hky7oxqSuAPpcfFEByQesCf4v5psDce2FPsHqzBMpjiZ,zankoku,Zankoku Cybogrez,https://arweave.net/86dLboHc16hhhVAcbYLBHv9WhRueouaF6IxfAqob26U,Zankoku Cybogrez #902,Cybogrez go BOP BOP,https://zankokuarena.io,image,"[{'address': 'xgLPMgPaFd1mjgP73Ghkogkpokn9AZFQhPAB5nre8m5', 'verified': 1, 'share': 0}, {'address': '52Cy9Xus2JgCszQ9vZq24A4r1gWRgpLLhSG1Bfk1YjNZ', 'verified': 0, 'share': 100}]",1250,HkdjADojp5aGniWGFFC5EbsZ6W94tWUoEGqo3zLQydk7,"[{'trait_type': 'Background', 'value': 'BG 12'}, {'trait_type': 'Face', 'value': 'Ogre'}, {'trait_type': 'Arms', 'value': 'Shanks'}, {'trait_type': 'Accessories', 'value': 'Sparkle'}, {'trait_type': 'Torso', 'value': 'ZOKU018'}, {'trait_type': 'Helmet', 'value': 'Sethan'}, {'trait_type': 'Feet', 'value': 'Spark'}, {'trait_type': 'Bracers', 'value': 'Ultima'}, {'trait_type': 'Hands', 'value': 'Drako'}]","{'files': [{'type': 'image/png', 'uri': 'https://arweave.net/86dLboHc16hhhVAcbYLBHv9WhRueouaF6IxfAqob26U'}], 'category': 'image', 'creators': [{'address': '52Cy9Xus2JgCszQ9vZq24A4r1gWRgpLLhSG1Bfk1YjNZ', 'share': 100}]}",1,ZanzPN8P8kP41jq5gTR5yVQMavndvmSxUhSqrSjY36v,1,{},False,"{'auctionHouseKey': 'E8cU1WiRWjanGxmn96ewBgk9vPTcL6AEZ1t6F6fkgUWe', 'sellerReferral': 'autMW8SgBkVYeBgqYiTuJZnkvDZMVU2MHJh9Jh7CSQ2', 'expiry': -1}",{'moonrank': {'rank': 887}}
8,5gecc5xN3YEftJNQ9d6WcrMBQVx1vcNLKKD31gAtf8nM,10.5,F4gfziDC4PQRwwVj3b9jmknMfwgaUUR7un2FFhrY98ji,B36KSx3gkWcMm2RPQEaQEV9LUcwjmQBb7GPpJMBfj5Qi,zankoku,Zankoku Cybogrez,https://arweave.net/CUhxTmxZm5EP0hL8-8px-LNzPzQW2t1glbAOYF0poNo,Zankoku Cybogrez #593,Cybogrez go BOP BOP,https://zankokuarena.io,image,"[{'address': 'xgLPMgPaFd1mjgP73Ghkogkpokn9AZFQhPAB5nre8m5', 'verified': 1, 'share': 0}, {'address': '52Cy9Xus2JgCszQ9vZq24A4r1gWRgpLLhSG1Bfk1YjNZ', 'verified': 0, 'share': 100}]",1250,4tRvehuEVxshW9Aw97p7VXKhWTohMNSWCYjoQ6H13S8r,"[{'trait_type': 'Background', 'value': 'BG 5'}, {'trait_type': 'Face', 'value': 'Ogre'}, {'trait_type': 'Arms', 'value': 'Scorpio'}, {'trait_type': 'Accessories', 'value': 'Alert'}, {'trait_type': 'Torso', 'value': 'ZOKU001'}, {'trait_type': 'Helmet', 'value': 'Disco'}, {'trait_type': 'Feet', 'value': 'Mega'}, {'trait_type': 'Bracers', 'value': 'Ultima'}, {'trait_type': 'Hands', 'value': 'Wrath'}]","{'files': [{'type': 'image/png', 'uri': 'https://arweave.net/CUhxTmxZm5EP0hL8-8px-LNzPzQW2t1glbAOYF0poNo'}], 'category': 'image', 'creators': [{'address': '52Cy9Xus2JgCszQ9vZq24A4r1gWRgpLLhSG1Bfk1YjNZ', 'share': 100}]}",1,ZanzPN8P8kP41jq5gTR5yVQMavndvmSxUhSqrSjY36v,1,{},False,"{'auctionHouseKey': 'E8cU1WiRWjanGxmn96ewBgk9vPTcL6AEZ1t6F6fkgUWe', 'sellerReferral': 'autMW8SgBkVYeBgqYiTuJZnkvDZMVU2MHJh9Jh7CSQ2', 'expiry': -1}",{'moonrank': {'rank': 455}}
9,EgMqhiSKFe5p5BnUTcovwcHAmzv5DQJGJUF5ZyPdkHjp,11.5,FPWAhUbrecevVZLPLoKXLSCBALPhWzmxvtpRaRFsqEG1,9WKcrKM9orvvvn8EWVDgkws6CxArPRS1pPoGbuppEuPa,zankoku,Zankoku Cybogrez,https://arweave.net/qkV7dxW070qKOXLE68DPKNkgtKCl2txNmr8zbdeCL1A,Zankoku Cybogrez #922,Cybogrez go BOP BOP,https://zankokuarena.io,image,"[{'address': 'xgLPMgPaFd1mjgP73Ghkogkpokn9AZFQhPAB5nre8m5', 'verified': 1, 'share': 0}, {'address': '52Cy9Xus2JgCszQ9vZq24A4r1gWRgpLLhSG1Bfk1YjNZ', 'verified': 0, 'share': 100}]",1250,9116R4zMi8eQEv4uQqgJAFcW1oQqiBraX6Ru9zG8eMb8,"[{'trait_type': 'Background', 'value': 'BG 21'}, {'trait_type': 'Face', 'value': 'Ogre'}, {'trait_type': 'Arms', 'value': 'Merlin'}, {'trait_type': 'Accessories', 'value': 'None'}, {'trait_type': 'Torso', 'value': 'ZOKU009'}, {'trait_type': 'Helmet', 'value': 'Oath'}, {'trait_type': 'Feet', 'value': 'Berrier'}, {'trait_type': 'Bracers', 'value': 'Ares'}, {'trait_type': 'Hands', 'value': 'STX1313'}]","{'files': [{'type': 'image/png', 'uri': 'https://arweave.net/qkV7dxW070qKOXLE68DPKNkgtKCl2txNmr8zbdeCL1A'}], 'category': 'image', 'creators': [{'address': '52Cy9Xus2JgCszQ9vZq24A4r1gWRgpLLhSG1Bfk1YjNZ', 'share': 100}]}",1,ZanzPN8P8kP41jq5gTR5yVQMavndvmSxUhSqrSjY36v,1,{},False,"{'auctionHouseKey': 'E8cU1WiRWjanGxmn96ewBgk9vPTcL6AEZ1t6F6fkgUWe', 'sellerReferral': 'autMW8SgBkVYeBgqYiTuJZnkvDZMVU2MHJh9Jh7CSQ2', 'expiry': -1}",{'moonrank': {'rank': 399}}
10,4Zhb7wZwVKx3yk11NXsCwzigLNVisU6QgHQ5dPHarweA,11.69,A8ZkWG4igz2vHgVw6Ex49PiiDB3F1PkAyEotvqwPgbYe,AWtswyUPcpGGyfL47paUWsEzHV9ZvR1haiMNEsNRypd3,zankoku,Zankoku Cybogrez,https://arweave.net/nioLwshZrjSFOi8A37_TWJZSw-ce_Kf9Nb9nrM55GVE,Zankoku Cybogrez #862,Cybogrez go BOP BOP,https://zankokuarena.io,image,"[{'address': 'xgLPMgPaFd1mjgP73Ghkogkpokn9AZFQhPAB5nre8m5', 'verified': 1, 'share': 0}, {'address': '52Cy9Xus2JgCszQ9vZq24A4r1gWRgpLLhSG1Bfk1YjNZ', 'verified': 0, 'share': 100}]",1250,FwLhwsgWBRSUbdF5yMUEZqXBcs7yaBk2ahBxVhRcpnWA,"[{'trait_type': 'Background', 'value': 'BG 8'}, {'trait_type': 'Face', 'value': 'Ogre'}, {'trait_type': 'Arms', 'value': 'Virgo'}, {'trait_type': 'Accessories', 'value': 'Tongue'}, {'trait_type': 'Torso', 'value': 'ZOKU001'}, {'trait_type': 'Helmet', 'value': 'Magnum'}, {'trait_type': 'Feet', 'value': 'Mega'}, {'trait_type': 'Bracers', 'value': 'Eros'}, {'trait_type': 'Hands', 'value': 'Star Crossed'}]","{'files': [{'type': 'image/png', 'uri': 'https://arweave.net/nioLwshZrjSFOi8A37_TWJZSw-ce_Kf9Nb9nrM55GVE'}], 'category': 'image', 'creators': [{'address': '52Cy9Xus2JgCszQ9vZq24A4r1gWRgpLLhSG1Bfk1YjNZ', 'share': 100}]}",1,ZanzPN8P8kP41jq5gTR5yVQMavndvmSxUhSqrSjY36v,1,{},False,"{'auctionHouseKey': 'E8cU1WiRWjanGxmn96ewBgk9vPTcL6AEZ1t6F6fkgUWe', 'sellerReferral': 'autMW8SgBkVYeBgqYiTuJZnkvDZMVU2MHJh9Jh7CSQ2', 'expiry': -1}",{'moonrank': {'rank': 602}}
11,4aFSqLiiuhHNis5CCt6c5wihmMT4oKhUmrNZ6XYwjm6u,11.99,95GbvXCUyQrzTzrXxXwR96kRoQpCcscf3M68sYV5NN34,GKHEP7dVH7he7NUmgfNm7uj4kG7HcnJQyRySTPkaxJTi,zankoku,Zankoku Cybogrez,https://arweave.net/Sa8TH8Rrc3Y_oZl3u17czLKfLUyHi7HV40V4WJb2gdY,Zankoku Cybogrez #477,Cybogrez go BOP BOP,https://zankokuarena.io,image,"[{'address': 'xgLPMgPaFd1mjgP73Ghkogkpokn9AZFQhPAB5nre8m5', 'verified': 1, 'share': 0}, {'address': '52Cy9Xus2JgCszQ9vZq24A4r1gWRgpLLhSG1Bfk1YjNZ', 'verified': 0, 'share': 100}]",1250,Cu1KdfSitangyN1P4gCMP4Sh86nuXCjn91RQoY6h1PAc,"[{'trait_type': 'Background', 'value': 'BG 10'}, {'trait_type': 'Face', 'value': 'Ogre'}, {'trait_type': 'Arms', 'value': 'Undine'}, {'trait_type': 'Accessories', 'value': 'Eyebrows'}, {'trait_type': 'Torso', 'value': 'ZOKU017'}, {'trait_type': 'Helmet', 'value': 'Brax'}, {'trait_type': 'Feet', 'value': 'Mako'}, {'trait_type': 'Bracers', 'value': 'Ultima'}, {'trait_type': 'Hands', 'value': 'Chariot'}]","{'files': [{'type': 'image/png', 'uri': 'https://arweave.net/Sa8TH8Rrc3Y_oZl3u17czLKfLUyHi7HV40V4WJb2gdY'}], 'category': 'image', 'creators': [{'address': '52Cy9Xus2JgCszQ9vZq24A4r1gWRgpLLhSG1Bfk1YjNZ', 'share': 100}]}",1,ZanzPN8P8kP41jq5gTR5yVQMavndvmSxUhSqrSjY36v,1,{},False,"{'auctionHouseKey': 'E8cU1WiRWjanGxmn96ewBgk9vPTcL6AEZ1t6F6fkgUWe', 'sellerReferral': 'autMW8SgBkVYeBgqYiTuJZnkvDZMVU2MHJh9Jh7CSQ2', 'expiry': -1}",{'moonrank': {'rank': 168}}
12,E8td9rq1721JLDwhoD3bJseqraVKq5dwWCUg2TZcxVMm,12.0,9zwWeSXWzFjHi2ukovyxfUvQy4iapZqqCrhZ4phjYBeX,979hRxQdK88Zjqq8Svx4B3JL2ztkngPro51b3GVpAhLT,zankoku,Zankoku Cybogrez,https://arweave.net/QHtmXi7J6og7oO2RY40Xh7PbbnahRDBiu10Xern0DZU,Zankoku Cybogrez #1051,Cybogrez go BOP BOP,https://zankokuarena.io,image,"[{'address': 'xgLPMgPaFd1mjgP73Ghkogkpokn9AZFQhPAB5nre8m5', 'verified': 1, 'share': 0}, {'address': '52Cy9Xus2JgCszQ9vZq24A4r1gWRgpLLhSG1Bfk1YjNZ', 'verified': 0, 'share': 100}]",1250,2HwLmW4LoLnmBQtrggNevkSmXSLDUcY7hdPNvUavztnv,"[{'trait_type': 'Background', 'value': 'BG 25'}, {'trait_type': 'Face', 'value': 'Ogre'}, {'trait_type': 'Arms', 'value': 'Ares'}, {'trait_type': 'Accessories', 'value': 'Nose Ring'}, {'trait_type': 'Torso', 'value': 'ZOKU001'}, {'trait_type': 'Helmet', 'value': 'Tohth'}, {'trait_type': 'Feet', 'value': 'Lapras'}, {'trait_type': 'Bracers', 'value': 'Tarto'}, {'trait_type': 'Hands', 'value': 'Wrath'}]","{'files': [{'type': 'image/png', 'uri': 'https://arweave.net/QHtmXi7J6og7oO2RY40Xh7PbbnahRDBiu10Xern0DZU'}], 'category': 'image', 'creators': [{'address': '52Cy9Xus2JgCszQ9vZq24A4r1gWRgpLLhSG1Bfk1YjNZ', 'share': 100}]}",1,ZanzPN8P8kP41jq5gTR5yVQMavndvmSxUhSqrSjY36v,1,{},False,"{'auctionHouseKey': 'E8cU1WiRWjanGxmn96ewBgk9vPTcL6AEZ1t6F6fkgUWe', 'sellerReferral': 'autMW8SgBkVYeBgqYiTuJZnkvDZMVU2MHJh9Jh7CSQ2', 'expiry': -1}",{'moonrank': {'rank': 667}}
13,CB2RfoK2U3gpLv6GSpKDPB9xAxxw2JD6VqRBcgfGFm7n,12.0,CRzM4rBSmuYzKKAGewVvBjyeyRnopvVHvsb2XihuqyKx,7zauX36gGbF9Ymysg9mnzfnJBsSHPTCrjcDZVDPfjMg9,zankoku,Zankoku Cybogrez,https://arweave.net/W2LDAquvmZrljkCRDzb7PkoHKWIAHR76WczP-b8qkj4,Zankoku Cybogrez #747,Cybogrez go BOP BOP,https://zankokuarena.io,image,"[{'address': 'xgLPMgPaFd1mjgP73Ghkogkpokn9AZFQhPAB5nre8m5', 'verified': 1, 'share': 0}, {'address': '52Cy9Xus2JgCszQ9vZq24A4r1gWRgpLLhSG1Bfk1YjNZ', 'verified': 0, 'share': 100}]",1250,8DeNGe3XMqTqvpXEQsJ36HhLBtHytCuhzh342tUHVVNN,"[{'trait_type': 'Background', 'value': 'BG 6'}, {'trait_type': 'Face', 'value': 'Ogre'}, {'trait_type': 'Arms', 'value': 'Mirage'}, {'trait_type': 'Accessories', 'value': 'Skull'}, {'trait_type': 'Torso', 'value': 'ZOKU002'}, {'trait_type': 'Helmet', 'value': 'Cyan'}, {'trait_type': 'Feet', 'value': 'Balder'}, {'trait_type': 'Bracers', 'value': 'Ultima'}, {'trait_type': 'Hands', 'value': 'Purple Haze'}]","{'files': [{'type': 'image/png', 'uri': 'https://arweave.net/W2LDAquvmZrljkCRDzb7PkoHKWIAHR76WczP-b8qkj4'}], 'category': 'image', 'creators': [{'address': '52Cy9Xus2JgCszQ9vZq24A4r1gWRgpLLhSG1Bfk1YjNZ', 'share': 100}]}",1,ZanzPN8P8kP41jq5gTR5yVQMavndvmSxUhSqrSjY36v,1,{},False,"{'auctionHouseKey': 'E8cU1WiRWjanGxmn96ewBgk9vPTcL6AEZ1t6F6fkgUWe', 'sellerReferral': 'autMW8SgBkVYeBgqYiTuJZnkvDZMVU2MHJh9Jh7CSQ2', 'expiry': -1}",{'moonrank': {'rank': 117}}
14,AvRQZm48AZifxVov4TdjebVaTri7t4PcaFeQUHqZQHwz,12.0,2n3GYMAHstNKc98Uv3Y46Ei3LRBqfiFhfwXJ4r21hHPz,B36KSx3gkWcMm2RPQEaQEV9LUcwjmQBb7GPpJMBfj5Qi,zankoku,Zankoku Cybogrez,https://arweave.net/hx00Nja1HHMJOfv7xxBbeTPoDZcbZcAOF133K44MpDY,Zankoku Cybogrez #196,Cybogrez go BOP BOP,https://zankokuarena.io,image,"[{'address': 'xgLPMgPaFd1mjgP73Ghkogkpokn9AZFQhPAB5nre8m5', 'verified': 1, 'share': 0}, {'address': '52Cy9Xus2JgCszQ9vZq24A4r1gWRgpLLhSG1Bfk1YjNZ', 'verified': 0, 'share': 100}]",1250,6RyQDAybCUH18WVuuMZoMe6Qv7zPFBpWTyuVsigD5uNu,"[{'trait_type': 'Background', 'value': 'BG 2'}, {'trait_type': 'Face', 'value': 'Ogre'}, {'trait_type': 'Arms', 'value': 'Shanks'}, {'trait_type': 'Accessories', 'value': 'Sparkle'}, {'trait_type': 'Torso', 'value': 'ZOKU007'}, {'trait_type': 'Helmet', 'value': 'Chaser'}, {'trait_type': 'Feet', 'value': 'Delta'}, {'trait_type': 'Bracers', 'value': 'Hermes'}, {'trait_type': 'Hands', 'value': 'Lust'}]","{'files': [{'type': 'image/png', 'uri': 'https://arweave.net/hx00Nja1HHMJOfv7xxBbeTPoDZcbZcAOF133K44MpDY'}], 'category': 'image', 'creators': [{'address': '52Cy9Xus2JgCszQ9vZq24A4r1gWRgpLLhSG1Bfk1YjNZ', 'share': 100}]}",1,ZanzPN8P8kP41jq5gTR5yVQMavndvmSxUhSqrSjY36v,1,{},False,"{'auctionHouseKey': 'E8cU1WiRWjanGxmn96ewBgk9vPTcL6AEZ1t6F6fkgUWe', 'sellerReferral': 'autMW8SgBkVYeBgqYiTuJZnkvDZMVU2MHJh9Jh7CSQ2', 'expiry': -1}",{'moonrank': {'rank': 316}}
15,7zCB7Uvp3brNyAYarrfFoVnS9FwV7D59hamRwt5YR2Qf,12.0,5M2gA9bKCTotX6EzFhuETwDxLCSk3iBKCrmB6h1qizYV,EVDiTiUyVoX1dG7nQJM1x6YyjMdtZ7wBYe6riw7K1zz2,zankoku,Zankoku Cybogrez,https://arweave.net/_r_xZEQUBfcy4p9kR-EkeIzDC-R1Fytm9oZghmLWCQw,Zankoku Cybogrez #67,Cybogrez go BOP BOP,https://zankokuarena.io,image,"[{'address': 'xgLPMgPaFd1mjgP73Ghkogkpokn9AZFQhPAB5nre8m5', 'verified': 1, 'share': 0}, {'address': '52Cy9Xus2JgCszQ9vZq24A4r1gWRgpLLhSG1Bfk1YjNZ', 'verified': 0, 'share': 100}]",1250,J5ku3qoHSxQTHZJcNKZz1XJiBvAoZ556Ws7APux7UQNp,"[{'trait_type': 'Background', 'value': 'BG 12'}, {'trait_type': 'Face', 'value': 'Ogre'}, {'trait_type': 'Arms', 'value': 'Apollo'}, {'trait_type': 'Accessories', 'value': '3D Glasses'}, {'trait_type': 'Torso', 'value': 'ZOKU003'}, {'trait_type': 'Helmet', 'value': 'Henma'}, {'trait_type': 'Feet', 'value': 'Bronze'}, {'trait_type': 'Bracers', 'value': 'Eros'}, {'trait_type': 'Hands', 'value': 'Geo'}]","{'files': [{'type': 'image/png', 'uri': 'https://arweave.net/_r_xZEQUBfcy4p9kR-EkeIzDC-R1Fytm9oZghmLWCQw'}], 'category': 'image', 'creators': [{'address': '52Cy9Xus2JgCszQ9vZq24A4r1gWRgpLLhSG1Bfk1YjNZ', 'share': 100}]}",1,ZanzPN8P8kP41jq5gTR5yVQMavndvmSxUhSqrSjY36v,1,{},False,"{'auctionHouseKey': 'E8cU1WiRWjanGxmn96ewBgk9vPTcL6AEZ1t6F6fkgUWe', 'sellerReferral': 'autMW8SgBkVYeBgqYiTuJZnkvDZMVU2MHJh9Jh7CSQ2', 'expiry': -1}",{'moonrank': {'rank': 1050}}
16,AFfaHbcitK5k8SQgpgJkdUvGGnCckZiZCbkLTy66pTBa,12.44,49cckx4quq5rdhtTt4GRseGcDHUb7RZAuiU2QoMyYe9v,j69MV9Uc6HBhtiQNMk6X686YBwmTbE8zZTP3LSAgnPo,zankoku,Zankoku Cybogrez,https://arweave.net/hAgfxq2hyKNhrhoeyWHLEkQil_d0hkVhP5viSXAEMWM,Zankoku Cybogrez #442,Cybogrez go BOP BOP,https://zankokuarena.io,image,"[{'address': 'xgLPMgPaFd1mjgP73Ghkogkpokn9AZFQhPAB5nre8m5', 'verified': 1, 'share': 0}, {'address': '52Cy9Xus2JgCszQ9vZq24A4r1gWRgpLLhSG1Bfk1YjNZ', 'verified': 0, 'share': 100}]",1250,Qe2Vpdnw5wqsqt1H5i3aguUfgbUCv5nywm2W8iNwM6Q,"[{'trait_type': 'Background', 'value': 'BG 15'}, {'trait_type': 'Face', 'value': 'Ogre'}, {'trait_type': 'Arms', 'value': 'Beta'}, {'trait_type': 'Accessories', 'value': 'Ded'}, {'trait_type': 'Torso', 'value': 'ZOKU014'}, {'trait_type': 'Helmet', 'value': 'Sethan'}, {'trait_type': 'Feet', 'value': 'Delta'}, {'trait_type': 'Bracers', 'value': 'Eros'}, {'trait_type': 'Hands', 'value': 'Lust'}]","{'files': [{'type': 'image/png', 'uri': 'https://arweave.net/hAgfxq2hyKNhrhoeyWHLEkQil_d0hkVhP5viSXAEMWM'}], 'category': 'image', 'creators': [{'address': '52Cy9Xus2JgCszQ9vZq24A4r1gWRgpLLhSG1Bfk1YjNZ', 'share': 100}]}",1,ZanzPN8P8kP41jq5gTR5yVQMavndvmSxUhSqrSjY36v,1,{},False,"{'auctionHouseKey': 'E8cU1WiRWjanGxmn96ewBgk9vPTcL6AEZ1t6F6fkgUWe', 'sellerReferral': 'autMW8SgBkVYeBgqYiTuJZnkvDZMVU2MHJh9Jh7CSQ2', 'expiry': -1}",{'moonrank': {'rank': 798}}
17,EC4n7fQig7dqNb8X4XpkTQM1mHcYd4eNuBMumYd98xgk,12.5,2D5DFJNK2hitVjxowcgYnm7tPeJMkRmEsjxC7HMankYh,Dd34CeD99ZWhXgBMdbva9ZSJLgiZoMgwazUCaAFQsCsQ,zankoku,Zankoku Cybogrez,https://arweave.net/3W-oPKoaUMu2agS35n-C4b3zxeRSWqsy7iOPNk7JutU,Zankoku Cybogrez #1065,Cybogrez go BOP BOP,https://zankokuarena.io,image,"[{'address': 'xgLPMgPaFd1mjgP73Ghkogkpokn9AZFQhPAB5nre8m5', 'verified': 1, 'share': 0}, {'address': '52Cy9Xus2JgCszQ9vZq24A4r1gWRgpLLhSG1Bfk1YjNZ', 'verified': 0, 'share': 100}]",1250,8219DFHgPSnebChrpZwPNfsEsX1U6cW7c8XUJtn71auo,"[{'trait_type': 'Background', 'value': 'BG 16'}, {'trait_type': 'Face', 'value': 'Ogre'}, {'trait_type': 'Arms', 'value': 'Kappa'}, {'trait_type': 'Accessories', 'value': 'None'}, {'trait_type': 'Torso', 'value': 'ZOKU006'}, {'trait_type': 'Helmet', 'value': 'Disco'}, {'trait_type': 'Feet', 'value': 'Thor'}, {'trait_type': 'Bracers', 'value': 'Tarto'}, {'trait_type': 'Hands', 'value': 'Kiss'}]","{'files': [{'type': 'image/png', 'uri': 'https://arweave.net/3W-oPKoaUMu2agS35n-C4b3zxeRSWqsy7iOPNk7JutU'}], 'category': 'image', 'creators': [{'address': '52Cy9Xus2JgCszQ9vZq24A4r1gWRgpLLhSG1Bfk1YjNZ', 'share': 100}]}",1,ZanzPN8P8kP41jq5gTR5yVQMavndvmSxUhSqrSjY36v,1,{},False,"{'auctionHouseKey': 'E8cU1WiRWjanGxmn96ewBgk9vPTcL6AEZ1t6F6fkgUWe', 'sellerReferral': 'autMW8SgBkVYeBgqYiTuJZnkvDZMVU2MHJh9Jh7CSQ2', 'expiry': -1}",{'moonrank': {'rank': 916}}
18,FzqzDcM3Svfj1Kb164QFiPrDJBVCudKxh2wjgbXwazac,13.9,4sznd8MfuZAS8nDZ5vsGzbwY2NXHjzQ8jhFKyTJsynLu,5LwavMEtM5KDLFzMQtV2n7h5598CQ37eXQwwvih5em2k,zankoku,Zankoku Cybogrez,https://arweave.net/zNRWAqTQHcvbBLEuPF_g8Req7Dn1O17mM6YJdh6XhRo,Zankoku Cybogrez #710,Cybogrez go BOP BOP,https://zankokuarena.io,image,"[{'address': 'xgLPMgPaFd1mjgP73Ghkogkpokn9AZFQhPAB5nre8m5', 'verified': 1, 'share': 0}, {'address': '52Cy9Xus2JgCszQ9vZq24A4r1gWRgpLLhSG1Bfk1YjNZ', 'verified': 0, 'share': 100}]",1250,HpsFUYya3JSsDLBTCKFgLopS5TSwkMA1ShKkbtuJPDqB,"[{'trait_type': 'Background', 'value': 'BG 1'}, {'trait_type': 'Face', 'value': 'Ogre'}, {'trait_type': 'Arms', 'value': 'Libra'}, {'trait_type': 'Accessories', 'value': 'Eyebrow Ring Blue'}, {'trait_type': 'Torso', 'value': 'ZOKU012'}, {'trait_type': 'Helmet', 'value': 'Sethan'}, {'trait_type': 'Feet', 'value': 'Hercule'}, {'trait_type': 'Bracers', 'value': 'Hera'}, {'trait_type': 'Hands', 'value': 'STX1313'}]","{'files': [{'type': 'image/png', 'uri': 'https://arweave.net/zNRWAqTQHcvbBLEuPF_g8Req7Dn1O17mM6YJdh6XhRo'}], 'category': 'image', 'creators': [{'address': '52Cy9Xus2JgCszQ9vZq24A4r1gWRgpLLhSG1Bfk1YjNZ', 'share': 100}]}",1,ZanzPN8P8kP41jq5gTR5yVQMavndvmSxUhSqrSjY36v,1,{},False,"{'auctionHouseKey': 'E8cU1WiRWjanGxmn96ewBgk9vPTcL6AEZ1t6F6fkgUWe', 'sellerReferral': 'autMW8SgBkVYeBgqYiTuJZnkvDZMVU2MHJh9Jh7CSQ2', 'expiry': -1}",{'moonrank': {'rank': 901}}
19,BiVbpvXUd8FoyaCPQPq1c7TK9meUUy9ekyMzuHdB6q1r,14.0,Ayb6kyXmntSrkrvxRDhKNMKv5vZergtA25xYmjWaviWz,G7rATcoTZfyqskUmghuYy7jGGhD55dGukMdRUnVkXbQS,zankoku,Zankoku Cybogrez,https://arweave.net/VESSC5D6eJJ1ODqFjRfu-54ZQSdBfLSXb5pebMLIe_g,Zankoku Cybogrez #1103,Cybogrez go BOP BOP,https://zankokuarena.io,image,"[{'address': 'xgLPMgPaFd1mjgP73Ghkogkpokn9AZFQhPAB5nre8m5', 'verified': 1, 'share': 0}, {'address': '52Cy9Xus2JgCszQ9vZq24A4r1gWRgpLLhSG1Bfk1YjNZ', 'verified': 0, 'share': 100}]",1250,FqGKXVF8jLVknr6J4kf8anmj1jKQfDUSuH2Q4juAPfMq,"[{'trait_type': 'Background', 'value': 'BG 10'}, {'trait_type': 'Face', 'value': 'Ogre'}, {'trait_type': 'Arms', 'value': 'Merlin'}, {'trait_type': 'Accessories', 'value': 'Glasses'}, {'trait_type': 'Torso', 'value': 'ZOKU006'}, {'trait_type': 'Helmet', 'value': 'Golem'}, {'trait_type': 'Feet', 'value': 'Mega'}, {'trait_type': 'Bracers', 'value': 'Kronos'}, {'trait_type': 'Hands', 'value': 'Drako'}]","{'files': [{'type': 'image/png', 'uri': 'https://arweave.net/VESSC5D6eJJ1ODqFjRfu-54ZQSdBfLSXb5pebMLIe_g'}], 'category': 'image', 'creators': [{'address': '52Cy9Xus2JgCszQ9vZq24A4r1gWRgpLLhSG1Bfk1YjNZ', 'share': 100}]}",1,ZanzPN8P8kP41jq5gTR5yVQMavndvmSxUhSqrSjY36v,1,{},False,"{'auctionHouseKey': 'E8cU1WiRWjanGxmn96ewBgk9vPTcL6AEZ1t6F6fkgUWe', 'sellerReferral': 'autMW8SgBkVYeBgqYiTuJZnkvDZMVU2MHJh9Jh7CSQ2', 'expiry': -1}",{'moonrank': {'rank': 144}}
20,DNg6fVr4gTSe8J5i7fLSRzgCRLLTbo6xJormH9ArxtR4,15.0,HtWv6iqp9NtFWUVa4aVDtDujhMTZvhArSfM28ND1sS7T,8CGGb8BKA55XMQiiAYLLXobRDC4WtwKzDQ8u2a83aSQP,zankoku,Zankoku Cybogrez,https://arweave.net/ZP4yqw_kUFtfP3jWWJNgLJiFIM32YM9K9hrFfHx6UYY,Zankoku Cybogrez #503,Cybogrez go BOP BOP,https://zankokuarena.io,image,"[{'address': 'xgLPMgPaFd1mjgP73Ghkogkpokn9AZFQhPAB5nre8m5', 'verified': 1, 'share': 0}, {'address': '52Cy9Xus2JgCszQ9vZq24A4r1gWRgpLLhSG1Bfk1YjNZ', 'verified': 0, 'share': 100}]",1250,E6hHBUZGQEqbnteEVds5G7bhne1WmvW5eRjeGYD6kzme,"[{'trait_type': 'Background', 'value': 'BG 25'}, {'trait_type': 'Face', 'value': 'Ogre'}, {'trait_type': 'Arms', 'value': 'Beta'}, {'trait_type': 'Accessories', 'value': 'Eyebrow Ring Blue'}, {'trait_type': 'Torso', 'value': 'ZOKU003'}, {'trait_type': 'Helmet', 'value': 'Brax'}, {'trait_type': 'Feet', 'value': 'Wasp'}, {'trait_type': 'Bracers', 'value': 'Aion'}, {'trait_type': 'Hands', 'value': 'Sloth'}]","{'files': [{'type': 'image/png', 'uri': 'https://arweave.net/ZP4yqw_kUFtfP3jWWJNgLJiFIM32YM9K9hrFfHx6UYY'}], 'category': 'image', 'creators': [{'address': '52Cy9Xus2JgCszQ9vZq24A4r1gWRgpLLhSG1Bfk1YjNZ', 'share': 100}]}",1,ZanzPN8P8kP41jq5gTR5yVQMavndvmSxUhSqrSjY36v,1,{},False,"{'auctionHouseKey': 'E8cU1WiRWjanGxmn96ewBgk9vPTcL6AEZ1t6F6fkgUWe', 'sellerReferral': 'autMW8SgBkVYeBgqYiTuJZnkvDZMVU2MHJh9Jh7CSQ2', 'expiry': -1}",{'moonrank': {'rank': 471}}
21,FBpHXzxghEW13nTtaM8Z27g4dSTDjDziC7FnvnonUeE5,15.0,DNZf5iktmG5NdjpK4MhDFtLN5J5EwxKuHoMxbJ7fUczC,8C1Dn5zbvLftJ2vmmRcxq9pxfbHauWCjionXzF4LLhsy,zankoku,Zankoku Cybogrez,https://arweave.net/B8zvQnyG8RYvxY0RjE-1JLeMZBwRbYGxGYHO4Qu1cyw,Zankoku Cybogrez #888,Cybogrez go BOP BOP,https://zankokuarena.io,image,"[{'address': 'xgLPMgPaFd1mjgP73Ghkogkpokn9AZFQhPAB5nre8m5', 'verified': 1, 'share': 0}, {'address': '52Cy9Xus2JgCszQ9vZq24A4r1gWRgpLLhSG1Bfk1YjNZ', 'verified': 0, 'share': 100}]",1250,6Ffrg9D1XvvoWjLYuNzcH6M4C8Yf7GgbCjzA2mk9vWuU,"[{'trait_type': 'Background', 'value': 'BG 21'}, {'trait_type': 'Face', 'value': 'Ogre'}, {'trait_type': 'Arms', 'value': 'Ares'}, {'trait_type': 'Accessories', 'value': 'Bandaid'}, {'trait_type': 'Torso', 'value': 'ZOKU006'}, {'trait_type': 'Helmet', 'value': 'Clash'}, {'trait_type': 'Feet', 'value': 'Nova'}, {'trait_type': 'Bracers', 'value': 'Fane'}, {'trait_type': 'Hands', 'value': 'Enigma'}]","{'files': [{'type': 'image/png', 'uri': 'https://arweave.net/B8zvQnyG8RYvxY0RjE-1JLeMZBwRbYGxGYHO4Qu1cyw'}], 'category': 'image', 'creators': [{'address': '52Cy9Xus2JgCszQ9vZq24A4r1gWRgpLLhSG1Bfk1YjNZ', 'share': 100}]}",1,ZanzPN8P8kP41jq5gTR5yVQMavndvmSxUhSqrSjY36v,1,{},False,"{'auctionHouseKey': 'E8cU1WiRWjanGxmn96ewBgk9vPTcL6AEZ1t6F6fkgUWe', 'sellerReferral': 'autMW8SgBkVYeBgqYiTuJZnkvDZMVU2MHJh9Jh7CSQ2', 'expiry': -1}",{'moonrank': {'rank': 462}}
22,5kypCcGd33rnWsEsmeEB2iDH2oPLxrR3aJRRZ14e1aS8,15.0,8dtTQNUJ45oGR1smfU1VakbyBKuiE3WSmM4r8W2HRfxm,7gPLFdVdSJPTFV7ruyFS5bJUZWtmZu3bqRG5tLhKmXJR,zankoku,Zankoku Cybogrez,https://arweave.net/krTWhW4DHlsWA8SZVMvzPrC_gGm6v5QuK7GiT2SY8MY,Zankoku Cybogrez #887,Cybogrez go BOP BOP,https://zankokuarena.io,image,"[{'address': 'xgLPMgPaFd1mjgP73Ghkogkpokn9AZFQhPAB5nre8m5', 'verified': 1, 'share': 0}, {'address': '52Cy9Xus2JgCszQ9vZq24A4r1gWRgpLLhSG1Bfk1YjNZ', 'verified': 0, 'share': 100}]",1250,BYQqu2ymSgtApFHs4XVGaTZyAjJP22tjBNa9EF7F2wRH,"[{'trait_type': 'Background', 'value': 'BG 4'}, {'trait_type': 'Face', 'value': 'Ogre'}, {'trait_type': 'Arms', 'value': 'Scorpio'}, {'trait_type': 'Accessories', 'value': 'Nose Ring'}, {'trait_type': 'Torso', 'value': 'ZOKU023'}, {'trait_type': 'Helmet', 'value': 'Cyan'}, {'trait_type': 'Feet', 'value': 'Hero'}, {'trait_type': 'Bracers', 'value': 'Aether'}, {'trait_type': 'Hands', 'value': 'Emperor'}]","{'files': [{'type': 'image/png', 'uri': 'https://arweave.net/krTWhW4DHlsWA8SZVMvzPrC_gGm6v5QuK7GiT2SY8MY'}], 'category': 'image', 'creators': [{'address': '52Cy9Xus2JgCszQ9vZq24A4r1gWRgpLLhSG1Bfk1YjNZ', 'share': 100}]}",1,ZanzPN8P8kP41jq5gTR5yVQMavndvmSxUhSqrSjY36v,1,{},False,"{'auctionHouseKey': 'E8cU1WiRWjanGxmn96ewBgk9vPTcL6AEZ1t6F6fkgUWe', 'sellerReferral': 'autMW8SgBkVYeBgqYiTuJZnkvDZMVU2MHJh9Jh7CSQ2', 'expiry': -1}",{'moonrank': {'rank': 927}}
23,3E5VRnPbBmNGsJWHBkDoLUV7D7VhjL6EpMFHWYshPvjx,19.69,9Bs5QFQJ6UJJqgbwdkrTi1L2YbvLtr5Xo9LSJJzFRQwE,C3sD6bkxqoARdeMbYwuJmJACfcR2oe6WNVvwhWNygwBq,zankoku,Zankoku Cybogrez,https://arweave.net/FnwfZMdkiBPApMhVyJ0O3k24bC-X9Anl-_DtxZpphzY,Zankoku Cybogrez #986,Cybogrez go BOP BOP,https://zankokuarena.io,image,"[{'address': 'xgLPMgPaFd1mjgP73Ghkogkpokn9AZFQhPAB5nre8m5', 'verified': 1, 'share': 0}, {'address': '52Cy9Xus2JgCszQ9vZq24A4r1gWRgpLLhSG1Bfk1YjNZ', 'verified': 0, 'share': 100}]",1250,65PP28CWfVFNmsuFi1nzxjYGFvq28fwy6dcfy4c4rCRD,"[{'trait_type': 'Background', 'value': 'BG 18'}, {'trait_type': 'Face', 'value': 'Ogre'}, {'trait_type': 'Arms', 'value': 'Merlin'}, {'trait_type': 'Accessories', 'value': 'Eyebrow Ring Blue'}, {'trait_type': 'Torso', 'value': 'ZOKU011'}, {'trait_type': 'Helmet', 'value': 'Magnum'}, {'trait_type': 'Feet', 'value': 'Lapras'}, {'trait_type': 'Bracers', 'value': 'Bacchus'}, {'trait_type': 'Hands', 'value': 'Survivor'}]","{'files': [{'type': 'image/png', 'uri': 'https://arweave.net/FnwfZMdkiBPApMhVyJ0O3k24bC-X9Anl-_DtxZpphzY'}], 'category': 'image', 'creators': [{'address': '52Cy9Xus2JgCszQ9vZq24A4r1gWRgpLLhSG1Bfk1YjNZ', 'share': 100}]}",1,ZanzPN8P8kP41jq5gTR5yVQMavndvmSxUhSqrSjY36v,1,{},False,"{'auctionHouseKey': 'E8cU1WiRWjanGxmn96ewBgk9vPTcL6AEZ1t6F6fkgUWe', 'sellerReferral': 'autMW8SgBkVYeBgqYiTuJZnkvDZMVU2MHJh9Jh7CSQ2', 'expiry': -1}",{'moonrank': {'rank': 100}}
24,5aXm3Q4fqvV3ghkqr1NQ2x7RcSaNSEEYN3GRWEJRHqBU,20.0,5vcJgvXiyvLPB1sHLVRYJLtcyCXuBXXDpZNckzSQptpw,2kP4iJ1WJmEGmfW3jtpFRqjnhASCZP7QYG87idELADVX,zankoku,Zankoku Cybogrez,https://arweave.net/P2rppDPCideF004Nzqv_tMJpVcH1-PPZdVPJA0xjYvQ,Zankoku Cybogrez #713,Cybogrez go BOP BOP,https://zankokuarena.io,image,"[{'address': 'xgLPMgPaFd1mjgP73Ghkogkpokn9AZFQhPAB5nre8m5', 'verified': 1, 'share': 0}, {'address': '52Cy9Xus2JgCszQ9vZq24A4r1gWRgpLLhSG1Bfk1YjNZ', 'verified': 0, 'share': 100}]",1250,AMBdboLZr5yeqheoCuXqQFKk9HhQvGFNvhA258QmmWwm,"[{'trait_type': 'Background', 'value': 'BG 25'}, {'trait_type': 'Face', 'value': 'Ogre'}, {'trait_type': 'Arms', 'value': 'Beta'}, {'trait_type': 'Accessories', 'value': 'Skull'}, {'trait_type': 'Torso', 'value': 'ZOKU018'}, {'trait_type': 'Helmet', 'value': 'Oath'}, {'trait_type': 'Feet', 'value': 'Balder'}, {'trait_type': 'Bracers', 'value': 'Alpha'}, {'trait_type': 'Hands', 'value': 'Drako'}]","{'files': [{'type': 'image/png', 'uri': 'https://arweave.net/P2rppDPCideF004Nzqv_tMJpVcH1-PPZdVPJA0xjYvQ'}], 'category': 'image', 'creators': [{'address': '52Cy9Xus2JgCszQ9vZq24A4r1gWRgpLLhSG1Bfk1YjNZ', 'share': 100}]}",1,ZanzPN8P8kP41jq5gTR5yVQMavndvmSxUhSqrSjY36v,1,{},False,"{'auctionHouseKey': 'E8cU1WiRWjanGxmn96ewBgk9vPTcL6AEZ1t6F6fkgUWe', 'sellerReferral': 'autMW8SgBkVYeBgqYiTuJZnkvDZMVU2MHJh9Jh7CSQ2', 'expiry': -1}",{'moonrank': {'rank': 396}}
25,EUHPfdmEkhXBvigc7B7ZLtijDE34SJkLAdWmZNcNTDPa,20.0,4HunhczxpWuTumRPKboNkADKyXkNedAHUVVQUXS9i6qn,2bgK3aLPPzXYNmqohSijJYomR4KANDVGwUWQke5GirKU,zankoku,Zankoku Cybogrez,https://arweave.net/qeBgUCoOMbNWQjJYGZEPb7sVLDMAqhr8jeO1Or14Msk,Zankoku Cybogrez #467,Cybogrez go BOP BOP,https://zankokuarena.io,image,"[{'address': 'xgLPMgPaFd1mjgP73Ghkogkpokn9AZFQhPAB5nre8m5', 'verified': 1, 'share': 0}, {'address': '52Cy9Xus2JgCszQ9vZq24A4r1gWRgpLLhSG1Bfk1YjNZ', 'verified': 0, 'share': 100}]",1250,Bg5dY3SMDxFoEpKvKWcHoLuCDZPEaSPzUsRRMFKUjjre,"[{'trait_type': 'Background', 'value': 'BG 8'}, {'trait_type': 'Face', 'value': 'Ogre'}, {'trait_type': 'Arms', 'value': 'Mirage'}, {'trait_type': 'Accessories', 'value': 'Songbird'}, {'trait_type': 'Torso', 'value': 'ZOKU020'}, {'trait_type': 'Helmet', 'value': 'Chaser'}, {'trait_type': 'Feet', 'value': 'Reign'}, {'trait_type': 'Bracers', 'value': 'Hermes'}, {'trait_type': 'Hands', 'value': 'STX1313'}]","{'files': [{'type': 'image/png', 'uri': 'https://arweave.net/qeBgUCoOMbNWQjJYGZEPb7sVLDMAqhr8jeO1Or14Msk'}], 'category': 'image', 'creators': [{'address': '52Cy9Xus2JgCszQ9vZq24A4r1gWRgpLLhSG1Bfk1YjNZ', 'share': 100}]}",1,ZanzPN8P8kP41jq5gTR5yVQMavndvmSxUhSqrSjY36v,1,{},False,"{'auctionHouseKey': 'E8cU1WiRWjanGxmn96ewBgk9vPTcL6AEZ1t6F6fkgUWe', 'sellerReferral': 'autMW8SgBkVYeBgqYiTuJZnkvDZMVU2MHJh9Jh7CSQ2', 'expiry': -1}",{'moonrank': {'rank': 31}}
26,9jahmM7SbWH9y9Ppx7oiB46bsgeMndYUVYoM9kFdFafN,20.0,FKZJopY34tVAuGzQdzzEgBv4qfPjCbpZqxWKcDfPc4Ju,F6yQvCtyV8hv4P5Wnapz86M6eHASm8e1bPbrvA5qZcDK,zankoku,Zankoku Cybogrez,https://arweave.net/KvUZ0CpMKNS2KbcP8SoxncVK6KZWlZ0RhljXG17W6FM,Zankoku Cybogrez #59,Cybogrez go BOP BOP,https://zankokuarena.io,image,"[{'address': 'xgLPMgPaFd1mjgP73Ghkogkpokn9AZFQhPAB5nre8m5', 'verified': 1, 'share': 0}, {'address': '52Cy9Xus2JgCszQ9vZq24A4r1gWRgpLLhSG1Bfk1YjNZ', 'verified': 0, 'share': 100}]",1250,7DataF7t2P3KNzkz74STG5PRZ6jHLqmjQU6hU4ZQn7HR,"[{'trait_type': 'Background', 'value': 'BG 24'}, {'trait_type': 'Face', 'value': 'Ogre'}, {'trait_type': 'Arms', 'value': 'Gemin'}, {'trait_type': 'Accessories', 'value': 'Horns'}, {'trait_type': 'Torso', 'value': 'ZOKU001'}, {'trait_type': 'Helmet', 'value': 'Seige'}, {'trait_type': 'Feet', 'value': 'Thor'}, {'trait_type': 'Bracers', 'value': 'Athena'}, {'trait_type': 'Hands', 'value': 'Drako'}]","{'files': [{'type': 'image/png', 'uri': 'https://arweave.net/KvUZ0CpMKNS2KbcP8SoxncVK6KZWlZ0RhljXG17W6FM'}], 'category': 'image', 'creators': [{'address': '52Cy9Xus2JgCszQ9vZq24A4r1gWRgpLLhSG1Bfk1YjNZ', 'share': 100}]}",1,ZanzPN8P8kP41jq5gTR5yVQMavndvmSxUhSqrSjY36v,1,{},False,"{'auctionHouseKey': 'E8cU1WiRWjanGxmn96ewBgk9vPTcL6AEZ1t6F6fkgUWe', 'sellerReferral': 'autMW8SgBkVYeBgqYiTuJZnkvDZMVU2MHJh9Jh7CSQ2', 'expiry': -1}",{'moonrank': {'rank': 758}}
27,7WoPZz882HqSJ3RpnNsdQwxBKNvA7riqAVMke6CSnbrE,20.0,EnqU7uwjvQnvTu21AKFjS2PVfr11274NbVsazwMrzqyn,HR4kzNYBPLkVTYrYULUwXpToE5rXovj3fHjiqASBpTuZ,zankoku,Zankoku Cybogrez,https://arweave.net/BDGBkdQdIc2BfY4LoZ7KB-VKamkp5c4w-Ok7iFOMFjA,Zankoku Cybogrez #548,Cybogrez go BOP BOP,https://zankokuarena.io,image,"[{'address': 'xgLPMgPaFd1mjgP73Ghkogkpokn9AZFQhPAB5nre8m5', 'verified': 1, 'share': 0}, {'address': '52Cy9Xus2JgCszQ9vZq24A4r1gWRgpLLhSG1Bfk1YjNZ', 'verified': 0, 'share': 100}]",1250,Cv6CfZzieoH6Lcjw7E8E4PtLMYNwFjJc285fLJmSRxg7,"[{'trait_type': 'Background', 'value': 'BG 13'}, {'trait_type': 'Face', 'value': 'Ogre'}, {'trait_type': 'Arms', 'value': 'Undine'}, {'trait_type': 'Accessories', 'value': 'None'}, {'trait_type': 'Torso', 'value': 'ZOKU022'}, {'trait_type': 'Helmet', 'value': 'Riot'}, {'trait_type': 'Feet', 'value': 'Berrier'}, {'trait_type': 'Bracers', 'value': 'Aphrodite'}, {'trait_type': 'Hands', 'value': 'Drako'}]","{'files': [{'type': 'image/png', 'uri': 'https://arweave.net/BDGBkdQdIc2BfY4LoZ7KB-VKamkp5c4w-Ok7iFOMFjA'}], 'category': 'image', 'creators': [{'address': '52Cy9Xus2JgCszQ9vZq24A4r1gWRgpLLhSG1Bfk1YjNZ', 'share': 100}]}",1,ZanzPN8P8kP41jq5gTR5yVQMavndvmSxUhSqrSjY36v,1,{},False,"{'auctionHouseKey': 'E8cU1WiRWjanGxmn96ewBgk9vPTcL6AEZ1t6F6fkgUWe', 'sellerReferral': 'autMW8SgBkVYeBgqYiTuJZnkvDZMVU2MHJh9Jh7CSQ2', 'expiry': -1}",{'moonrank': {'rank': 552}}
28,76bSKGw7NTGCDRbsjYw2rJwQHTLbS1KQ8ZoiKUpjCVMr,23.0,8u4okei4VdebHTYCFFkApi8SDjctRd25B4EjBkJj3zC1,FJ5P85RJnFWWQcGkkXDuGEc2Fyo4VkB8W9YNCVbDW8wy,zankoku,Zankoku Cybogrez,https://arweave.net/aBYuevZ5KwW8powdIW12WwmADV6B4evS1acp3Q_IVFw,Zankoku Cybogrez #818,Cybogrez go BOP BOP,https://zankokuarena.io,image,"[{'address': 'xgLPMgPaFd1mjgP73Ghkogkpokn9AZFQhPAB5nre8m5', 'verified': 1, 'share': 0}, {'address': '52Cy9Xus2JgCszQ9vZq24A4r1gWRgpLLhSG1Bfk1YjNZ', 'verified': 0, 'share': 100}]",1250,AhhVdQvq4w7mhSTzAPkqHq394ptTupdCs4m3Eu4Z5ZcU,"[{'trait_type': 'Background', 'value': 'BG 19'}, {'trait_type': 'Face', 'value': 'Ogre'}, {'trait_type': 'Arms', 'value': 'Beta'}, {'trait_type': 'Accessories', 'value': 'Nose Ring'}, {'trait_type': 'Torso', 'value': 'ZOKU009'}, {'trait_type': 'Helmet', 'value': 'Henma'}, {'trait_type': 'Feet', 'value': 'Berrier'}, {'trait_type': 'Bracers', 'value': 'Omen'}, {'trait_type': 'Hands', 'value': 'Hermit Purple'}]","{'files': [{'type': 'image/png', 'uri': 'https://arweave.net/aBYuevZ5KwW8powdIW12WwmADV6B4evS1acp3Q_IVFw'}], 'category': 'image', 'creators': [{'address': '52Cy9Xus2JgCszQ9vZq24A4r1gWRgpLLhSG1Bfk1YjNZ', 'share': 100}]}",1,ZanzPN8P8kP41jq5gTR5yVQMavndvmSxUhSqrSjY36v,1,{},False,"{'auctionHouseKey': 'E8cU1WiRWjanGxmn96ewBgk9vPTcL6AEZ1t6F6fkgUWe', 'sellerReferral': 'autMW8SgBkVYeBgqYiTuJZnkvDZMVU2MHJh9Jh7CSQ2', 'expiry': -1}",{'moonrank': {'rank': 274}}
29,G244n2ih2MEWFTDdpZ4GDNPAhogF9SpUnUewV4ThRfNW,23.23,J7DfCegJLanfCzsU2KsSKFdX6ti4rXy6oYuuPfdCUqfm,F2xCJK7eLUJ173xRcBpwhNHCwGdkc8mv5CpyZ993FDJR,zankoku,Zankoku Cybogrez,https://arweave.net/ueZcMNElEH2NQMo74WVckOuRkXm5gnp8TzP7KGQ6tiE,Zankoku Cybogrez #302,Cybogrez go BOP BOP,https://zankokuarena.io,image,"[{'address': 'xgLPMgPaFd1mjgP73Ghkogkpokn9AZFQhPAB5nre8m5', 'verified': 1, 'share': 0}, {'address': '52Cy9Xus2JgCszQ9vZq24A4r1gWRgpLLhSG1Bfk1YjNZ', 'verified': 0, 'share': 100}]",1250,EcXVtiNdP9kktD6Awnk5RAnwt9yhRKAuA5HfgV61fXKA,"[{'trait_type': 'Background', 'value': 'BG 17'}, {'trait_type': 'Face', 'value': 'Ogre'}, {'trait_type': 'Arms', 'value': 'Undine'}, {'trait_type': 'Accessories', 'value': 'Monocle'}, {'trait_type': 'Torso', 'value': 'ZOKU001'}, {'trait_type': 'Helmet', 'value': 'Breaker'}, {'trait_type': 'Feet', 'value': 'Hero'}, {'trait_type': 'Bracers', 'value': 'Alpha'}, {'trait_type': 'Hands', 'value': 'Drako'}]","{'files': [{'type': 'image/png', 'uri': 'https://arweave.net/ueZcMNElEH2NQMo74WVckOuRkXm5gnp8TzP7KGQ6tiE'}], 'category': 'image', 'creators': [{'address': '52Cy9Xus2JgCszQ9vZq24A4r1gWRgpLLhSG1Bfk1YjNZ', 'share': 100}]}",1,ZanzPN8P8kP41jq5gTR5yVQMavndvmSxUhSqrSjY36v,1,{},False,"{'auctionHouseKey': 'E8cU1WiRWjanGxmn96ewBgk9vPTcL6AEZ1t6F6fkgUWe', 'sellerReferral': 'autMW8SgBkVYeBgqYiTuJZnkvDZMVU2MHJh9Jh7CSQ2', 'expiry': -1}",{'moonrank': {'rank': 291}}
30,DT2Pkg9kVkuPhGsWdMzxAhzExutosAtxV4i4RXWErXxw,23.75,AWYLK5HKpbYNjhu1saw3fb7UrAnTcTLk2kC9fBFKBUWF,6NxfPMmeefy3vURtSJmxbG57msmcKvNxS9DFog3MGeJS,zankoku,Zankoku Cybogrez,https://arweave.net/4yrhX3SzQFOAgzBPcsMEjRwm9bRBIQSBx0M4-zi49l8,Zankoku Cybogrez #884,Cybogrez go BOP BOP,https://zankokuarena.io,image,"[{'address': 'xgLPMgPaFd1mjgP73Ghkogkpokn9AZFQhPAB5nre8m5', 'verified': 1, 'share': 0}, {'address': '52Cy9Xus2JgCszQ9vZq24A4r1gWRgpLLhSG1Bfk1YjNZ', 'verified': 0, 'share': 100}]",1250,4SrigMbyKT66peXVs7hCHSPa4xZVz1TfDweCBWF6bP6U,"[{'trait_type': 'Background', 'value': 'BG 19'}, {'trait_type': 'Face', 'value': 'Ogre'}, {'trait_type': 'Arms', 'value': 'Omega'}, {'trait_type': 'Accessories', 'value': 'Double Eyebrow Ring'}, {'trait_type': 'Torso', 'value': 'ZOKU021'}, {'trait_type': 'Helmet', 'value': 'Samurai'}, {'trait_type': 'Feet', 'value': 'Bronze'}, {'trait_type': 'Bracers', 'value': 'Athena'}, {'trait_type': 'Hands', 'value': 'Survivor'}]","{'files': [{'type': 'image/png', 'uri': 'https://arweave.net/4yrhX3SzQFOAgzBPcsMEjRwm9bRBIQSBx0M4-zi49l8'}], 'category': 'image', 'creators': [{'address': '52Cy9Xus2JgCszQ9vZq24A4r1gWRgpLLhSG1Bfk1YjNZ', 'share': 100}]}",1,ZanzPN8P8kP41jq5gTR5yVQMavndvmSxUhSqrSjY36v,1,{},False,"{'auctionHouseKey': 'E8cU1WiRWjanGxmn96ewBgk9vPTcL6AEZ1t6F6fkgUWe', 'sellerReferral': 'autMW8SgBkVYeBgqYiTuJZnkvDZMVU2MHJh9Jh7CSQ2', 'expiry': -1}",{'moonrank': {'rank': 139}}
31,CU4wx9d2jzUskprxFZC6cKcyv6iwXoVZ8DZKeZPPUQYS,24.75,5cUoMoF1jzL2J9eaS74ZwhSNAFMAM97XBX4rWNYY9iRP,A7rCDajTsxHsXZ1vTZvGnsDnge7YBYDaf7ZAxPMNE8F6,zankoku,Zankoku Cybogrez,https://arweave.net/rh0xySWhVRvJCxVVJOMzopcxOkNNrinCDuvMinHkPv0,Zankoku Cybogrez #483,Cybogrez go BOP BOP,https://zankokuarena.io,image,"[{'address': 'xgLPMgPaFd1mjgP73Ghkogkpokn9AZFQhPAB5nre8m5', 'verified': 1, 'share': 0}, {'address': '52Cy9Xus2JgCszQ9vZq24A4r1gWRgpLLhSG1Bfk1YjNZ', 'verified': 0, 'share': 100}]",1250,9wXJsY4N61sN9H717mmgmeXniK1YowQrMCC2ZsSyFffp,"[{'trait_type': 'Background', 'value': 'BG 24'}, {'trait_type': 'Face', 'value': 'Ogre'}, {'trait_type': 'Arms', 'value': 'Alpha'}, {'trait_type': 'Accessories', 'value': 'Scouter'}, {'trait_type': 'Torso', 'value': 'ZOKU006'}, {'trait_type': 'Helmet', 'value': 'Sett'}, {'trait_type': 'Feet', 'value': 'Bragi'}, {'trait_type': 'Bracers', 'value': 'Atlas'}, {'trait_type': 'Hands', 'value': 'Geo'}]","{'files': [{'type': 'image/png', 'uri': 'https://arweave.net/rh0xySWhVRvJCxVVJOMzopcxOkNNrinCDuvMinHkPv0'}], 'category': 'image', 'creators': [{'address': '52Cy9Xus2JgCszQ9vZq24A4r1gWRgpLLhSG1Bfk1YjNZ', 'share': 100}]}",1,ZanzPN8P8kP41jq5gTR5yVQMavndvmSxUhSqrSjY36v,1,{},False,"{'auctionHouseKey': 'E8cU1WiRWjanGxmn96ewBgk9vPTcL6AEZ1t6F6fkgUWe', 'sellerReferral': 'autMW8SgBkVYeBgqYiTuJZnkvDZMVU2MHJh9Jh7CSQ2', 'expiry': -1}",{'moonrank': {'rank': 408}}
32,5dgR2RR26y9QxAMjwfXdKt3Z9zpCWVJfQy3BsyD76jgz,25.0,9WzWQ2YK2hHapRFqharFoAFU3Qcf6QUqv74R453oHHJ8,B36KSx3gkWcMm2RPQEaQEV9LUcwjmQBb7GPpJMBfj5Qi,zankoku,Zankoku Cybogrez,https://arweave.net/0VoNCBhNMweJXPaOu7ksyLglQswhNmpk1M2bfsnjNH0,Zankoku Cybogrez #1053,Cybogrez go BOP BOP,https://zankokuarena.io,image,"[{'address': 'xgLPMgPaFd1mjgP73Ghkogkpokn9AZFQhPAB5nre8m5', 'verified': 1, 'share': 0}, {'address': '52Cy9Xus2JgCszQ9vZq24A4r1gWRgpLLhSG1Bfk1YjNZ', 'verified': 0, 'share': 100}]",1250,HwNi4cRRckGUrdyhVWoZWU6ktZkW3FBpEpnc8pJs3eXu,"[{'trait_type': 'Background', 'value': 'BG 14'}, {'trait_type': 'Face', 'value': 'Ogre'}, {'trait_type': 'Arms', 'value': 'Shogun'}, {'trait_type': 'Accessories', 'value': 'Alert'}, {'trait_type': 'Torso', 'value': 'ZOKU017'}, {'trait_type': 'Helmet', 'value': 'Tohth'}, {'trait_type': 'Feet', 'value': 'Kindred'}, {'trait_type': 'Bracers', 'value': 'Hazard'}, {'trait_type': 'Hands', 'value': 'Sloth'}]","{'files': [{'type': 'image/png', 'uri': 'https://arweave.net/0VoNCBhNMweJXPaOu7ksyLglQswhNmpk1M2bfsnjNH0'}], 'category': 'image', 'creators': [{'address': '52Cy9Xus2JgCszQ9vZq24A4r1gWRgpLLhSG1Bfk1YjNZ', 'share': 100}]}",1,ZanzPN8P8kP41jq5gTR5yVQMavndvmSxUhSqrSjY36v,1,{},False,"{'auctionHouseKey': 'E8cU1WiRWjanGxmn96ewBgk9vPTcL6AEZ1t6F6fkgUWe', 'sellerReferral': 'autMW8SgBkVYeBgqYiTuJZnkvDZMVU2MHJh9Jh7CSQ2', 'expiry': -1}",{'moonrank': {'rank': 575}}
33,3Mt9pRYi5Sr7aEamDBj4WNdTVnjo2VbieaSsFFgnc7Er,25.0,C8RECkD8QPnivH8m7NW94Br9pjCJYUyYGbNJf9KDKuXp,DwdcFQFC82fj4xrGqFMaeCi9rMumX4M2i9bhVnWmfiux,zankoku,Zankoku Cybogrez,https://arweave.net/AqRh0M4d5-Xcig6j0YdNayZZqi-Ljkod0GTk0pPsp8U,Zankoku Cybogrez #331,Cybogrez go BOP BOP,https://zankokuarena.io,image,"[{'address': 'xgLPMgPaFd1mjgP73Ghkogkpokn9AZFQhPAB5nre8m5', 'verified': 1, 'share': 0}, {'address': '52Cy9Xus2JgCszQ9vZq24A4r1gWRgpLLhSG1Bfk1YjNZ', 'verified': 0, 'share': 100}]",1250,EfhP6aBKoUYuvGiASzZpcwkKKHdaWYcmoD1YQtGxqLLy,"[{'trait_type': 'Background', 'value': 'BG 4'}, {'trait_type': 'Face', 'value': 'Ogre'}, {'trait_type': 'Arms', 'value': 'Ares'}, {'trait_type': 'Accessories', 'value': 'Sparkle'}, {'trait_type': 'Torso', 'value': 'ZOKU021'}, {'trait_type': 'Helmet', 'value': 'Sett'}, {'trait_type': 'Feet', 'value': 'Hercule'}, {'trait_type': 'Bracers', 'value': 'Eros'}, {'trait_type': 'Hands', 'value': 'Star Platnum'}]","{'files': [{'type': 'image/png', 'uri': 'https://arweave.net/AqRh0M4d5-Xcig6j0YdNayZZqi-Ljkod0GTk0pPsp8U'}], 'category': 'image', 'creators': [{'address': '52Cy9Xus2JgCszQ9vZq24A4r1gWRgpLLhSG1Bfk1YjNZ', 'share': 100}]}",1,ZanzPN8P8kP41jq5gTR5yVQMavndvmSxUhSqrSjY36v,1,{},False,"{'auctionHouseKey': 'E8cU1WiRWjanGxmn96ewBgk9vPTcL6AEZ1t6F6fkgUWe', 'sellerReferral': 'autMW8SgBkVYeBgqYiTuJZnkvDZMVU2MHJh9Jh7CSQ2', 'expiry': -1}",{'moonrank': {'rank': 310}}
34,37X4XSpDujnYJKhNoJmyNiR5WYMcxNdJGayT7yte7djm,35.0,27yQtSMJzG5yMTgnihUvQq4s9xgBykoYRtutwaJbiuet,AcocBy6b7BHk1ortnQ8vRAwjhyuyVzEzwS1zEdTEGBgN,zankoku,Zankoku Cybogrez,https://arweave.net/1Of0esvUcAzn2R0Uy_LMHi0QdVmxX6owrEcIxOOUmog,Zankoku Cybogrez #264,Cybogrez go BOP BOP,https://zankokuarena.io,image,"[{'address': 'xgLPMgPaFd1mjgP73Ghkogkpokn9AZFQhPAB5nre8m5', 'verified': 1, 'share': 0}, {'address': '52Cy9Xus2JgCszQ9vZq24A4r1gWRgpLLhSG1Bfk1YjNZ', 'verified': 0, 'share': 100}]",1250,5GEoX4zyWQYjE7kCtd69bWAuZF79hj3n7krHXXF7z2FD,"[{'trait_type': 'Background', 'value': 'BG 5'}, {'trait_type': 'Face', 'value': 'Ogre'}, {'trait_type': 'Arms', 'value': 'Kappa'}, {'trait_type': 'Accessories', 'value': 'Nose Ring'}, {'trait_type': 'Torso', 'value': 'ZOKU008'}, {'trait_type': 'Helmet', 'value': 'Dream'}, {'trait_type': 'Feet', 'value': 'Hercule'}, {'trait_type': 'Bracers', 'value': 'Hades'}, {'trait_type': 'Hands', 'value': 'Kiss'}]","{'files': [{'type': 'image/png', 'uri': 'https://arweave.net/1Of0esvUcAzn2R0Uy_LMHi0QdVmxX6owrEcIxOOUmog'}], 'category': 'image', 'creators': [{'address': '52Cy9Xus2JgCszQ9vZq24A4r1gWRgpLLhSG1Bfk1YjNZ', 'share': 100}]}",1,ZanzPN8P8kP41jq5gTR5yVQMavndvmSxUhSqrSjY36v,1,{},False,"{'auctionHouseKey': 'E8cU1WiRWjanGxmn96ewBgk9vPTcL6AEZ1t6F6fkgUWe', 'sellerReferral': 'autMW8SgBkVYeBgqYiTuJZnkvDZMVU2MHJh9Jh7CSQ2', 'expiry': -1}",{'moonrank': {'rank': 198}}
35,9spJiBruJLazmfH3SjbqhLa3zm5Z2gFJGTkyP1mz7d9U,45.0,EsnLU6uprdxXdFAfFZKCmxthFpeGP1m9XXEQofPLJSBb,ANuvG3HY1cNTRW84wrGwhkoTpfS9v77G4q9xnBMZ3tEb,zankoku,Zankoku Cybogrez,https://arweave.net/FdqGzpCVehrV-MUudLX29S5l_pdOtufNq4jUTZVZ-fg,Zankoku Cybogrez #39,Cybogrez go BOP BOP,https://zankokuarena.io,image,"[{'address': 'xgLPMgPaFd1mjgP73Ghkogkpokn9AZFQhPAB5nre8m5', 'verified': 1, 'share': 0}, {'address': '52Cy9Xus2JgCszQ9vZq24A4r1gWRgpLLhSG1Bfk1YjNZ', 'verified': 0, 'share': 100}]",1250,Gry5Z1H5XrL1xsX8Q6rvznrL4TZPe1dYukjpHbZqwqGk,"[{'trait_type': 'Background', 'value': 'BG 8'}, {'trait_type': 'Face', 'value': 'Ogre'}, {'trait_type': 'Arms', 'value': 'Gemin'}, {'trait_type': 'Accessories', 'value': 'X'}, {'trait_type': 'Torso', 'value': 'ZOKU017'}, {'trait_type': 'Helmet', 'value': 'Tohth'}, {'trait_type': 'Feet', 'value': 'Delta'}, {'trait_type': 'Bracers', 'value': 'Aion'}, {'trait_type': 'Hands', 'value': 'Gold Finger'}]","{'files': [{'type': 'image/png', 'uri': 'https://arweave.net/FdqGzpCVehrV-MUudLX29S5l_pdOtufNq4jUTZVZ-fg'}], 'category': 'image', 'creators': [{'address': '52Cy9Xus2JgCszQ9vZq24A4r1gWRgpLLhSG1Bfk1YjNZ', 'share': 100}]}",1,ZanzPN8P8kP41jq5gTR5yVQMavndvmSxUhSqrSjY36v,1,{},False,"{'auctionHouseKey': 'E8cU1WiRWjanGxmn96ewBgk9vPTcL6AEZ1t6F6fkgUWe', 'sellerReferral': 'autMW8SgBkVYeBgqYiTuJZnkvDZMVU2MHJh9Jh7CSQ2', 'expiry': -1}",{'moonrank': {'rank': 757}}
36,BjRQ5LhqTVGAR9y1cmDkkZtM13E1Z1PLEeaq3pofqc6C,45.0,iaroLYJrHBmiCzgpBPpYUdVTotUd1eAXRD8vyR4jNVR,9SEycz66VrPnAhhH8sXWQzb11FuBaLYiYuMFNrAxxeQj,zankoku,Zankoku Cybogrez,https://arweave.net/zeVzfluzPSpyk7umCZCoPjrCn33XJnwRtV8q3CUtCsQ,Zankoku Cybogrez #146,Cybogrez go BOP BOP,https://zankokuarena.io,image,"[{'address': 'xgLPMgPaFd1mjgP73Ghkogkpokn9AZFQhPAB5nre8m5', 'verified': 1, 'share': 0}, {'address': '52Cy9Xus2JgCszQ9vZq24A4r1gWRgpLLhSG1Bfk1YjNZ', 'verified': 0, 'share': 100}]",1250,A2ZF94LdNM8bYdGgrFSREuuKy9tgyugQ1dP8XBza1W7Y,"[{'trait_type': 'Background', 'value': 'BG 9'}, {'trait_type': 'Face', 'value': 'Ogre'}, {'trait_type': 'Arms', 'value': 'Merlin'}, {'trait_type': 'Accessories', 'value': 'Cross Bandaid'}, {'trait_type': 'Torso', 'value': 'ZOKU014'}, {'trait_type': 'Helmet', 'value': 'Neptune'}, {'trait_type': 'Feet', 'value': 'Bragi'}, {'trait_type': 'Bracers', 'value': 'Atlas'}, {'trait_type': 'Hands', 'value': 'Empress'}]","{'files': [{'type': 'image/png', 'uri': 'https://arweave.net/zeVzfluzPSpyk7umCZCoPjrCn33XJnwRtV8q3CUtCsQ'}], 'category': 'image', 'creators': [{'address': '52Cy9Xus2JgCszQ9vZq24A4r1gWRgpLLhSG1Bfk1YjNZ', 'share': 100}]}",1,ZanzPN8P8kP41jq5gTR5yVQMavndvmSxUhSqrSjY36v,1,{},False,"{'auctionHouseKey': 'E8cU1WiRWjanGxmn96ewBgk9vPTcL6AEZ1t6F6fkgUWe', 'sellerReferral': 'autMW8SgBkVYeBgqYiTuJZnkvDZMVU2MHJh9Jh7CSQ2', 'expiry': -1}",{'moonrank': {'rank': 454}}
