,id,price,escrowPubkey,owner,collectionName,collectionTitle,img,title,content,propertyCategory,creators,sellerFeeBasisPoints,mintAddress,attributes,properties,supply,updateAuthority,primarySaleHappened,onChainCollection,rarity,tokenDelegateValid,v2
0,c6nPbRFwR6WYhY74XkwyytavuyWCfg27eqBkQKkyeVM,19.0,69jWkEek2NgjaEQwqhe8pbjWHsRsV59t1rtQRdJkiobx,BK4bFQMfDSQheP9TQ7HN3oZg7fyxTSPpJbQQdGfoaE87,888_anon_club,888 Anon Club™,https://www.arweave.net/Yzca2OD74HWriw0WEnMcSJkXEh1GZDdbGvdnOXzFhsU?ext=png,888AC #692,888 Unique 2D Pixel Anons which represent membership into The 888 Anon Club™,image,"[{'address': '7JZbDVec4dViXTsMgYudpBppVdVAzZYjUuX985wZCK8B', 'verified': 1, 'share': 0}, {'address': 'FDfhQ9t7Nq8U4Y2xXynmd9bQW8HMdgbVS5PggeuAaff3', 'verified': 0, 'share': 100}]",500,H5VWVLa2tCQD4woYvxE295cYW5Rf3eVBYrjKxFLkGABp,"[{'trait_type': 'background', 'value': 'royal'}, {'trait_type': 'tshirt', 'value': 'plain-black'}, {'trait_type': 'skin', 'value': 'white'}, {'trait_type': 'mask', 'value': 'forest'}, {'trait_type': 'accessory', 'value': 'cig'}]","{'category': 'image', 'creators': [{'address': 'FDfhQ9t7Nq8U4Y2xXynmd9bQW8HMdgbVS5PggeuAaff3', 'share': 100}], 'files': [{'uri': 'https://www.arweave.net/Yzca2OD74HWriw0WEnMcSJkXEh1GZDdbGvdnOXzFhsU?ext=png', 'type': 'image/png'}]}",1,prC6wjf6Qu3ZgBxMdpTcknReCberDnRitqkEHhG59yv,1,{},"{'howrare': {'rank': 724}, 'moonrank': {'rank': 724}}",False,"{'auctionHouseKey': 'E8cU1WiRWjanGxmn96ewBgk9vPTcL6AEZ1t6F6fkgUWe', 'sellerReferral': 'autMW8SgBkVYeBgqYiTuJZnkvDZMVU2MHJh9Jh7CSQ2', 'expiry': -1}"
1,FiDx8kd2K2VZGeYCG5C13rpoUbvuniEg5NP9Vv2ag9ka,19.5,95cAtdCi5rUpEpMGTixDCmBcStWXWx6STvpBioomoPh9,J3ogJqZqQn7HrPoEZbPerydbKwBi2NEpd58pbCmNncA7,888_anon_club,888 Anon Club™,https://www.arweave.net/GrTGdEn91h3AGoaGGOX-U6ZSNsZrJVDS1xm6Zm3RMaA?ext=png,888AC #428,888 Unique 2D Pixel Anons which represent membership into The 888 Anon Club™,image,"[{'address': '7JZbDVec4dViXTsMgYudpBppVdVAzZYjUuX985wZCK8B', 'verified': 1, 'share': 0}, {'address': 'FDfhQ9t7Nq8U4Y2xXynmd9bQW8HMdgbVS5PggeuAaff3', 'verified': 0, 'share': 100}]",500,EGBnTehJ1MXrqiWNAEXGPjSiWC8BPVtCmN5cHL59aTBR,"[{'trait_type': 'background', 'value': 'vale-green'}, {'trait_type': 'tshirt', 'value': 'logo-red'}, {'trait_type': 'skin', 'value': 'beige'}, {'trait_type': 'mask', 'value': 'orange'}, {'trait_type': 'accessory', 'value': 'black-eyes'}]","{'category': 'image', 'creators': [{'address': 'FDfhQ9t7Nq8U4Y2xXynmd9bQW8HMdgbVS5PggeuAaff3', 'share': 100}], 'files': [{'uri': 'https://www.arweave.net/GrTGdEn91h3AGoaGGOX-U6ZSNsZrJVDS1xm6Zm3RMaA?ext=png', 'type': 'image/png'}]}",1,prC6wjf6Qu3ZgBxMdpTcknReCberDnRitqkEHhG59yv,1,{},"{'howrare': {'rank': 804}, 'moonrank': {'rank': 834}}",False,"{'auctionHouseKey': 'E8cU1WiRWjanGxmn96ewBgk9vPTcL6AEZ1t6F6fkgUWe', 'sellerReferral': 'autMW8SgBkVYeBgqYiTuJZnkvDZMVU2MHJh9Jh7CSQ2', 'expiry': -1}"
2,GoJz61k7Gk2h36nway3p5wLcHUveQQjvZ2LpZAjP5nj6,20.0,8tVcqKrjtLDrueZu3kZ65AjNHvj6gbwP5AAzqPPBtLRC,Frg8tyYn8BMxYB8fCmHBqUakr4yKbkBvHsiJueBWTuMh,888_anon_club,888 Anon Club™,https://www.arweave.net/a3KOXpKhCNt2fQl35f7hFE8MzN49hGO9cVKPsjpiPBc?ext=png,888AC #209,888 Unique 2D Pixel Anons which represent membership into The 888 Anon Club™,image,"[{'address': '7JZbDVec4dViXTsMgYudpBppVdVAzZYjUuX985wZCK8B', 'verified': 1, 'share': 0}, {'address': 'FDfhQ9t7Nq8U4Y2xXynmd9bQW8HMdgbVS5PggeuAaff3', 'verified': 0, 'share': 100}]",500,58jmRBQNy6G9QhivYM85iv42SRikFQf95F87tN77WG4s,"[{'trait_type': 'background', 'value': 'purple'}, {'trait_type': 'tshirt', 'value': 'skull-black'}, {'trait_type': 'skin', 'value': 'crimson'}, {'trait_type': 'mask', 'value': 'red'}, {'trait_type': 'accessory', 'value': 'black-eyes'}]","{'category': 'image', 'creators': [{'address': 'FDfhQ9t7Nq8U4Y2xXynmd9bQW8HMdgbVS5PggeuAaff3', 'share': 100}], 'files': [{'uri': 'https://www.arweave.net/a3KOXpKhCNt2fQl35f7hFE8MzN49hGO9cVKPsjpiPBc?ext=png', 'type': 'image/png'}]}",1,prC6wjf6Qu3ZgBxMdpTcknReCberDnRitqkEHhG59yv,1,{},"{'moonrank': {'rank': 759}, 'howrare': {'rank': 608}}",False,"{'auctionHouseKey': 'E8cU1WiRWjanGxmn96ewBgk9vPTcL6AEZ1t6F6fkgUWe', 'sellerReferral': 'autMW8SgBkVYeBgqYiTuJZnkvDZMVU2MHJh9Jh7CSQ2', 'expiry': -1}"
3,HWF9dVQyEpU5yUq17XwE7347JTMyqHe4fwW4idGG3VMy,20.0,Fty8r2gj2NXWsnQywhiCF1kZ52ZqNru8JnGy4R1E6rjH,A1gdZXnVfHNqLnF6rRbSmiqNbs7DJfFZEEgVDJnK4SoF,888_anon_club,888 Anon Club™,https://www.arweave.net/GM3fPSiKr3eeIF7sHbFeS1BuarmBfQgt3xn76hAIgaE?ext=png,888AC #400,888 Unique 2D Pixel Anons which represent membership into The 888 Anon Club™,image,"[{'address': '7JZbDVec4dViXTsMgYudpBppVdVAzZYjUuX985wZCK8B', 'verified': 1, 'share': 0}, {'address': 'FDfhQ9t7Nq8U4Y2xXynmd9bQW8HMdgbVS5PggeuAaff3', 'verified': 0, 'share': 100}]",500,4JeBVR5Wbi3Z8BddmtcbTXRSUDRVN9y2wsN2wNpp31GS,"[{'trait_type': 'background', 'value': 'white'}, {'trait_type': 'tshirt', 'value': 'skull-black'}, {'trait_type': 'skin', 'value': 'brown'}, {'trait_type': 'mask', 'value': 'mauve'}, {'trait_type': 'accessory', 'value': 'black-eyes'}]","{'category': 'image', 'creators': [{'address': 'FDfhQ9t7Nq8U4Y2xXynmd9bQW8HMdgbVS5PggeuAaff3', 'share': 100}], 'files': [{'uri': 'https://www.arweave.net/GM3fPSiKr3eeIF7sHbFeS1BuarmBfQgt3xn76hAIgaE?ext=png', 'type': 'image/png'}]}",1,prC6wjf6Qu3ZgBxMdpTcknReCberDnRitqkEHhG59yv,1,{},"{'moonrank': {'rank': 639}, 'howrare': {'rank': 543}}",False,"{'auctionHouseKey': 'E8cU1WiRWjanGxmn96ewBgk9vPTcL6AEZ1t6F6fkgUWe', 'sellerReferral': 'autMW8SgBkVYeBgqYiTuJZnkvDZMVU2MHJh9Jh7CSQ2', 'expiry': -1}"
4,6y3Y8k2BRHo5NQhruA1hRY67Tw5ZAXQBSNbsuKs8RQYP,20.0,7skT4Snpp5fEoHdbB6YpuhYozto1NnSWcaikowz9Hr5C,HeMDS1NhqsuVgag8QmWdY5WPZAsxb2vEvZEApAqS45Sw,888_anon_club,888 Anon Club™,https://www.arweave.net/Z4NcxA_fcWThDBuPj6y20n2QCRNN9dWqD5J4xCAc2SY?ext=png,888AC #449,888 Unique 2D Pixel Anons which represent membership into The 888 Anon Club™,image,"[{'address': '7JZbDVec4dViXTsMgYudpBppVdVAzZYjUuX985wZCK8B', 'verified': 1, 'share': 0}, {'address': 'FDfhQ9t7Nq8U4Y2xXynmd9bQW8HMdgbVS5PggeuAaff3', 'verified': 0, 'share': 100}]",500,GUuKQUmL6dqc5rM8SRUGkDgGztygjQB6ngoKARo5r5cF,"[{'trait_type': 'background', 'value': 'old-grey'}, {'trait_type': 'tshirt', 'value': 'plain-orange'}, {'trait_type': 'skin', 'value': 'dusk'}, {'trait_type': 'mask', 'value': 'beige'}, {'trait_type': 'accessory', 'value': 'fangs'}]","{'category': 'image', 'creators': [{'address': 'FDfhQ9t7Nq8U4Y2xXynmd9bQW8HMdgbVS5PggeuAaff3', 'share': 100}], 'files': [{'uri': 'https://www.arweave.net/Z4NcxA_fcWThDBuPj6y20n2QCRNN9dWqD5J4xCAc2SY?ext=png', 'type': 'image/png'}]}",1,prC6wjf6Qu3ZgBxMdpTcknReCberDnRitqkEHhG59yv,1,{},"{'moonrank': {'rank': 650}, 'howrare': {'rank': 734}}",False,"{'auctionHouseKey': 'E8cU1WiRWjanGxmn96ewBgk9vPTcL6AEZ1t6F6fkgUWe', 'sellerReferral': 'autMW8SgBkVYeBgqYiTuJZnkvDZMVU2MHJh9Jh7CSQ2', 'expiry': -1}"
5,6f8CpfBZzKkKjKERLYhz2Vh4FsMebZTb1DvFsQzTzbdV,21.0,EZEo6e9Y1Nw8SwCkwrY7LvkzYz2dpdFdg9nBkijaFRy5,BHgaDr3u8LtDKkCNcB5iAefhN1wTEmSjMAuX9WjZ7CUF,888_anon_club,888 Anon Club™,https://www.arweave.net/eaamN6kr5MUqLP9QQU3QfnV041n9FK7sAjWUmli5K8A?ext=png,888AC #465,888 Unique 2D Pixel Anons which represent membership into The 888 Anon Club™,image,"[{'address': '7JZbDVec4dViXTsMgYudpBppVdVAzZYjUuX985wZCK8B', 'verified': 1, 'share': 0}, {'address': 'FDfhQ9t7Nq8U4Y2xXynmd9bQW8HMdgbVS5PggeuAaff3', 'verified': 0, 'share': 100}]",500,FnAqydiXcyTDTDaKzvg61FR3a2EgA5CBqF9o7EM6FnoF,"[{'trait_type': 'background', 'value': 'old-grey'}, {'trait_type': 'tshirt', 'value': 'logo-mauve'}, {'trait_type': 'skin', 'value': 'pink'}, {'trait_type': 'mask', 'value': 'wine'}, {'trait_type': 'accessory', 'value': 'tears'}]","{'category': 'image', 'creators': [{'address': 'FDfhQ9t7Nq8U4Y2xXynmd9bQW8HMdgbVS5PggeuAaff3', 'share': 100}], 'files': [{'uri': 'https://www.arweave.net/eaamN6kr5MUqLP9QQU3QfnV041n9FK7sAjWUmli5K8A?ext=png', 'type': 'image/png'}]}",1,prC6wjf6Qu3ZgBxMdpTcknReCberDnRitqkEHhG59yv,1,{},"{'howrare': {'rank': 352}, 'moonrank': {'rank': 322}}",False,"{'auctionHouseKey': 'E8cU1WiRWjanGxmn96ewBgk9vPTcL6AEZ1t6F6fkgUWe', 'sellerReferral': 'autMW8SgBkVYeBgqYiTuJZnkvDZMVU2MHJh9Jh7CSQ2', 'expiry': -1}"
6,EcBFcf9wZ64jiVX1Yaxje8w6U7P11AnruW7TRSiZ2UuC,21.0,5KwHXVJYW88PCTwgH5FqqXS6oxXBE3a7k2nWPQQRvJ27,74CpKeDJud6a2Gw4rshF9PY1WgFiq8JYF5uuz64CRumu,888_anon_club,888 Anon Club™,https://www.arweave.net/v9Xj0lRNEFNRfwNbyW1b7vOGANFiqBwPSlXc36t2t4g?ext=png,888AC #153,888 Unique 2D Pixel Anons which represent membership into The 888 Anon Club™,image,"[{'address': '7JZbDVec4dViXTsMgYudpBppVdVAzZYjUuX985wZCK8B', 'verified': 1, 'share': 0}, {'address': 'FDfhQ9t7Nq8U4Y2xXynmd9bQW8HMdgbVS5PggeuAaff3', 'verified': 0, 'share': 100}]",500,DtjZp62DWHnjCPe1tdzm8NtZswGMpavD1S8nk5JHAyNY,"[{'trait_type': 'background', 'value': 'blue'}, {'trait_type': 'tshirt', 'value': 'skull-orange'}, {'trait_type': 'skin', 'value': 'blue'}, {'trait_type': 'mask', 'value': 'wine'}, {'trait_type': 'accessory', 'value': 'black-eyes'}]","{'category': 'image', 'creators': [{'address': 'FDfhQ9t7Nq8U4Y2xXynmd9bQW8HMdgbVS5PggeuAaff3', 'share': 100}], 'files': [{'uri': 'https://www.arweave.net/v9Xj0lRNEFNRfwNbyW1b7vOGANFiqBwPSlXc36t2t4g?ext=png', 'type': 'image/png'}]}",1,prC6wjf6Qu3ZgBxMdpTcknReCberDnRitqkEHhG59yv,1,{},"{'moonrank': {'rank': 813}, 'howrare': {'rank': 730}}",False,"{'auctionHouseKey': 'E8cU1WiRWjanGxmn96ewBgk9vPTcL6AEZ1t6F6fkgUWe', 'sellerReferral': 'autMW8SgBkVYeBgqYiTuJZnkvDZMVU2MHJh9Jh7CSQ2', 'expiry': -1}"
7,9JAZY7x8yrVJwW4oc6dF5dRknfGxZeXEbhGQApcbQrhg,22.0,HTKyXs3N4gzBTWYsnp46An1UDiuLwsSE7iJVBfuXaAsA,4V6maJC5qfhBoPrRfSRRuRtrVWcwZiXzYCBYG4iP2PFY,888_anon_club,888 Anon Club™,https://www.arweave.net/BIxk0kAPxKy2-HNxnj-SLY84wSGeZT_PF74SAcK-PXk?ext=png,888AC #796,888 Unique 2D Pixel Anons which represent membership into The 888 Anon Club™,image,"[{'address': '7JZbDVec4dViXTsMgYudpBppVdVAzZYjUuX985wZCK8B', 'verified': 1, 'share': 0}, {'address': 'FDfhQ9t7Nq8U4Y2xXynmd9bQW8HMdgbVS5PggeuAaff3', 'verified': 0, 'share': 100}]",500,Ese244Btht5U49wstySeTvC3MmbyJx8JDgXFYiWKZiR3,"[{'trait_type': 'background', 'value': 'old-grey'}, {'trait_type': 'tshirt', 'value': 'logo1-purple'}, {'trait_type': 'skin', 'value': 'pink'}, {'trait_type': 'mask', 'value': 'grey'}, {'trait_type': 'accessory', 'value': 'bandana'}]","{'category': 'image', 'creators': [{'address': 'FDfhQ9t7Nq8U4Y2xXynmd9bQW8HMdgbVS5PggeuAaff3', 'share': 100}], 'files': [{'uri': 'https://www.arweave.net/BIxk0kAPxKy2-HNxnj-SLY84wSGeZT_PF74SAcK-PXk?ext=png', 'type': 'image/png'}]}",1,prC6wjf6Qu3ZgBxMdpTcknReCberDnRitqkEHhG59yv,1,{},"{'moonrank': {'rank': 325}, 'howrare': {'rank': 350}}",False,"{'auctionHouseKey': 'E8cU1WiRWjanGxmn96ewBgk9vPTcL6AEZ1t6F6fkgUWe', 'sellerReferral': 'autMW8SgBkVYeBgqYiTuJZnkvDZMVU2MHJh9Jh7CSQ2', 'expiry': -1}"
8,2NXjX8mYrQhR6L214XdwWbWgVRdPJAfgLx86PgQt3PsB,22.0,7MEUZ4Nu7QFrEdyfzJdRCtxWx27rmPEd3zVVbdNsbr2w,HeMDS1NhqsuVgag8QmWdY5WPZAsxb2vEvZEApAqS45Sw,888_anon_club,888 Anon Club™,https://www.arweave.net/Axg7aCvWsPULp2sTG0-Hp8lXTufY4YgduLS3_JpofE4?ext=png,888AC #216,888 Unique 2D Pixel Anons which represent membership into The 888 Anon Club™,image,"[{'address': '7JZbDVec4dViXTsMgYudpBppVdVAzZYjUuX985wZCK8B', 'verified': 1, 'share': 0}, {'address': 'FDfhQ9t7Nq8U4Y2xXynmd9bQW8HMdgbVS5PggeuAaff3', 'verified': 0, 'share': 100}]",500,E4bbF9uL7yvXdHJfSMp7ULgQzRFw6hME411YgPDMLASb,"[{'trait_type': 'background', 'value': 'vale-green'}, {'trait_type': 'tshirt', 'value': 'plain-blue'}, {'trait_type': 'skin', 'value': 'black'}, {'trait_type': 'mask', 'value': 'orange'}, {'trait_type': 'accessory', 'value': 'face-mask'}]","{'category': 'image', 'creators': [{'address': 'FDfhQ9t7Nq8U4Y2xXynmd9bQW8HMdgbVS5PggeuAaff3', 'share': 100}], 'files': [{'uri': 'https://www.arweave.net/Axg7aCvWsPULp2sTG0-Hp8lXTufY4YgduLS3_JpofE4?ext=png', 'type': 'image/png'}]}",1,prC6wjf6Qu3ZgBxMdpTcknReCberDnRitqkEHhG59yv,1,{},"{'moonrank': {'rank': 291}, 'howrare': {'rank': 316}}",False,"{'auctionHouseKey': 'E8cU1WiRWjanGxmn96ewBgk9vPTcL6AEZ1t6F6fkgUWe', 'sellerReferral': 'autMW8SgBkVYeBgqYiTuJZnkvDZMVU2MHJh9Jh7CSQ2', 'expiry': -1}"
9,J1obX5W9ERzVw3SJRuJSyS9gwTJnBWYrKp3WUbp81X3t,24.0,FR7cyjYCT1r8KcyVT3YrZMPZCDBm21q8rtiHJp4M5HmY,HeMDS1NhqsuVgag8QmWdY5WPZAsxb2vEvZEApAqS45Sw,888_anon_club,888 Anon Club™,https://www.arweave.net/Hmy92MqWNTvGFC7-U_Wm94PywYAeT0NOsmGOu8wZvsI?ext=png,888AC #207,888 Unique 2D Pixel Anons which represent membership into The 888 Anon Club™,image,"[{'address': '7JZbDVec4dViXTsMgYudpBppVdVAzZYjUuX985wZCK8B', 'verified': 1, 'share': 0}, {'address': 'FDfhQ9t7Nq8U4Y2xXynmd9bQW8HMdgbVS5PggeuAaff3', 'verified': 0, 'share': 100}]",500,6L5RovQkC6xzqynkTQ672PJbYiKzr9AGMn3Gj8N5CR45,"[{'trait_type': 'background', 'value': 'orange'}, {'trait_type': 'tshirt', 'value': 'logo-barn'}, {'trait_type': 'skin', 'value': 'grey'}, {'trait_type': 'mask', 'value': 'purple'}, {'trait_type': 'accessory', 'value': 'none'}]","{'category': 'image', 'creators': [{'address': 'FDfhQ9t7Nq8U4Y2xXynmd9bQW8HMdgbVS5PggeuAaff3', 'share': 100}], 'files': [{'uri': 'https://www.arweave.net/Hmy92MqWNTvGFC7-U_Wm94PywYAeT0NOsmGOu8wZvsI?ext=png', 'type': 'image/png'}]}",1,prC6wjf6Qu3ZgBxMdpTcknReCberDnRitqkEHhG59yv,1,{},"{'moonrank': {'rank': 771}, 'howrare': {'rank': 532}}",False,"{'auctionHouseKey': 'E8cU1WiRWjanGxmn96ewBgk9vPTcL6AEZ1t6F6fkgUWe', 'sellerReferral': 'autMW8SgBkVYeBgqYiTuJZnkvDZMVU2MHJh9Jh7CSQ2', 'expiry': -1}"
10,7X4EadSBD6NupTPDuRHQ8pTC1MjEuScj2gqyNZuePeh7,24.5,HPJMuC6tJJRYXo3Nfk67nYgGZqxzUAEBrCfXNWGe9Vqq,4VTwrobasVJWfDGUBpN1jhL2T2SgS5prFM4tdjdsV6Js,888_anon_club,888 Anon Club™,https://www.arweave.net/xLlqnHFZWBEkrLhsCcOSEcitFRmELwE7MvYTRxTFUVo?ext=png,888AC #127,888 Unique 2D Pixel Anons which represent membership into The 888 Anon Club™,image,"[{'address': '7JZbDVec4dViXTsMgYudpBppVdVAzZYjUuX985wZCK8B', 'verified': 1, 'share': 0}, {'address': 'FDfhQ9t7Nq8U4Y2xXynmd9bQW8HMdgbVS5PggeuAaff3', 'verified': 0, 'share': 100}]",500,37TAJhTvpJBPtt3NenBik6ec34U2QdomMHmFCTaHqzeT,"[{'trait_type': 'background', 'value': 'dusk'}, {'trait_type': 'tshirt', 'value': 'plain-brown'}, {'trait_type': 'skin', 'value': 'green'}, {'trait_type': 'mask', 'value': 'ice'}, {'trait_type': 'accessory', 'value': 'face-mask'}]","{'category': 'image', 'creators': [{'address': 'FDfhQ9t7Nq8U4Y2xXynmd9bQW8HMdgbVS5PggeuAaff3', 'share': 100}], 'files': [{'uri': 'https://www.arweave.net/xLlqnHFZWBEkrLhsCcOSEcitFRmELwE7MvYTRxTFUVo?ext=png', 'type': 'image/png'}]}",1,prC6wjf6Qu3ZgBxMdpTcknReCberDnRitqkEHhG59yv,1,{},"{'howrare': {'rank': 381}, 'moonrank': {'rank': 356}}",False,"{'auctionHouseKey': 'E8cU1WiRWjanGxmn96ewBgk9vPTcL6AEZ1t6F6fkgUWe', 'sellerReferral': 'autMW8SgBkVYeBgqYiTuJZnkvDZMVU2MHJh9Jh7CSQ2', 'expiry': -1}"
11,jC6D6Pd9BSHp8DcJ3Z7raUqBorvE14FWowke77bVqGm,25.0,7FdokcjNS4jf4UUpvQpFkr7PwfdYDVtRCVRpxgLURNWS,9VTiWSijUSdfT2rMEyJdbrZgRPaRDach5jaiTD7HCBmA,888_anon_club,888 Anon Club™,https://www.arweave.net/iKRDwJ7wXcRaK1tuPAENafs9CYewaqP5YzVS9Tf8I40?ext=png,888AC #499,888 Unique 2D Pixel Anons which represent membership into The 888 Anon Club™,image,"[{'address': '7JZbDVec4dViXTsMgYudpBppVdVAzZYjUuX985wZCK8B', 'verified': 1, 'share': 0}, {'address': 'FDfhQ9t7Nq8U4Y2xXynmd9bQW8HMdgbVS5PggeuAaff3', 'verified': 0, 'share': 100}]",500,BqkNHCoeJsDKgekXhaANQ44PEZtmdvrfLeKN9g21itEn,"[{'trait_type': 'background', 'value': 'white'}, {'trait_type': 'tshirt', 'value': 'logo2-blue'}, {'trait_type': 'skin', 'value': 'grey'}, {'trait_type': 'mask', 'value': 'orange'}, {'trait_type': 'accessory', 'value': 'police-shades'}]","{'category': 'image', 'creators': [{'address': 'FDfhQ9t7Nq8U4Y2xXynmd9bQW8HMdgbVS5PggeuAaff3', 'share': 100}], 'files': [{'uri': 'https://www.arweave.net/iKRDwJ7wXcRaK1tuPAENafs9CYewaqP5YzVS9Tf8I40?ext=png', 'type': 'image/png'}]}",1,prC6wjf6Qu3ZgBxMdpTcknReCberDnRitqkEHhG59yv,1,{},"{'moonrank': {'rank': 138}, 'howrare': {'rank': 198}}",False,"{'auctionHouseKey': 'E8cU1WiRWjanGxmn96ewBgk9vPTcL6AEZ1t6F6fkgUWe', 'sellerReferral': 'autMW8SgBkVYeBgqYiTuJZnkvDZMVU2MHJh9Jh7CSQ2', 'expiry': -1}"
12,2AXksk5A8iKCXvKbo86NvKqSsrYNEJivQpi6c3zKF4xJ,27.0,BUqSdumZveFRTpAS4VigCE6NazcwXxpTPHYGB1hs54vb,7CnfVic8vTNFfN4Nk3wCkP9LNXwbXYiwy6TdcvHSL8FQ,888_anon_club,888 Anon Club™,https://www.arweave.net/PfUq4lAKyt4O_HVmytWAeZa_P20_NOgUIKSndbBR-28?ext=png,888AC #727,888 Unique 2D Pixel Anons which represent membership into The 888 Anon Club™,image,"[{'address': '7JZbDVec4dViXTsMgYudpBppVdVAzZYjUuX985wZCK8B', 'verified': 1, 'share': 0}, {'address': 'FDfhQ9t7Nq8U4Y2xXynmd9bQW8HMdgbVS5PggeuAaff3', 'verified': 0, 'share': 100}]",500,8TQwnNPU1rn4s3JLABBJ8cav3RqUebG69urA44BBrfXu,"[{'trait_type': 'background', 'value': 'toy-blue'}, {'trait_type': 'tshirt', 'value': 'skull-olive'}, {'trait_type': 'skin', 'value': 'white'}, {'trait_type': 'mask', 'value': 'ice'}, {'trait_type': 'accessory', 'value': 'lasers'}]","{'category': 'image', 'creators': [{'address': 'FDfhQ9t7Nq8U4Y2xXynmd9bQW8HMdgbVS5PggeuAaff3', 'share': 100}], 'files': [{'uri': 'https://www.arweave.net/PfUq4lAKyt4O_HVmytWAeZa_P20_NOgUIKSndbBR-28?ext=png', 'type': 'image/png'}]}",1,prC6wjf6Qu3ZgBxMdpTcknReCberDnRitqkEHhG59yv,1,{},"{'moonrank': {'rank': 70}, 'howrare': {'rank': 89}}",False,"{'auctionHouseKey': 'E8cU1WiRWjanGxmn96ewBgk9vPTcL6AEZ1t6F6fkgUWe', 'sellerReferral': 'autMW8SgBkVYeBgqYiTuJZnkvDZMVU2MHJh9Jh7CSQ2', 'expiry': -1}"
13,Bsev1DFNxH4foQdNpMPZzRjCBgnsSvpL7Smee69vRM12,27.69,8SRAC7bgtaZnuGvMUM95yuLRh46NajB9G4CQ5aPaB1bm,Aowm5YCpK486HfpyjPUomFxTrerbevDmmMRhzyEiXt39,888_anon_club,888 Anon Club™,https://www.arweave.net/mXYA3wvfyHw3mFKq9djx_K2ItMC7BVw-6JOQquM4tpk?ext=png,888AC #525,888 Unique 2D Pixel Anons which represent membership into The 888 Anon Club™,image,"[{'address': '7JZbDVec4dViXTsMgYudpBppVdVAzZYjUuX985wZCK8B', 'verified': 1, 'share': 0}, {'address': 'FDfhQ9t7Nq8U4Y2xXynmd9bQW8HMdgbVS5PggeuAaff3', 'verified': 0, 'share': 100}]",500,DJiK8skHhS6fdxJ8QuNJfYtsL49T8BMV32NtMUgJAPS,"[{'trait_type': 'background', 'value': 'orange'}, {'trait_type': 'tshirt', 'value': 'plain-blue'}, {'trait_type': 'skin', 'value': 'candy-red'}, {'trait_type': 'mask', 'value': 'wine'}, {'trait_type': 'accessory', 'value': 'none'}]","{'category': 'image', 'creators': [{'address': 'FDfhQ9t7Nq8U4Y2xXynmd9bQW8HMdgbVS5PggeuAaff3', 'share': 100}], 'files': [{'uri': 'https://www.arweave.net/mXYA3wvfyHw3mFKq9djx_K2ItMC7BVw-6JOQquM4tpk?ext=png', 'type': 'image/png'}]}",1,prC6wjf6Qu3ZgBxMdpTcknReCberDnRitqkEHhG59yv,1,{},"{'moonrank': {'rank': 688}, 'howrare': {'rank': 470}}",False,"{'auctionHouseKey': 'E8cU1WiRWjanGxmn96ewBgk9vPTcL6AEZ1t6F6fkgUWe', 'sellerReferral': 'autMW8SgBkVYeBgqYiTuJZnkvDZMVU2MHJh9Jh7CSQ2', 'expiry': -1}"
14,Cx4o2m7kmxLYb9gJbyWQKAXt6G3eeAqk4mAB2QojUsvr,29.0,FEfCXHTZiqf4EjK4PDNo1RyL1ZjHPoyePo1TunKryy1e,3DtWW5YdHBBSu6cgwqTuxG6nCupQmucVpeaz93LTH3ZP,888_anon_club,888 Anon Club™,https://www.arweave.net/TZLKP-wjc07ggMB3KSpMQLNJv4yKr79JMmPdPKXNSw8?ext=png,888AC #414,888 Unique 2D Pixel Anons which represent membership into The 888 Anon Club™,image,"[{'address': '7JZbDVec4dViXTsMgYudpBppVdVAzZYjUuX985wZCK8B', 'verified': 1, 'share': 0}, {'address': 'FDfhQ9t7Nq8U4Y2xXynmd9bQW8HMdgbVS5PggeuAaff3', 'verified': 0, 'share': 100}]",500,C5Z9LP6b4xQG9U2zs5hpB9R5z5yCRLc4nasbz9g8uXqv,"[{'trait_type': 'background', 'value': 'black'}, {'trait_type': 'tshirt', 'value': 'plain-black'}, {'trait_type': 'skin', 'value': 'dusk'}, {'trait_type': 'mask', 'value': 'saloon'}, {'trait_type': 'accessory', 'value': 'grin'}]","{'category': 'image', 'creators': [{'address': 'FDfhQ9t7Nq8U4Y2xXynmd9bQW8HMdgbVS5PggeuAaff3', 'share': 100}], 'files': [{'uri': 'https://www.arweave.net/TZLKP-wjc07ggMB3KSpMQLNJv4yKr79JMmPdPKXNSw8?ext=png', 'type': 'image/png'}]}",1,prC6wjf6Qu3ZgBxMdpTcknReCberDnRitqkEHhG59yv,1,{},"{'moonrank': {'rank': 505}, 'howrare': {'rank': 597}}",False,"{'auctionHouseKey': 'E8cU1WiRWjanGxmn96ewBgk9vPTcL6AEZ1t6F6fkgUWe', 'sellerReferral': 'autMW8SgBkVYeBgqYiTuJZnkvDZMVU2MHJh9Jh7CSQ2', 'expiry': -1}"
15,Dg9Tqpo61yti3j5rPAgKXynfVqPzpuYhrd2pyqamNBBm,30.0,2NGdimLCtpu6ovV6XyaetuerKKiiexCRs9tjLm6cHZL9,J5rrngVpoJhdht1my3ghA866Sxj39495UB8hkd6uyUv9,888_anon_club,888 Anon Club™,https://www.arweave.net/qpUgnu-LbbIzvS3maShN7AxRVN3YYtVjNpZDqS4X4Kg?ext=png,888AC #243,888 Unique 2D Pixel Anons which represent membership into The 888 Anon Club™,image,"[{'address': '7JZbDVec4dViXTsMgYudpBppVdVAzZYjUuX985wZCK8B', 'verified': 1, 'share': 0}, {'address': 'FDfhQ9t7Nq8U4Y2xXynmd9bQW8HMdgbVS5PggeuAaff3', 'verified': 0, 'share': 100}]",500,AxyvzTSPcthB5gwNGXPdFigMJSV8DM9TWk9YJrKhqFJo,"[{'trait_type': 'background', 'value': 'black'}, {'trait_type': 'tshirt', 'value': 'red-striped'}, {'trait_type': 'skin', 'value': 'dusk'}, {'trait_type': 'mask', 'value': 'lime'}, {'trait_type': 'accessory', 'value': 'bandage'}]","{'category': 'image', 'creators': [{'address': 'FDfhQ9t7Nq8U4Y2xXynmd9bQW8HMdgbVS5PggeuAaff3', 'share': 100}], 'files': [{'uri': 'https://www.arweave.net/qpUgnu-LbbIzvS3maShN7AxRVN3YYtVjNpZDqS4X4Kg?ext=png', 'type': 'image/png'}]}",1,prC6wjf6Qu3ZgBxMdpTcknReCberDnRitqkEHhG59yv,1,{},"{'moonrank': {'rank': 213}, 'howrare': {'rank': 247}}",False,"{'auctionHouseKey': 'E8cU1WiRWjanGxmn96ewBgk9vPTcL6AEZ1t6F6fkgUWe', 'sellerReferral': 'autMW8SgBkVYeBgqYiTuJZnkvDZMVU2MHJh9Jh7CSQ2', 'expiry': -1}"
16,CR5W9ebbHjPYf6RiawEWjZAG9NUNZAjwvvYBzeh9244X,30.0,Gz1Rf23VnPpSmvW5oikTRSVKcyhhqrH3hk327TCvHTQB,CoEm1EfrpSybU5AU7cn3fShXk2ivQJnmWPSX1adtAjST,888_anon_club,888 Anon Club™,https://www.arweave.net/-WiFoyhKTwRKCnbGm0vU-ajQ1Hvh0hB5PlCaiTjut9Y?ext=png,888AC #34,888 Unique 2D Pixel Anons which represent membership into The 888 Anon Club™,image,"[{'address': '7JZbDVec4dViXTsMgYudpBppVdVAzZYjUuX985wZCK8B', 'verified': 1, 'share': 0}, {'address': 'FDfhQ9t7Nq8U4Y2xXynmd9bQW8HMdgbVS5PggeuAaff3', 'verified': 0, 'share': 100}]",500,7CGPc6AeoY2nxHfnmuKnZE1GsNb8EGVAwjG3uhqrKaZf,"[{'trait_type': 'background', 'value': 'white'}, {'trait_type': 'tshirt', 'value': 'skull-orange'}, {'trait_type': 'skin', 'value': 'candy-red'}, {'trait_type': 'mask', 'value': 'neon'}, {'trait_type': 'accessory', 'value': 'devil'}]","{'category': 'image', 'creators': [{'address': 'FDfhQ9t7Nq8U4Y2xXynmd9bQW8HMdgbVS5PggeuAaff3', 'share': 100}], 'files': [{'uri': 'https://www.arweave.net/-WiFoyhKTwRKCnbGm0vU-ajQ1Hvh0hB5PlCaiTjut9Y?ext=png', 'type': 'image/png'}]}",1,prC6wjf6Qu3ZgBxMdpTcknReCberDnRitqkEHhG59yv,1,{},"{'moonrank': {'rank': 93}, 'howrare': {'rank': 131}}",False,"{'auctionHouseKey': 'E8cU1WiRWjanGxmn96ewBgk9vPTcL6AEZ1t6F6fkgUWe', 'sellerReferral': 'autMW8SgBkVYeBgqYiTuJZnkvDZMVU2MHJh9Jh7CSQ2', 'expiry': -1}"
17,592AMXb5TuEVzUKp5yFh5P8Vszf3MoskohG4Aje9Aika,30.0,4htBqUZW9sDp9weiBz1cvLMXWoJBfFmnwMs9vMnPAT7G,6q5kTjqFR1ZCs9aw8UiHsXjHLSzGLBsVfAc14qUcPHM6,888_anon_club,888 Anon Club™,https://www.arweave.net/vi1NgZ_wJncffIMpvdW_EQ5FUgPhDlMZP-WaPExjGIQ?ext=png,888AC #535,888 Unique 2D Pixel Anons which represent membership into The 888 Anon Club™,image,"[{'address': '7JZbDVec4dViXTsMgYudpBppVdVAzZYjUuX985wZCK8B', 'verified': 1, 'share': 0}, {'address': 'FDfhQ9t7Nq8U4Y2xXynmd9bQW8HMdgbVS5PggeuAaff3', 'verified': 0, 'share': 100}]",500,5paYBGqrnqErKSixVM9G3R7ZmRo4aojpm5RnDYcRGpfi,"[{'trait_type': 'background', 'value': 'dark-shades'}, {'trait_type': 'tshirt', 'value': 'plain-blue'}, {'trait_type': 'skin', 'value': 'candy-red'}, {'trait_type': 'mask', 'value': 'purple'}, {'trait_type': 'accessory', 'value': 'police-shades'}]","{'category': 'image', 'creators': [{'address': 'FDfhQ9t7Nq8U4Y2xXynmd9bQW8HMdgbVS5PggeuAaff3', 'share': 100}], 'files': [{'uri': 'https://www.arweave.net/vi1NgZ_wJncffIMpvdW_EQ5FUgPhDlMZP-WaPExjGIQ?ext=png', 'type': 'image/png'}]}",1,prC6wjf6Qu3ZgBxMdpTcknReCberDnRitqkEHhG59yv,1,{},"{'moonrank': {'rank': 119}, 'howrare': {'rank': 165}}",False,"{'auctionHouseKey': 'E8cU1WiRWjanGxmn96ewBgk9vPTcL6AEZ1t6F6fkgUWe', 'sellerReferral': 'autMW8SgBkVYeBgqYiTuJZnkvDZMVU2MHJh9Jh7CSQ2', 'expiry': -1}"
18,79fAiZTuhkfGcXWxWv8SEbNkrWse2fcfY9brkAeDVnyU,30.0,FSF5joAh4yyhHoaivhG2PjC4MByrHsNsPvYU9rkpz7RB,433Bhrfcm3LvE2X5wdZcW6iFHHbdY8CBXnDzUdbDrmcT,888_anon_club,888 Anon Club™,https://www.arweave.net/tToVC9usOUFhEwhF0RbWtkv452pcp1_3SHw49bEV8bk?ext=png,888AC #184,888 Unique 2D Pixel Anons which represent membership into The 888 Anon Club™,image,"[{'address': '7JZbDVec4dViXTsMgYudpBppVdVAzZYjUuX985wZCK8B', 'verified': 1, 'share': 0}, {'address': 'FDfhQ9t7Nq8U4Y2xXynmd9bQW8HMdgbVS5PggeuAaff3', 'verified': 0, 'share': 100}]",500,AhZ5aXiDwDoHzSN46zc5SgbfkcgPVzTa4RF8EsSU4wa9,"[{'trait_type': 'background', 'value': 'hot-pink'}, {'trait_type': 'tshirt', 'value': 'plain-white'}, {'trait_type': 'skin', 'value': 'white'}, {'trait_type': 'mask', 'value': 'ice'}, {'trait_type': 'accessory', 'value': 'lasers'}]","{'category': 'image', 'creators': [{'address': 'FDfhQ9t7Nq8U4Y2xXynmd9bQW8HMdgbVS5PggeuAaff3', 'share': 100}], 'files': [{'uri': 'https://www.arweave.net/tToVC9usOUFhEwhF0RbWtkv452pcp1_3SHw49bEV8bk?ext=png', 'type': 'image/png'}]}",1,prC6wjf6Qu3ZgBxMdpTcknReCberDnRitqkEHhG59yv,1,{},"{'moonrank': {'rank': 77}, 'howrare': {'rank': 97}}",False,"{'auctionHouseKey': 'E8cU1WiRWjanGxmn96ewBgk9vPTcL6AEZ1t6F6fkgUWe', 'sellerReferral': 'autMW8SgBkVYeBgqYiTuJZnkvDZMVU2MHJh9Jh7CSQ2', 'expiry': -1}"
19,AcQu15GeERxRyviyGtfVr5UGFadfbiAU1Y4xsdMga6jR,33.0,ESHaDdZ2VQJ9cdwimXCcWtBeiHcGzJjMdFKbkHfx8iSf,HT2SuCbePhjNZaar24uVwihYowCNvSjdvhJ8BRSVw9nX,888_anon_club,888 Anon Club™,https://www.arweave.net/Psgn4EZMg_hbtjF9aQQSLfXigMrMwmbamrFSqcPSHi8?ext=png,888AC #700,888 Unique 2D Pixel Anons which represent membership into The 888 Anon Club™,image,"[{'address': '7JZbDVec4dViXTsMgYudpBppVdVAzZYjUuX985wZCK8B', 'verified': 1, 'share': 0}, {'address': 'FDfhQ9t7Nq8U4Y2xXynmd9bQW8HMdgbVS5PggeuAaff3', 'verified': 0, 'share': 100}]",500,883nt9iVfYargvLcwfMtENAnb86Z65Dh6aTNSen4oAhh,"[{'trait_type': 'background', 'value': 'orange'}, {'trait_type': 'tshirt', 'value': 'logo-coral'}, {'trait_type': 'skin', 'value': 'black'}, {'trait_type': 'mask', 'value': 'orange'}, {'trait_type': 'accessory', 'value': 'bandana'}]","{'category': 'image', 'creators': [{'address': 'FDfhQ9t7Nq8U4Y2xXynmd9bQW8HMdgbVS5PggeuAaff3', 'share': 100}], 'files': [{'uri': 'https://www.arweave.net/Psgn4EZMg_hbtjF9aQQSLfXigMrMwmbamrFSqcPSHi8?ext=png', 'type': 'image/png'}]}",1,prC6wjf6Qu3ZgBxMdpTcknReCberDnRitqkEHhG59yv,1,{},"{'howrare': {'rank': 362}, 'moonrank': {'rank': 340}}",False,"{'auctionHouseKey': 'E8cU1WiRWjanGxmn96ewBgk9vPTcL6AEZ1t6F6fkgUWe', 'sellerReferral': 'autMW8SgBkVYeBgqYiTuJZnkvDZMVU2MHJh9Jh7CSQ2', 'expiry': -1}"
20,6jYK466htQdKtN29Asr59QFrk4kybgYpfJnHEHQhuKLm,33.5,8cs3DfTTec5SQvViG5YiF9sZiQYC7MwBQi8BMBQXSQxF,J3EGnLwVBrdhY9PejTJYG2241smr9X8v5BjjSw2QWWo7,888_anon_club,888 Anon Club™,https://www.arweave.net/sFkwIeXfcuryN9iEqL402s4A38bT40g4qs-mcvkXR9Y?ext=png,888AC #81,888 Unique 2D Pixel Anons which represent membership into The 888 Anon Club™,image,"[{'address': '7JZbDVec4dViXTsMgYudpBppVdVAzZYjUuX985wZCK8B', 'verified': 1, 'share': 0}, {'address': 'FDfhQ9t7Nq8U4Y2xXynmd9bQW8HMdgbVS5PggeuAaff3', 'verified': 0, 'share': 100}]",500,CpCk7HiT7dJ4tGNQo1MDr4K9qSFGDHShfujZ1VUoRzeh,"[{'trait_type': 'background', 'value': 'cloud-white'}, {'trait_type': 'tshirt', 'value': 'navy-striped'}, {'trait_type': 'skin', 'value': 'crimson'}, {'trait_type': 'mask', 'value': 'red'}, {'trait_type': 'accessory', 'value': 'black-eyes'}]","{'category': 'image', 'creators': [{'address': 'FDfhQ9t7Nq8U4Y2xXynmd9bQW8HMdgbVS5PggeuAaff3', 'share': 100}], 'files': [{'uri': 'https://www.arweave.net/sFkwIeXfcuryN9iEqL402s4A38bT40g4qs-mcvkXR9Y?ext=png', 'type': 'image/png'}]}",1,prC6wjf6Qu3ZgBxMdpTcknReCberDnRitqkEHhG59yv,1,{},"{'moonrank': {'rank': 632}, 'howrare': {'rank': 500}}",False,"{'auctionHouseKey': 'E8cU1WiRWjanGxmn96ewBgk9vPTcL6AEZ1t6F6fkgUWe', 'sellerReferral': 'autMW8SgBkVYeBgqYiTuJZnkvDZMVU2MHJh9Jh7CSQ2', 'expiry': -1}"
21,CMAbkvLNyrTh9xUqNSsqd89ESSYVzW4d3EGYxq3TPw4Y,33.5,rSf3aV7XJ6us98vvFcBqGY3zoWaqxydhp5ANvnaV6RF,J3EGnLwVBrdhY9PejTJYG2241smr9X8v5BjjSw2QWWo7,888_anon_club,888 Anon Club™,https://www.arweave.net/WBqAnafXW8VyOtCqP5LOLLTJXjdlWeTLp1q94zkOt-M?ext=png,888AC #83,888 Unique 2D Pixel Anons which represent membership into The 888 Anon Club™,image,"[{'address': '7JZbDVec4dViXTsMgYudpBppVdVAzZYjUuX985wZCK8B', 'verified': 1, 'share': 0}, {'address': 'FDfhQ9t7Nq8U4Y2xXynmd9bQW8HMdgbVS5PggeuAaff3', 'verified': 0, 'share': 100}]",500,4bKMJTLL3G1F6weUbdP4EXTZ5hwkSXVJbwUcwkKWYfjX,"[{'trait_type': 'background', 'value': 'dark-shades'}, {'trait_type': 'tshirt', 'value': 'red-striped'}, {'trait_type': 'skin', 'value': 'ice'}, {'trait_type': 'mask', 'value': 'green'}, {'trait_type': 'accessory', 'value': 'black-eyes'}]","{'category': 'image', 'creators': [{'address': 'FDfhQ9t7Nq8U4Y2xXynmd9bQW8HMdgbVS5PggeuAaff3', 'share': 100}], 'files': [{'uri': 'https://www.arweave.net/WBqAnafXW8VyOtCqP5LOLLTJXjdlWeTLp1q94zkOt-M?ext=png', 'type': 'image/png'}]}",1,prC6wjf6Qu3ZgBxMdpTcknReCberDnRitqkEHhG59yv,1,{},"{'howrare': {'rank': 650}, 'moonrank': {'rank': 721}}",False,"{'auctionHouseKey': 'E8cU1WiRWjanGxmn96ewBgk9vPTcL6AEZ1t6F6fkgUWe', 'sellerReferral': 'autMW8SgBkVYeBgqYiTuJZnkvDZMVU2MHJh9Jh7CSQ2', 'expiry': -1}"
22,ArUAM4MJHwQfEDwNyEFgprWauwQi97e7Kz4nsPf1CrRL,34.25,Gh5JGAMrJmAhbAihFtdESFSE5jLqcHfWBdV8cmMsDeoW,4cLdpKm8oHn72ApP2Rg6SfynWzcgyjmbppzNJSeSpqwq,888_anon_club,888 Anon Club™,https://www.arweave.net/XZRI5h1wLLevb--XOkx2tMgpk9EUn2JRsK-cDD1frGU?ext=png,888AC #36,888 Unique 2D Pixel Anons which represent membership into The 888 Anon Club™,image,"[{'address': '7JZbDVec4dViXTsMgYudpBppVdVAzZYjUuX985wZCK8B', 'verified': 1, 'share': 0}, {'address': 'FDfhQ9t7Nq8U4Y2xXynmd9bQW8HMdgbVS5PggeuAaff3', 'verified': 0, 'share': 100}]",500,5YADeWgu1bmGXcnz4UD7TqgovhE6JQzotvRZaLJP4uRw,"[{'trait_type': 'background', 'value': 'dark-shades'}, {'trait_type': 'tshirt', 'value': 'plain-black'}, {'trait_type': 'skin', 'value': 'ice'}, {'trait_type': 'mask', 'value': 'orange'}, {'trait_type': 'accessory', 'value': 'tears'}]","{'category': 'image', 'creators': [{'address': 'FDfhQ9t7Nq8U4Y2xXynmd9bQW8HMdgbVS5PggeuAaff3', 'share': 100}], 'files': [{'uri': 'https://www.arweave.net/XZRI5h1wLLevb--XOkx2tMgpk9EUn2JRsK-cDD1frGU?ext=png', 'type': 'image/png'}]}",1,prC6wjf6Qu3ZgBxMdpTcknReCberDnRitqkEHhG59yv,1,{},"{'moonrank': {'rank': 233}, 'howrare': {'rank': 268}}",False,"{'auctionHouseKey': 'E8cU1WiRWjanGxmn96ewBgk9vPTcL6AEZ1t6F6fkgUWe', 'sellerReferral': 'autMW8SgBkVYeBgqYiTuJZnkvDZMVU2MHJh9Jh7CSQ2', 'expiry': -1}"
23,7doF4VuAjz1xsppxjHKtsFGW4GtFWgudum1z9TCEK4J2,36.9,9VBuUeXCL2jArLaMoySA21XehmuiJELnU1T9Fe6uYNib,6cGKqEiFptwuJT4umabYdV2uxpprD1ns6LEAvskC7u7y,888_anon_club,888 Anon Club™,https://www.arweave.net/emPtOK0ioEUdQb27UQcloIa_4vHgzOd-vQswJeHZX_M?ext=png,888AC #222,888 Unique 2D Pixel Anons which represent membership into The 888 Anon Club™,image,"[{'address': '7JZbDVec4dViXTsMgYudpBppVdVAzZYjUuX985wZCK8B', 'verified': 1, 'share': 0}, {'address': 'FDfhQ9t7Nq8U4Y2xXynmd9bQW8HMdgbVS5PggeuAaff3', 'verified': 0, 'share': 100}]",500,ETbiRR5CKz7zEcS5z9JXfG7B1mvCqvK8AYkZytUyRTeQ,"[{'trait_type': 'background', 'value': 'hot-pink'}, {'trait_type': 'tshirt', 'value': 'red-striped'}, {'trait_type': 'skin', 'value': 'blue'}, {'trait_type': 'mask', 'value': 'ice'}, {'trait_type': 'accessory', 'value': 'black-eyes'}]","{'category': 'image', 'creators': [{'address': 'FDfhQ9t7Nq8U4Y2xXynmd9bQW8HMdgbVS5PggeuAaff3', 'share': 100}], 'files': [{'uri': 'https://www.arweave.net/emPtOK0ioEUdQb27UQcloIa_4vHgzOd-vQswJeHZX_M?ext=png', 'type': 'image/png'}]}",1,prC6wjf6Qu3ZgBxMdpTcknReCberDnRitqkEHhG59yv,1,{},"{'moonrank': {'rank': 815}, 'howrare': {'rank': 731}}",False,"{'auctionHouseKey': 'E8cU1WiRWjanGxmn96ewBgk9vPTcL6AEZ1t6F6fkgUWe', 'sellerReferral': 'autMW8SgBkVYeBgqYiTuJZnkvDZMVU2MHJh9Jh7CSQ2', 'expiry': -1}"
24,3j5Qg9NsGuuqf9QSi97sNH7SA62ACF3wPGZCKZTWkc4U,38.0,CrtJF2bDgVYPQDo36e4AsrpofNLUaxJSiv9iuE5DFHt,BCxUBViXVp9cUACvHoiWXuhy7x6gt8zifGXbXVS3tfuB,888_anon_club,888 Anon Club™,https://www.arweave.net/SS0RBDEn8ZSDp41B3kn0wEo4uouIY-8uzfny2fIrybo?ext=png,888AC #866,888 Unique 2D Pixel Anons which represent membership into The 888 Anon Club™,image,"[{'address': '7JZbDVec4dViXTsMgYudpBppVdVAzZYjUuX985wZCK8B', 'verified': 1, 'share': 0}, {'address': 'FDfhQ9t7Nq8U4Y2xXynmd9bQW8HMdgbVS5PggeuAaff3', 'verified': 0, 'share': 100}]",500,2sk3uabHtQqg6cmua4hfHj4mceVQvuToSctXvFhrtK8H,"[{'trait_type': 'background', 'value': 'hot-pink'}, {'trait_type': 'tshirt', 'value': 'plain-blue'}, {'trait_type': 'skin', 'value': 'blue'}, {'trait_type': 'mask', 'value': 'charcoal'}, {'trait_type': 'accessory', 'value': 'pepe'}]","{'category': 'image', 'creators': [{'address': 'FDfhQ9t7Nq8U4Y2xXynmd9bQW8HMdgbVS5PggeuAaff3', 'share': 100}], 'files': [{'uri': 'https://www.arweave.net/SS0RBDEn8ZSDp41B3kn0wEo4uouIY-8uzfny2fIrybo?ext=png', 'type': 'image/png'}]}",1,prC6wjf6Qu3ZgBxMdpTcknReCberDnRitqkEHhG59yv,1,{},"{'moonrank': {'rank': 10}, 'howrare': {'rank': 4}}",False,"{'auctionHouseKey': 'E8cU1WiRWjanGxmn96ewBgk9vPTcL6AEZ1t6F6fkgUWe', 'sellerReferral': 'autMW8SgBkVYeBgqYiTuJZnkvDZMVU2MHJh9Jh7CSQ2', 'expiry': -1}"
25,DH3Mi1wAJ1KJEPT7dVgBogAr3Wh5Qm254r3UCRXu8wCq,38.0,8Je8q2vQv7Lnbsi7oxCNzdcovtVRoJvPq2KcTKvL4Si2,DHVSPNcjcVQdWT1PnduruKhJTmULDJV8hg89t8mcCMjj,888_anon_club,888 Anon Club™,https://www.arweave.net/3gHLgg0gQhSJWoOVaElxcvaqj6Fo_IoypnWDXQBtdPk?ext=png,888AC #35,888 Unique 2D Pixel Anons which represent membership into The 888 Anon Club™,image,"[{'address': '7JZbDVec4dViXTsMgYudpBppVdVAzZYjUuX985wZCK8B', 'verified': 1, 'share': 0}, {'address': 'FDfhQ9t7Nq8U4Y2xXynmd9bQW8HMdgbVS5PggeuAaff3', 'verified': 0, 'share': 100}]",500,3gsZNDvaNXQPHZ1WTkxTkAdw8hu8VNs6KVPuHZWiw5ub,"[{'trait_type': 'background', 'value': 'toy-blue'}, {'trait_type': 'tshirt', 'value': 'work-shirt'}, {'trait_type': 'skin', 'value': 'ice'}, {'trait_type': 'mask', 'value': 'beige'}, {'trait_type': 'accessory', 'value': 'halo'}]","{'category': 'image', 'creators': [{'address': 'FDfhQ9t7Nq8U4Y2xXynmd9bQW8HMdgbVS5PggeuAaff3', 'share': 100}], 'files': [{'uri': 'https://www.arweave.net/3gHLgg0gQhSJWoOVaElxcvaqj6Fo_IoypnWDXQBtdPk?ext=png', 'type': 'image/png'}]}",1,prC6wjf6Qu3ZgBxMdpTcknReCberDnRitqkEHhG59yv,1,{},"{'moonrank': {'rank': 8}, 'howrare': {'rank': 10}}",False,"{'auctionHouseKey': 'E8cU1WiRWjanGxmn96ewBgk9vPTcL6AEZ1t6F6fkgUWe', 'sellerReferral': 'autMW8SgBkVYeBgqYiTuJZnkvDZMVU2MHJh9Jh7CSQ2', 'expiry': -1}"
26,DnWeZRnVdj5ccqNFwoz5RHg2JANp63egWqP1qutTepyH,38.0,8LVSxidZfhPeGTk1z2qAPH7JZ3gf6PKqwWXkZDfyZyaA,7HJgKTcxUqrNi42vy6foeHpYgR2HczNnXuHoTkkshecN,888_anon_club,888 Anon Club™,https://www.arweave.net/DF3GEn22cFeV0JdAmtU4IGx8CvROVpZvbxxdWktEsPo?ext=png,888AC #25,888 Unique 2D Pixel Anons which represent membership into The 888 Anon Club™,image,"[{'address': '7JZbDVec4dViXTsMgYudpBppVdVAzZYjUuX985wZCK8B', 'verified': 1, 'share': 0}, {'address': 'FDfhQ9t7Nq8U4Y2xXynmd9bQW8HMdgbVS5PggeuAaff3', 'verified': 0, 'share': 100}]",500,3zGomWVmD1JDyFCTXNpTKu9CUvDqnW2BPF2FNGR1ZgEw,"[{'trait_type': 'background', 'value': 'candy-red'}, {'trait_type': 'tshirt', 'value': 'logo-sea'}, {'trait_type': 'skin', 'value': 'candy-red'}, {'trait_type': 'mask', 'value': 'orange'}, {'trait_type': 'accessory', 'value': 'fangs'}]","{'category': 'image', 'creators': [{'address': 'FDfhQ9t7Nq8U4Y2xXynmd9bQW8HMdgbVS5PggeuAaff3', 'share': 100}], 'files': [{'uri': 'https://www.arweave.net/DF3GEn22cFeV0JdAmtU4IGx8CvROVpZvbxxdWktEsPo?ext=png', 'type': 'image/png'}]}",1,prC6wjf6Qu3ZgBxMdpTcknReCberDnRitqkEHhG59yv,1,{},"{'howrare': {'rank': 815}, 'moonrank': {'rank': 732}}",False,"{'auctionHouseKey': 'E8cU1WiRWjanGxmn96ewBgk9vPTcL6AEZ1t6F6fkgUWe', 'sellerReferral': 'autMW8SgBkVYeBgqYiTuJZnkvDZMVU2MHJh9Jh7CSQ2', 'expiry': -1}"
27,Hvd6JmXttkUqMGu9WCkYniYqoiUUDfeQ7K6TsfqjhphN,39.0,CEu8W3XWsUUkYVjYPYy4a8G8dZGpofyMUwCD5q3dhrxE,BAZScT86iXkM34AUi8UmoVchqDGUAW7VqaA22LSo62wu,888_anon_club,888 Anon Club™,https://www.arweave.net/MqLOBKOaXTQEP6Z1l2GP8xDP66r-NxCJEzv-yNiGQLw?ext=png,888AC #859,888 Unique 2D Pixel Anons which represent membership into The 888 Anon Club™,image,"[{'address': '7JZbDVec4dViXTsMgYudpBppVdVAzZYjUuX985wZCK8B', 'verified': 1, 'share': 0}, {'address': 'FDfhQ9t7Nq8U4Y2xXynmd9bQW8HMdgbVS5PggeuAaff3', 'verified': 0, 'share': 100}]",500,CnvHPBpYqyEtnV7jroBDXQwNmr9oHXAFz6yKsRPsC8AP,"[{'trait_type': 'background', 'value': 'night-sky'}, {'trait_type': 'tshirt', 'value': 'plain-orange'}, {'trait_type': 'skin', 'value': 'grey'}, {'trait_type': 'mask', 'value': 'teal'}, {'trait_type': 'accessory', 'value': 'black-eyes'}]","{'category': 'image', 'creators': [{'address': 'FDfhQ9t7Nq8U4Y2xXynmd9bQW8HMdgbVS5PggeuAaff3', 'share': 100}], 'files': [{'uri': 'https://www.arweave.net/MqLOBKOaXTQEP6Z1l2GP8xDP66r-NxCJEzv-yNiGQLw?ext=png', 'type': 'image/png'}]}",1,prC6wjf6Qu3ZgBxMdpTcknReCberDnRitqkEHhG59yv,1,{},"{'moonrank': {'rank': 366}, 'howrare': {'rank': 132}}",False,"{'auctionHouseKey': 'E8cU1WiRWjanGxmn96ewBgk9vPTcL6AEZ1t6F6fkgUWe', 'sellerReferral': 'autMW8SgBkVYeBgqYiTuJZnkvDZMVU2MHJh9Jh7CSQ2', 'expiry': -1}"
28,FxFq5zEUUMSUnPAFfNgfmjmKphsHS251uiN48cUpXtDV,39.0,BU4Pmwjojf2uKuFtFKFvVeL56J9iJ1KQspFhA744qfGm,2CHJ97VwMctXuTaU4ftTJAozX1SQ9JN2e3rA9pBhKN4p,888_anon_club,888 Anon Club™,https://www.arweave.net/0H-NooF1uk7F6aBESPNYjHrN7AZQlgaa5CqTO8x61B8?ext=png,888AC #718,888 Unique 2D Pixel Anons which represent membership into The 888 Anon Club™,image,"[{'address': '7JZbDVec4dViXTsMgYudpBppVdVAzZYjUuX985wZCK8B', 'verified': 1, 'share': 0}, {'address': 'FDfhQ9t7Nq8U4Y2xXynmd9bQW8HMdgbVS5PggeuAaff3', 'verified': 0, 'share': 100}]",500,6A2qtV4DN3mJsJQNHKHyhzL5pvWgUmkSiFMrD5XypMxW,"[{'trait_type': 'background', 'value': 'candy-red'}, {'trait_type': 'tshirt', 'value': 'logo-red'}, {'trait_type': 'skin', 'value': 'beige'}, {'trait_type': 'mask', 'value': 'orange'}, {'trait_type': 'accessory', 'value': 'mouth'}]","{'category': 'image', 'creators': [{'address': 'FDfhQ9t7Nq8U4Y2xXynmd9bQW8HMdgbVS5PggeuAaff3', 'share': 100}], 'files': [{'uri': 'https://www.arweave.net/0H-NooF1uk7F6aBESPNYjHrN7AZQlgaa5CqTO8x61B8?ext=png', 'type': 'image/png'}]}",1,prC6wjf6Qu3ZgBxMdpTcknReCberDnRitqkEHhG59yv,1,{},"{'howrare': {'rank': 523}, 'moonrank': {'rank': 413}}",False,"{'auctionHouseKey': 'E8cU1WiRWjanGxmn96ewBgk9vPTcL6AEZ1t6F6fkgUWe', 'sellerReferral': 'autMW8SgBkVYeBgqYiTuJZnkvDZMVU2MHJh9Jh7CSQ2', 'expiry': -1}"
29,HbRZ2TXqRieT57xyPHRLsffy62vB756JP6EBDUmuPFpM,39.0,8u7cZJKGH8CkoTChfb3jvTkm2e3rTBz4ypKKkZwabUaY,SEERpQTCK6RJUujPnwhnKBZfZZ6oFAMX1MKxPPMn8hK,888_anon_club,888 Anon Club™,https://www.arweave.net/5b3PC0nkYd3uvOyjB-8XuINVK_J-hrqpM-KhPnpp4XQ?ext=png,888AC #32,888 Unique 2D Pixel Anons which represent membership into The 888 Anon Club™,image,"[{'address': '7JZbDVec4dViXTsMgYudpBppVdVAzZYjUuX985wZCK8B', 'verified': 1, 'share': 0}, {'address': 'FDfhQ9t7Nq8U4Y2xXynmd9bQW8HMdgbVS5PggeuAaff3', 'verified': 0, 'share': 100}]",500,DeVHgTmf5Y76qC2vdLWB8QMtk1Yj48nAVTSkLHewcG7g,"[{'trait_type': 'background', 'value': 'red'}, {'trait_type': 'tshirt', 'value': 'logo-forest'}, {'trait_type': 'skin', 'value': 'dusk'}, {'trait_type': 'mask', 'value': 'purple'}, {'trait_type': 'accessory', 'value': 'pepe'}]","{'category': 'image', 'creators': [{'address': 'FDfhQ9t7Nq8U4Y2xXynmd9bQW8HMdgbVS5PggeuAaff3', 'share': 100}], 'files': [{'uri': 'https://www.arweave.net/5b3PC0nkYd3uvOyjB-8XuINVK_J-hrqpM-KhPnpp4XQ?ext=png', 'type': 'image/png'}]}",1,prC6wjf6Qu3ZgBxMdpTcknReCberDnRitqkEHhG59yv,1,{},"{'moonrank': {'rank': 9}, 'howrare': {'rank': 3}}",False,"{'auctionHouseKey': 'E8cU1WiRWjanGxmn96ewBgk9vPTcL6AEZ1t6F6fkgUWe', 'sellerReferral': 'autMW8SgBkVYeBgqYiTuJZnkvDZMVU2MHJh9Jh7CSQ2', 'expiry': -1}"
30,2it7bg1U9oE5vWMGu51ZAn1RznERnwkhFZJ6QEMA58qL,40.0,2F6EEeEZhmpUpRmZDkyu4NCabJVX1gk8mRasoRUQSFCK,EFR6sAf9eWi69ggVrvvN2mqQSX152xcNqu5k4EgPEF8,888_anon_club,888 Anon Club™,https://www.arweave.net/EVOWsv8I7LWIrpTkwv2UMbpI_SjPx07E-qRRihf9dWM?ext=png,888AC #814,888 Unique 2D Pixel Anons which represent membership into The 888 Anon Club™,image,"[{'address': '7JZbDVec4dViXTsMgYudpBppVdVAzZYjUuX985wZCK8B', 'verified': 1, 'share': 0}, {'address': 'FDfhQ9t7Nq8U4Y2xXynmd9bQW8HMdgbVS5PggeuAaff3', 'verified': 0, 'share': 100}]",500,2avrysn3mS75JfgTfSTohLRVK7ybo26M34r9MdMEy9ph,"[{'trait_type': 'background', 'value': 'night-forest'}, {'trait_type': 'tshirt', 'value': 'skull-black'}, {'trait_type': 'skin', 'value': 'orange'}, {'trait_type': 'mask', 'value': 'forest'}, {'trait_type': 'accessory', 'value': 'aviators'}]","{'category': 'image', 'creators': [{'address': 'FDfhQ9t7Nq8U4Y2xXynmd9bQW8HMdgbVS5PggeuAaff3', 'share': 100}], 'files': [{'uri': 'https://www.arweave.net/EVOWsv8I7LWIrpTkwv2UMbpI_SjPx07E-qRRihf9dWM?ext=png', 'type': 'image/png'}]}",1,prC6wjf6Qu3ZgBxMdpTcknReCberDnRitqkEHhG59yv,1,{},"{'moonrank': {'rank': 85}, 'howrare': {'rank': 115}}",False,"{'auctionHouseKey': 'E8cU1WiRWjanGxmn96ewBgk9vPTcL6AEZ1t6F6fkgUWe', 'sellerReferral': 'autMW8SgBkVYeBgqYiTuJZnkvDZMVU2MHJh9Jh7CSQ2', 'expiry': -1}"
31,9uY3ZTtp4ybs1JAHy52YgYw8SzhkWFPGQQ7194khgbr9,40.0,2XNaBvJncCo1d1rxbR6csERrRmfYESSJ2q5teZiZLNn8,7HJgKTcxUqrNi42vy6foeHpYgR2HczNnXuHoTkkshecN,888_anon_club,888 Anon Club™,https://www.arweave.net/0wV_SozNXkASmw9Ms1cegXifjD_YkUPmKiR86-f7Mjs?ext=png,888AC #239,888 Unique 2D Pixel Anons which represent membership into The 888 Anon Club™,image,"[{'address': '7JZbDVec4dViXTsMgYudpBppVdVAzZYjUuX985wZCK8B', 'verified': 1, 'share': 0}, {'address': 'FDfhQ9t7Nq8U4Y2xXynmd9bQW8HMdgbVS5PggeuAaff3', 'verified': 0, 'share': 100}]",500,5mRpEeoaPmmA8v9yWiE4NdfrMKyFVJBFoctvedCucfFt,"[{'trait_type': 'background', 'value': 'dusk'}, {'trait_type': 'tshirt', 'value': 'logo2-purple'}, {'trait_type': 'skin', 'value': 'grey'}, {'trait_type': 'mask', 'value': 'crimson'}, {'trait_type': 'accessory', 'value': 'none'}]","{'category': 'image', 'creators': [{'address': 'FDfhQ9t7Nq8U4Y2xXynmd9bQW8HMdgbVS5PggeuAaff3', 'share': 100}], 'files': [{'uri': 'https://www.arweave.net/0wV_SozNXkASmw9Ms1cegXifjD_YkUPmKiR86-f7Mjs?ext=png', 'type': 'image/png'}]}",1,prC6wjf6Qu3ZgBxMdpTcknReCberDnRitqkEHhG59yv,1,{},"{'howrare': {'rank': 517}, 'moonrank': {'rank': 746}}",False,"{'auctionHouseKey': 'E8cU1WiRWjanGxmn96ewBgk9vPTcL6AEZ1t6F6fkgUWe', 'sellerReferral': 'autMW8SgBkVYeBgqYiTuJZnkvDZMVU2MHJh9Jh7CSQ2', 'expiry': -1}"
32,9fZ2qgtmndbe1ArJA6KsovZNerfHw5BHxcG5WJ8CZy25,40.0,AFrC2dLwnBXxNyr4GTUcsEc78TKjBPRNAd4kaLu3jHPP,2CHJ97VwMctXuTaU4ftTJAozX1SQ9JN2e3rA9pBhKN4p,888_anon_club,888 Anon Club™,https://www.arweave.net/flZ4riwmY61DtFZ0vljNAnbb17USPle2fwE1Ng1wxls?ext=png,888AC #135,888 Unique 2D Pixel Anons which represent membership into The 888 Anon Club™,image,"[{'address': '7JZbDVec4dViXTsMgYudpBppVdVAzZYjUuX985wZCK8B', 'verified': 1, 'share': 0}, {'address': 'FDfhQ9t7Nq8U4Y2xXynmd9bQW8HMdgbVS5PggeuAaff3', 'verified': 0, 'share': 100}]",500,GqhuK6C2p3ujbRQxQwz8iD1LLX7sCEFJsq6Cq1j4QfJ7,"[{'trait_type': 'background', 'value': 'dusk'}, {'trait_type': 'tshirt', 'value': 'leather-jacket'}, {'trait_type': 'skin', 'value': 'crimson'}, {'trait_type': 'mask', 'value': 'lime'}, {'trait_type': 'accessory', 'value': 'none'}]","{'category': 'image', 'creators': [{'address': 'FDfhQ9t7Nq8U4Y2xXynmd9bQW8HMdgbVS5PggeuAaff3', 'share': 100}], 'files': [{'uri': 'https://www.arweave.net/flZ4riwmY61DtFZ0vljNAnbb17USPle2fwE1Ng1wxls?ext=png', 'type': 'image/png'}]}",1,prC6wjf6Qu3ZgBxMdpTcknReCberDnRitqkEHhG59yv,1,{},"{'moonrank': {'rank': 633}, 'howrare': {'rank': 415}}",False,"{'auctionHouseKey': 'E8cU1WiRWjanGxmn96ewBgk9vPTcL6AEZ1t6F6fkgUWe', 'sellerReferral': 'autMW8SgBkVYeBgqYiTuJZnkvDZMVU2MHJh9Jh7CSQ2', 'expiry': -1}"
33,n2VYpEcU7fockJS6z48vD65h7DKgD9L7cKCXDjkrEiL,41.0,4FQcWm9EzUcDZKdPpt3JNKefxNzbHtXcMJ1GiWieiNpQ,H7jxZmTYV6mDPj2L77xYqjbjQEAo4HPFMY1dZLeNPeBC,888_anon_club,888 Anon Club™,https://www.arweave.net/czYOOv__Tp_eeh-qwbaNpMmrvSBA7zOdGalOgwnqs5Q?ext=png,888AC #602,888 Unique 2D Pixel Anons which represent membership into The 888 Anon Club™,image,"[{'address': '7JZbDVec4dViXTsMgYudpBppVdVAzZYjUuX985wZCK8B', 'verified': 1, 'share': 0}, {'address': 'FDfhQ9t7Nq8U4Y2xXynmd9bQW8HMdgbVS5PggeuAaff3', 'verified': 0, 'share': 100}]",500,57CYLZj5stqPHFsZ1WSxdicq6Xbnux1disjZ9o1ovnTt,"[{'trait_type': 'background', 'value': 'purple'}, {'trait_type': 'tshirt', 'value': 'logo-pink'}, {'trait_type': 'skin', 'value': 'black'}, {'trait_type': 'mask', 'value': 'yellow'}, {'trait_type': 'accessory', 'value': 'halo'}]","{'category': 'image', 'creators': [{'address': 'FDfhQ9t7Nq8U4Y2xXynmd9bQW8HMdgbVS5PggeuAaff3', 'share': 100}], 'files': [{'uri': 'https://www.arweave.net/czYOOv__Tp_eeh-qwbaNpMmrvSBA7zOdGalOgwnqs5Q?ext=png', 'type': 'image/png'}]}",1,prC6wjf6Qu3ZgBxMdpTcknReCberDnRitqkEHhG59yv,1,{},"{'moonrank': {'rank': 63}, 'howrare': {'rank': 66}}",False,"{'auctionHouseKey': 'E8cU1WiRWjanGxmn96ewBgk9vPTcL6AEZ1t6F6fkgUWe', 'sellerReferral': 'autMW8SgBkVYeBgqYiTuJZnkvDZMVU2MHJh9Jh7CSQ2', 'expiry': -1}"
34,AVMr5JGtfzS53vha4SuNKfHHijS1oxd9VgY1bhrnXDN6,42.0,4YV3Q81CbkPR8q9czrjPtvYyDPMjGz6wUjo8P6ePbaV4,7HJgKTcxUqrNi42vy6foeHpYgR2HczNnXuHoTkkshecN,888_anon_club,888 Anon Club™,https://www.arweave.net/j0b7OMCcdjJNDo15EZZ8Pgu9Oi5DvTM_qQpBCWMfJJA?ext=png,888AC #258,888 Unique 2D Pixel Anons which represent membership into The 888 Anon Club™,image,"[{'address': '7JZbDVec4dViXTsMgYudpBppVdVAzZYjUuX985wZCK8B', 'verified': 1, 'share': 0}, {'address': 'FDfhQ9t7Nq8U4Y2xXynmd9bQW8HMdgbVS5PggeuAaff3', 'verified': 0, 'share': 100}]",500,B7CwGykTbyeG54sUhtBoc45V8dTgqc5YcCWTamhxNxCB,"[{'trait_type': 'background', 'value': 'toy-blue'}, {'trait_type': 'tshirt', 'value': 'plain-black'}, {'trait_type': 'skin', 'value': 'yellow'}, {'trait_type': 'mask', 'value': 'dusk'}, {'trait_type': 'accessory', 'value': 'cig'}]","{'category': 'image', 'creators': [{'address': 'FDfhQ9t7Nq8U4Y2xXynmd9bQW8HMdgbVS5PggeuAaff3', 'share': 100}], 'files': [{'uri': 'https://www.arweave.net/j0b7OMCcdjJNDo15EZZ8Pgu9Oi5DvTM_qQpBCWMfJJA?ext=png', 'type': 'image/png'}]}",1,prC6wjf6Qu3ZgBxMdpTcknReCberDnRitqkEHhG59yv,1,{},"{'moonrank': {'rank': 723}, 'howrare': {'rank': 723}}",False,"{'auctionHouseKey': 'E8cU1WiRWjanGxmn96ewBgk9vPTcL6AEZ1t6F6fkgUWe', 'sellerReferral': 'autMW8SgBkVYeBgqYiTuJZnkvDZMVU2MHJh9Jh7CSQ2', 'expiry': -1}"
35,K9TbNs3zR26dsVokmF67zvCTsiaJoL5c875GdwECHQr,43.0,22BeiMWXtb1fTAqsunB1nb8qNPrZ348f7PtK4uLn8wCh,2CHJ97VwMctXuTaU4ftTJAozX1SQ9JN2e3rA9pBhKN4p,888_anon_club,888 Anon Club™,https://www.arweave.net/FDY4wrvYXbM8Jt_n9mK20WKCiVcKpO30jRYtNqmyii4?ext=png,888AC #824,888 Unique 2D Pixel Anons which represent membership into The 888 Anon Club™,image,"[{'address': '7JZbDVec4dViXTsMgYudpBppVdVAzZYjUuX985wZCK8B', 'verified': 1, 'share': 0}, {'address': 'FDfhQ9t7Nq8U4Y2xXynmd9bQW8HMdgbVS5PggeuAaff3', 'verified': 0, 'share': 100}]",500,duFKqNnKSFxxXa8WrV18vmH2q3pz5xewF5zhan6zg3X,"[{'trait_type': 'background', 'value': 'night-forest'}, {'trait_type': 'tshirt', 'value': 'plain-brown'}, {'trait_type': 'skin', 'value': 'brown'}, {'trait_type': 'mask', 'value': 'blue'}, {'trait_type': 'accessory', 'value': 'green-eyes'}]","{'category': 'image', 'creators': [{'address': 'FDfhQ9t7Nq8U4Y2xXynmd9bQW8HMdgbVS5PggeuAaff3', 'share': 100}], 'files': [{'uri': 'https://www.arweave.net/FDY4wrvYXbM8Jt_n9mK20WKCiVcKpO30jRYtNqmyii4?ext=png', 'type': 'image/png'}]}",1,prC6wjf6Qu3ZgBxMdpTcknReCberDnRitqkEHhG59yv,1,{},"{'moonrank': {'rank': 552}, 'howrare': {'rank': 635}}",False,"{'auctionHouseKey': 'E8cU1WiRWjanGxmn96ewBgk9vPTcL6AEZ1t6F6fkgUWe', 'sellerReferral': 'autMW8SgBkVYeBgqYiTuJZnkvDZMVU2MHJh9Jh7CSQ2', 'expiry': -1}"
36,21A2t5jKcLTC3EqZZB9mg6eGy8t4QEPPpGc8goyXVk7H,44.0,CPhFnHRca6y2pmmyxhHAJkXsSi1urhfLgr4nNYDoHdT5,2CHJ97VwMctXuTaU4ftTJAozX1SQ9JN2e3rA9pBhKN4p,888_anon_club,888 Anon Club™,https://www.arweave.net/MYQSKHTokaY3nDLWR-sx98oo6cs-Pi-3fdJu4NNcMLs?ext=png,888AC #560,888 Unique 2D Pixel Anons which represent membership into The 888 Anon Club™,image,"[{'address': '7JZbDVec4dViXTsMgYudpBppVdVAzZYjUuX985wZCK8B', 'verified': 1, 'share': 0}, {'address': 'FDfhQ9t7Nq8U4Y2xXynmd9bQW8HMdgbVS5PggeuAaff3', 'verified': 0, 'share': 100}]",500,8wnaurACorrsEXCJ3Xz8t9EByoNuZsdGhWWSMjcSzJYt,"[{'trait_type': 'background', 'value': 'black'}, {'trait_type': 'tshirt', 'value': 'logo-forest'}, {'trait_type': 'skin', 'value': 'white'}, {'trait_type': 'mask', 'value': 'mauve'}, {'trait_type': 'accessory', 'value': 'red-eyes'}]","{'category': 'image', 'creators': [{'address': 'FDfhQ9t7Nq8U4Y2xXynmd9bQW8HMdgbVS5PggeuAaff3', 'share': 100}], 'files': [{'uri': 'https://www.arweave.net/MYQSKHTokaY3nDLWR-sx98oo6cs-Pi-3fdJu4NNcMLs?ext=png', 'type': 'image/png'}]}",1,prC6wjf6Qu3ZgBxMdpTcknReCberDnRitqkEHhG59yv,1,{},"{'moonrank': {'rank': 324}, 'howrare': {'rank': 347}}",False,"{'auctionHouseKey': 'E8cU1WiRWjanGxmn96ewBgk9vPTcL6AEZ1t6F6fkgUWe', 'sellerReferral': 'autMW8SgBkVYeBgqYiTuJZnkvDZMVU2MHJh9Jh7CSQ2', 'expiry': -1}"
37,3nD3H8iB4RjQECeymgpNtvTZ8fT7vZeimXTujt89JFZR,44.4,Hj9qwHFVW2qBKr2PBzSaKJpLtqwt4rKJxh6nvaRjGDF2,6cGKqEiFptwuJT4umabYdV2uxpprD1ns6LEAvskC7u7y,888_anon_club,888 Anon Club™,https://www.arweave.net/L77jXh0sKa_1Tg1Pm7s_89bWUsEiBfBBiTbuxTWwc5U?ext=png,888AC #800,888 Unique 2D Pixel Anons which represent membership into The 888 Anon Club™,image,"[{'address': '7JZbDVec4dViXTsMgYudpBppVdVAzZYjUuX985wZCK8B', 'verified': 1, 'share': 0}, {'address': 'FDfhQ9t7Nq8U4Y2xXynmd9bQW8HMdgbVS5PggeuAaff3', 'verified': 0, 'share': 100}]",500,FBjb73Vrj8NeooH8VaH3gXKPqM51P9UnPfVRqvcZekdv,"[{'trait_type': 'background', 'value': 'autumn-forest'}, {'trait_type': 'tshirt', 'value': 'skull-pink'}, {'trait_type': 'skin', 'value': 'green'}, {'trait_type': 'mask', 'value': 'grey'}, {'trait_type': 'accessory', 'value': 'cig'}]","{'category': 'image', 'creators': [{'address': 'FDfhQ9t7Nq8U4Y2xXynmd9bQW8HMdgbVS5PggeuAaff3', 'share': 100}], 'files': [{'uri': 'https://www.arweave.net/L77jXh0sKa_1Tg1Pm7s_89bWUsEiBfBBiTbuxTWwc5U?ext=png', 'type': 'image/png'}]}",1,prC6wjf6Qu3ZgBxMdpTcknReCberDnRitqkEHhG59yv,1,{},"{'moonrank': {'rank': 607}, 'howrare': {'rank': 594}}",False,"{'auctionHouseKey': 'E8cU1WiRWjanGxmn96ewBgk9vPTcL6AEZ1t6F6fkgUWe', 'sellerReferral': 'autMW8SgBkVYeBgqYiTuJZnkvDZMVU2MHJh9Jh7CSQ2', 'expiry': -1}"
38,8ofVph8bhSBnacj2fJqGt3ozq4tRFX67qFjXM17m7NaK,45.0,CaRfCvdv5si8e7C9cYfUH6hXcXwVBSrvm1MT3KteS7Ty,7HJgKTcxUqrNi42vy6foeHpYgR2HczNnXuHoTkkshecN,888_anon_club,888 Anon Club™,https://www.arweave.net/1IsYeaiZ1uSuXSpijA-NmK05GGBCUd01iN8VELx53Fo?ext=png,888AC #500,888 Unique 2D Pixel Anons which represent membership into The 888 Anon Club™,image,"[{'address': '7JZbDVec4dViXTsMgYudpBppVdVAzZYjUuX985wZCK8B', 'verified': 1, 'share': 0}, {'address': 'FDfhQ9t7Nq8U4Y2xXynmd9bQW8HMdgbVS5PggeuAaff3', 'verified': 0, 'share': 100}]",500,5wCWUzxd9Fv27TsPnqZTmxSHegyH4xokRWZ1Y8W7n2Cm,"[{'trait_type': 'background', 'value': 'vale-green'}, {'trait_type': 'tshirt', 'value': 'plain-green'}, {'trait_type': 'skin', 'value': 'yellow'}, {'trait_type': 'mask', 'value': 'green'}, {'trait_type': 'accessory', 'value': 'cig'}]","{'category': 'image', 'creators': [{'address': 'FDfhQ9t7Nq8U4Y2xXynmd9bQW8HMdgbVS5PggeuAaff3', 'share': 100}], 'files': [{'uri': 'https://www.arweave.net/1IsYeaiZ1uSuXSpijA-NmK05GGBCUd01iN8VELx53Fo?ext=png', 'type': 'image/png'}]}",1,prC6wjf6Qu3ZgBxMdpTcknReCberDnRitqkEHhG59yv,1,{},"{'moonrank': {'rank': 652}, 'howrare': {'rank': 674}}",False,"{'auctionHouseKey': 'E8cU1WiRWjanGxmn96ewBgk9vPTcL6AEZ1t6F6fkgUWe', 'sellerReferral': 'autMW8SgBkVYeBgqYiTuJZnkvDZMVU2MHJh9Jh7CSQ2', 'expiry': -1}"
39,8GynNdmDuxuTqeGsWLTDAYJY2VysHdTqy14Q7Rj1LS2w,49.0,EyJ7FxVhncntC4oUiQcAg3PohZUC5ZjLpcb7igKwGqNG,1dtbH9Jf84KrirKgubs7L3gcaNYFzrUVU3LHUusV7ZN,888_anon_club,888 Anon Club™,https://www.arweave.net/r9Obu1ukGy5Flx8MFpAWrCqyACgbVuODJUSbydA2NFc?ext=png,888AC #387,888 Unique 2D Pixel Anons which represent membership into The 888 Anon Club™,image,"[{'address': '7JZbDVec4dViXTsMgYudpBppVdVAzZYjUuX985wZCK8B', 'verified': 1, 'share': 0}, {'address': 'FDfhQ9t7Nq8U4Y2xXynmd9bQW8HMdgbVS5PggeuAaff3', 'verified': 0, 'share': 100}]",500,HRSixQ2N1FKVJ55tv36gPH2dVBzsF9rcuecTWbW2dNo8,"[{'trait_type': 'background', 'value': 'red'}, {'trait_type': 'tshirt', 'value': 'plain-brown'}, {'trait_type': 'skin', 'value': 'white'}, {'trait_type': 'mask', 'value': 'lime'}, {'trait_type': 'accessory', 'value': 'black-eyes'}]","{'category': 'image', 'creators': [{'address': 'FDfhQ9t7Nq8U4Y2xXynmd9bQW8HMdgbVS5PggeuAaff3', 'share': 100}], 'files': [{'uri': 'https://www.arweave.net/r9Obu1ukGy5Flx8MFpAWrCqyACgbVuODJUSbydA2NFc?ext=png', 'type': 'image/png'}]}",1,prC6wjf6Qu3ZgBxMdpTcknReCberDnRitqkEHhG59yv,1,{},"{'moonrank': {'rank': 764}, 'howrare': {'rank': 691}}",False,"{'auctionHouseKey': 'E8cU1WiRWjanGxmn96ewBgk9vPTcL6AEZ1t6F6fkgUWe', 'sellerReferral': 'autMW8SgBkVYeBgqYiTuJZnkvDZMVU2MHJh9Jh7CSQ2', 'expiry': -1}"
40,D9g5611YVUaJdNTDAewpp7VVjybrYGHUbuSai1QE9A8z,50.0,55RaYz6TdmWosvs6rgBnnbpm1NUXAq5euXnda3AxSuYd,DHVSPNcjcVQdWT1PnduruKhJTmULDJV8hg89t8mcCMjj,888_anon_club,888 Anon Club™,https://www.arweave.net/F-ws1UDcXWGG6-80-mLDVE6RsTjAoisqr5_iPBdv4jc?ext=png,888AC #434,888 Unique 2D Pixel Anons which represent membership into The 888 Anon Club™,image,"[{'address': '7JZbDVec4dViXTsMgYudpBppVdVAzZYjUuX985wZCK8B', 'verified': 1, 'share': 0}, {'address': 'FDfhQ9t7Nq8U4Y2xXynmd9bQW8HMdgbVS5PggeuAaff3', 'verified': 0, 'share': 100}]",500,7JDNu4SCV92JmiXFuLcmRYyVKUMGCt6NHUpjmyA3n6gW,"[{'trait_type': 'background', 'value': 'yellow'}, {'trait_type': 'tshirt', 'value': 'logo-mauve'}, {'trait_type': 'skin', 'value': 'crimson'}, {'trait_type': 'mask', 'value': 'dusk'}, {'trait_type': 'accessory', 'value': 'crown'}]","{'category': 'image', 'creators': [{'address': 'FDfhQ9t7Nq8U4Y2xXynmd9bQW8HMdgbVS5PggeuAaff3', 'share': 100}], 'files': [{'uri': 'https://www.arweave.net/F-ws1UDcXWGG6-80-mLDVE6RsTjAoisqr5_iPBdv4jc?ext=png', 'type': 'image/png'}]}",1,prC6wjf6Qu3ZgBxMdpTcknReCberDnRitqkEHhG59yv,1,{},"{'moonrank': {'rank': 36}, 'howrare': {'rank': 19}}",False,"{'auctionHouseKey': 'E8cU1WiRWjanGxmn96ewBgk9vPTcL6AEZ1t6F6fkgUWe', 'sellerReferral': 'autMW8SgBkVYeBgqYiTuJZnkvDZMVU2MHJh9Jh7CSQ2', 'expiry': -1}"
41,AtBW3cxjbujh8x3iJQFCzYVhmanxqAYkSqCjv2mkeiTr,58.0,GyQq32PeLkhfG9AWjHyJVaHX9YA1gTo4f8s5hUsCiN5k,3dibdj2pm11V9vfidfJXPFWRy2ry41Cy3xQPNJz7mTEE,888_anon_club,888 Anon Club™,https://www.arweave.net/YKQoAk-kfH1UDslc9wi3LQgpawhRwgxSpRHuAjIwpAw?ext=png,888AC #445,888 Unique 2D Pixel Anons which represent membership into The 888 Anon Club™,image,"[{'address': '7JZbDVec4dViXTsMgYudpBppVdVAzZYjUuX985wZCK8B', 'verified': 1, 'share': 0}, {'address': 'FDfhQ9t7Nq8U4Y2xXynmd9bQW8HMdgbVS5PggeuAaff3', 'verified': 0, 'share': 100}]",500,B4uJcVq19gzfxZ2hAmkbaK6ECVqHY9WcSH3wYK6gZRxK,"[{'trait_type': 'background', 'value': 'musk'}, {'trait_type': 'tshirt', 'value': 'logo-sea'}, {'trait_type': 'skin', 'value': 'pink'}, {'trait_type': 'mask', 'value': 'teal'}, {'trait_type': 'accessory', 'value': 'green-eyes'}]","{'category': 'image', 'creators': [{'address': 'FDfhQ9t7Nq8U4Y2xXynmd9bQW8HMdgbVS5PggeuAaff3', 'share': 100}], 'files': [{'uri': 'https://www.arweave.net/YKQoAk-kfH1UDslc9wi3LQgpawhRwgxSpRHuAjIwpAw?ext=png', 'type': 'image/png'}]}",1,prC6wjf6Qu3ZgBxMdpTcknReCberDnRitqkEHhG59yv,1,{},"{'howrare': {'rank': 800}, 'moonrank': {'rank': 714}}",False,"{'auctionHouseKey': 'E8cU1WiRWjanGxmn96ewBgk9vPTcL6AEZ1t6F6fkgUWe', 'sellerReferral': 'autMW8SgBkVYeBgqYiTuJZnkvDZMVU2MHJh9Jh7CSQ2', 'expiry': -1}"
42,GUjziLFxMJsKdqApRrNsPBPgf4XA3MVFQeTTsPuVNQyz,66.6,DK1yVnySTcBhc21YonncQSgBufBnBa1k7HvfeARR5njB,AMcgqC4J9X8b5E1cY6WutwSdsZ7bcSr38QbBrnSH9J94,888_anon_club,888 Anon Club™,https://www.arweave.net/nuzx6-dTSXYN8KK-0PUTp1RGbXM4XwWL36CeAVCatKE?ext=png,888AC #666,888 Unique 2D Pixel Anons which represent membership into The 888 Anon Club™,image,"[{'address': '7JZbDVec4dViXTsMgYudpBppVdVAzZYjUuX985wZCK8B', 'verified': 1, 'share': 0}, {'address': 'FDfhQ9t7Nq8U4Y2xXynmd9bQW8HMdgbVS5PggeuAaff3', 'verified': 0, 'share': 100}]",500,FwwfmiNKV9k3ZLP4LmnjQRLjKK6JHBAH6XwbzuofaNMi,"[{'trait_type': 'background', 'value': 'fuscia'}, {'trait_type': 'tshirt', 'value': 'red-striped'}, {'trait_type': 'skin', 'value': 'black'}, {'trait_type': 'mask', 'value': 'dusk'}, {'trait_type': 'accessory', 'value': 'police-shades'}]","{'category': 'image', 'creators': [{'address': 'FDfhQ9t7Nq8U4Y2xXynmd9bQW8HMdgbVS5PggeuAaff3', 'share': 100}], 'files': [{'uri': 'https://www.arweave.net/nuzx6-dTSXYN8KK-0PUTp1RGbXM4XwWL36CeAVCatKE?ext=png', 'type': 'image/png'}]}",1,prC6wjf6Qu3ZgBxMdpTcknReCberDnRitqkEHhG59yv,1,{},"{'moonrank': {'rank': 137}, 'howrare': {'rank': 169}}",False,"{'auctionHouseKey': 'E8cU1WiRWjanGxmn96ewBgk9vPTcL6AEZ1t6F6fkgUWe', 'sellerReferral': 'autMW8SgBkVYeBgqYiTuJZnkvDZMVU2MHJh9Jh7CSQ2', 'expiry': -1}"
43,8PKwj4kh5q2YLNJ6aXhVBAV7nZoWArvSbLEvX9EteJRN,69.402,4fHegtwGfW4YHT6gMgpaYRLEDR7dn1HVkn9STu8XoUPJ,tv9Hhqb6hAmBiA1Zww2CNKAwSKmWbR4wJhaLHdanMxo,888_anon_club,888 Anon Club™,https://www.arweave.net/9NepsVfPJGUCosvh2LNkv8J8Xe7vn3pehOfxEegd7AY?ext=png,888AC #321,888 Unique 2D Pixel Anons which represent membership into The 888 Anon Club™,image,"[{'address': '7JZbDVec4dViXTsMgYudpBppVdVAzZYjUuX985wZCK8B', 'verified': 1, 'share': 0}, {'address': 'FDfhQ9t7Nq8U4Y2xXynmd9bQW8HMdgbVS5PggeuAaff3', 'verified': 0, 'share': 100}]",500,BzFgVjuVCcDGnUvyvzS8124Jw7wc4V3ifd251LSVYvJU,"[{'trait_type': 'background', 'value': 'old-grey'}, {'trait_type': 'tshirt', 'value': 'logo-sea'}, {'trait_type': 'skin', 'value': 'yellow'}, {'trait_type': 'mask', 'value': 'teal'}, {'trait_type': 'accessory', 'value': 'eyepatch'}]","{'category': 'image', 'creators': [{'address': 'FDfhQ9t7Nq8U4Y2xXynmd9bQW8HMdgbVS5PggeuAaff3', 'share': 100}], 'files': [{'uri': 'https://www.arweave.net/9NepsVfPJGUCosvh2LNkv8J8Xe7vn3pehOfxEegd7AY?ext=png', 'type': 'image/png'}]}",1,prC6wjf6Qu3ZgBxMdpTcknReCberDnRitqkEHhG59yv,1,{},"{'moonrank': {'rank': 147}, 'howrare': {'rank': 179}}",False,"{'auctionHouseKey': 'E8cU1WiRWjanGxmn96ewBgk9vPTcL6AEZ1t6F6fkgUWe', 'sellerReferral': 'autMW8SgBkVYeBgqYiTuJZnkvDZMVU2MHJh9Jh7CSQ2', 'expiry': -1}"
44,EATwXS4QhbZZSceTMcW34HN3GhygCstVEwE2UfqfexK8,70.0,64L6MaEJVKYVhz7awMRpm1nS6TewhbFKWXeZppy41GUH,6zmDVs1mCakTJB4QEfcp3S4RsuFoYZ9ziVLmcTa9kxPt,888_anon_club,888 Anon Club™,https://www.arweave.net/atzXhD0Wp4DkyfotVp6KV8B6MFde4XNL7n_FYvsKhLU?ext=png,888AC #362,888 Unique 2D Pixel Anons which represent membership into The 888 Anon Club™,image,"[{'address': '7JZbDVec4dViXTsMgYudpBppVdVAzZYjUuX985wZCK8B', 'verified': 1, 'share': 0}, {'address': 'FDfhQ9t7Nq8U4Y2xXynmd9bQW8HMdgbVS5PggeuAaff3', 'verified': 0, 'share': 100}]",500,2XvYFC5cPyw5YFuUTK7JdKdR5uJfrvxCgbwbS4aN2UJS,"[{'trait_type': 'background', 'value': 'musk'}, {'trait_type': 'tshirt', 'value': 'logo-coral'}, {'trait_type': 'skin', 'value': 'orange'}, {'trait_type': 'mask', 'value': 'forest'}, {'trait_type': 'accessory', 'value': 'sleeping-mask'}]","{'category': 'image', 'creators': [{'address': 'FDfhQ9t7Nq8U4Y2xXynmd9bQW8HMdgbVS5PggeuAaff3', 'share': 100}], 'files': [{'uri': 'https://www.arweave.net/atzXhD0Wp4DkyfotVp6KV8B6MFde4XNL7n_FYvsKhLU?ext=png', 'type': 'image/png'}]}",1,prC6wjf6Qu3ZgBxMdpTcknReCberDnRitqkEHhG59yv,1,{},"{'moonrank': {'rank': 49}, 'howrare': {'rank': 44}}",False,"{'auctionHouseKey': 'E8cU1WiRWjanGxmn96ewBgk9vPTcL6AEZ1t6F6fkgUWe', 'sellerReferral': 'autMW8SgBkVYeBgqYiTuJZnkvDZMVU2MHJh9Jh7CSQ2', 'expiry': -1}"
45,54tGEVgERrdNgz7PrviE8coSNmco1Safisy44iAq9S8L,100.0,4W3vJ2dnvwT8nCw7LF9e9zpEkrwe8tKagtsgKSFrkwZ4,7qEkDwTDSj9bi5uWCHUvavP1pFuhNs2ALBByuiDT77QQ,888_anon_club,888 Anon Club™,https://www.arweave.net/OGMJMpjCLFyh3wRV9093zKzePxrvfkT-h--Pspu8BXc?ext=png,888AC #474,888 Unique 2D Pixel Anons which represent membership into The 888 Anon Club™,image,"[{'address': '7JZbDVec4dViXTsMgYudpBppVdVAzZYjUuX985wZCK8B', 'verified': 1, 'share': 0}, {'address': 'FDfhQ9t7Nq8U4Y2xXynmd9bQW8HMdgbVS5PggeuAaff3', 'verified': 0, 'share': 100}]",500,FNEaYRd8TzPsaqPBQ19jgXXKykuKyVWpD3tjYZZGhGGr,"[{'trait_type': 'background', 'value': 'blue'}, {'trait_type': 'tshirt', 'value': 'plain-black'}, {'trait_type': 'skin', 'value': 'brown'}, {'trait_type': 'mask', 'value': 'teal'}, {'trait_type': 'accessory', 'value': 'halo'}]","{'category': 'image', 'creators': [{'address': 'FDfhQ9t7Nq8U4Y2xXynmd9bQW8HMdgbVS5PggeuAaff3', 'share': 100}], 'files': [{'uri': 'https://www.arweave.net/OGMJMpjCLFyh3wRV9093zKzePxrvfkT-h--Pspu8BXc?ext=png', 'type': 'image/png'}]}",1,prC6wjf6Qu3ZgBxMdpTcknReCberDnRitqkEHhG59yv,1,{},"{'moonrank': {'rank': 58}, 'howrare': {'rank': 60}}",False,"{'auctionHouseKey': 'E8cU1WiRWjanGxmn96ewBgk9vPTcL6AEZ1t6F6fkgUWe', 'sellerReferral': 'autMW8SgBkVYeBgqYiTuJZnkvDZMVU2MHJh9Jh7CSQ2', 'expiry': -1}"
46,6rA9ueStnq3u9RrBxZLGpNGxwHmB33Yf9t5xvUMy7SHe,100.0,394zxt1QYAnsfDAiq3esr4eTqEZxCkFQkzWyVAWyiW4D,E62Aq9dKX2YiujojCYG7J6aSMy8Kp7KUafoAMVAa5pRZ,888_anon_club,888 Anon Club™,https://www.arweave.net/Ph1irtsqHwWOTBCXHDMzCVjnPn_41wsrjrK5ePB93RM?ext=png,888AC #100,888 Unique 2D Pixel Anons which represent membership into The 888 Anon Club™,image,"[{'address': '7JZbDVec4dViXTsMgYudpBppVdVAzZYjUuX985wZCK8B', 'verified': 1, 'share': 0}, {'address': 'FDfhQ9t7Nq8U4Y2xXynmd9bQW8HMdgbVS5PggeuAaff3', 'verified': 0, 'share': 100}]",500,Fn9wPjVHwPvKy8Vxm2zZgQAVgDQ2W8wV4yuaLzPsQFJc,"[{'trait_type': 'background', 'value': 'black'}, {'trait_type': 'tshirt', 'value': 'logo-coral'}, {'trait_type': 'skin', 'value': 'crimson'}, {'trait_type': 'mask', 'value': 'neon'}, {'trait_type': 'accessory', 'value': 'halo'}]","{'category': 'image', 'creators': [{'address': 'FDfhQ9t7Nq8U4Y2xXynmd9bQW8HMdgbVS5PggeuAaff3', 'share': 100}], 'files': [{'uri': 'https://www.arweave.net/Ph1irtsqHwWOTBCXHDMzCVjnPn_41wsrjrK5ePB93RM?ext=png', 'type': 'image/png'}]}",1,prC6wjf6Qu3ZgBxMdpTcknReCberDnRitqkEHhG59yv,1,{},"{'moonrank': {'rank': 61}, 'howrare': {'rank': 69}}",False,"{'auctionHouseKey': 'E8cU1WiRWjanGxmn96ewBgk9vPTcL6AEZ1t6F6fkgUWe', 'sellerReferral': 'autMW8SgBkVYeBgqYiTuJZnkvDZMVU2MHJh9Jh7CSQ2', 'expiry': -1}"
47,BWGTH6ci1BHqG1ikLSfiP8DAGjNDx1KdNDxo1vjyHHn2,100.888,BNQCxBQX69AXwKz9g2pZoy6X2CPjz1JeLnFfN6o6ScMk,4MmdAMeqLuY43q97LixdUH4A98E3k5nNSf8LihfAAQAQ,888_anon_club,888 Anon Club™,https://www.arweave.net/mAcwe5IUa3U6nFVCMyp8BP4J-w_WJNoh8VAc1xZ6aAI?ext=png,888AC #459,888 Unique 2D Pixel Anons which represent membership into The 888 Anon Club™,image,"[{'address': '7JZbDVec4dViXTsMgYudpBppVdVAzZYjUuX985wZCK8B', 'verified': 1, 'share': 0}, {'address': 'FDfhQ9t7Nq8U4Y2xXynmd9bQW8HMdgbVS5PggeuAaff3', 'verified': 0, 'share': 100}]",500,6fwKw4btSt3VSYfXnzcFbywa1XJGVRDBGEf38NTLBhmh,"[{'trait_type': 'background', 'value': 'black'}, {'trait_type': 'tshirt', 'value': 'skull-navy'}, {'trait_type': 'skin', 'value': 'orange'}, {'trait_type': 'mask', 'value': 'charcoal'}, {'trait_type': 'accessory', 'value': 'ski-mask'}]","{'category': 'image', 'creators': [{'address': 'FDfhQ9t7Nq8U4Y2xXynmd9bQW8HMdgbVS5PggeuAaff3', 'share': 100}], 'files': [{'uri': 'https://www.arweave.net/mAcwe5IUa3U6nFVCMyp8BP4J-w_WJNoh8VAc1xZ6aAI?ext=png', 'type': 'image/png'}]}",1,prC6wjf6Qu3ZgBxMdpTcknReCberDnRitqkEHhG59yv,1,{},"{'moonrank': {'rank': 35}, 'howrare': {'rank': 27}}",False,"{'auctionHouseKey': 'E8cU1WiRWjanGxmn96ewBgk9vPTcL6AEZ1t6F6fkgUWe', 'sellerReferral': 'autMW8SgBkVYeBgqYiTuJZnkvDZMVU2MHJh9Jh7CSQ2', 'expiry': -1}"
48,BZpRbjsxN7SJXsvoctyq2RFGpLSGZtFDacC9QuVk3dPr,135.0,5m2gnyCfkZZeg7HAAvkQb8jLLRB94cNGdz4vzHfYmPyv,ESq4fAKWsxWxTbwjfHnjESvQQh6THvSt5jJiUudpBEhK,888_anon_club,888 Anon Club™,https://www.arweave.net/FbV1s9zlVyLtM3J4AMF3WYTjq-hB8_O1wMCfj0DQjpI?ext=png,888AC #338,888 Unique 2D Pixel Anons which represent membership into The 888 Anon Club™,image,"[{'address': '7JZbDVec4dViXTsMgYudpBppVdVAzZYjUuX985wZCK8B', 'verified': 1, 'share': 0}, {'address': 'FDfhQ9t7Nq8U4Y2xXynmd9bQW8HMdgbVS5PggeuAaff3', 'verified': 0, 'share': 100}]",500,HT4w7BREiGStLys8Tuyp6QCBjtBUnCrJg52fgD5pZQvo,"[{'trait_type': 'background', 'value': 'candy-red'}, {'trait_type': 'tshirt', 'value': 'plain-black'}, {'trait_type': 'skin', 'value': 'candy-red'}, {'trait_type': 'mask', 'value': 'beige'}, {'trait_type': 'accessory', 'value': 'grin'}]","{'category': 'image', 'creators': [{'address': 'FDfhQ9t7Nq8U4Y2xXynmd9bQW8HMdgbVS5PggeuAaff3', 'share': 100}], 'files': [{'uri': 'https://www.arweave.net/FbV1s9zlVyLtM3J4AMF3WYTjq-hB8_O1wMCfj0DQjpI?ext=png', 'type': 'image/png'}]}",1,prC6wjf6Qu3ZgBxMdpTcknReCberDnRitqkEHhG59yv,1,{},"{'moonrank': {'rank': 516}, 'howrare': {'rank': 648}}",False,"{'auctionHouseKey': 'E8cU1WiRWjanGxmn96ewBgk9vPTcL6AEZ1t6F6fkgUWe', 'sellerReferral': 'autMW8SgBkVYeBgqYiTuJZnkvDZMVU2MHJh9Jh7CSQ2', 'expiry': -1}"
49,CTJdLExSCVNzjzXYaMCRVAozrx8V6C8HUhDAWPYc2kr5,888.0,Ew2Lb8wDB1G3dAuaFMzg7DTwwacZVsLCvtjTjCqnVCs4,B86ztkUMgwbXFFjDpFBPZmszeiXzCa14afXUZAMp3aqs,888_anon_club,888 Anon Club™,https://www.arweave.net/LMnEI5XNlms8WEeWY-xqLQ-VMEPY3KQ2Rd8i_omjJvg?ext=png,888AC #439,888 Unique 2D Pixel Anons which represent membership into The 888 Anon Club™,image,"[{'address': '7JZbDVec4dViXTsMgYudpBppVdVAzZYjUuX985wZCK8B', 'verified': 1, 'share': 0}, {'address': 'FDfhQ9t7Nq8U4Y2xXynmd9bQW8HMdgbVS5PggeuAaff3', 'verified': 0, 'share': 100}]",500,AYi3wRKW8gKYZapjhZicvBhytTCwidEEQJRRaqpuqHWc,"[{'trait_type': 'background', 'value': 'night-sky'}, {'trait_type': 'tshirt', 'value': 'logo-coral'}, {'trait_type': 'skin', 'value': 'ice'}, {'trait_type': 'mask', 'value': 'hot-pink'}, {'trait_type': 'accessory', 'value': 'none'}]","{'category': 'image', 'creators': [{'address': 'FDfhQ9t7Nq8U4Y2xXynmd9bQW8HMdgbVS5PggeuAaff3', 'share': 100}], 'files': [{'uri': 'https://www.arweave.net/LMnEI5XNlms8WEeWY-xqLQ-VMEPY3KQ2Rd8i_omjJvg?ext=png', 'type': 'image/png'}]}",1,prC6wjf6Qu3ZgBxMdpTcknReCberDnRitqkEHhG59yv,1,{},"{'moonrank': {'rank': 321}, 'howrare': {'rank': 96}}",False,"{'auctionHouseKey': 'E8cU1WiRWjanGxmn96ewBgk9vPTcL6AEZ1t6F6fkgUWe', 'sellerReferral': 'autMW8SgBkVYeBgqYiTuJZnkvDZMVU2MHJh9Jh7CSQ2', 'expiry': -1}"
