,id,price,escrowPubkey,owner,collectionName,collectionTitle,img,title,content,externalURL,propertyCategory,creators,sellerFeeBasisPoints,mintAddress,attributes,properties,supply,updateAuthority,primarySaleHappened,onChainCollection,rarity,tokenDelegateValid,v2
0,6joUpC51m5gmF9jzYQWQ1iwfDvJ358UnPiFR1CUrKViY,79.0,EfFcydTYUtAV3m5FYfXKZQwVwdC7Qegt6PALKrtPBbHk,6ny1YeryG5vcvgcD6zqvsdFS2ozdUecngMsiqrHyRWTe,mindfolk,Mindfolk,https://www.arweave.net/rmEDMu1KxRcLtyXrXej3rR0XeYxyAw6OftNM3OXFwgQ?ext=png,Mindfolk Founders #121,777 Unique explorations of well traveled Mindfolk,https://mindfolk.art,image,"[{'address': '4wTTi885HkQ6awqRGQkHAdXXzE46DyqLNXtfo1uz5ub3', 'verified': 1, 'share': 0}, {'address': '8hTYASw98ZCZJwuEF9apPhmQTW7TYaoh9AnJfeV2X5tx', 'verified': 0, 'share': 100}, {'address': '6wkWFzpPEWRa5tnWi9FHLGe8XABnZBVXMENgydpmMGgg', 'verified': 0, 'share': 0}]",500,88ovniUSGppXZC7P6wTftQzk33VwU4RE6JqAJDX8TZd9,"[{'trait_type': 'Background', 'value': 'Chalky'}, {'trait_type': 'Body', 'value': 'Mirage'}, {'trait_type': 'Face', 'value': 'Ryan'}, {'trait_type': 'Hat', 'value': 'Cloud fishing'}, {'trait_type': 'Pipe', 'value': 'Poker'}, {'trait_type': 'Skill', 'value': 'Carpenter'}]","{'category': 'image', 'files': [{'uri': 'https://www.arweave.net/rmEDMu1KxRcLtyXrXej3rR0XeYxyAw6OftNM3OXFwgQ?ext=png', 'type': 'image/png'}], 'creators': [{'address': '8hTYASw98ZCZJwuEF9apPhmQTW7TYaoh9AnJfeV2X5tx', 'share': 100}]}",1,7hYkx2CNGRB8JE7X7GefX1ak1dqe7GxgYKbpfj9moE9D,1,{},"{'moonrank': {'rank': 717}, 'howrare': {'rank': 696}}",False,"{'auctionHouseKey': 'E8cU1WiRWjanGxmn96ewBgk9vPTcL6AEZ1t6F6fkgUWe', 'sellerReferral': 'autMW8SgBkVYeBgqYiTuJZnkvDZMVU2MHJh9Jh7CSQ2', 'expiry': -1}"
1,4VgWXcRB5nZEoHArBTpR8GLmfis8z2UGXAXQh22QvMKE,83.65,58eovPHf76Q18snq85qRBgyt7td9Cpn3uJRRWzf9zExm,GKHEP7dVH7he7NUmgfNm7uj4kG7HcnJQyRySTPkaxJTi,mindfolk,Mindfolk,https://www.arweave.net/p61CiTii61V2CB2n7MMXWMSGiYiGxedktWyeegyn43s?ext=png,Mindfolk Founders #98,777 Unique explorations of well traveled Mindfolk,https://mindfolk.art,image,"[{'address': '4wTTi885HkQ6awqRGQkHAdXXzE46DyqLNXtfo1uz5ub3', 'verified': 1, 'share': 0}, {'address': '8hTYASw98ZCZJwuEF9apPhmQTW7TYaoh9AnJfeV2X5tx', 'verified': 0, 'share': 100}, {'address': '6wkWFzpPEWRa5tnWi9FHLGe8XABnZBVXMENgydpmMGgg', 'verified': 0, 'share': 0}]",500,51GorLYMSVBzFGSUU281vKyNuLkqr3ToCnmFPvk5UA1P,"[{'trait_type': 'Background', 'value': 'Carrot Orange'}, {'trait_type': 'Body', 'value': 'Harbour coat'}, {'trait_type': 'Face', 'value': 'Tank'}, {'trait_type': 'Hat', 'value': 'Camp out'}, {'trait_type': 'Pipe', 'value': 'Author'}, {'trait_type': 'Skill', 'value': 'Lumberjack'}]","{'category': 'image', 'files': [{'uri': 'https://www.arweave.net/p61CiTii61V2CB2n7MMXWMSGiYiGxedktWyeegyn43s?ext=png', 'type': 'image/png'}], 'creators': [{'address': '8hTYASw98ZCZJwuEF9apPhmQTW7TYaoh9AnJfeV2X5tx', 'share': 100}]}",1,7hYkx2CNGRB8JE7X7GefX1ak1dqe7GxgYKbpfj9moE9D,1,{},"{'moonrank': {'rank': 709}, 'howrare': {'rank': 710}}",False,"{'auctionHouseKey': 'E8cU1WiRWjanGxmn96ewBgk9vPTcL6AEZ1t6F6fkgUWe', 'sellerReferral': 'autMW8SgBkVYeBgqYiTuJZnkvDZMVU2MHJh9Jh7CSQ2', 'expiry': -1}"
2,6tSwn7xqVSvLgauvyCzxjU514PtTvBxr3qUPffYhgQgP,85.0,HMjoUxWtZYfG6xY8vcdKKSbCehkzRXHu67Sg3B6qNRCf,EhT5oEBynWruH6NvfWn9K2QbVZjqcEHN5rT6AjMJXtU8,mindfolk,Mindfolk,https://www.arweave.net/2-iThlWJKSPK_y4b2A16ofetvZDPIQSG0qBrHWlb0Uo?ext=png,Mindfolk Founders #209,777 Unique explorations of well traveled Mindfolk,https://mindfolk.art,image,"[{'address': '4wTTi885HkQ6awqRGQkHAdXXzE46DyqLNXtfo1uz5ub3', 'verified': 1, 'share': 0}, {'address': '8hTYASw98ZCZJwuEF9apPhmQTW7TYaoh9AnJfeV2X5tx', 'verified': 0, 'share': 100}, {'address': '6wkWFzpPEWRa5tnWi9FHLGe8XABnZBVXMENgydpmMGgg', 'verified': 0, 'share': 0}]",500,3EFuJbMMdxKh1Q698LxHL167bk5Gw63ZZak9DYraHktL,"[{'trait_type': 'Background', 'value': 'Carrot Orange'}, {'trait_type': 'Body', 'value': 'Setting sun'}, {'trait_type': 'Face', 'value': 'Cob'}, {'trait_type': 'Hat', 'value': 'Owl hill'}, {'trait_type': 'Pipe', 'value': 'Duke'}, {'trait_type': 'Skill', 'value': 'Lumberjack'}]","{'category': 'image', 'files': [{'uri': 'https://www.arweave.net/2-iThlWJKSPK_y4b2A16ofetvZDPIQSG0qBrHWlb0Uo?ext=png', 'type': 'image/png'}], 'creators': [{'address': '8hTYASw98ZCZJwuEF9apPhmQTW7TYaoh9AnJfeV2X5tx', 'share': 100}]}",1,7hYkx2CNGRB8JE7X7GefX1ak1dqe7GxgYKbpfj9moE9D,1,{},"{'moonrank': {'rank': 226}, 'howrare': {'rank': 273}}",False,"{'auctionHouseKey': 'E8cU1WiRWjanGxmn96ewBgk9vPTcL6AEZ1t6F6fkgUWe', 'sellerReferral': 'autMW8SgBkVYeBgqYiTuJZnkvDZMVU2MHJh9Jh7CSQ2', 'expiry': -1}"
3,GmVZU73zFoS4wnSpVK7gWtEHLJC36TXEAaxzBSQ8mYtG,85.0,BDGNF7mC8DxqqfnL6N8D1XFmKS6vu6iX6JfiV3QYzaLZ,EjpctCUAVxTtyEzYj9BvNSSKyfZJJW8fD4DAy77ekKtq,mindfolk,Mindfolk,https://www.arweave.net/-PhAA2jwGKBByX5d2MqM3w_jEY0tySR7_EFIke3oLb0?ext=png,Mindfolk Founders #432,777 Unique explorations of well traveled Mindfolk,https://mindfolk.art,image,"[{'address': '4wTTi885HkQ6awqRGQkHAdXXzE46DyqLNXtfo1uz5ub3', 'verified': 1, 'share': 0}, {'address': '8hTYASw98ZCZJwuEF9apPhmQTW7TYaoh9AnJfeV2X5tx', 'verified': 0, 'share': 100}, {'address': '6wkWFzpPEWRa5tnWi9FHLGe8XABnZBVXMENgydpmMGgg', 'verified': 0, 'share': 0}]",500,4jppJdp7tqFrGfs8vTgfpku91WakQdwGTedqN7PohVRj,"[{'trait_type': 'Background', 'value': 'Smalt Blue'}, {'trait_type': 'Body', 'value': 'Mirage'}, {'trait_type': 'Face', 'value': 'Pico'}, {'trait_type': 'Hat', 'value': 'Rock pool'}, {'trait_type': 'Pipe', 'value': 'Author'}, {'trait_type': 'Skill', 'value': 'Lumberjack'}]","{'category': 'image', 'files': [{'uri': 'https://www.arweave.net/-PhAA2jwGKBByX5d2MqM3w_jEY0tySR7_EFIke3oLb0?ext=png', 'type': 'image/png'}], 'creators': [{'address': '8hTYASw98ZCZJwuEF9apPhmQTW7TYaoh9AnJfeV2X5tx', 'share': 100}]}",1,7hYkx2CNGRB8JE7X7GefX1ak1dqe7GxgYKbpfj9moE9D,1,{},"{'moonrank': {'rank': 272}, 'howrare': {'rank': 236}}",False,"{'auctionHouseKey': 'E8cU1WiRWjanGxmn96ewBgk9vPTcL6AEZ1t6F6fkgUWe', 'sellerReferral': 'autMW8SgBkVYeBgqYiTuJZnkvDZMVU2MHJh9Jh7CSQ2', 'expiry': -1}"
4,6egNHhjXP62HLJR5xzgyLJyBwW2StZH9PHwnim2wTT4Y,96.0,yn7mXPY9w8cTqpviiBeEd3rFZ8QRDWjxfFSLU3gEboT,F19JPbR9dCV1qxo1y1KpvEAxL2ps5NpgBx5za7b9CNyu,mindfolk,Mindfolk,https://www.arweave.net/X7yB_VNQ_UxsVy7k62NOrGGeeBJcKR5useK9TU-S3mw?ext=png,Mindfolk Founders #370,777 Unique explorations of well traveled Mindfolk,https://mindfolk.art,image,"[{'address': '4wTTi885HkQ6awqRGQkHAdXXzE46DyqLNXtfo1uz5ub3', 'verified': 1, 'share': 0}, {'address': '8hTYASw98ZCZJwuEF9apPhmQTW7TYaoh9AnJfeV2X5tx', 'verified': 0, 'share': 100}, {'address': '6wkWFzpPEWRa5tnWi9FHLGe8XABnZBVXMENgydpmMGgg', 'verified': 0, 'share': 0}]",500,2v4T9qA6vgvX2CKkuoWw5CuCX45rs43YyWbXH5M8JNbc,"[{'trait_type': 'Background', 'value': 'Carrot Orange'}, {'trait_type': 'Body', 'value': 'Salty dungarees'}, {'trait_type': 'Face', 'value': 'Cob'}, {'trait_type': 'Hat', 'value': 'Camp out'}, {'trait_type': 'Pipe', 'value': 'Calabash'}, {'trait_type': 'Skill', 'value': 'Carpenter'}]","{'category': 'image', 'files': [{'uri': 'https://www.arweave.net/X7yB_VNQ_UxsVy7k62NOrGGeeBJcKR5useK9TU-S3mw?ext=png', 'type': 'image/png'}], 'creators': [{'address': '8hTYASw98ZCZJwuEF9apPhmQTW7TYaoh9AnJfeV2X5tx', 'share': 100}]}",1,7hYkx2CNGRB8JE7X7GefX1ak1dqe7GxgYKbpfj9moE9D,1,{},"{'moonrank': {'rank': 254}, 'howrare': {'rank': 297}}",False,"{'auctionHouseKey': 'E8cU1WiRWjanGxmn96ewBgk9vPTcL6AEZ1t6F6fkgUWe', 'sellerReferral': 'autMW8SgBkVYeBgqYiTuJZnkvDZMVU2MHJh9Jh7CSQ2', 'expiry': -1}"
5,ES8DBkRpiMM5eqftEnxvZ86oUFCH8ExePvGujc771usP,98.0,3UpJVE5ArC6pNzEkbjY6o83Xg2k36MZmPNpaT4uxQvmt,FdyPk8GaCaFaezjzum4hYhWohhh7exE2MZXSHBrws5Vu,mindfolk,Mindfolk,https://www.arweave.net/65fcE8vSiARUDT2OoRdRcHc8molYSDTymf0Jgt56CxI?ext=png,Mindfolk Founders #413,777 Unique explorations of well traveled Mindfolk,https://mindfolk.art,image,"[{'address': '4wTTi885HkQ6awqRGQkHAdXXzE46DyqLNXtfo1uz5ub3', 'verified': 1, 'share': 0}, {'address': '8hTYASw98ZCZJwuEF9apPhmQTW7TYaoh9AnJfeV2X5tx', 'verified': 0, 'share': 100}, {'address': '6wkWFzpPEWRa5tnWi9FHLGe8XABnZBVXMENgydpmMGgg', 'verified': 0, 'share': 0}]",500,5wL8vAxjR5SU9JwmYZwbaDDUMSApjWCt1xDMkoX29t9z,"[{'trait_type': 'Background', 'value': 'Cashmere'}, {'trait_type': 'Body', 'value': 'Mirage'}, {'trait_type': 'Face', 'value': 'Tank'}, {'trait_type': 'Hat', 'value': 'Owl hill'}, {'trait_type': 'Pipe', 'value': 'Author'}, {'trait_type': 'Skill', 'value': 'Carpenter'}]","{'category': 'image', 'files': [{'uri': 'https://www.arweave.net/65fcE8vSiARUDT2OoRdRcHc8molYSDTymf0Jgt56CxI?ext=png', 'type': 'image/png'}], 'creators': [{'address': '8hTYASw98ZCZJwuEF9apPhmQTW7TYaoh9AnJfeV2X5tx', 'share': 100}]}",1,7hYkx2CNGRB8JE7X7GefX1ak1dqe7GxgYKbpfj9moE9D,1,{},"{'moonrank': {'rank': 375}, 'howrare': {'rank': 427}}",False,"{'auctionHouseKey': 'E8cU1WiRWjanGxmn96ewBgk9vPTcL6AEZ1t6F6fkgUWe', 'sellerReferral': 'autMW8SgBkVYeBgqYiTuJZnkvDZMVU2MHJh9Jh7CSQ2', 'expiry': -1}"
6,EKGBARmQpDVFqxL8qdcSF348VRMhqcSGkWidQiWdjmFo,98.69,2gvXoZtDxQ28Uw5LikT5fBHA6ytiHYH5eMDmxV5GAQp8,GsfEtzeVcVmkznG7B5GKhASCMjmGmooikKGSq7SGhSTh,mindfolk,Mindfolk,https://www.arweave.net/Xzu4fd-m3S67qWb4IrAGh3tTjcOipgw3fnXuGsG4LnQ?ext=png,Mindfolk Founders #275,777 Unique explorations of well traveled Mindfolk,https://mindfolk.art,image,"[{'address': '4wTTi885HkQ6awqRGQkHAdXXzE46DyqLNXtfo1uz5ub3', 'verified': 1, 'share': 0}, {'address': '8hTYASw98ZCZJwuEF9apPhmQTW7TYaoh9AnJfeV2X5tx', 'verified': 0, 'share': 100}, {'address': '6wkWFzpPEWRa5tnWi9FHLGe8XABnZBVXMENgydpmMGgg', 'verified': 0, 'share': 0}]",500,3D3eUYWGJPK9SPQi3qApNgDzx2mqLjdQVdj2cGcBvrPY,"[{'trait_type': 'Background', 'value': 'Cashmere'}, {'trait_type': 'Body', 'value': 'Book club'}, {'trait_type': 'Face', 'value': 'Rooi'}, {'trait_type': 'Hat', 'value': 'Cloud fishing'}, {'trait_type': 'Pipe', 'value': 'Calabash'}, {'trait_type': 'Skill', 'value': 'Carpenter'}]","{'category': 'image', 'files': [{'uri': 'https://www.arweave.net/Xzu4fd-m3S67qWb4IrAGh3tTjcOipgw3fnXuGsG4LnQ?ext=png', 'type': 'image/png'}], 'creators': [{'address': '8hTYASw98ZCZJwuEF9apPhmQTW7TYaoh9AnJfeV2X5tx', 'share': 100}]}",1,7hYkx2CNGRB8JE7X7GefX1ak1dqe7GxgYKbpfj9moE9D,1,{},"{'moonrank': {'rank': 95}, 'howrare': {'rank': 139}}",False,"{'auctionHouseKey': 'E8cU1WiRWjanGxmn96ewBgk9vPTcL6AEZ1t6F6fkgUWe', 'sellerReferral': 'autMW8SgBkVYeBgqYiTuJZnkvDZMVU2MHJh9Jh7CSQ2', 'expiry': -1}"
7,AGY5uH1w6xg3qkpk5dHuxw8eSq5iX4XiRc23FJrmb7bt,105.0,6c3SmxnTcm1WGfXjwnmfrk4dQZ8Sn1eNDJm19SmWrC3e,DoCJAzAHdNSGmzEUYhpcDuhuPGbppG4qmwjqxpnMj43u,mindfolk,Mindfolk,https://www.arweave.net/z1Y0_iCA4zsHeJQbDnxeXWcZW2hOCJBN9Jf2p85RDuA?ext=png,Mindfolk Founders #264,777 Unique explorations of well traveled Mindfolk,https://mindfolk.art,image,"[{'address': '4wTTi885HkQ6awqRGQkHAdXXzE46DyqLNXtfo1uz5ub3', 'verified': 1, 'share': 0}, {'address': '8hTYASw98ZCZJwuEF9apPhmQTW7TYaoh9AnJfeV2X5tx', 'verified': 0, 'share': 100}, {'address': '6wkWFzpPEWRa5tnWi9FHLGe8XABnZBVXMENgydpmMGgg', 'verified': 0, 'share': 0}]",500,gF7qikh73jnCLitW6go6saYUw9FnaimytYnn2JdEf12,"[{'trait_type': 'Background', 'value': 'Carrot Orange'}, {'trait_type': 'Body', 'value': 'Salty dungarees'}, {'trait_type': 'Face', 'value': 'Ryan'}, {'trait_type': 'Hat', 'value': 'Alchemist'}, {'trait_type': 'Pipe', 'value': 'Author'}, {'trait_type': 'Skill', 'value': 'Carpenter'}]","{'category': 'image', 'files': [{'uri': 'https://www.arweave.net/z1Y0_iCA4zsHeJQbDnxeXWcZW2hOCJBN9Jf2p85RDuA?ext=png', 'type': 'image/png'}], 'creators': [{'address': '8hTYASw98ZCZJwuEF9apPhmQTW7TYaoh9AnJfeV2X5tx', 'share': 100}]}",1,7hYkx2CNGRB8JE7X7GefX1ak1dqe7GxgYKbpfj9moE9D,1,{},"{'moonrank': {'rank': 337}, 'howrare': {'rank': 234}}",False,"{'auctionHouseKey': 'E8cU1WiRWjanGxmn96ewBgk9vPTcL6AEZ1t6F6fkgUWe', 'sellerReferral': 'autMW8SgBkVYeBgqYiTuJZnkvDZMVU2MHJh9Jh7CSQ2', 'expiry': -1}"
8,GKF8pNUdqr3R93e7NDASF5riRktpxDYh7WXBzroBmCNt,150.0,32GVhaxVnRMTvCrN7ft3bR3vGD19CEaBooNdpbdhCPqu,CywHUY59AFi7nmGf9kVfNgd39TD9rnkyx6GfWsn5iNnE,mindfolk,Mindfolk,https://www.arweave.net/LIcMPkNm_EGPyne-QSYZvxgLMaQT3UvFnRytWy8ZPLc?ext=png,Mindfolk Founders #181,777 Unique explorations of well traveled Mindfolk,https://mindfolk.art,image,"[{'address': '4wTTi885HkQ6awqRGQkHAdXXzE46DyqLNXtfo1uz5ub3', 'verified': 1, 'share': 0}, {'address': '8hTYASw98ZCZJwuEF9apPhmQTW7TYaoh9AnJfeV2X5tx', 'verified': 0, 'share': 100}, {'address': '6wkWFzpPEWRa5tnWi9FHLGe8XABnZBVXMENgydpmMGgg', 'verified': 0, 'share': 0}]",500,Fx2jHg2cnbM3U24wWVvnhZ3i9NZBZ38XDaiuH68fqWDB,"[{'trait_type': 'Background', 'value': 'Smalt Blue'}, {'trait_type': 'Body', 'value': 'Book club'}, {'trait_type': 'Face', 'value': 'Ringo'}, {'trait_type': 'Hat', 'value': 'Saint town'}, {'trait_type': 'Pipe', 'value': 'Calabash'}, {'trait_type': 'Skill', 'value': 'Carpenter'}]","{'category': 'image', 'files': [{'uri': 'https://www.arweave.net/LIcMPkNm_EGPyne-QSYZvxgLMaQT3UvFnRytWy8ZPLc?ext=png', 'type': 'image/png'}], 'creators': [{'address': '8hTYASw98ZCZJwuEF9apPhmQTW7TYaoh9AnJfeV2X5tx', 'share': 100}]}",1,7hYkx2CNGRB8JE7X7GefX1ak1dqe7GxgYKbpfj9moE9D,1,{},"{'moonrank': {'rank': 179}, 'howrare': {'rank': 219}}",False,"{'auctionHouseKey': 'E8cU1WiRWjanGxmn96ewBgk9vPTcL6AEZ1t6F6fkgUWe', 'sellerReferral': 'autMW8SgBkVYeBgqYiTuJZnkvDZMVU2MHJh9Jh7CSQ2', 'expiry': -1}"
