,id,price,escrowPubkey,owner,collectionName,collectionTitle,img,title,content,propertyCategory,creators,sellerFeeBasisPoints,mintAddress,attributes,properties,supply,updateAuthority,primarySaleHappened,onChainCollection,rarity,tokenDelegateValid,v2
0,2EvHALbRVA3ZV6afvwykL6YhK9GjsV1MLVrdj9sk4V51,13.75,4zRPbXDyELcPk4uRQF3XeUTp9LtWqHZLVfF8bqJU4jk4,DU4EJnA2z5HbnW8CzAuad9mVoe3cGycjU2HgAksTWVPp,sea_shanties,Sea Shanties,https://arweave.net/KBuT47ytuHoJWpDjU3kIcHb74qs9KYrsShGxjJ8lmkE,Sea Shanties #95,The first Underwater Metaverse on the Solana Blockchain,image,"[{'address': '6CjUgT4zYdjEnXeL2YRxBr8BE1Na5nUZBt1WLxE3T9nB', 'verified': 1, 'share': 0}, {'address': '994Gi3gWBWPHjxAqH4j43dbrSvnEDGP2erLGYHnjkXMR', 'verified': 0, 'share': 100}]",800,7sWB1RCc3GoCQfhCG4ffUSDV8dBoy7X7iuHuqU48K2o2,"[{'trait_type': 'Door', 'value': 'Hatch'}, {'trait_type': 'Trait 1', 'value': 'None'}, {'trait_type': 'Trait 2', 'value': 'Glowing Barred Window'}, {'trait_type': 'Base', 'value': 'Fancy Bucket'}, {'trait_type': 'Roof', 'value': 'Steel Chimney'}, {'trait_type': 'Background ', 'value': 'Outskirts'}, {'trait_type': 'Trait 3', 'value': 'Green Window'}]","{'files': [{'type': 'image/png', 'uri': 'https://arweave.net/KBuT47ytuHoJWpDjU3kIcHb74qs9KYrsShGxjJ8lmkE'}], 'category': 'image', 'creators': [{'share': 100, 'address': '994Gi3gWBWPHjxAqH4j43dbrSvnEDGP2erLGYHnjkXMR'}]}",1,4MpjH3ZyU4Hgvds848ApPQXWLRpoVQ3W92EPzpgQexe7,1,{},{'moonrank': {'rank': 1620}},False,"{'auctionHouseKey': 'E8cU1WiRWjanGxmn96ewBgk9vPTcL6AEZ1t6F6fkgUWe', 'sellerReferral': 'autMW8SgBkVYeBgqYiTuJZnkvDZMVU2MHJh9Jh7CSQ2', 'expiry': -1}"
1,AMW7MUcj5QSfAL2UDzX6yiSgcVyXDn1bTndPDURCHBMr,13.99,4hH4FCQNCoeQudbZnAC59c9CVUqcpXpaE7i6fSsHVhVc,HuVE8TdbcxkeG5bHVdgEW4bgV7nf4RCQJkqvmin5DhvY,sea_shanties,Sea Shanties,https://arweave.net/9BJH8aSba-9nHSRWV-MeyS9Q7TDbnp4cC0_iWq_3VRU,Sea Shanties #2169,The first Underwater Metaverse on the Solana Blockchain,image,"[{'address': '6CjUgT4zYdjEnXeL2YRxBr8BE1Na5nUZBt1WLxE3T9nB', 'verified': 1, 'share': 0}, {'address': '994Gi3gWBWPHjxAqH4j43dbrSvnEDGP2erLGYHnjkXMR', 'verified': 0, 'share': 100}]",800,3WduvPx3ZEKj5M16R9Wf3kUeXgpAReDoGzdPsn2vUnzF,"[{'trait_type': 'Background', 'value': 'Shill City Ghetto'}, {'trait_type': 'Trait 1', 'value': 'None'}, {'trait_type': 'Trait 3', 'value': 'Green Light'}, {'trait_type': 'Door', 'value': 'Bubble'}, {'trait_type': 'Trait 2', 'value': 'Chimney'}, {'trait_type': 'Base', 'value': 'Submarine'}, {'trait_type': 'Roof', 'value': 'Telescope'}]","{'files': [{'type': 'image/png', 'uri': 'https://arweave.net/9BJH8aSba-9nHSRWV-MeyS9Q7TDbnp4cC0_iWq_3VRU'}], 'category': 'image', 'creators': [{'share': 100, 'address': '994Gi3gWBWPHjxAqH4j43dbrSvnEDGP2erLGYHnjkXMR'}]}",1,4MpjH3ZyU4Hgvds848ApPQXWLRpoVQ3W92EPzpgQexe7,1,{},{'moonrank': {'rank': 1613}},False,"{'auctionHouseKey': 'E8cU1WiRWjanGxmn96ewBgk9vPTcL6AEZ1t6F6fkgUWe', 'sellerReferral': 'autMW8SgBkVYeBgqYiTuJZnkvDZMVU2MHJh9Jh7CSQ2', 'expiry': -1}"
2,BavqVVHU7NEhUdXzs2wEAqyiHFEffytVSwsdhXRA5BiS,14.0,5FUYyw4Txr3VgPynwbdc6W5RhDibTdPkewexGdzqQ6kP,9eCrHbaDEc4KHKEh8ZVVMtMwbiDPJnHBzN4fSLnMEt63,sea_shanties,Sea Shanties,https://arweave.net/Coh5zU-tbV5DySFDo3OvFcFs_0WqWIyudXKt6pXGIbE,Sea Shanties #2991,The first Underwater Metaverse on the Solana Blockchain,image,"[{'address': '6CjUgT4zYdjEnXeL2YRxBr8BE1Na5nUZBt1WLxE3T9nB', 'verified': 1, 'share': 0}, {'address': '994Gi3gWBWPHjxAqH4j43dbrSvnEDGP2erLGYHnjkXMR', 'verified': 0, 'share': 100}]",800,9NUU4dZkTd9D4cFCrbs4Aum9d6fuCvjTtqQPpimj84s5,"[{'trait_type': 'Chest Trait 1', 'value': 'Saloon'}, {'trait_type': 'Base', 'value': 'Chest'}, {'trait_type': 'Roof', 'value': 'Telescope'}, {'trait_type': 'Chest Trait 3', 'value': 'Barred Window'}, {'trait_type': 'Door', 'value': 'Steel'}, {'trait_type': 'Background', 'value': 'Shill City Metro'}, {'trait_type': 'Chest Trait 2', 'value': 'Barred Window'}]","{'files': [{'type': 'image/png', 'uri': 'https://arweave.net/Coh5zU-tbV5DySFDo3OvFcFs_0WqWIyudXKt6pXGIbE'}], 'category': 'image', 'creators': [{'share': 100, 'address': '994Gi3gWBWPHjxAqH4j43dbrSvnEDGP2erLGYHnjkXMR'}]}",1,4MpjH3ZyU4Hgvds848ApPQXWLRpoVQ3W92EPzpgQexe7,1,{},{'moonrank': {'rank': 830}},False,"{'auctionHouseKey': 'E8cU1WiRWjanGxmn96ewBgk9vPTcL6AEZ1t6F6fkgUWe', 'sellerReferral': 'autMW8SgBkVYeBgqYiTuJZnkvDZMVU2MHJh9Jh7CSQ2', 'expiry': -1}"
3,9mQ46HZv6SBR3HHp1nqEEZfm9kt2D59znjENQ5jWM3bX,14.24,EQtbYaFgE5KE4atWVbXvRTQvYfcgWeJrkPd8ofG7cv5n,5fDmdT91Gb1fiCZ3fPL6fYikTFJF7FDxEPQBbEtGiB9F,sea_shanties,Sea Shanties,https://arweave.net/aoxIiR2YjEuaNpUMGbcGLo-tQnDXifVJenBU96kY_oY,Sea Shanties #1589,The first Underwater Metaverse on the Solana Blockchain,image,"[{'address': '6CjUgT4zYdjEnXeL2YRxBr8BE1Na5nUZBt1WLxE3T9nB', 'verified': 1, 'share': 0}, {'address': '994Gi3gWBWPHjxAqH4j43dbrSvnEDGP2erLGYHnjkXMR', 'verified': 0, 'share': 100}]",800,3dNcpJbXzW5TRCuRii2kuq7ZHdBxSqxjBf1pdAMcxTZ1,"[{'trait_type': 'Windows', 'value': 'Red'}, {'trait_type': 'Easter Head Nose', 'value': 'Volcanic'}, {'trait_type': 'Background', 'value': 'Long Valley Nights'}, {'trait_type': 'Door', 'value': 'Red Door'}, {'trait_type': 'Wall', 'value': 'Blue'}, {'trait_type': 'Easter Head Base', 'value': 'Crested Slate Head'}]","{'files': [{'type': 'image/png', 'uri': 'https://arweave.net/aoxIiR2YjEuaNpUMGbcGLo-tQnDXifVJenBU96kY_oY'}], 'category': 'image', 'creators': [{'share': 100, 'address': '994Gi3gWBWPHjxAqH4j43dbrSvnEDGP2erLGYHnjkXMR'}]}",1,4MpjH3ZyU4Hgvds848ApPQXWLRpoVQ3W92EPzpgQexe7,1,{},{'moonrank': {'rank': 220}},False,"{'auctionHouseKey': 'E8cU1WiRWjanGxmn96ewBgk9vPTcL6AEZ1t6F6fkgUWe', 'sellerReferral': 'autMW8SgBkVYeBgqYiTuJZnkvDZMVU2MHJh9Jh7CSQ2', 'expiry': -1}"
4,41tgbpmhhJWhSZE6xr6tvUyEriDie8ewjziBHh9LjW1r,14.4,GvrLD7XHXbRBVBMDBL7UdNV7cuXciUVrdhLKRUHJPUXv,DU4EJnA2z5HbnW8CzAuad9mVoe3cGycjU2HgAksTWVPp,sea_shanties,Sea Shanties,https://arweave.net/u_BU_2-ZwN3XmRNQ_vA5cP2ke6od2_YCgnUagyfgEcM,Sea Shanties #1278,The first Underwater Metaverse on the Solana Blockchain,image,"[{'address': '6CjUgT4zYdjEnXeL2YRxBr8BE1Na5nUZBt1WLxE3T9nB', 'verified': 1, 'share': 0}, {'address': '994Gi3gWBWPHjxAqH4j43dbrSvnEDGP2erLGYHnjkXMR', 'verified': 0, 'share': 100}]",800,889BeNjypPCkQagYCofH8cesdMnqJn5H5fMuwgx6awP,"[{'trait_type': 'Door', 'value': 'Steel'}, {'trait_type': 'Window', 'value': 'Red Invader'}, {'trait_type': 'Background', 'value': 'The Back Wall'}, {'trait_type': 'Walls', 'value': 'None'}, {'trait_type': 'Base', 'value': 'Coral Ruby'}, {'trait_type': 'Chimney', 'value': 'Rust'}]","{'files': [{'type': 'image/png', 'uri': 'https://arweave.net/u_BU_2-ZwN3XmRNQ_vA5cP2ke6od2_YCgnUagyfgEcM'}], 'category': 'image', 'creators': [{'share': '100', 'address': '994Gi3gWBWPHjxAqH4j43dbrSvnEDGP2erLGYHnjkXMR'}]}",1,4MpjH3ZyU4Hgvds848ApPQXWLRpoVQ3W92EPzpgQexe7,1,{},{'moonrank': {'rank': 1186}},False,"{'auctionHouseKey': 'E8cU1WiRWjanGxmn96ewBgk9vPTcL6AEZ1t6F6fkgUWe', 'sellerReferral': 'autMW8SgBkVYeBgqYiTuJZnkvDZMVU2MHJh9Jh7CSQ2', 'expiry': -1}"
5,CA9dD7ypz5Zsr7fejUKYtYRpuEW1jsUofoXMp5iWGT2v,14.5,6bwWd2QGBYCinVHzEAi1w4CWKRJ4oGiqg9HgUi7fNrhm,B5EYPkiJbXumUeB1RAsc1L5PfT2ngz6ira89L9aRNo2R,sea_shanties,Sea Shanties,https://arweave.net/lzGao0arJAzuz3S9IjU43iLetwW1nQ7fwlMllBkJO0s,Sea Shanties #3300,The first Underwater Metaverse on the Solana Blockchain,image,"[{'address': 'Dc3hBwXPkhpzbGTs28k2FrgrTndE7GsHpBkWrdSMhLX5', 'verified': 1, 'share': 0}, {'address': '994Gi3gWBWPHjxAqH4j43dbrSvnEDGP2erLGYHnjkXMR', 'verified': 0, 'share': 100}]",800,5VdGG2m4pf6ZjTSfehteXnLQuuTF7JBn4xeYE5Z5BbUc,"[{'trait_type': 'Door', 'value': 'Steel'}, {'trait_type': 'Trait 2', 'value': 'Chimney'}, {'trait_type': 'Trait 1', 'value': 'Barred Window'}, {'trait_type': 'Trait 3', 'value': 'Red Light'}, {'trait_type': 'Base', 'value': 'Submarine'}, {'trait_type': 'Background', 'value': 'Shill City Ghetto'}, {'trait_type': 'Roof', 'value': 'None'}]","{'files': [{'type': 'image/png', 'uri': 'https://arweave.net/lzGao0arJAzuz3S9IjU43iLetwW1nQ7fwlMllBkJO0s'}], 'category': 'image', 'creators': [{'share': 100, 'address': '994Gi3gWBWPHjxAqH4j43dbrSvnEDGP2erLGYHnjkXMR'}]}",1,4MpjH3ZyU4Hgvds848ApPQXWLRpoVQ3W92EPzpgQexe7,1,{},{'moonrank': {'rank': 2403}},False,"{'auctionHouseKey': 'E8cU1WiRWjanGxmn96ewBgk9vPTcL6AEZ1t6F6fkgUWe', 'sellerReferral': 'autMW8SgBkVYeBgqYiTuJZnkvDZMVU2MHJh9Jh7CSQ2', 'expiry': -1}"
6,94bwGmcNjd4hUHpbds5x8UBDRWEjWTuR6fxVekFpEMLe,14.5,5P1BwZeZz69qdE3Xj1jUFaiDTkcvkFsBKk3X6FLiicpS,ApeRshjnQ2MjbstLqjyY9GqEfiXYaJCcrdFQRnx2eZv2,sea_shanties,Sea Shanties,https://arweave.net/3jNqfNaXJf2-_NHb8fYtff0mjxlj4mzsUF1cA7OuR_4,Sea Shanties #3043,The first Underwater Metaverse on the Solana Blockchain,image,"[{'address': '6CjUgT4zYdjEnXeL2YRxBr8BE1Na5nUZBt1WLxE3T9nB', 'verified': 1, 'share': 0}, {'address': '994Gi3gWBWPHjxAqH4j43dbrSvnEDGP2erLGYHnjkXMR', 'verified': 0, 'share': 100}]",800,43r3ZXGNBY2Z1ZPGN5f2pqr67ipYJAWKvJesqyYKaFSR,"[{'trait_type': 'Roof', 'value': 'Drain Pipe'}, {'trait_type': 'Chest Trait 3', 'value': 'Blue Window'}, {'trait_type': 'Chest Trait 2', 'value': 'None'}, {'trait_type': 'Background', 'value': 'Shill City Ghetto'}, {'trait_type': 'Chest Trait 1', 'value': 'Black Jack'}, {'trait_type': 'Base', 'value': 'Chest 2'}, {'trait_type': 'Door', 'value': 'Steel'}]","{'files': [{'type': 'image/png', 'uri': 'https://arweave.net/3jNqfNaXJf2-_NHb8fYtff0mjxlj4mzsUF1cA7OuR_4'}], 'category': 'image', 'creators': [{'share': 100, 'address': '994Gi3gWBWPHjxAqH4j43dbrSvnEDGP2erLGYHnjkXMR'}]}",1,4MpjH3ZyU4Hgvds848ApPQXWLRpoVQ3W92EPzpgQexe7,1,{},{'moonrank': {'rank': 644}},False,"{'auctionHouseKey': 'E8cU1WiRWjanGxmn96ewBgk9vPTcL6AEZ1t6F6fkgUWe', 'sellerReferral': 'autMW8SgBkVYeBgqYiTuJZnkvDZMVU2MHJh9Jh7CSQ2', 'expiry': -1}"
7,BLuALwaBe28FJNMCGB1sTCibQfwafFj1xC1G3BCBeAco,14.5,DFSWDrRQNpsGs9BmVM6UGuagER7dTiQtNAA1yfaCwZix,149cL7ze5oJS2xw43FT559LFc9fKdAkD4c768VGFP3bt,sea_shanties,Sea Shanties,https://arweave.net/GYL1Xoo01eIc6yb3ZV0bEYDeW2SR7Hgvi3fZLUzZmlM,Sea Shanties #2616,The first Underwater Metaverse on the Solana Blockchain,image,"[{'address': '6CjUgT4zYdjEnXeL2YRxBr8BE1Na5nUZBt1WLxE3T9nB', 'verified': 1, 'share': 0}, {'address': '994Gi3gWBWPHjxAqH4j43dbrSvnEDGP2erLGYHnjkXMR', 'verified': 0, 'share': 100}]",800,BGJUmNErmEXHcZbBWsngMqHFG1srhnqBVE9cybTEz2qf,"[{'trait_type': 'Trait 2', 'value': 'Casino Sign'}, {'trait_type': 'Background', 'value': 'Shill City Metro'}, {'trait_type': 'Base', 'value': 'Scrap House'}, {'trait_type': 'Trait 1', 'value': 'Fancy Roof'}, {'trait_type': 'Door', 'value': 'Green'}, {'trait_type': 'Roof', 'value': 'Capped Roof'}]","{'files': [{'type': 'image/png', 'uri': 'https://arweave.net/GYL1Xoo01eIc6yb3ZV0bEYDeW2SR7Hgvi3fZLUzZmlM'}], 'category': 'image', 'creators': [{'share': 100, 'address': '994Gi3gWBWPHjxAqH4j43dbrSvnEDGP2erLGYHnjkXMR'}]}",1,4MpjH3ZyU4Hgvds848ApPQXWLRpoVQ3W92EPzpgQexe7,1,{},{'moonrank': {'rank': 2074}},False,"{'auctionHouseKey': 'E8cU1WiRWjanGxmn96ewBgk9vPTcL6AEZ1t6F6fkgUWe', 'sellerReferral': 'autMW8SgBkVYeBgqYiTuJZnkvDZMVU2MHJh9Jh7CSQ2', 'expiry': -1}"
8,2jrgqb91WRFjNTFVsbN11Sc7sSpLBXAn6545GZkSrG6h,14.69,AwwGbsvzs7ZuWncmqvrWy7cDsuirK9E6YWzn59z4a86T,BLgSG2v1U8BuZmuVsXCeU6AKJQESmAFsBaCUydvExums,sea_shanties,Sea Shanties,https://arweave.net/4V8dNV0Asl-_peHE22RHVDeWhm_Ce9iuQIgMFbKyu68,Sea Shanties #2268,The first Underwater Metaverse on the Solana Blockchain,image,"[{'address': '6CjUgT4zYdjEnXeL2YRxBr8BE1Na5nUZBt1WLxE3T9nB', 'verified': 1, 'share': 0}, {'address': '994Gi3gWBWPHjxAqH4j43dbrSvnEDGP2erLGYHnjkXMR', 'verified': 0, 'share': 100}]",800,8zhfPmuqsDZVVUk9HJQE9ZCwH3cW3CfMA1L7TfUBWEG,"[{'trait_type': 'Trait 3', 'value': 'None'}, {'trait_type': 'Trait 2', 'value': 'Chimney'}, {'trait_type': 'Background', 'value': 'Shill City Metro'}, {'trait_type': 'Base', 'value': 'Reinforced Submarine'}, {'trait_type': 'Trait 1', 'value': 'None'}, {'trait_type': 'Roof', 'value': 'None'}, {'trait_type': 'Door', 'value': 'Pest'}]","{'files': [{'type': 'image/png', 'uri': 'https://arweave.net/4V8dNV0Asl-_peHE22RHVDeWhm_Ce9iuQIgMFbKyu68'}], 'category': 'image', 'creators': [{'share': 100, 'address': '994Gi3gWBWPHjxAqH4j43dbrSvnEDGP2erLGYHnjkXMR'}]}",1,4MpjH3ZyU4Hgvds848ApPQXWLRpoVQ3W92EPzpgQexe7,1,{},{'moonrank': {'rank': 2578}},False,"{'auctionHouseKey': 'E8cU1WiRWjanGxmn96ewBgk9vPTcL6AEZ1t6F6fkgUWe', 'sellerReferral': 'autMW8SgBkVYeBgqYiTuJZnkvDZMVU2MHJh9Jh7CSQ2', 'expiry': -1}"
9,74q9sNcP3jSfMfg9Vtj57jXtquxbPEQCbbHyQZVjUtah,14.9,C52e9GiETB7RQ9zsPA2Kt3BPPSkALKqwuDRciwLCo3sQ,JE1Yc4ntin9SHWA3XfR9cf2dkiCEQWirgykoxsm3ZjKh,sea_shanties,Sea Shanties,https://arweave.net/b00jVZR6XUPBUKa25yfymtlo_xB6t1CjWF0APOethHM,Sea Shanties #595,The first Underwater Metaverse on the Solana Blockchain,image,"[{'address': '6CjUgT4zYdjEnXeL2YRxBr8BE1Na5nUZBt1WLxE3T9nB', 'verified': 1, 'share': 0}, {'address': '994Gi3gWBWPHjxAqH4j43dbrSvnEDGP2erLGYHnjkXMR', 'verified': 0, 'share': 100}]",800,CK76srv2FVGLAgEXDztXSMm1SPd9H5YswGJiZ9PC9GRS,"[{'trait_type': 'Base', 'value': 'Fancy Reinforced Trap House'}, {'trait_type': 'Background ', 'value': 'Go to Shill City'}, {'trait_type': 'Door', 'value': 'Wood'}, {'trait_type': 'Roof', 'value': 'Telescope'}, {'trait_type': 'Trait 1', 'value': 'Barred Window'}, {'trait_type': 'Trait 2', 'value': 'Plumbing'}]","{'files': [{'type': 'image/png', 'uri': 'https://arweave.net/b00jVZR6XUPBUKa25yfymtlo_xB6t1CjWF0APOethHM'}], 'category': 'image', 'creators': [{'share': 100, 'address': '994Gi3gWBWPHjxAqH4j43dbrSvnEDGP2erLGYHnjkXMR'}]}",1,4MpjH3ZyU4Hgvds848ApPQXWLRpoVQ3W92EPzpgQexe7,1,{},{'moonrank': {'rank': 2576}},False,"{'auctionHouseKey': 'E8cU1WiRWjanGxmn96ewBgk9vPTcL6AEZ1t6F6fkgUWe', 'sellerReferral': 'autMW8SgBkVYeBgqYiTuJZnkvDZMVU2MHJh9Jh7CSQ2', 'expiry': -1}"
10,5uWeSuaU4BE24UfLHwBveFVHYeCCek8BpLtwpWxLXrkE,15.0,HBLkuwuyHjE1Fn2mt49NB6qgTHKLemPk9S9VNABVyfs2,149cL7ze5oJS2xw43FT559LFc9fKdAkD4c768VGFP3bt,sea_shanties,Sea Shanties,https://arweave.net/fFob3Ho_-guo1dJZApaIBYw6WJ4lNUIKhFi6YJKXj9Y,Sea Shanties #2849,The first Underwater Metaverse on the Solana Blockchain,image,"[{'address': '6CjUgT4zYdjEnXeL2YRxBr8BE1Na5nUZBt1WLxE3T9nB', 'verified': 1, 'share': 0}, {'address': '994Gi3gWBWPHjxAqH4j43dbrSvnEDGP2erLGYHnjkXMR', 'verified': 0, 'share': 100}]",800,TQPCerbep9t5Z4qvzYDafMyugDvs9UyRL4DHCcrUbDB,"[{'trait_type': 'Chest Trait 3', 'value': 'Blue Window'}, {'trait_type': 'Roof', 'value': 'None'}, {'trait_type': 'Chest Trait 1', 'value': 'Black Jack'}, {'trait_type': 'Chest Trait 2', 'value': 'Blue Window'}, {'trait_type': 'Background', 'value': 'Shill City Ghetto'}, {'trait_type': 'Base', 'value': 'Chest 2'}, {'trait_type': 'Door', 'value': 'Hatch'}]","{'files': [{'type': 'image/png', 'uri': 'https://arweave.net/fFob3Ho_-guo1dJZApaIBYw6WJ4lNUIKhFi6YJKXj9Y'}], 'category': 'image', 'creators': [{'share': 100, 'address': '994Gi3gWBWPHjxAqH4j43dbrSvnEDGP2erLGYHnjkXMR'}]}",1,4MpjH3ZyU4Hgvds848ApPQXWLRpoVQ3W92EPzpgQexe7,1,{},{'moonrank': {'rank': 1268}},False,"{'auctionHouseKey': 'E8cU1WiRWjanGxmn96ewBgk9vPTcL6AEZ1t6F6fkgUWe', 'sellerReferral': 'autMW8SgBkVYeBgqYiTuJZnkvDZMVU2MHJh9Jh7CSQ2', 'expiry': -1}"
11,CXP58nbASuJTM1Kr27MUNiRtqZDapxPRNwma2KhNLJ34,15.0,56kyZXSivUaq5xhjzhP5x8wunXzd5oXjGeVs8Bv7TmEm,AsM3oF8T5DTLDLj4STiKiwDQYeP7DeGqyS9Y8BmZjVwx,sea_shanties,Sea Shanties,https://arweave.net/30cjrVZ1An-xphP7GZaus5FRF2pP9HbD9b-Ea8EWric,Sea Shanties #1269,The first Underwater Metaverse on the Solana Blockchain,image,"[{'address': '6CjUgT4zYdjEnXeL2YRxBr8BE1Na5nUZBt1WLxE3T9nB', 'verified': 1, 'share': 0}, {'address': '994Gi3gWBWPHjxAqH4j43dbrSvnEDGP2erLGYHnjkXMR', 'verified': 0, 'share': 100}]",800,58LQucH5aSc4BAZcZmt2Mz4v5V5o6xTg15ucj1pDa7qz,"[{'trait_type': 'Walls', 'value': 'Red'}, {'trait_type': 'Door', 'value': 'Wood'}, {'trait_type': 'Base', 'value': 'Coral Bare'}, {'trait_type': 'Window', 'value': 'Blue Invader'}, {'trait_type': 'Background', 'value': 'City View'}, {'trait_type': 'Chimney', 'value': 'None'}]","{'files': [{'type': 'image/png', 'uri': 'https://arweave.net/30cjrVZ1An-xphP7GZaus5FRF2pP9HbD9b-Ea8EWric'}], 'category': 'image', 'creators': [{'share': '100', 'address': '994Gi3gWBWPHjxAqH4j43dbrSvnEDGP2erLGYHnjkXMR'}]}",1,4MpjH3ZyU4Hgvds848ApPQXWLRpoVQ3W92EPzpgQexe7,1,{},{'moonrank': {'rank': 1262}},False,"{'auctionHouseKey': 'E8cU1WiRWjanGxmn96ewBgk9vPTcL6AEZ1t6F6fkgUWe', 'sellerReferral': 'autMW8SgBkVYeBgqYiTuJZnkvDZMVU2MHJh9Jh7CSQ2', 'expiry': -1}"
12,FowuFQEbWHnBc2uMfB88x2cmG9UYjmvvbxc8oQdNQmDT,15.0,FMfBEMZNWQgG9VTkHDN4r5QbhAod2n58d3c8C9KTAT9y,FkQQP5aaNYUYHZyK2euEqTZvJeZSwh6RXH6PW7SgNfBZ,sea_shanties,Sea Shanties,https://arweave.net/O4JjreB7FzOSz6_1e5IpzWd_GVObaNGBhhQLep-lLYw,Sea Shanties #84,The first Underwater Metaverse on the Solana Blockchain,image,"[{'address': '6CjUgT4zYdjEnXeL2YRxBr8BE1Na5nUZBt1WLxE3T9nB', 'verified': 1, 'share': 0}, {'address': '994Gi3gWBWPHjxAqH4j43dbrSvnEDGP2erLGYHnjkXMR', 'verified': 0, 'share': 100}]",800,9zGhHdZrBxDn128vfUFjw1BVcvAubqyCsShh9odQSa7,"[{'trait_type': 'Background ', 'value': 'Go to Shill City'}, {'trait_type': 'Door', 'value': 'Watcher'}, {'trait_type': 'Trait 3', 'value': 'Green Barred Window'}, {'trait_type': 'Trait 2', 'value': 'None'}, {'trait_type': 'Roof', 'value': 'None'}, {'trait_type': 'Trait 1', 'value': 'Green Light'}, {'trait_type': 'Base', 'value': 'Fancy Bucket'}]","{'files': [{'type': 'image/png', 'uri': 'https://arweave.net/O4JjreB7FzOSz6_1e5IpzWd_GVObaNGBhhQLep-lLYw'}], 'category': 'image', 'creators': [{'share': 100, 'address': '994Gi3gWBWPHjxAqH4j43dbrSvnEDGP2erLGYHnjkXMR'}]}",1,4MpjH3ZyU4Hgvds848ApPQXWLRpoVQ3W92EPzpgQexe7,1,{},{'moonrank': {'rank': 1774}},False,"{'auctionHouseKey': 'E8cU1WiRWjanGxmn96ewBgk9vPTcL6AEZ1t6F6fkgUWe', 'sellerReferral': 'autMW8SgBkVYeBgqYiTuJZnkvDZMVU2MHJh9Jh7CSQ2', 'expiry': -1}"
13,EFwD1KZYGTAZdNmxN5pDeP6UKxMnfyZHUM2Ujc77rMu7,15.0,HgCmMZSaY2nbCkt9ZQyHLT1aPmATBXmXAv1tHgsTy3CL,FkQQP5aaNYUYHZyK2euEqTZvJeZSwh6RXH6PW7SgNfBZ,sea_shanties,Sea Shanties,https://arweave.net/YpHab5y4tCRoGswxhl1IyjbNr-KytlrfRQfwGrGiVXw,Sea Shanties #3239,The first Underwater Metaverse on the Solana Blockchain,image,"[{'address': 'Dc3hBwXPkhpzbGTs28k2FrgrTndE7GsHpBkWrdSMhLX5', 'verified': 1, 'share': 0}, {'address': '994Gi3gWBWPHjxAqH4j43dbrSvnEDGP2erLGYHnjkXMR', 'verified': 0, 'share': 100}]",800,EM9W5vbpWeTZx5Jp6hSH92Mqs4afKj1Tz76d6E7YDFLM,"[{'trait_type': 'Trait 1', 'value': 'None'}, {'trait_type': 'Door', 'value': 'Wooden'}, {'trait_type': 'Background ', 'value': 'Outskirts'}, {'trait_type': 'Roof', 'value': 'None'}, {'trait_type': 'Trait 2', 'value': 'None'}, {'trait_type': 'Base', 'value': 'Toxic Waste Barrel'}]","{'files': [{'type': 'image/png', 'uri': 'https://arweave.net/YpHab5y4tCRoGswxhl1IyjbNr-KytlrfRQfwGrGiVXw'}], 'category': 'image', 'creators': [{'share': 100, 'address': '994Gi3gWBWPHjxAqH4j43dbrSvnEDGP2erLGYHnjkXMR'}]}",1,4MpjH3ZyU4Hgvds848ApPQXWLRpoVQ3W92EPzpgQexe7,1,{},{'moonrank': {'rank': 3304}},False,"{'auctionHouseKey': 'E8cU1WiRWjanGxmn96ewBgk9vPTcL6AEZ1t6F6fkgUWe', 'sellerReferral': 'autMW8SgBkVYeBgqYiTuJZnkvDZMVU2MHJh9Jh7CSQ2', 'expiry': -1}"
14,GE284muwpW4pWs4jVYfurrRMNMo2NkfGhs1DnzJ42PZj,15.125,979knPrr8PVzJKRrbkHzfZtvg7q6hCrMYpRdZUSQ2cZT,33CgcAjmHidf6HwCLEN7bLmVScQcFjvjoy5VHfCq3a33,sea_shanties,Sea Shanties,https://arweave.net/1IYTRaJG11I8Mh3Trt-M3BfIH30Romp_Qf4phVrOsig,Sea Shanties #1358,The first Underwater Metaverse on the Solana Blockchain,image,"[{'address': '6CjUgT4zYdjEnXeL2YRxBr8BE1Na5nUZBt1WLxE3T9nB', 'verified': 1, 'share': 0}, {'address': '994Gi3gWBWPHjxAqH4j43dbrSvnEDGP2erLGYHnjkXMR', 'verified': 0, 'share': 100}]",800,7jtjgRtfhknQ6G6PdbGkDTRC9sM69bX3FiMYQkZTjxoL,"[{'trait_type': 'Walls', 'value': 'Purple'}, {'trait_type': 'Background', 'value': 'The Back Wall'}, {'trait_type': 'Chimney', 'value': 'Steel'}, {'trait_type': 'Window', 'value': 'Yellow Window'}, {'trait_type': 'Door', 'value': 'Pest'}, {'trait_type': 'Base', 'value': 'Coral Ruby'}]","{'files': [{'type': 'image/png', 'uri': 'https://arweave.net/1IYTRaJG11I8Mh3Trt-M3BfIH30Romp_Qf4phVrOsig'}], 'category': 'image', 'creators': [{'share': '100', 'address': '994Gi3gWBWPHjxAqH4j43dbrSvnEDGP2erLGYHnjkXMR'}]}",1,4MpjH3ZyU4Hgvds848ApPQXWLRpoVQ3W92EPzpgQexe7,1,{},{'moonrank': {'rank': 1478}},False,"{'auctionHouseKey': 'E8cU1WiRWjanGxmn96ewBgk9vPTcL6AEZ1t6F6fkgUWe', 'sellerReferral': 'autMW8SgBkVYeBgqYiTuJZnkvDZMVU2MHJh9Jh7CSQ2', 'expiry': -1}"
15,BM1jhHyvn49RLSywtBawkCTFxu6zccMJuGyWN55uucJj,15.25,2nVG2bkRxbUhiMNhi2hw4k85PAhLfDU7bHGz5xKTnR3n,JE1Yc4ntin9SHWA3XfR9cf2dkiCEQWirgykoxsm3ZjKh,sea_shanties,Sea Shanties,https://arweave.net/PzoVrS9mrvY9eUttMbJ0d3hEPr4lOJOCZ8lL3XlH8kw,Sea Shanties #2794,The first Underwater Metaverse on the Solana Blockchain,image,"[{'address': '6CjUgT4zYdjEnXeL2YRxBr8BE1Na5nUZBt1WLxE3T9nB', 'verified': 1, 'share': 0}, {'address': '994Gi3gWBWPHjxAqH4j43dbrSvnEDGP2erLGYHnjkXMR', 'verified': 0, 'share': 100}]",800,4SEe5GrqQwuDvF3TgRLquFmQANBqqwqDYoBb931ejttB,"[{'trait_type': 'Door', 'value': 'Hatch'}, {'trait_type': 'Trait 2', 'value': 'Casino Sign'}, {'trait_type': 'Background', 'value': 'Shill City Metro'}, {'trait_type': 'Trait 1', 'value': 'Turtle Shell Roof'}, {'trait_type': 'Base', 'value': 'Fine Scrap House'}, {'trait_type': 'Roof', 'value': 'Balcony'}]","{'files': [{'type': 'image/png', 'uri': 'https://arweave.net/PzoVrS9mrvY9eUttMbJ0d3hEPr4lOJOCZ8lL3XlH8kw'}], 'category': 'image', 'creators': [{'share': 100, 'address': '994Gi3gWBWPHjxAqH4j43dbrSvnEDGP2erLGYHnjkXMR'}]}",1,4MpjH3ZyU4Hgvds848ApPQXWLRpoVQ3W92EPzpgQexe7,1,{},{'moonrank': {'rank': 2087}},False,"{'auctionHouseKey': 'E8cU1WiRWjanGxmn96ewBgk9vPTcL6AEZ1t6F6fkgUWe', 'sellerReferral': 'autMW8SgBkVYeBgqYiTuJZnkvDZMVU2MHJh9Jh7CSQ2', 'expiry': -1}"
16,FNtxG3Btxpd7XfGHMD2WQBCPbLpKJBG82dcMdT4eAqeT,15.4,HUxqUbMkwE8Mu9LhSey5TwsffFSF924KVtFSCEi5B4wa,CYzrqMKfmXLh2kDdgAGDggNjhouEaAYSe3kndLdCozY7,sea_shanties,Sea Shanties,https://arweave.net/N9SCY_SkT8h3ncuptWyTe0lprupFr2SLvnMC5GG-WY4,Sea Shanties #584,The first Underwater Metaverse on the Solana Blockchain,image,"[{'address': '6CjUgT4zYdjEnXeL2YRxBr8BE1Na5nUZBt1WLxE3T9nB', 'verified': 1, 'share': 0}, {'address': '994Gi3gWBWPHjxAqH4j43dbrSvnEDGP2erLGYHnjkXMR', 'verified': 0, 'share': 100}]",800,BocyCbS6pLLARzzsajgTFvL8Zu9o4THNhFjuAbAeb881,"[{'trait_type': 'Door', 'value': 'Wood'}, {'trait_type': 'Base', 'value': 'Reinforced Trap House'}, {'trait_type': 'Roof', 'value': 'Telescope'}, {'trait_type': 'Background ', 'value': 'Outskirts'}, {'trait_type': 'Trait 1', 'value': 'None'}, {'trait_type': 'Trait 2', 'value': 'Plumbing'}]","{'files': [{'type': 'image/png', 'uri': 'https://arweave.net/N9SCY_SkT8h3ncuptWyTe0lprupFr2SLvnMC5GG-WY4'}], 'category': 'image', 'creators': [{'share': 100, 'address': '994Gi3gWBWPHjxAqH4j43dbrSvnEDGP2erLGYHnjkXMR'}]}",1,4MpjH3ZyU4Hgvds848ApPQXWLRpoVQ3W92EPzpgQexe7,1,{},{'moonrank': {'rank': 2922}},False,"{'auctionHouseKey': 'E8cU1WiRWjanGxmn96ewBgk9vPTcL6AEZ1t6F6fkgUWe', 'sellerReferral': 'autMW8SgBkVYeBgqYiTuJZnkvDZMVU2MHJh9Jh7CSQ2', 'expiry': -1}"
17,7jYiVDZT8R7rRE4ESijSANjsYKVDszAChU9g7sVBjqnk,15.5,4UKCfQhk7nKidKqpf8a9ovrtv8pzMGtghy9J9AqpvsTs,GoEojyMMfzAnnVT3MiNzNQ4Le63SHsruP1o4HZ1HZWS1,sea_shanties,Sea Shanties,https://arweave.net/xCgwEqtEbBolFnMOTl5VO4Wd-qhNWFb0YqvFxWISmlU,Sea Shanties #1330,The first Underwater Metaverse on the Solana Blockchain,image,"[{'address': '6CjUgT4zYdjEnXeL2YRxBr8BE1Na5nUZBt1WLxE3T9nB', 'verified': 1, 'share': 0}, {'address': '994Gi3gWBWPHjxAqH4j43dbrSvnEDGP2erLGYHnjkXMR', 'verified': 0, 'share': 100}]",800,CN5jArCfys6p3HQVCUGfCwgueJnxPeioFxThLUvW9t6z,"[{'trait_type': 'Window', 'value': 'Red Invader'}, {'trait_type': 'Walls', 'value': 'Red'}, {'trait_type': 'Chimney', 'value': 'Steel'}, {'trait_type': 'Base', 'value': 'Coral Stacked Rocks'}, {'trait_type': 'Background', 'value': 'City View'}, {'trait_type': 'Door', 'value': 'Pest'}]","{'files': [{'type': 'image/png', 'uri': 'https://arweave.net/xCgwEqtEbBolFnMOTl5VO4Wd-qhNWFb0YqvFxWISmlU'}], 'category': 'image', 'creators': [{'share': '100', 'address': '994Gi3gWBWPHjxAqH4j43dbrSvnEDGP2erLGYHnjkXMR'}]}",1,4MpjH3ZyU4Hgvds848ApPQXWLRpoVQ3W92EPzpgQexe7,1,{},{'moonrank': {'rank': 1801}},False,"{'auctionHouseKey': 'E8cU1WiRWjanGxmn96ewBgk9vPTcL6AEZ1t6F6fkgUWe', 'sellerReferral': 'autMW8SgBkVYeBgqYiTuJZnkvDZMVU2MHJh9Jh7CSQ2', 'expiry': -1}"
18,2MrMZkANth6bXM5jSoPtEZ1SFE3LUKxm9jSbYBg4BU2A,15.69,ASdZtQCTKSpK1fjNBNbtzaSrxsCMkEk8WfenkXKJ7G65,GoEojyMMfzAnnVT3MiNzNQ4Le63SHsruP1o4HZ1HZWS1,sea_shanties,Sea Shanties,https://arweave.net/gIe3MbtJPie2fCa2KqS92kqYGMxfHBQms7RxRFmbFQ8,Sea Shanties #140,The first Underwater Metaverse on the Solana Blockchain,image,"[{'address': '6CjUgT4zYdjEnXeL2YRxBr8BE1Na5nUZBt1WLxE3T9nB', 'verified': 1, 'share': 0}, {'address': '994Gi3gWBWPHjxAqH4j43dbrSvnEDGP2erLGYHnjkXMR', 'verified': 0, 'share': 100}]",800,JEHzTFsTZ1BsdZkggjKgYreaZz9acPrvB6K69oQ8K9St,"[{'trait_type': 'Trait 2', 'value': 'None'}, {'trait_type': 'Background ', 'value': 'Outskirts'}, {'trait_type': 'Door', 'value': 'Steel'}, {'trait_type': 'Roof', 'value': 'None'}, {'trait_type': 'Trait 3', 'value': 'None'}, {'trait_type': 'Base', 'value': 'Bucket'}, {'trait_type': 'Trait 1', 'value': 'Green Light'}]","{'files': [{'type': 'image/png', 'uri': 'https://arweave.net/gIe3MbtJPie2fCa2KqS92kqYGMxfHBQms7RxRFmbFQ8'}], 'category': 'image', 'creators': [{'share': 100, 'address': '994Gi3gWBWPHjxAqH4j43dbrSvnEDGP2erLGYHnjkXMR'}]}",1,4MpjH3ZyU4Hgvds848ApPQXWLRpoVQ3W92EPzpgQexe7,1,{},{'moonrank': {'rank': 2699}},False,"{'auctionHouseKey': 'E8cU1WiRWjanGxmn96ewBgk9vPTcL6AEZ1t6F6fkgUWe', 'sellerReferral': 'autMW8SgBkVYeBgqYiTuJZnkvDZMVU2MHJh9Jh7CSQ2', 'expiry': -1}"
19,BeqfBREsTEXkgMzHMh3KEfjYq1GKxcDozaiumzva8Uu2,15.75,GGBw5yLVGmq1QBNs5p6YqRZUFdzcnvgBa9jY7BETC8oB,Xuop2Nt4edcA7i3JZZLTUa8jknYeDd8uwvWmoEpd7kc,sea_shanties,Sea Shanties,https://arweave.net/5F7q719OuDtX1C1hejY4v9lxv47VBnEg3D24EiGaNyM,Sea Shanties #1091,The first Underwater Metaverse on the Solana Blockchain,image,"[{'address': '6CjUgT4zYdjEnXeL2YRxBr8BE1Na5nUZBt1WLxE3T9nB', 'verified': 1, 'share': 0}, {'address': '994Gi3gWBWPHjxAqH4j43dbrSvnEDGP2erLGYHnjkXMR', 'verified': 0, 'share': 100}]",800,HFNmzDWw24nuwBLz6rQhXq3HAZMohNycRBmnwWmnbcXF,"[{'trait_type': 'Base', 'value': 'Coral Shroom Top'}, {'trait_type': 'Chimney', 'value': 'Scrap'}, {'trait_type': 'Door', 'value': 'Red'}, {'trait_type': 'Background', 'value': 'City View'}, {'trait_type': 'Window', 'value': 'Red Window'}, {'trait_type': 'Walls', 'value': 'Purple'}]","{'files': [{'type': 'image/png', 'uri': 'https://arweave.net/5F7q719OuDtX1C1hejY4v9lxv47VBnEg3D24EiGaNyM'}], 'category': 'image', 'creators': [{'share': '100', 'address': '994Gi3gWBWPHjxAqH4j43dbrSvnEDGP2erLGYHnjkXMR'}]}",1,4MpjH3ZyU4Hgvds848ApPQXWLRpoVQ3W92EPzpgQexe7,1,{},{'moonrank': {'rank': 729}},False,"{'auctionHouseKey': 'E8cU1WiRWjanGxmn96ewBgk9vPTcL6AEZ1t6F6fkgUWe', 'sellerReferral': 'autMW8SgBkVYeBgqYiTuJZnkvDZMVU2MHJh9Jh7CSQ2', 'expiry': -1}"
20,DBW5nEdPkuQz9oC3FoMdr85AWhNefkQxfvUQFZt1MaKY,15.9,HkosuaTjwFyj7CFHZXac66DnDbkv9zgpjtWmsr5dLK7Z,oDkTq9H95J1YUvX3orRac2yxGmysRhDDVX4nxTDxkJL,sea_shanties,Sea Shanties,https://arweave.net/QAtaVdC3o-t5qXH44c8_I_PDt0F0F-SxSplaguy0PCw,Sea Shanties #1538,The first Underwater Metaverse on the Solana Blockchain,image,"[{'address': '6CjUgT4zYdjEnXeL2YRxBr8BE1Na5nUZBt1WLxE3T9nB', 'verified': 1, 'share': 0}, {'address': '994Gi3gWBWPHjxAqH4j43dbrSvnEDGP2erLGYHnjkXMR', 'verified': 0, 'share': 100}]",800,8apJ5wBFQgYf5bNr6kbtLUYT7TkENcbwRNMKadAbnBpB,"[{'trait_type': 'Background', 'value': 'City View'}, {'trait_type': 'Easter Head Nose', 'value': 'Jade Thick'}, {'trait_type': 'Windows', 'value': 'Red'}, {'trait_type': 'Door', 'value': 'Open Red Door'}, {'trait_type': 'Easter Head Base', 'value': 'Volcanic Head'}, {'trait_type': 'Wall', 'value': 'Blue'}]","{'files': [{'type': 'image/png', 'uri': 'https://arweave.net/QAtaVdC3o-t5qXH44c8_I_PDt0F0F-SxSplaguy0PCw'}], 'category': 'image', 'creators': [{'share': 100, 'address': '994Gi3gWBWPHjxAqH4j43dbrSvnEDGP2erLGYHnjkXMR'}]}",1,4MpjH3ZyU4Hgvds848ApPQXWLRpoVQ3W92EPzpgQexe7,1,{},{'moonrank': {'rank': 295}},False,"{'auctionHouseKey': 'E8cU1WiRWjanGxmn96ewBgk9vPTcL6AEZ1t6F6fkgUWe', 'sellerReferral': 'autMW8SgBkVYeBgqYiTuJZnkvDZMVU2MHJh9Jh7CSQ2', 'expiry': -1}"
21,Ef9zgKiaocj5CoqFNsUfBxfUcYphPpvPY1jziVuxdAq5,16.0,FDC8Vv5u67FBaPf2T9pd1FpSokiFXKpKLurDwHexzMsP,5qP4gaRxSGEVDgoim16r9Jbbps8vPy3AkterhZoDBjiQ,sea_shanties,Sea Shanties,https://arweave.net/qxpkL_i-pX2L1VhjBZIo0TPFUbq5Nuykgdrqm4GkuhQ,Sea Shanties #738,The first Underwater Metaverse on the Solana Blockchain,image,"[{'address': '6CjUgT4zYdjEnXeL2YRxBr8BE1Na5nUZBt1WLxE3T9nB', 'verified': 1, 'share': 0}, {'address': '994Gi3gWBWPHjxAqH4j43dbrSvnEDGP2erLGYHnjkXMR', 'verified': 0, 'share': 100}]",800,2Ez43mJMRZUr4TU5SSXMTq8gYTsLYogg84BRSZTTuPZD,"[{'trait_type': 'Background ', 'value': 'Outskirts'}, {'trait_type': 'Base', 'value': 'Toxic Waste Site'}, {'trait_type': 'Door', 'value': 'Steel'}, {'trait_type': 'Trait 2', 'value': 'Vent'}, {'trait_type': 'Roof', 'value': 'Roof Vent'}, {'trait_type': 'Trait 1', 'value': 'Glowing Window'}]","{'files': [{'type': 'image/png', 'uri': 'https://arweave.net/qxpkL_i-pX2L1VhjBZIo0TPFUbq5Nuykgdrqm4GkuhQ'}], 'category': 'image', 'creators': [{'share': 100, 'address': '994Gi3gWBWPHjxAqH4j43dbrSvnEDGP2erLGYHnjkXMR'}]}",1,4MpjH3ZyU4Hgvds848ApPQXWLRpoVQ3W92EPzpgQexe7,1,{},{'moonrank': {'rank': 2488}},False,"{'auctionHouseKey': 'E8cU1WiRWjanGxmn96ewBgk9vPTcL6AEZ1t6F6fkgUWe', 'sellerReferral': 'autMW8SgBkVYeBgqYiTuJZnkvDZMVU2MHJh9Jh7CSQ2', 'expiry': -1}"
22,68QE7A4sac9k3F3GskqsEv1GNuRW8wMRYF5yLn5scbJV,16.0,CR1wzhAM3e3ZXE2fr1UC6YVbHo8dYkES7QM77BhFw9w4,GHzxhVvK7ATYT3TbRnnybzLFp4qSjfi4sMsdL9ySTbtf,sea_shanties,Sea Shanties,https://arweave.net/wjKZdbFjHXDgo0Vws2Hnj2A_cE41HEel1wlmBIaKhmI,Sea Shanties #2220,The first Underwater Metaverse on the Solana Blockchain,image,"[{'address': '6CjUgT4zYdjEnXeL2YRxBr8BE1Na5nUZBt1WLxE3T9nB', 'verified': 1, 'share': 0}, {'address': '994Gi3gWBWPHjxAqH4j43dbrSvnEDGP2erLGYHnjkXMR', 'verified': 0, 'share': 100}]",800,9CHFH6HCkbinXzpFjdDJM7BaqARYSY9beYSei9qjT7Wp,"[{'trait_type': 'Trait 1', 'value': 'Barred Window'}, {'trait_type': 'Trait 2', 'value': 'None'}, {'trait_type': 'Base', 'value': 'Submarine'}, {'trait_type': 'Roof', 'value': 'None'}, {'trait_type': 'Door', 'value': 'Bubble'}, {'trait_type': 'Trait 3', 'value': 'Red Light'}, {'trait_type': 'Background', 'value': 'Shill City Metro'}]","{'files': [{'type': 'image/png', 'uri': 'https://arweave.net/wjKZdbFjHXDgo0Vws2Hnj2A_cE41HEel1wlmBIaKhmI'}], 'category': 'image', 'creators': [{'share': 100, 'address': '994Gi3gWBWPHjxAqH4j43dbrSvnEDGP2erLGYHnjkXMR'}]}",1,4MpjH3ZyU4Hgvds848ApPQXWLRpoVQ3W92EPzpgQexe7,1,{},{'moonrank': {'rank': 2199}},False,"{'auctionHouseKey': 'E8cU1WiRWjanGxmn96ewBgk9vPTcL6AEZ1t6F6fkgUWe', 'sellerReferral': 'autMW8SgBkVYeBgqYiTuJZnkvDZMVU2MHJh9Jh7CSQ2', 'expiry': -1}"
23,6iniMyDpZana2HN8b654tcuf1wcuUT9VAfLeTjpWYsj8,16.0,CRXMJvtsHKj8rgQ5UvU7eYCjk4goFkQMNt48dBwxafHV,5qP4gaRxSGEVDgoim16r9Jbbps8vPy3AkterhZoDBjiQ,sea_shanties,Sea Shanties,https://arweave.net/mgMKIKf0jDv99-YR_AVeVBAIQmKpI3_J0J9KPRC8BnM,Sea Shanties #1082,The first Underwater Metaverse on the Solana Blockchain,image,"[{'address': '6CjUgT4zYdjEnXeL2YRxBr8BE1Na5nUZBt1WLxE3T9nB', 'verified': 1, 'share': 0}, {'address': '994Gi3gWBWPHjxAqH4j43dbrSvnEDGP2erLGYHnjkXMR', 'verified': 0, 'share': 100}]",800,B4rJVLPr9XwuNtvfQ89i1vFXB49DtrEeMqKeEDAi4Y98,"[{'trait_type': 'Window', 'value': 'Red Invader'}, {'trait_type': 'Door', 'value': 'Red'}, {'trait_type': 'Chimney', 'value': 'Scrap'}, {'trait_type': 'Background', 'value': 'The Back Wall'}, {'trait_type': 'Walls', 'value': 'Blue'}, {'trait_type': 'Base', 'value': 'Coral Shroom Top'}]","{'files': [{'type': 'image/png', 'uri': 'https://arweave.net/mgMKIKf0jDv99-YR_AVeVBAIQmKpI3_J0J9KPRC8BnM'}], 'category': 'image', 'creators': [{'share': '100', 'address': '994Gi3gWBWPHjxAqH4j43dbrSvnEDGP2erLGYHnjkXMR'}]}",1,4MpjH3ZyU4Hgvds848ApPQXWLRpoVQ3W92EPzpgQexe7,1,{},{'moonrank': {'rank': 882}},False,"{'auctionHouseKey': 'E8cU1WiRWjanGxmn96ewBgk9vPTcL6AEZ1t6F6fkgUWe', 'sellerReferral': 'autMW8SgBkVYeBgqYiTuJZnkvDZMVU2MHJh9Jh7CSQ2', 'expiry': -1}"
24,5uN7T59r1yHGzb5dP6HaiNbZHvLnxB2sEcMnUWxcV6Xn,16.5,6WEL7tKggSh8An3LpwreUDUkaAJYhSq3HVkFaLmKJw7J,FkQQP5aaNYUYHZyK2euEqTZvJeZSwh6RXH6PW7SgNfBZ,sea_shanties,Sea Shanties,https://arweave.net/YBbfewOR520Osz502mjqEfIQygDs3q0lVM46-dK-cLE,Sea Shanties #1237,The first Underwater Metaverse on the Solana Blockchain,image,"[{'address': '6CjUgT4zYdjEnXeL2YRxBr8BE1Na5nUZBt1WLxE3T9nB', 'verified': 1, 'share': 0}, {'address': '994Gi3gWBWPHjxAqH4j43dbrSvnEDGP2erLGYHnjkXMR', 'verified': 0, 'share': 100}]",800,awRznMauh7Wy6GDWpL4fyF54tStC2SeJGjjqV61sRUR,"[{'trait_type': 'Background', 'value': 'Long Valley Nights'}, {'trait_type': 'Walls', 'value': 'Purple'}, {'trait_type': 'Chimney', 'value': 'Rust'}, {'trait_type': 'Window', 'value': 'Red Window'}, {'trait_type': 'Door', 'value': 'Red'}, {'trait_type': 'Base', 'value': 'Coral Bare'}]","{'files': [{'type': 'image/png', 'uri': 'https://arweave.net/YBbfewOR520Osz502mjqEfIQygDs3q0lVM46-dK-cLE'}], 'category': 'image', 'creators': [{'share': '100', 'address': '994Gi3gWBWPHjxAqH4j43dbrSvnEDGP2erLGYHnjkXMR'}]}",1,4MpjH3ZyU4Hgvds848ApPQXWLRpoVQ3W92EPzpgQexe7,1,{},{'moonrank': {'rank': 738}},False,"{'auctionHouseKey': 'E8cU1WiRWjanGxmn96ewBgk9vPTcL6AEZ1t6F6fkgUWe', 'sellerReferral': 'autMW8SgBkVYeBgqYiTuJZnkvDZMVU2MHJh9Jh7CSQ2', 'expiry': -1}"
25,A5379Fk64Drgn37pEMD2GQUmWQMVN5GkMAEEbdAXxn5g,16.7,BZ3xsb4LSPFQ3HqtRyEFbjjTFmUgYHM38LnD6hBbWE9a,3cz1tEyChr6nda3H7GxkpK3xp1DoEkjazyDauhcHfUer,sea_shanties,Sea Shanties,https://arweave.net/ImBsqKhApPouqPrXFHc0vWiu1r8E26rcu9al54wK9Gk,Sea Shanties #3168,The first Underwater Metaverse on the Solana Blockchain,image,"[{'address': '6CjUgT4zYdjEnXeL2YRxBr8BE1Na5nUZBt1WLxE3T9nB', 'verified': 1, 'share': 0}, {'address': '994Gi3gWBWPHjxAqH4j43dbrSvnEDGP2erLGYHnjkXMR', 'verified': 0, 'share': 100}]",800,FGRM4QozbcqaHD1hoYNQVLAysLiUMDuRvtKJKUu3PUXX,"[{'trait_type': 'Roof', 'value': 'None'}, {'trait_type': 'Chest Trait 3', 'value': 'Pub Window'}, {'trait_type': 'Base', 'value': 'Chest'}, {'trait_type': 'Background', 'value': 'Shill City Metro'}, {'trait_type': 'Door', 'value': 'Hatch'}, {'trait_type': 'Chest Trait 1', 'value': 'None'}, {'trait_type': 'Chest Trait 2', 'value': 'Pub Window'}]","{'files': [{'type': 'image/png', 'uri': 'https://arweave.net/ImBsqKhApPouqPrXFHc0vWiu1r8E26rcu9al54wK9Gk'}], 'category': 'image', 'creators': [{'share': 100, 'address': '994Gi3gWBWPHjxAqH4j43dbrSvnEDGP2erLGYHnjkXMR'}]}",1,4MpjH3ZyU4Hgvds848ApPQXWLRpoVQ3W92EPzpgQexe7,1,{},{'moonrank': {'rank': 632}},False,"{'auctionHouseKey': 'E8cU1WiRWjanGxmn96ewBgk9vPTcL6AEZ1t6F6fkgUWe', 'sellerReferral': 'autMW8SgBkVYeBgqYiTuJZnkvDZMVU2MHJh9Jh7CSQ2', 'expiry': -1}"
26,4Kw6WxGGEqWmumSK1hiLWVUdy9NVMS5p5ZPgUgsUuL4M,16.95,5Swc5tQCwP9E7CbRdFmQ9kXZMRqzrL1GKe8GZVXJz2kB,3foX5iBFqny8BBk9WnKm1tqZdFZNmf19fcuG9kLVV1sg,sea_shanties,Sea Shanties,https://arweave.net/jjhE85HHEQDUqA61n4_yhrKBOO_Q9UuDb1ZLhXMA71o,Sea Shanties #2779,The first Underwater Metaverse on the Solana Blockchain,image,"[{'address': '6CjUgT4zYdjEnXeL2YRxBr8BE1Na5nUZBt1WLxE3T9nB', 'verified': 1, 'share': 0}, {'address': '994Gi3gWBWPHjxAqH4j43dbrSvnEDGP2erLGYHnjkXMR', 'verified': 0, 'share': 100}]",800,3KLLxovnS8keFx7H8xqpc5cCc9P4buDa9pJhHAA7AAvC,"[{'trait_type': 'Roof', 'value': 'Capped Roof'}, {'trait_type': 'Base', 'value': 'Scrap House'}, {'trait_type': 'Trait 2', 'value': 'Sewage Drain'}, {'trait_type': 'Background', 'value': 'Shill City Ghetto'}, {'trait_type': 'Trait 1', 'value': 'Turtle Shell Roof'}, {'trait_type': 'Door', 'value': 'Hatch'}]","{'files': [{'type': 'image/png', 'uri': 'https://arweave.net/jjhE85HHEQDUqA61n4_yhrKBOO_Q9UuDb1ZLhXMA71o'}], 'category': 'image', 'creators': [{'share': 100, 'address': '994Gi3gWBWPHjxAqH4j43dbrSvnEDGP2erLGYHnjkXMR'}]}",1,4MpjH3ZyU4Hgvds848ApPQXWLRpoVQ3W92EPzpgQexe7,1,{},{'moonrank': {'rank': 2529}},False,"{'auctionHouseKey': 'E8cU1WiRWjanGxmn96ewBgk9vPTcL6AEZ1t6F6fkgUWe', 'sellerReferral': 'autMW8SgBkVYeBgqYiTuJZnkvDZMVU2MHJh9Jh7CSQ2', 'expiry': -1}"
27,CxgRDVN8XaiUo6qH1c6S2hZL5RM1qeahWr2jFQLSsCSm,17.2,2kEhhHJdMfsUjD2wSGQt9K74FntUSuixN3VotqL57UeM,oDkTq9H95J1YUvX3orRac2yxGmysRhDDVX4nxTDxkJL,sea_shanties,Sea Shanties,https://arweave.net/HFJaSImhBLVnmBbonLmWLK1sARADHZMONMcYuOyRT70,Sea Shanties #3179,The first Underwater Metaverse on the Solana Blockchain,image,"[{'address': '6CjUgT4zYdjEnXeL2YRxBr8BE1Na5nUZBt1WLxE3T9nB', 'verified': 1, 'share': 0}, {'address': '994Gi3gWBWPHjxAqH4j43dbrSvnEDGP2erLGYHnjkXMR', 'verified': 0, 'share': 100}]",800,4SDirhMV2JL7oyvJUKN9chfzGLW5F3uNiie2PFjayBJe,"[{'trait_type': 'Background', 'value': 'Shill City Metro'}, {'trait_type': 'Roof', 'value': 'Telescope'}, {'trait_type': 'Chest Trait 2', 'value': 'Barred Window'}, {'trait_type': 'Door', 'value': 'Steel'}, {'trait_type': 'Base', 'value': 'Chest'}, {'trait_type': 'Chest Trait 1', 'value': 'Restaurant'}, {'trait_type': 'Chest Trait 3', 'value': 'Green Window'}]","{'files': [{'type': 'image/png', 'uri': 'https://arweave.net/HFJaSImhBLVnmBbonLmWLK1sARADHZMONMcYuOyRT70'}], 'category': 'image', 'creators': [{'share': 100, 'address': '994Gi3gWBWPHjxAqH4j43dbrSvnEDGP2erLGYHnjkXMR'}]}",1,4MpjH3ZyU4Hgvds848ApPQXWLRpoVQ3W92EPzpgQexe7,1,{},{'moonrank': {'rank': 911}},False,"{'auctionHouseKey': 'E8cU1WiRWjanGxmn96ewBgk9vPTcL6AEZ1t6F6fkgUWe', 'sellerReferral': 'autMW8SgBkVYeBgqYiTuJZnkvDZMVU2MHJh9Jh7CSQ2', 'expiry': -1}"
28,2dxoohMBJFarCamJCbtNvKVCySuM2u9hz535hCCREpua,17.89,2JGsL9pogqaKmySeAncD84HSUy2MobN4cUTMrxVZXBBi,5BmDzBup7RUBWZLKEwbzSt3bFgpKubCJAqSN6zQxG9p1,sea_shanties,Sea Shanties,https://arweave.net/JZ-n5K6fxndUhKrHJb_WHbNXqS-u7lxcoyqzOQXGybE,Sea Shanties #1518,The first Underwater Metaverse on the Solana Blockchain,image,"[{'address': '6CjUgT4zYdjEnXeL2YRxBr8BE1Na5nUZBt1WLxE3T9nB', 'verified': 1, 'share': 0}, {'address': '994Gi3gWBWPHjxAqH4j43dbrSvnEDGP2erLGYHnjkXMR', 'verified': 0, 'share': 100}]",800,A4VXcCj1Mvtx2XDMRn8u4uYEBYWTeh4mnEM6AVvqH2GM,"[{'trait_type': 'Windows', 'value': 'Green'}, {'trait_type': 'Background', 'value': 'Long Valley Nights'}, {'trait_type': 'Easter Head Base', 'value': 'Crested Slate Head'}, {'trait_type': 'Wall', 'value': 'Blue'}, {'trait_type': 'Easter Head Nose', 'value': 'Slate'}, {'trait_type': 'Door', 'value': 'Open Red Door'}]","{'files': [{'type': 'image/png', 'uri': 'https://arweave.net/JZ-n5K6fxndUhKrHJb_WHbNXqS-u7lxcoyqzOQXGybE'}], 'category': 'image', 'creators': [{'share': 100, 'address': '994Gi3gWBWPHjxAqH4j43dbrSvnEDGP2erLGYHnjkXMR'}]}",1,4MpjH3ZyU4Hgvds848ApPQXWLRpoVQ3W92EPzpgQexe7,1,{},{'moonrank': {'rank': 197}},False,"{'auctionHouseKey': 'E8cU1WiRWjanGxmn96ewBgk9vPTcL6AEZ1t6F6fkgUWe', 'sellerReferral': 'autMW8SgBkVYeBgqYiTuJZnkvDZMVU2MHJh9Jh7CSQ2', 'expiry': -1}"
29,BuQGCbqyPTLzzALxjtM7CKYia9XB3sM7CicHwvHMzdSa,17.9,Zep9U8gb2YvyoGmjTDtps97M1wa2faGm9rL7j2E6yJY,EC7AgXnXMLdkZm5eeAPBCH7UobFq9jHkxbTpbByMRY9G,sea_shanties,Sea Shanties,https://arweave.net/ehezE-n3t9LevlfAwunOmLbtgfRO9ZR2RcuAnkk2jcs,Sea Shanties #3320,The first Underwater Metaverse on the Solana Blockchain,image,"[{'address': 'Dc3hBwXPkhpzbGTs28k2FrgrTndE7GsHpBkWrdSMhLX5', 'verified': 1, 'share': 0}, {'address': '994Gi3gWBWPHjxAqH4j43dbrSvnEDGP2erLGYHnjkXMR', 'verified': 0, 'share': 100}]",800,HtHmPYgTPvKouE3gWYV8sN1iYi8472QxmXHTrLt1mqrF,"[{'trait_type': 'Roof', 'value': 'Capped Roof'}, {'trait_type': 'Door', 'value': 'Steel'}, {'trait_type': 'Trait 2', 'value': 'Dive Bar Sign'}, {'trait_type': 'Trait 1', 'value': 'Driftwood Roof'}, {'trait_type': 'Background', 'value': 'Shill City Ghetto'}, {'trait_type': 'Base', 'value': 'Fine Scrap House'}]","{'files': [{'type': 'image/png', 'uri': 'https://arweave.net/ehezE-n3t9LevlfAwunOmLbtgfRO9ZR2RcuAnkk2jcs'}], 'category': 'image', 'creators': [{'share': 100, 'address': '994Gi3gWBWPHjxAqH4j43dbrSvnEDGP2erLGYHnjkXMR'}]}",1,4MpjH3ZyU4Hgvds848ApPQXWLRpoVQ3W92EPzpgQexe7,1,{},{'moonrank': {'rank': 2388}},False,"{'auctionHouseKey': 'E8cU1WiRWjanGxmn96ewBgk9vPTcL6AEZ1t6F6fkgUWe', 'sellerReferral': 'autMW8SgBkVYeBgqYiTuJZnkvDZMVU2MHJh9Jh7CSQ2', 'expiry': -1}"
30,9gktYLdsw1xEBSHZqMzkJaQzZj4qpUFf6ed5yHnSgYPG,18.75,8StX9XcByKPpnatujSFvYmRxeenTJ7hpPxBcPYyMV9CP,HQMAgMzHpp8Xr2HtygzUPLdfnuL5ZQxFQP3J1jmcChqV,sea_shanties,Sea Shanties,https://arweave.net/8ejf2dCilKQSFuz3n3KqzL6ECMl0jREyU_9wjklbINg,Sea Shanties #3257,The first Underwater Metaverse on the Solana Blockchain,image,"[{'address': 'Dc3hBwXPkhpzbGTs28k2FrgrTndE7GsHpBkWrdSMhLX5', 'verified': 1, 'share': 0}, {'address': '994Gi3gWBWPHjxAqH4j43dbrSvnEDGP2erLGYHnjkXMR', 'verified': 0, 'share': 100}]",800,Eu2M6W5UL9ne2S2T3WJqXFujP4A7ajqUiLp9F4Nnn867,"[{'trait_type': 'Background', 'value': 'The Back Wall'}, {'trait_type': 'Base', 'value': 'Coral Bare'}, {'trait_type': 'Chimney', 'value': 'Scrap'}, {'trait_type': 'Window', 'value': 'Blue Invader'}, {'trait_type': 'Walls', 'value': 'None'}, {'trait_type': 'Door', 'value': 'Wood'}]","{'files': [{'type': 'image/png', 'uri': 'https://arweave.net/8ejf2dCilKQSFuz3n3KqzL6ECMl0jREyU_9wjklbINg'}], 'category': 'image', 'creators': [{'share': '100', 'address': '994Gi3gWBWPHjxAqH4j43dbrSvnEDGP2erLGYHnjkXMR'}]}",1,4MpjH3ZyU4Hgvds848ApPQXWLRpoVQ3W92EPzpgQexe7,1,{},{'moonrank': {'rank': 1027}},False,"{'auctionHouseKey': 'E8cU1WiRWjanGxmn96ewBgk9vPTcL6AEZ1t6F6fkgUWe', 'sellerReferral': 'autMW8SgBkVYeBgqYiTuJZnkvDZMVU2MHJh9Jh7CSQ2', 'expiry': -1}"
31,4EZdkW87kiMrWbFCi2poJZJpZSF53VYiY3Tbrgqb7kSe,19.0,7z7fLgKrDrmsjCXxGa7NzmUEbF5b5JDZRRZLBnByHSwY,6Qy1PoH5J5MxrHrApF8RK2vMrLdrDL5r9Z2NUyxVQFet,sea_shanties,Sea Shanties,https://arweave.net/2LQG82td3WFtEb5t9VCSqpZMlNdn7Unk-YlfOd9_el0,Sea Shanties #3333,The first Underwater Metaverse on the Solana Blockchain,image,"[{'address': 'Dc3hBwXPkhpzbGTs28k2FrgrTndE7GsHpBkWrdSMhLX5', 'verified': 1, 'share': 0}, {'address': '994Gi3gWBWPHjxAqH4j43dbrSvnEDGP2erLGYHnjkXMR', 'verified': 0, 'share': 100}]",800,H1NtCaUGGFiiwKfW2HoejaEAiSNsiWW8ecF5LcjhNcVW,"[{'trait_type': 'Door', 'value': 'Wooden'}, {'trait_type': 'Trait 2', 'value': 'Glowing Light'}, {'trait_type': 'Roof', 'value': 'Scrap Chimney'}, {'trait_type': 'Trait 1', 'value': 'Vent'}, {'trait_type': 'Background ', 'value': 'Go to Shill City'}, {'trait_type': 'Base', 'value': 'Toxic Waste Site'}]","{'files': [{'type': 'image/png', 'uri': 'https://arweave.net/2LQG82td3WFtEb5t9VCSqpZMlNdn7Unk-YlfOd9_el0'}], 'category': 'image', 'creators': [{'share': 100, 'address': '994Gi3gWBWPHjxAqH4j43dbrSvnEDGP2erLGYHnjkXMR'}]}",1,4MpjH3ZyU4Hgvds848ApPQXWLRpoVQ3W92EPzpgQexe7,1,{},{'moonrank': {'rank': 2017}},False,
32,5YFwMf6z7bynq65BsoLT6cXue6dPYRaQVExNjuZqtFeL,19.3,3ojvqMtgDCPrF5MtzujByEocoEhkHbCHQzLmihgZht9m,E8MEEBBvQzCoDkVRCfGRKtsrrb9R4WYqv3rB2emR8zbj,sea_shanties,Sea Shanties,https://arweave.net/dfSftlZY3LZsWp2I-95od2ihMWWKTnNbCgzjdaiwm4o,Sea Shanties #1424,The first Underwater Metaverse on the Solana Blockchain,image,"[{'address': '6CjUgT4zYdjEnXeL2YRxBr8BE1Na5nUZBt1WLxE3T9nB', 'verified': 1, 'share': 0}, {'address': '994Gi3gWBWPHjxAqH4j43dbrSvnEDGP2erLGYHnjkXMR', 'verified': 0, 'share': 100}]",800,JARAQRMjyfV3YfrZnL216ZfdZShLxhkixi9pW6n7aJME,"[{'trait_type': 'Wall', 'value': 'Purple'}, {'trait_type': 'Background', 'value': 'City View'}, {'trait_type': 'Easter Head Nose', 'value': 'Volcanic'}, {'trait_type': 'Windows', 'value': 'Green'}, {'trait_type': 'Easter Head Base', 'value': 'Crested Jade'}, {'trait_type': 'Door', 'value': 'Open Blue Door'}]","{'files': [{'type': 'image/png', 'uri': 'https://arweave.net/dfSftlZY3LZsWp2I-95od2ihMWWKTnNbCgzjdaiwm4o'}], 'category': 'image', 'creators': [{'share': 100, 'address': '994Gi3gWBWPHjxAqH4j43dbrSvnEDGP2erLGYHnjkXMR'}]}",1,4MpjH3ZyU4Hgvds848ApPQXWLRpoVQ3W92EPzpgQexe7,1,{},{'moonrank': {'rank': 160}},False,"{'auctionHouseKey': 'E8cU1WiRWjanGxmn96ewBgk9vPTcL6AEZ1t6F6fkgUWe', 'sellerReferral': 'autMW8SgBkVYeBgqYiTuJZnkvDZMVU2MHJh9Jh7CSQ2', 'expiry': -1}"
33,GCQRBvnbNoQRfJoqXCCYxKZtPoTjdo5YWeoDE2WSRuex,19.5,7HD7AVPXGupysdweVcdkxBPnstWExPjhCXKMTLPkgzCo,HTHrQX54epwZgapr3oshrXWGf7qkWtLTkCMQk6LY7hW2,sea_shanties,Sea Shanties,https://arweave.net/fw_bITdEDsLif4tHrTxDXgUEP1E3104dNw37hUgrjP8,Sea Shanties #1845,The first Underwater Metaverse on the Solana Blockchain,image,"[{'address': '6CjUgT4zYdjEnXeL2YRxBr8BE1Na5nUZBt1WLxE3T9nB', 'verified': 1, 'share': 0}, {'address': '994Gi3gWBWPHjxAqH4j43dbrSvnEDGP2erLGYHnjkXMR', 'verified': 0, 'share': 100}]",800,7Z8getdVAwkyfiAef7dP5UZahqUXRM6HbV6HfxbzxN2o,"[{'trait_type': 'Window', 'value': 'Eyes'}, {'trait_type': 'Base', 'value': 'Fresh Pineapple'}, {'trait_type': 'Chimney', 'value': 'Rust'}, {'trait_type': 'Background', 'value': 'City View'}, {'trait_type': 'Door', 'value': 'Wooden'}, {'trait_type': 'Walls', 'value': 'Purple'}]","{'files': [{'type': 'image/png', 'uri': 'https://arweave.net/fw_bITdEDsLif4tHrTxDXgUEP1E3104dNw37hUgrjP8'}], 'category': 'image', 'creators': [{'share': 100, 'address': '994Gi3gWBWPHjxAqH4j43dbrSvnEDGP2erLGYHnjkXMR'}]}",1,4MpjH3ZyU4Hgvds848ApPQXWLRpoVQ3W92EPzpgQexe7,1,{},{'moonrank': {'rank': 1217}},False,"{'auctionHouseKey': 'E8cU1WiRWjanGxmn96ewBgk9vPTcL6AEZ1t6F6fkgUWe', 'sellerReferral': 'autMW8SgBkVYeBgqYiTuJZnkvDZMVU2MHJh9Jh7CSQ2', 'expiry': -1}"
34,7qfiZD4JNhPfR4m6qf5rYPn9fVgd82fFqezBGTyuE4bw,19.5,D7SRxz9eH6GN6RwHPBTHRrUJTY3nTdfrx8huYtnYkdFr,FW9iYE3iivSKLJxu7jRNUv4DN2DCyLvRTEsEFjzDMzyZ,sea_shanties,Sea Shanties,https://arweave.net/ovH_iCr4eV8-t3sOfKRO_OUAUDseA_QVtaT0ZyKo9tQ,Sea Shanties #2049,The first Underwater Metaverse on the Solana Blockchain,image,"[{'address': '6CjUgT4zYdjEnXeL2YRxBr8BE1Na5nUZBt1WLxE3T9nB', 'verified': 1, 'share': 0}, {'address': '994Gi3gWBWPHjxAqH4j43dbrSvnEDGP2erLGYHnjkXMR', 'verified': 0, 'share': 100}]",800,6QxnEoUMfokGqQD5b1XtabfXi8NDYZby2univcQmchTH,"[{'trait_type': 'Background', 'value': 'The Back Wall'}, {'trait_type': 'Base', 'value': ""The King's Crown Pineapple""}, {'trait_type': 'Chimney', 'value': 'Steel'}, {'trait_type': 'Window', 'value': 'Left Eye'}, {'trait_type': 'Walls', 'value': 'Red'}, {'trait_type': 'Door', 'value': 'Steel'}]","{'files': [{'type': 'image/png', 'uri': 'https://arweave.net/ovH_iCr4eV8-t3sOfKRO_OUAUDseA_QVtaT0ZyKo9tQ'}], 'category': 'image', 'creators': [{'share': 100, 'address': '994Gi3gWBWPHjxAqH4j43dbrSvnEDGP2erLGYHnjkXMR'}]}",1,4MpjH3ZyU4Hgvds848ApPQXWLRpoVQ3W92EPzpgQexe7,1,{},{'moonrank': {'rank': 2045}},False,"{'auctionHouseKey': 'E8cU1WiRWjanGxmn96ewBgk9vPTcL6AEZ1t6F6fkgUWe', 'sellerReferral': 'autMW8SgBkVYeBgqYiTuJZnkvDZMVU2MHJh9Jh7CSQ2', 'expiry': -1}"
35,3aLjw7vZWPmQFS3hsSkVHeYCC6ykNyqZYt8q8GvprCZQ,19.9,12f9y99fEqFBQyRxs1MExEkNSfc95G5yotVHCW6tZpnx,H8K8LTuHt1A3qzrk5j7iZqTM6jaAgFFbYQy5tbnRaFhj,sea_shanties,Sea Shanties,https://arweave.net/s22bV-9prUgZ6D1kbw_MD0G_bhY3-B4i6o8e63-Gi1Y,Sea Shanties #1929,The first Underwater Metaverse on the Solana Blockchain,image,"[{'address': '6CjUgT4zYdjEnXeL2YRxBr8BE1Na5nUZBt1WLxE3T9nB', 'verified': 1, 'share': 0}, {'address': '994Gi3gWBWPHjxAqH4j43dbrSvnEDGP2erLGYHnjkXMR', 'verified': 0, 'share': 100}]",800,HA7A3kHLNWVs7Nm4vdnQrYissXyQXDqGu1GXFBrGtiT8,"[{'trait_type': 'Chimney', 'value': 'Scrap'}, {'trait_type': 'Base', 'value': 'Fresh Pineapple'}, {'trait_type': 'Window', 'value': 'Left Eye'}, {'trait_type': 'Walls', 'value': 'Purple'}, {'trait_type': 'Background', 'value': 'City View'}, {'trait_type': 'Door', 'value': 'Pest'}]","{'files': [{'type': 'image/png', 'uri': 'https://arweave.net/s22bV-9prUgZ6D1kbw_MD0G_bhY3-B4i6o8e63-Gi1Y'}], 'category': 'image', 'creators': [{'share': 100, 'address': '994Gi3gWBWPHjxAqH4j43dbrSvnEDGP2erLGYHnjkXMR'}]}",1,4MpjH3ZyU4Hgvds848ApPQXWLRpoVQ3W92EPzpgQexe7,1,{},{'moonrank': {'rank': 1799}},False,"{'auctionHouseKey': 'E8cU1WiRWjanGxmn96ewBgk9vPTcL6AEZ1t6F6fkgUWe', 'sellerReferral': 'autMW8SgBkVYeBgqYiTuJZnkvDZMVU2MHJh9Jh7CSQ2', 'expiry': -1}"
36,J7QmDZZ8TQ7bueS1Uew3BCceX43KSj3LzCtMLqqunzm6,19.97,BUwVE6G1rSjqKgdaqmFmxjFSBdJm32LgXNY13yiRquZa,8MB7KCaNhrrdtVztG6GpmHCM95CTsVYjGYV1GR4T5vkr,sea_shanties,Sea Shanties,https://arweave.net/oh95VNZgI5DeVdywO-62AtpW85N0ZRTTNZa6Mh8xvDk,Sea Shanties #3231,The first Underwater Metaverse on the Solana Blockchain,image,"[{'address': 'Dc3hBwXPkhpzbGTs28k2FrgrTndE7GsHpBkWrdSMhLX5', 'verified': 1, 'share': 0}, {'address': '994Gi3gWBWPHjxAqH4j43dbrSvnEDGP2erLGYHnjkXMR', 'verified': 0, 'share': 100}]",800,22sgwAj12yRE37Azft8HahVLnJtvtW6SfU5uHpLchmwu,"[{'trait_type': 'Roof', 'value': 'Pot Lid'}, {'trait_type': 'Background', 'value': 'Shill City Ghetto'}, {'trait_type': 'Trait 2', 'value': 'Sewage Drain'}, {'trait_type': 'Base', 'value': 'Scrap House'}, {'trait_type': 'Trait 1', 'value': 'Driftwood Roof'}, {'trait_type': 'Door', 'value': 'Steel'}]","{'files': [{'type': 'image/png', 'uri': 'https://arweave.net/oh95VNZgI5DeVdywO-62AtpW85N0ZRTTNZa6Mh8xvDk'}], 'category': 'image', 'creators': [{'share': 100, 'address': '994Gi3gWBWPHjxAqH4j43dbrSvnEDGP2erLGYHnjkXMR'}]}",1,4MpjH3ZyU4Hgvds848ApPQXWLRpoVQ3W92EPzpgQexe7,1,{},{'moonrank': {'rank': 2846}},False,"{'auctionHouseKey': 'E8cU1WiRWjanGxmn96ewBgk9vPTcL6AEZ1t6F6fkgUWe', 'sellerReferral': 'autMW8SgBkVYeBgqYiTuJZnkvDZMVU2MHJh9Jh7CSQ2', 'expiry': -1}"
37,HwK71BRcx4NtENc8rt84A2gMcRV1VYCqRCPdC3vxT4p8,20.0,BXHgCAZUzpAXhVyabL5JuyVAXXsQfqxdzDdyfgxDha4t,8iZ9ExkwLQoo5rvKFYxemDt3ZEDDkzPNvj9HYyrXvriB,sea_shanties,Sea Shanties,https://arweave.net/pyayWMhxWCaHIaAYXtuHuNcdNa6R6yebApcJTW8m3OM,Sea Shanties #1937,The first Underwater Metaverse on the Solana Blockchain,image,"[{'address': '6CjUgT4zYdjEnXeL2YRxBr8BE1Na5nUZBt1WLxE3T9nB', 'verified': 1, 'share': 0}, {'address': '994Gi3gWBWPHjxAqH4j43dbrSvnEDGP2erLGYHnjkXMR', 'verified': 0, 'share': 100}]",800,HaotqvHyKjC137ezxzvBuXmFj7uQmn5cWhii8yUxyaLp,"[{'trait_type': 'Base', 'value': 'Bare Pineapple'}, {'trait_type': 'Window', 'value': 'Single Eye'}, {'trait_type': 'Walls', 'value': 'Purple'}, {'trait_type': 'Background', 'value': 'Long Valley Nights'}, {'trait_type': 'Chimney', 'value': 'Steel'}, {'trait_type': 'Door', 'value': 'Wooden'}]","{'files': [{'type': 'image/png', 'uri': 'https://arweave.net/pyayWMhxWCaHIaAYXtuHuNcdNa6R6yebApcJTW8m3OM'}], 'category': 'image', 'creators': [{'share': 100, 'address': '994Gi3gWBWPHjxAqH4j43dbrSvnEDGP2erLGYHnjkXMR'}]}",1,4MpjH3ZyU4Hgvds848ApPQXWLRpoVQ3W92EPzpgQexe7,1,{},{'moonrank': {'rank': 1384}},False,"{'auctionHouseKey': 'E8cU1WiRWjanGxmn96ewBgk9vPTcL6AEZ1t6F6fkgUWe', 'sellerReferral': 'autMW8SgBkVYeBgqYiTuJZnkvDZMVU2MHJh9Jh7CSQ2', 'expiry': -1}"
38,xegGJnJYr9428hSZGfkbgyM3DdQBSuLCuaedcTDhAiq,20.0,2qY62Rm77aMeQ4TVF3JFGhLFHmaneVJMrrJLR9siCB7M,3aLFd6npaHTZ3iXpaHpYxPq1cuW8PzaF3Z1hC25qU1MD,sea_shanties,Sea Shanties,https://arweave.net/aNAacrH9xvEzbaBdn3T2NZzgMWBf35rwodz3doFPMhA,Sea Shanties #2071,The first Underwater Metaverse on the Solana Blockchain,image,"[{'address': '6CjUgT4zYdjEnXeL2YRxBr8BE1Na5nUZBt1WLxE3T9nB', 'verified': 1, 'share': 0}, {'address': '994Gi3gWBWPHjxAqH4j43dbrSvnEDGP2erLGYHnjkXMR', 'verified': 0, 'share': 100}]",800,ETmvv6w4txjCY713Emy9ijN9ZR8PaPjUN1sKHmLyYeJk,"[{'trait_type': 'Walls', 'value': 'Blue'}, {'trait_type': 'Chimney', 'value': 'Scrap'}, {'trait_type': 'Base', 'value': 'Bare Pineapple'}, {'trait_type': 'Door', 'value': 'Steel'}, {'trait_type': 'Background', 'value': 'The Back Wall'}, {'trait_type': 'Window', 'value': 'Right Eye'}]","{'files': [{'type': 'image/png', 'uri': 'https://arweave.net/aNAacrH9xvEzbaBdn3T2NZzgMWBf35rwodz3doFPMhA'}], 'category': 'image', 'creators': [{'share': 100, 'address': '994Gi3gWBWPHjxAqH4j43dbrSvnEDGP2erLGYHnjkXMR'}]}",1,4MpjH3ZyU4Hgvds848ApPQXWLRpoVQ3W92EPzpgQexe7,1,{},{'moonrank': {'rank': 1886}},False,"{'auctionHouseKey': 'E8cU1WiRWjanGxmn96ewBgk9vPTcL6AEZ1t6F6fkgUWe', 'sellerReferral': 'autMW8SgBkVYeBgqYiTuJZnkvDZMVU2MHJh9Jh7CSQ2', 'expiry': -1}"
39,1mJeSwX7s8YjGLc6X6oR5dsPmQYuMcGC5nDaUyPfMkf,20.0,6gdDcqFn6ytunWD7xuoFji2k4hyFmg9H5ktR1tfZhKp1,4uY3rRxMeNADwHAHLLUJC8Gy3Y9BxC6kpcKqMEVP1RUn,sea_shanties,Sea Shanties,https://arweave.net/1jNYT8PWCEuzf4A3T1Y6rmDqkbpRXbbuQ1U-lQ9wNoE,Sea Shanties #1469,The first Underwater Metaverse on the Solana Blockchain,image,"[{'address': '6CjUgT4zYdjEnXeL2YRxBr8BE1Na5nUZBt1WLxE3T9nB', 'verified': 1, 'share': 0}, {'address': '994Gi3gWBWPHjxAqH4j43dbrSvnEDGP2erLGYHnjkXMR', 'verified': 0, 'share': 100}]",800,2oigdZKredz4YPLdipHNEd2hW6GANG6Nmi8v1C9nPqtZ,"[{'trait_type': 'Wall', 'value': 'None'}, {'trait_type': 'Easter Head Nose', 'value': 'Topaz'}, {'trait_type': 'Easter Head Base', 'value': 'Crested Jade'}, {'trait_type': 'Windows', 'value': 'Purple'}, {'trait_type': 'Door', 'value': 'Open Red Door'}, {'trait_type': 'Background', 'value': 'The Back Wall'}]","{'files': [{'type': 'image/png', 'uri': 'https://arweave.net/1jNYT8PWCEuzf4A3T1Y6rmDqkbpRXbbuQ1U-lQ9wNoE'}], 'category': 'image', 'creators': [{'share': 100, 'address': '994Gi3gWBWPHjxAqH4j43dbrSvnEDGP2erLGYHnjkXMR'}]}",1,4MpjH3ZyU4Hgvds848ApPQXWLRpoVQ3W92EPzpgQexe7,1,{},{'moonrank': {'rank': 139}},False,"{'auctionHouseKey': 'E8cU1WiRWjanGxmn96ewBgk9vPTcL6AEZ1t6F6fkgUWe', 'sellerReferral': 'autMW8SgBkVYeBgqYiTuJZnkvDZMVU2MHJh9Jh7CSQ2', 'expiry': -1}"
40,H5g5duvzaDx77xWsJLJN8v1CSLMn4YgxB2p1ma2aLxoF,20.0,8BvwV8JCZiREL59Aa7zHyN9s2Pw5ViLQHAWTSCrTH4m1,3QRJSt2n2nfuegTgkXKJ6iKgHCtQKTj7f3po5z26xqsk,sea_shanties,Sea Shanties,https://arweave.net/drejrt4DBTXpFzZAehQNyQeuI7QE8Y2SZ2p6KJmUnFA,Sea Shanties #926,The first Underwater Metaverse on the Solana Blockchain,image,"[{'address': '6CjUgT4zYdjEnXeL2YRxBr8BE1Na5nUZBt1WLxE3T9nB', 'verified': 1, 'share': 0}, {'address': '994Gi3gWBWPHjxAqH4j43dbrSvnEDGP2erLGYHnjkXMR', 'verified': 0, 'share': 100}]",800,38Jr4C3wvNRkpkwnP3twqQaQ91bTgt8JsA19QH25S4iM,"[{'trait_type': 'Trait 1', 'value': 'None'}, {'trait_type': 'Background ', 'value': 'Outskirts'}, {'trait_type': 'Roof', 'value': 'None'}, {'trait_type': 'Trait 2', 'value': 'Glowing Light'}, {'trait_type': 'Door', 'value': 'Wooden'}, {'trait_type': 'Base', 'value': 'Crushed Toxic Waste Barrel'}]","{'files': [{'type': 'image/png', 'uri': 'https://arweave.net/drejrt4DBTXpFzZAehQNyQeuI7QE8Y2SZ2p6KJmUnFA'}], 'category': 'image', 'creators': [{'share': 100, 'address': '994Gi3gWBWPHjxAqH4j43dbrSvnEDGP2erLGYHnjkXMR'}]}",1,4MpjH3ZyU4Hgvds848ApPQXWLRpoVQ3W92EPzpgQexe7,1,{},{'moonrank': {'rank': 3172}},False,"{'auctionHouseKey': 'E8cU1WiRWjanGxmn96ewBgk9vPTcL6AEZ1t6F6fkgUWe', 'sellerReferral': 'autMW8SgBkVYeBgqYiTuJZnkvDZMVU2MHJh9Jh7CSQ2', 'expiry': -1}"
41,AddciMDAvuyXnSM18wAXzGDMo3GAfYRBsMNzVUTydeX2,20.0,J7CC88A9W5x4hbytmcGPjre87K7g3jnLCcruFUacq2dK,95ptU8VX5EayedS15cbEyEbeFdgu4Bf6rf7XXQKBtchz,sea_shanties,Sea Shanties,https://arweave.net/L1Sxer2xNJRGtg9oejNozYUnfkD_dyGGaUszR0jFdhc,Sea Shanties #746,The first Underwater Metaverse on the Solana Blockchain,image,"[{'address': '6CjUgT4zYdjEnXeL2YRxBr8BE1Na5nUZBt1WLxE3T9nB', 'verified': 1, 'share': 0}, {'address': '994Gi3gWBWPHjxAqH4j43dbrSvnEDGP2erLGYHnjkXMR', 'verified': 0, 'share': 100}]",800,D3VRjwsFH5v3hY2TGCnMg16jZAhqeiQAvTYAqqubDAo5,"[{'trait_type': 'Roof', 'value': 'Scrap Chimney'}, {'trait_type': 'Trait 1', 'value': 'Vent'}, {'trait_type': 'Base', 'value': 'Toxic Waste Barrel'}, {'trait_type': 'Trait 2', 'value': 'None'}, {'trait_type': 'Background ', 'value': 'Outskirts'}, {'trait_type': 'Door', 'value': 'Wooden'}]","{'files': [{'type': 'image/png', 'uri': 'https://arweave.net/L1Sxer2xNJRGtg9oejNozYUnfkD_dyGGaUszR0jFdhc'}], 'category': 'image', 'creators': [{'share': 100, 'address': '994Gi3gWBWPHjxAqH4j43dbrSvnEDGP2erLGYHnjkXMR'}]}",1,4MpjH3ZyU4Hgvds848ApPQXWLRpoVQ3W92EPzpgQexe7,1,{},{'moonrank': {'rank': 2393}},False,
42,9yEkWXhGg9qWbCogGxM6KfFPHdrc9YPu6KzS4cuHobmD,20.0,6Ljji4awoeq7Bbc18QrWopM28hCR6aZSvF2PerGPoNWP,95ptU8VX5EayedS15cbEyEbeFdgu4Bf6rf7XXQKBtchz,sea_shanties,Sea Shanties,https://arweave.net/w9jfx8fR7Xj5vLyr1MBv4pJZ_o3G0EPK9mfPMNrvQNI,Sea Shanties #1981,The first Underwater Metaverse on the Solana Blockchain,image,"[{'address': '6CjUgT4zYdjEnXeL2YRxBr8BE1Na5nUZBt1WLxE3T9nB', 'verified': 1, 'share': 0}, {'address': '994Gi3gWBWPHjxAqH4j43dbrSvnEDGP2erLGYHnjkXMR', 'verified': 0, 'share': 100}]",800,9tPVxD6tgDhXWXW3QDCFmeiKQmeByQ24HMcxaH16oSV3,"[{'trait_type': 'Walls', 'value': 'None'}, {'trait_type': 'Window', 'value': 'Single Eye'}, {'trait_type': 'Door', 'value': 'Wooden'}, {'trait_type': 'Chimney', 'value': 'Steel'}, {'trait_type': 'Background', 'value': 'City View'}, {'trait_type': 'Base', 'value': 'Bare Pineapple'}]","{'files': [{'type': 'image/png', 'uri': 'https://arweave.net/w9jfx8fR7Xj5vLyr1MBv4pJZ_o3G0EPK9mfPMNrvQNI'}], 'category': 'image', 'creators': [{'share': 100, 'address': '994Gi3gWBWPHjxAqH4j43dbrSvnEDGP2erLGYHnjkXMR'}]}",1,4MpjH3ZyU4Hgvds848ApPQXWLRpoVQ3W92EPzpgQexe7,1,{},{'moonrank': {'rank': 1273}},False,
43,BAMZSW5a5WKp6Rd4uGCdTRJhdzsJGtfaJC8apiUQj9kU,21.0,4bxajN5k6mhwVwzLJNnsQHUg9FwoYuVKtPtpkpgPK6Kk,AsGeA2dPYjE51wuvA1PJZQjgRfYCgCrfKgtjUJPykojB,sea_shanties,Sea Shanties,https://arweave.net/WokjP2sbRohvywMq1prhdOVhh1t4JgNTFL0Dh-PiEvA,Sea Shanties #1588,The first Underwater Metaverse on the Solana Blockchain,image,"[{'address': '6CjUgT4zYdjEnXeL2YRxBr8BE1Na5nUZBt1WLxE3T9nB', 'verified': 1, 'share': 0}, {'address': '994Gi3gWBWPHjxAqH4j43dbrSvnEDGP2erLGYHnjkXMR', 'verified': 0, 'share': 100}]",800,Ax93R37yqwgGyfPUiUBLc2BmbRLUVB9NLzDHEeN7Ytmv,"[{'trait_type': 'Easter Head Nose', 'value': 'Slate Thick'}, {'trait_type': 'Wall', 'value': 'Purple'}, {'trait_type': 'Easter Head Base', 'value': 'Jade Head'}, {'trait_type': 'Door', 'value': 'Decorated Door'}, {'trait_type': 'Background', 'value': 'Long Valley Nights'}, {'trait_type': 'Windows', 'value': 'Purple'}]","{'files': [{'type': 'image/png', 'uri': 'https://arweave.net/WokjP2sbRohvywMq1prhdOVhh1t4JgNTFL0Dh-PiEvA'}], 'category': 'image', 'creators': [{'share': 100, 'address': '994Gi3gWBWPHjxAqH4j43dbrSvnEDGP2erLGYHnjkXMR'}]}",1,4MpjH3ZyU4Hgvds848ApPQXWLRpoVQ3W92EPzpgQexe7,1,{},{'moonrank': {'rank': 19}},False,"{'auctionHouseKey': 'E8cU1WiRWjanGxmn96ewBgk9vPTcL6AEZ1t6F6fkgUWe', 'sellerReferral': 'autMW8SgBkVYeBgqYiTuJZnkvDZMVU2MHJh9Jh7CSQ2', 'expiry': -1}"
44,Ddv8Dmr6he2N1uYhkT577Ggy6Zjm4Emyx8tLKK1MbMvq,21.5,4A5rjWZr3wYBZKic8R181pyAJQk1fqt5uCTxpYNo9YVF,WfeFmm3MUtM2NJEK1NBFGUN813vG3Hn4fEz3xLbZNkF,sea_shanties,Sea Shanties,https://arweave.net/kb1H69PeCy21JdoRVqnESaBRsala7e5PDu2eOzRu4c4,Sea Shanties #3225,The first Underwater Metaverse on the Solana Blockchain,image,"[{'address': 'Dc3hBwXPkhpzbGTs28k2FrgrTndE7GsHpBkWrdSMhLX5', 'verified': 1, 'share': 0}, {'address': '994Gi3gWBWPHjxAqH4j43dbrSvnEDGP2erLGYHnjkXMR', 'verified': 0, 'share': 100}]",800,8bnV8kBbZUG7bcZcnB72Rin1ghAACMMuAvAg1d86wKjs,"[{'trait_type': 'Trait 2', 'value': 'None'}, {'trait_type': 'Door', 'value': 'Steel'}, {'trait_type': 'Background', 'value': 'Shill City Ghetto'}, {'trait_type': 'Base', 'value': 'Reinforced Submarine'}, {'trait_type': 'Roof', 'value': 'Drainage Pipe'}, {'trait_type': 'Trait 1', 'value': 'None'}, {'trait_type': 'Trait 3', 'value': 'Red Light'}]","{'files': [{'type': 'image/png', 'uri': 'https://arweave.net/kb1H69PeCy21JdoRVqnESaBRsala7e5PDu2eOzRu4c4'}], 'category': 'image', 'creators': [{'share': 100, 'address': '994Gi3gWBWPHjxAqH4j43dbrSvnEDGP2erLGYHnjkXMR'}]}",1,4MpjH3ZyU4Hgvds848ApPQXWLRpoVQ3W92EPzpgQexe7,1,{},{'moonrank': {'rank': 2684}},False,"{'auctionHouseKey': 'E8cU1WiRWjanGxmn96ewBgk9vPTcL6AEZ1t6F6fkgUWe', 'sellerReferral': 'autMW8SgBkVYeBgqYiTuJZnkvDZMVU2MHJh9Jh7CSQ2', 'expiry': -1}"
45,BRQjFWewpRMrFopWQADJtzGt6TjgFeE9FR8Pap6anxtw,22.0,bZiQDa3gGY51mxPMx8au62ZDqbpyXkBHicH7TDybaqm,2MgwBpVA2du31RFWvXAH4zp33t5Pqex846w5fxvRRH8K,sea_shanties,Sea Shanties,https://arweave.net/6gNFpQb9IBXhWtMCEOe6x30eeUjTG3C_BvwGjCbMAe0,Sea Shanties #1854,The first Underwater Metaverse on the Solana Blockchain,image,"[{'address': '6CjUgT4zYdjEnXeL2YRxBr8BE1Na5nUZBt1WLxE3T9nB', 'verified': 1, 'share': 0}, {'address': '994Gi3gWBWPHjxAqH4j43dbrSvnEDGP2erLGYHnjkXMR', 'verified': 0, 'share': 100}]",800,3Fj1sz7MGa1YctWti3U4w1BZvjVTiAkFXkjHQNuSv4wq,"[{'trait_type': 'Base', 'value': 'Bare Pineapple'}, {'trait_type': 'Walls', 'value': 'Red'}, {'trait_type': 'Background', 'value': 'Long Valley Nights'}, {'trait_type': 'Chimney', 'value': 'Steel'}, {'trait_type': 'Door', 'value': 'Festive'}, {'trait_type': 'Window', 'value': 'Single Eye'}]","{'files': [{'type': 'image/png', 'uri': 'https://arweave.net/6gNFpQb9IBXhWtMCEOe6x30eeUjTG3C_BvwGjCbMAe0'}], 'category': 'image', 'creators': [{'share': 100, 'address': '994Gi3gWBWPHjxAqH4j43dbrSvnEDGP2erLGYHnjkXMR'}]}",1,4MpjH3ZyU4Hgvds848ApPQXWLRpoVQ3W92EPzpgQexe7,1,{},{'moonrank': {'rank': 1065}},False,"{'auctionHouseKey': 'E8cU1WiRWjanGxmn96ewBgk9vPTcL6AEZ1t6F6fkgUWe', 'sellerReferral': 'autMW8SgBkVYeBgqYiTuJZnkvDZMVU2MHJh9Jh7CSQ2', 'expiry': -1}"
46,9HuTwk4HY4iQeLNALpAQPdai75ZvyH9KkENEENTgYJhb,24.69,BYSVFwWqR5f5GNN5zUzD9QrLP1X8X7DZzywFfodFjieK,9YYPVrStEmsUFXxKtk3rJygH6wNq9kwGdqB3BNwewT49,sea_shanties,Sea Shanties,https://arweave.net/S0UbWrPKyd_Sgr-QQjeau8ozRNTloFojR0DByfLTHP0,Sea Shanties #1947,The first Underwater Metaverse on the Solana Blockchain,image,"[{'address': '6CjUgT4zYdjEnXeL2YRxBr8BE1Na5nUZBt1WLxE3T9nB', 'verified': 1, 'share': 0}, {'address': '994Gi3gWBWPHjxAqH4j43dbrSvnEDGP2erLGYHnjkXMR', 'verified': 0, 'share': 100}]",800,Bt21MdZN4CxzfpwYpj9SzggRtGgvLUzB8r8pzBBvCAEo,"[{'trait_type': 'Door', 'value': 'Festive'}, {'trait_type': 'Walls', 'value': 'Blue'}, {'trait_type': 'Window', 'value': 'Eyes'}, {'trait_type': 'Chimney', 'value': 'Rust'}, {'trait_type': 'Background', 'value': 'City View'}, {'trait_type': 'Base', 'value': 'Silver Crown Pineapple'}]","{'files': [{'type': 'image/png', 'uri': 'https://arweave.net/S0UbWrPKyd_Sgr-QQjeau8ozRNTloFojR0DByfLTHP0'}], 'category': 'image', 'creators': [{'share': 100, 'address': '994Gi3gWBWPHjxAqH4j43dbrSvnEDGP2erLGYHnjkXMR'}]}",1,4MpjH3ZyU4Hgvds848ApPQXWLRpoVQ3W92EPzpgQexe7,1,{},{'moonrank': {'rank': 680}},False,"{'auctionHouseKey': 'E8cU1WiRWjanGxmn96ewBgk9vPTcL6AEZ1t6F6fkgUWe', 'sellerReferral': 'autMW8SgBkVYeBgqYiTuJZnkvDZMVU2MHJh9Jh7CSQ2', 'expiry': -1}"
47,8UfukhZEW9XcQ8JdNhGN4GKTCSp9cbQhx74AUUWrzxTC,33.33,3XGtQbh1jfTVKTfH6sfxzd586gT3DDyUAjKfVqx5m6p4,3C6Aa7WumUkMSwpTQMf7oPmviimo1MZY31BNSqo66Uzn,sea_shanties,Sea Shanties,https://arweave.net/RulVi3OXIkMEEt9DxNzS0a4CrDd76Pt-2raK8uCSWdc,Sea Shanties #1707,The first Underwater Metaverse on the Solana Blockchain,image,"[{'address': '6CjUgT4zYdjEnXeL2YRxBr8BE1Na5nUZBt1WLxE3T9nB', 'verified': 1, 'share': 0}, {'address': '994Gi3gWBWPHjxAqH4j43dbrSvnEDGP2erLGYHnjkXMR', 'verified': 0, 'share': 100}]",800,5J6c4z8xeTYWtx3h44fwa8YyWRPk9BuG77Sm1XDki6dh,"[{'trait_type': 'Windows', 'value': 'Purple'}, {'trait_type': 'Background', 'value': 'Long Valley Nights'}, {'trait_type': 'Wall', 'value': 'Purple'}, {'trait_type': 'Easter Head Base', 'value': 'Volcanic Head'}, {'trait_type': 'Easter Head Nose', 'value': 'Emerald'}, {'trait_type': 'Door', 'value': 'Decorated Door'}]","{'files': [{'type': 'image/png', 'uri': 'https://arweave.net/RulVi3OXIkMEEt9DxNzS0a4CrDd76Pt-2raK8uCSWdc'}], 'category': 'image', 'creators': [{'share': 100, 'address': '994Gi3gWBWPHjxAqH4j43dbrSvnEDGP2erLGYHnjkXMR'}]}",1,4MpjH3ZyU4Hgvds848ApPQXWLRpoVQ3W92EPzpgQexe7,1,{},{'moonrank': {'rank': 8}},False,"{'auctionHouseKey': 'E8cU1WiRWjanGxmn96ewBgk9vPTcL6AEZ1t6F6fkgUWe', 'sellerReferral': 'autMW8SgBkVYeBgqYiTuJZnkvDZMVU2MHJh9Jh7CSQ2', 'expiry': -1}"
