,id,price,escrowPubkey,owner,collectionName,collectionTitle,img,title,content,propertyCategory,creators,sellerFeeBasisPoints,mintAddress,attributes,properties,supply,updateAuthority,primarySaleHappened,onChainCollection,rarity,tokenDelegateValid,v2
0,AWRe5S5Evj4hUhHeprW2xfKFdKyG38wVkkw4fnQygAMe,76.0,5gDpBcWLgBWCmSHtfNdG1YR5Hd1bkQzrtHE6PvJe9itA,AaLs8t74b4dnY33QXBiENB4n5FvTVG2PSLWKxsUDfAnA,shadowy_super_coder_dao,Shadowy Super Coder DAO,https://sld-gengo.s3.amazonaws.com/6744.png,Shadowy Super Coder #6744,"""Instead of leaving our financial system at the whims of giant banks, crypto puts the system at the whims of some shadowy, faceless group of super-coders and miners, which doesn’t sound better to me."" - Elizabeth Warren, 2021

To this group of randomly generated Shadowy Super Coders... that sounds a lot better.",image,"[{'address': '71ghWqucipW661X4ht61qvmc3xKQGMBGZxwSDmZrYQmf', 'verified': 1, 'share': 0}, {'address': 'D6wZ5U9onMC578mrKMp5PZtfyc5262426qKsYJW7nT3p', 'verified': 0, 'share': 100}]",500,8j8JYTUTGDbmkjcTvTFSBqs6VgTVNsykHU7yuR6LQnHX,"[{'trait_type': 'Background', 'value': 'Green'}, {'trait_type': 'Base Model', 'value': 'Natural'}, {'trait_type': 'Desk', 'value': 'Purple Metal'}, {'trait_type': 'Monitor 1', 'value': 'Surveillance Blue'}, {'trait_type': 'Monitor 2', 'value': 'Glitch One'}, {'trait_type': 'Monitor 3', 'value': 'Glitch Two'}, {'trait_type': 'Mouth', 'value': 'Purple Smirk'}, {'trait_type': 'Hoodie', 'value': 'Cat-Ear Hacker'}, {'trait_type': 'Favorite Programming Language', 'value': 'C#'}]","{'files': [{'uri': 'https://sld-gengo.s3.amazonaws.com/6744.png', 'type': 'image/png'}], 'creators': [{'address': 'D6wZ5U9onMC578mrKMp5PZtfyc5262426qKsYJW7nT3p', 'share': 100}], 'category': 'image'}",1,8qnNiwDxn674mDh29dRekoGEnRS5aDoG2WK524rKWXLr,1,{},"{'moonrank': {'rank': 6563}, 'howrare': {'rank': 6817}}",False,"{'auctionHouseKey': 'E8cU1WiRWjanGxmn96ewBgk9vPTcL6AEZ1t6F6fkgUWe', 'sellerReferral': 'autMW8SgBkVYeBgqYiTuJZnkvDZMVU2MHJh9Jh7CSQ2', 'expiry': -1}"
1,9ibSAEA7d8iPy6EN9BmgvXyamjpDaQ97nYMTWnzTxDjp,78.5,7d6CijHC8K1JogB5KNAHMK343EKw3VtCJ1DshS8KKJKg,5nTmScN9g2peTCRoffagCzrzpiCHzDZped3Lo1W4zb6n,shadowy_super_coder_dao,Shadowy Super Coder DAO,https://sld-gengo.s3.amazonaws.com/9609.png,Shadowy Super Coder #9609,"""Instead of leaving our financial system at the whims of giant banks, crypto puts the system at the whims of some shadowy, faceless group of super-coders and miners, which doesn’t sound better to me."" - Elizabeth Warren, 2021

To this group of randomly generated Shadowy Super Coders... that sounds a lot better.",image,"[{'address': '71ghWqucipW661X4ht61qvmc3xKQGMBGZxwSDmZrYQmf', 'verified': 1, 'share': 0}, {'address': 'D6wZ5U9onMC578mrKMp5PZtfyc5262426qKsYJW7nT3p', 'verified': 0, 'share': 100}]",500,2bzkjLBabPa2ZLCC6b3i5xEcEe95WveaqQ56HigznHoe,"[{'trait_type': 'Background', 'value': 'Light-Yellow'}, {'trait_type': 'Base Model', 'value': 'Natural'}, {'trait_type': 'Desk', 'value': 'Bronze Metal'}, {'trait_type': 'Monitor 1', 'value': 'Trading Dark'}, {'trait_type': 'Monitor 2', 'value': 'Linux'}, {'trait_type': 'Monitor 3', 'value': 'Access Granted'}, {'trait_type': 'Mouth', 'value': 'Pink Smirk'}, {'trait_type': 'Hoodie', 'value': 'Punk Hacker'}, {'trait_type': 'Favorite Programming Language', 'value': 'Swift'}]","{'files': [{'uri': 'https://sld-gengo.s3.amazonaws.com/9609.png', 'type': 'image/png'}], 'creators': [{'address': 'D6wZ5U9onMC578mrKMp5PZtfyc5262426qKsYJW7nT3p', 'share': 100}], 'category': 'image'}",1,8qnNiwDxn674mDh29dRekoGEnRS5aDoG2WK524rKWXLr,1,{},"{'moonrank': {'rank': 9824}, 'howrare': {'rank': 9740}}",False,"{'auctionHouseKey': 'E8cU1WiRWjanGxmn96ewBgk9vPTcL6AEZ1t6F6fkgUWe', 'sellerReferral': 'autMW8SgBkVYeBgqYiTuJZnkvDZMVU2MHJh9Jh7CSQ2', 'expiry': -1}"
2,68ZXqMn6mZrLbdajYjNnPqqEUiCtqxHAX4NUGSn5ojrA,79.0,J1cGbmrS1P3WQqmQJLne9rt6Pg6GvjjFQTQeFzQ2jfTZ,ELnuMqs2teREvVHuz2FcS9q3GiGvSWUq1i5YsBJFm8kn,shadowy_super_coder_dao,Shadowy Super Coder DAO,https://sld-gengo.s3.amazonaws.com/7108.png,Shadowy Super Coder #7108,"""Instead of leaving our financial system at the whims of giant banks, crypto puts the system at the whims of some shadowy, faceless group of super-coders and miners, which doesn’t sound better to me."" - Elizabeth Warren, 2021

To this group of randomly generated Shadowy Super Coders... that sounds a lot better.",image,"[{'address': '71ghWqucipW661X4ht61qvmc3xKQGMBGZxwSDmZrYQmf', 'verified': 1, 'share': 0}, {'address': 'D6wZ5U9onMC578mrKMp5PZtfyc5262426qKsYJW7nT3p', 'verified': 0, 'share': 100}]",500,9rbLco4SSsxMX5vtVyRSCu1h7e6UQibWL5NkdbVcKDmj,"[{'trait_type': 'Background', 'value': 'Red'}, {'trait_type': 'Base Model', 'value': 'Natural'}, {'trait_type': 'Desk', 'value': 'Purple Metal'}, {'trait_type': 'Monitor 1', 'value': 'Matrix'}, {'trait_type': 'Monitor 2', 'value': 'Access Granted'}, {'trait_type': 'Monitor 3', 'value': 'Scoopshop'}, {'trait_type': 'Mouth', 'value': 'Purple Smirk'}, {'trait_type': 'Hoodie', 'value': 'Neon Solana Hacker'}, {'trait_type': 'Favorite Programming Language', 'value': 'Swift'}]","{'files': [{'uri': 'https://sld-gengo.s3.amazonaws.com/7108.png', 'type': 'image/png'}], 'creators': [{'address': 'D6wZ5U9onMC578mrKMp5PZtfyc5262426qKsYJW7nT3p', 'share': 100}], 'category': 'image'}",1,8qnNiwDxn674mDh29dRekoGEnRS5aDoG2WK524rKWXLr,1,{},"{'moonrank': {'rank': 2618}, 'howrare': {'rank': 3179}}",False,"{'auctionHouseKey': 'E8cU1WiRWjanGxmn96ewBgk9vPTcL6AEZ1t6F6fkgUWe', 'sellerReferral': 'autMW8SgBkVYeBgqYiTuJZnkvDZMVU2MHJh9Jh7CSQ2', 'expiry': -1}"
3,emkjptKrLw9jtTRxSd37QSyd95AAxLcD4F1bymgUTAV,79.69,FsWSwikM76StvimE6u61r5Ua58GUpxtiAThEr5huD9HC,637PjgHUH2ydr6wY9wHdULaGynFzSUqFRuJbHRNcU2V8,shadowy_super_coder_dao,Shadowy Super Coder DAO,https://sld-gengo.s3.amazonaws.com/7507.png,Shadowy Super Coder #7507,"""Instead of leaving our financial system at the whims of giant banks, crypto puts the system at the whims of some shadowy, faceless group of super-coders and miners, which doesn’t sound better to me."" - Elizabeth Warren, 2021

To this group of randomly generated Shadowy Super Coders... that sounds a lot better.",image,"[{'address': '71ghWqucipW661X4ht61qvmc3xKQGMBGZxwSDmZrYQmf', 'verified': 1, 'share': 0}, {'address': 'D6wZ5U9onMC578mrKMp5PZtfyc5262426qKsYJW7nT3p', 'verified': 0, 'share': 100}]",500,6t6dVKVEj8H1Vq63PWzPgq7Vkh7oQX5PF3bb9K4qzVy9,"[{'trait_type': 'Background', 'value': 'Gold'}, {'trait_type': 'Base Model', 'value': 'Chestnut'}, {'trait_type': 'Desk', 'value': 'Red Metal'}, {'trait_type': 'Monitor 1', 'value': 'Linux'}, {'trait_type': 'Monitor 2', 'value': 'Access Granted'}, {'trait_type': 'Monitor 3', 'value': 'Access Granted'}, {'trait_type': 'Mouth', 'value': 'Purple Smile'}, {'trait_type': 'Hoodie', 'value': 'Sci-Fi Hacker'}, {'trait_type': 'Favorite Programming Language', 'value': 'Java'}]","{'files': [{'uri': 'https://sld-gengo.s3.amazonaws.com/7507.png', 'type': 'image/png'}], 'creators': [{'address': 'D6wZ5U9onMC578mrKMp5PZtfyc5262426qKsYJW7nT3p', 'share': 100}], 'category': 'image'}",1,8qnNiwDxn674mDh29dRekoGEnRS5aDoG2WK524rKWXLr,1,{},"{'moonrank': {'rank': 7143}, 'howrare': {'rank': 6932}}",False,"{'auctionHouseKey': 'E8cU1WiRWjanGxmn96ewBgk9vPTcL6AEZ1t6F6fkgUWe', 'sellerReferral': 'autMW8SgBkVYeBgqYiTuJZnkvDZMVU2MHJh9Jh7CSQ2', 'expiry': -1}"
4,5m81homu2eXXi9VFJjGD3gMsibJDFjBz32vC92zgvbW7,83.0,6zHZTzEeSiw65QkBcAu6vJZ6EvFmmzJtKRLowZR45u8r,J6bETtwnvk3NNTioFgbhW36o4KkfLRX2cPnbvoZK8yQf,shadowy_super_coder_dao,Shadowy Super Coder DAO,https://sld-gengo.s3.amazonaws.com/5617.png,Shadowy Super Coder #5617,"""Instead of leaving our financial system at the whims of giant banks, crypto puts the system at the whims of some shadowy, faceless group of super-coders and miners, which doesn’t sound better to me."" - Elizabeth Warren, 2021

To this group of randomly generated Shadowy Super Coders... that sounds a lot better.",image,"[{'address': '71ghWqucipW661X4ht61qvmc3xKQGMBGZxwSDmZrYQmf', 'verified': 1, 'share': 0}, {'address': 'D6wZ5U9onMC578mrKMp5PZtfyc5262426qKsYJW7nT3p', 'verified': 0, 'share': 100}]",500,5J14VN5mmyeRY9xxqYUDbn4Bk1FNJM8nwjcNF3BRDgfp,"[{'trait_type': 'Background', 'value': 'Red'}, {'trait_type': 'Base Model', 'value': 'Chestnut'}, {'trait_type': 'Desk', 'value': 'Purple Metal'}, {'trait_type': 'Monitor 1', 'value': 'Linux'}, {'trait_type': 'Monitor 2', 'value': 'Linux'}, {'trait_type': 'Monitor 3', 'value': 'Defi Land InGame'}, {'trait_type': 'Mouth', 'value': 'Pink Smile'}, {'trait_type': 'Hoodie', 'value': 'Unmasked Squid Game Hacker'}, {'trait_type': 'Favorite Programming Language', 'value': 'Swift'}]","{'files': [{'uri': 'https://sld-gengo.s3.amazonaws.com/5617.png', 'type': 'image/png'}], 'creators': [{'address': 'D6wZ5U9onMC578mrKMp5PZtfyc5262426qKsYJW7nT3p', 'share': 100}], 'category': 'image'}",1,8qnNiwDxn674mDh29dRekoGEnRS5aDoG2WK524rKWXLr,1,{},"{'moonrank': {'rank': 3199}, 'howrare': {'rank': 3458}}",False,"{'auctionHouseKey': 'E8cU1WiRWjanGxmn96ewBgk9vPTcL6AEZ1t6F6fkgUWe', 'sellerReferral': 'autMW8SgBkVYeBgqYiTuJZnkvDZMVU2MHJh9Jh7CSQ2', 'expiry': -1}"
5,E5UGjBys9nR7YNzEynxgQ8EMyT8y6eD8YTRGu3PK9Vzb,83.0,ERwB9LmrR7TWLocFAQEu2GNbZzdAQuqUaAWYwyPakscY,J6bETtwnvk3NNTioFgbhW36o4KkfLRX2cPnbvoZK8yQf,shadowy_super_coder_dao,Shadowy Super Coder DAO,https://sld-gengo.s3.amazonaws.com/4941.png,Shadowy Super Coder #4941,"""Instead of leaving our financial system at the whims of giant banks, crypto puts the system at the whims of some shadowy, faceless group of super-coders and miners, which doesn’t sound better to me."" - Elizabeth Warren, 2021

To this group of randomly generated Shadowy Super Coders... that sounds a lot better.",image,"[{'address': '71ghWqucipW661X4ht61qvmc3xKQGMBGZxwSDmZrYQmf', 'verified': 1, 'share': 0}, {'address': 'D6wZ5U9onMC578mrKMp5PZtfyc5262426qKsYJW7nT3p', 'verified': 0, 'share': 100}]",500,4TRSscxq7wZ8xLm6p32jRLrz6C8ZEuVonfuJSgh1fFsC,"[{'trait_type': 'Background', 'value': 'Light-Orange'}, {'trait_type': 'Base Model', 'value': 'Chestnut'}, {'trait_type': 'Desk', 'value': 'Silver Metal'}, {'trait_type': 'Monitor 1', 'value': 'Surveillance Blue'}, {'trait_type': 'Monitor 2', 'value': 'Glitch Two'}, {'trait_type': 'Monitor 3', 'value': 'Hacked'}, {'trait_type': 'Mouth', 'value': 'Purple Smile'}, {'trait_type': 'Hoodie', 'value': 'Punk Hacker'}, {'trait_type': 'Favorite Programming Language', 'value': 'C++'}]","{'files': [{'uri': 'https://sld-gengo.s3.amazonaws.com/4941.png', 'type': 'image/png'}], 'creators': [{'address': 'D6wZ5U9onMC578mrKMp5PZtfyc5262426qKsYJW7nT3p', 'share': 100}], 'category': 'image'}",1,8qnNiwDxn674mDh29dRekoGEnRS5aDoG2WK524rKWXLr,1,{},"{'moonrank': {'rank': 8887}, 'howrare': {'rank': 9049}}",False,"{'auctionHouseKey': 'E8cU1WiRWjanGxmn96ewBgk9vPTcL6AEZ1t6F6fkgUWe', 'sellerReferral': 'autMW8SgBkVYeBgqYiTuJZnkvDZMVU2MHJh9Jh7CSQ2', 'expiry': -1}"
6,FxHckTMcgmwa3tBaUes6M9RmpYGPCe2FTsmxPijhwEWb,83.0,7sfC8Se8SSQjKJBB6Sk5bFbuxwAzMpjwrApzfaX2fdoe,J6bETtwnvk3NNTioFgbhW36o4KkfLRX2cPnbvoZK8yQf,shadowy_super_coder_dao,Shadowy Super Coder DAO,https://sld-gengo.s3.amazonaws.com/3679.png,Shadowy Super Coder #3679,"""Instead of leaving our financial system at the whims of giant banks, crypto puts the system at the whims of some shadowy, faceless group of super-coders and miners, which doesn’t sound better to me."" - Elizabeth Warren, 2021

To this group of randomly generated Shadowy Super Coders... that sounds a lot better.",image,"[{'address': '71ghWqucipW661X4ht61qvmc3xKQGMBGZxwSDmZrYQmf', 'verified': 1, 'share': 0}, {'address': 'D6wZ5U9onMC578mrKMp5PZtfyc5262426qKsYJW7nT3p', 'verified': 0, 'share': 100}]",500,DGx4bfN7ikJKbo8i8SvmccZVFxWBHUGb3zPkjWkzsWi9,"[{'trait_type': 'Background', 'value': 'Light-Yellow'}, {'trait_type': 'Base Model', 'value': 'Chestnut'}, {'trait_type': 'Desk', 'value': 'Silver Metal'}, {'trait_type': 'Monitor 1', 'value': 'Trading White'}, {'trait_type': 'Monitor 2', 'value': 'Glitch One'}, {'trait_type': 'Monitor 3', 'value': 'Trading Dark'}, {'trait_type': 'Mouth', 'value': 'Purple Smile'}, {'trait_type': 'Hoodie', 'value': 'Neon Solana Hacker'}, {'trait_type': 'Favorite Programming Language', 'value': 'R'}]","{'files': [{'uri': 'https://sld-gengo.s3.amazonaws.com/3679.png', 'type': 'image/png'}], 'creators': [{'address': 'D6wZ5U9onMC578mrKMp5PZtfyc5262426qKsYJW7nT3p', 'share': 100}], 'category': 'image'}",1,8qnNiwDxn674mDh29dRekoGEnRS5aDoG2WK524rKWXLr,1,{},"{'moonrank': {'rank': 7771}, 'howrare': {'rank': 7696}}",False,"{'auctionHouseKey': 'E8cU1WiRWjanGxmn96ewBgk9vPTcL6AEZ1t6F6fkgUWe', 'sellerReferral': 'autMW8SgBkVYeBgqYiTuJZnkvDZMVU2MHJh9Jh7CSQ2', 'expiry': -1}"
7,36x5EJqXKu6HUiXYowUAongboRqtFdUEaXArrJZ8GZ14,84.99,7rPV8i1cUqS7YqGCGvT73qPiHTwXvcPYDtHVV1vmTPaJ,GesPRijCWEpweQA4BbkN44s1FTJHeVU4KDnhDN8r1WHN,shadowy_super_coder_dao,Shadowy Super Coder DAO,https://sld-gengo.s3.amazonaws.com/2832.png,Shadowy Super Coder #2832,"""Instead of leaving our financial system at the whims of giant banks, crypto puts the system at the whims of some shadowy, faceless group of super-coders and miners, which doesn’t sound better to me."" - Elizabeth Warren, 2021

To this group of randomly generated Shadowy Super Coders... that sounds a lot better.",image,"[{'address': '71ghWqucipW661X4ht61qvmc3xKQGMBGZxwSDmZrYQmf', 'verified': 1, 'share': 0}, {'address': 'D6wZ5U9onMC578mrKMp5PZtfyc5262426qKsYJW7nT3p', 'verified': 0, 'share': 100}]",500,C8d74iN3PTpM6Yqvo3aATdiq1khoKQkyC12LG8XkFovX,"[{'trait_type': 'Background', 'value': 'Light-Blue'}, {'trait_type': 'Base Model', 'value': 'Natural'}, {'trait_type': 'Desk', 'value': 'Purple Metal'}, {'trait_type': 'Monitor 1', 'value': 'Trading Dark'}, {'trait_type': 'Monitor 2', 'value': 'Glitch One'}, {'trait_type': 'Monitor 3', 'value': 'Matrix'}, {'trait_type': 'Mouth', 'value': 'Pink Smirk'}, {'trait_type': 'Hoodie', 'value': 'Shark Hacker'}, {'trait_type': 'Favorite Programming Language', 'value': 'Python'}]","{'files': [{'uri': 'https://sld-gengo.s3.amazonaws.com/2832.png', 'type': 'image/png'}], 'creators': [{'address': 'D6wZ5U9onMC578mrKMp5PZtfyc5262426qKsYJW7nT3p', 'share': 100}], 'category': 'image'}",1,8qnNiwDxn674mDh29dRekoGEnRS5aDoG2WK524rKWXLr,1,{},"{'moonrank': {'rank': 8497}, 'howrare': {'rank': 8606}}",False,"{'auctionHouseKey': 'E8cU1WiRWjanGxmn96ewBgk9vPTcL6AEZ1t6F6fkgUWe', 'sellerReferral': 'autMW8SgBkVYeBgqYiTuJZnkvDZMVU2MHJh9Jh7CSQ2', 'expiry': -1}"
8,GyWn6pSbZLbc4rXf4x4UCKW8FxMPeXYxq6edLuC2CR8V,90.0,CvUmXcRHKnckJbYGL4wnTo5cEYDiJZ8mR9myhPoaEfNq,2BNr8fdyNQLXFyqvrFJeJT6TkMkQmVcfjhL1T9Xrtmih,shadowy_super_coder_dao,Shadowy Super Coder DAO,https://sld-gengo.s3.amazonaws.com/9526.png,Shadowy Super Coder #9526,"""Instead of leaving our financial system at the whims of giant banks, crypto puts the system at the whims of some shadowy, faceless group of super-coders and miners, which doesn’t sound better to me."" - Elizabeth Warren, 2021

To this group of randomly generated Shadowy Super Coders... that sounds a lot better.",image,"[{'address': '71ghWqucipW661X4ht61qvmc3xKQGMBGZxwSDmZrYQmf', 'verified': 1, 'share': 0}, {'address': 'D6wZ5U9onMC578mrKMp5PZtfyc5262426qKsYJW7nT3p', 'verified': 0, 'share': 100}]",500,8AwVqUpsyKik5DjaFLRgsAgCm8T9HVNBq3yxJSCDcGwb,"[{'trait_type': 'Background', 'value': 'Violet'}, {'trait_type': 'Base Model', 'value': 'Natural'}, {'trait_type': 'Desk', 'value': 'Bronze Metal'}, {'trait_type': 'Monitor 1', 'value': 'Surveillance Blue'}, {'trait_type': 'Monitor 2', 'value': 'Goo'}, {'trait_type': 'Monitor 3', 'value': 'Hacked'}, {'trait_type': 'Mouth', 'value': 'Pink Smile'}, {'trait_type': 'Hoodie', 'value': 'Shadowy Hacker'}, {'trait_type': 'Favorite Programming Language', 'value': 'Solidity'}]","{'files': [{'uri': 'https://sld-gengo.s3.amazonaws.com/9526.png', 'type': 'image/png'}], 'creators': [{'address': 'D6wZ5U9onMC578mrKMp5PZtfyc5262426qKsYJW7nT3p', 'share': 100}], 'category': 'image'}",1,8qnNiwDxn674mDh29dRekoGEnRS5aDoG2WK524rKWXLr,1,{},"{'moonrank': {'rank': 4633}, 'howrare': {'rank': 3402}}",False,"{'auctionHouseKey': 'E8cU1WiRWjanGxmn96ewBgk9vPTcL6AEZ1t6F6fkgUWe', 'sellerReferral': 'autMW8SgBkVYeBgqYiTuJZnkvDZMVU2MHJh9Jh7CSQ2', 'expiry': -1}"
9,26GngGUvR5uq4GBERx2hWU2rvwwNV7fCHa2TrzR8XEVb,95.0,DgnoTbELwRrmQzTthnsL8LhSDdgUsoJeCUfMsK3hjv96,7qEkDwTDSj9bi5uWCHUvavP1pFuhNs2ALBByuiDT77QQ,shadowy_super_coder_dao,Shadowy Super Coder DAO,https://sld-gengo.s3.amazonaws.com/9167.png,Shadowy Super Coder #9167,"""Instead of leaving our financial system at the whims of giant banks, crypto puts the system at the whims of some shadowy, faceless group of super-coders and miners, which doesn’t sound better to me."" - Elizabeth Warren, 2021

To this group of randomly generated Shadowy Super Coders... that sounds a lot better.",image,"[{'address': '71ghWqucipW661X4ht61qvmc3xKQGMBGZxwSDmZrYQmf', 'verified': 1, 'share': 0}, {'address': 'D6wZ5U9onMC578mrKMp5PZtfyc5262426qKsYJW7nT3p', 'verified': 0, 'share': 100}]",500,D5E9NvHMe79W5GuVmBWgjExMJiVyS26vr6MSvyyCTnAG,"[{'trait_type': 'Background', 'value': 'Light-Blue'}, {'trait_type': 'Base Model', 'value': 'Tan'}, {'trait_type': 'Desk', 'value': 'Silver Metal'}, {'trait_type': 'Monitor 1', 'value': 'Aurory Logo'}, {'trait_type': 'Monitor 2', 'value': 'Matrix'}, {'trait_type': 'Monitor 3', 'value': 'Glitch Two'}, {'trait_type': 'Mouth', 'value': 'Purple Smirk'}, {'trait_type': 'Hoodie', 'value': 'Neon Solana Hacker'}, {'trait_type': 'Favorite Programming Language', 'value': 'C#'}]","{'files': [{'uri': 'https://sld-gengo.s3.amazonaws.com/9167.png', 'type': 'image/png'}], 'creators': [{'address': 'D6wZ5U9onMC578mrKMp5PZtfyc5262426qKsYJW7nT3p', 'share': 100}], 'category': 'image'}",1,8qnNiwDxn674mDh29dRekoGEnRS5aDoG2WK524rKWXLr,1,{},"{'howrare': {'rank': 1437}, 'moonrank': {'rank': 1738}}",False,"{'auctionHouseKey': 'E8cU1WiRWjanGxmn96ewBgk9vPTcL6AEZ1t6F6fkgUWe', 'sellerReferral': 'autMW8SgBkVYeBgqYiTuJZnkvDZMVU2MHJh9Jh7CSQ2', 'expiry': -1}"
10,BGD9JefkZRGgQgodKFRhXigorRtKwyvpuZzU7WGmyzi4,105.0,86ZA94EkAQFag1nLn4JzBZHeFWRA9BZRDmPt5na9Pf4N,9U37kXK2qG5BeZf6VJchCXuR1WNq7s6gygvu4qQ5bnYu,shadowy_super_coder_dao,Shadowy Super Coder DAO,https://sld-gengo.s3.amazonaws.com/2696.png,Shadowy Super Coder #2696,"""Instead of leaving our financial system at the whims of giant banks, crypto puts the system at the whims of some shadowy, faceless group of super-coders and miners, which doesn’t sound better to me."" - Elizabeth Warren, 2021

To this group of randomly generated Shadowy Super Coders... that sounds a lot better.",image,"[{'address': '71ghWqucipW661X4ht61qvmc3xKQGMBGZxwSDmZrYQmf', 'verified': 1, 'share': 0}, {'address': 'D6wZ5U9onMC578mrKMp5PZtfyc5262426qKsYJW7nT3p', 'verified': 0, 'share': 100}]",500,5NsrVSaX5KBDcYyRA8KK5nRvnvH9f3peLVtov1CGTWZx,"[{'trait_type': 'Background', 'value': 'Light-Blue'}, {'trait_type': 'Base Model', 'value': 'Pale'}, {'trait_type': 'Desk', 'value': 'Purple Metal'}, {'trait_type': 'Monitor 1', 'value': 'Linux'}, {'trait_type': 'Monitor 2', 'value': 'Hacked'}, {'trait_type': 'Monitor 3', 'value': 'Hacked'}, {'trait_type': 'Mouth', 'value': 'Purple Smirk'}, {'trait_type': 'Hoodie', 'value': 'Sci-Fi Hacker'}, {'trait_type': 'Favorite Programming Language', 'value': 'JavaScript'}]","{'files': [{'uri': 'https://sld-gengo.s3.amazonaws.com/2696.png', 'type': 'image/png'}], 'creators': [{'address': 'D6wZ5U9onMC578mrKMp5PZtfyc5262426qKsYJW7nT3p', 'share': 100}], 'category': 'image'}",1,8qnNiwDxn674mDh29dRekoGEnRS5aDoG2WK524rKWXLr,1,{},"{'moonrank': {'rank': 6988}, 'howrare': {'rank': 7622}}",False,"{'auctionHouseKey': 'E8cU1WiRWjanGxmn96ewBgk9vPTcL6AEZ1t6F6fkgUWe', 'sellerReferral': 'autMW8SgBkVYeBgqYiTuJZnkvDZMVU2MHJh9Jh7CSQ2', 'expiry': -1}"
11,BXgRAhJSNq4iMJqs1kc6vftFGBTxymfhLXZsukh8XLi3,109.0,GYE6R2CvrCQcemk9nmSE7KKRhSmtcaKhMw8aaafCSaAg,HgTUj7ko2bsG7QAAiTtqY3L7LaJmjhnTNuSzRLrYS6h5,shadowy_super_coder_dao,Shadowy Super Coder DAO,https://sld-gengo.s3.amazonaws.com/2514.png,Shadowy Super Coder #2514,"""Instead of leaving our financial system at the whims of giant banks, crypto puts the system at the whims of some shadowy, faceless group of super-coders and miners, which doesn’t sound better to me."" - Elizabeth Warren, 2021

To this group of randomly generated Shadowy Super Coders... that sounds a lot better.",image,"[{'address': '71ghWqucipW661X4ht61qvmc3xKQGMBGZxwSDmZrYQmf', 'verified': 1, 'share': 0}, {'address': 'D6wZ5U9onMC578mrKMp5PZtfyc5262426qKsYJW7nT3p', 'verified': 0, 'share': 100}]",500,GHXt6NpJ6ufowgQzumwT7qPEbmLSP8mgkqDn94myTRNG,"[{'trait_type': 'Background', 'value': 'Red'}, {'trait_type': 'Base Model', 'value': 'Chestnut'}, {'trait_type': 'Desk', 'value': 'Silver Metal'}, {'trait_type': 'Monitor 1', 'value': 'Glitch One'}, {'trait_type': 'Monitor 2', 'value': 'Matrix'}, {'trait_type': 'Monitor 3', 'value': 'Hacked'}, {'trait_type': 'Mouth', 'value': 'Red Smirk'}, {'trait_type': 'Hoodie', 'value': 'Punk Hacker'}, {'trait_type': 'Favorite Programming Language', 'value': 'Go'}]","{'files': [{'uri': 'https://sld-gengo.s3.amazonaws.com/2514.png', 'type': 'image/png'}], 'creators': [{'address': 'D6wZ5U9onMC578mrKMp5PZtfyc5262426qKsYJW7nT3p', 'share': 100}], 'category': 'image'}",1,8qnNiwDxn674mDh29dRekoGEnRS5aDoG2WK524rKWXLr,1,{},"{'moonrank': {'rank': 9916}, 'howrare': {'rank': 9951}}",False,
12,4tybN49Xh2DDbZh3fP7FUCG6Hr5Qc2CeQrfLVBTPd7TZ,110.69,3eAAdykrkPdJqRL94EkcAbZNgindGVRdvAvjnXJEEGBQ,6TDrccWsSf6LGaUiAn1MuJ8CGJz3eazun7r5BbP4gGXS,shadowy_super_coder_dao,Shadowy Super Coder DAO,https://sld-gengo.s3.amazonaws.com/1340.png,Shadowy Super Coder #1340,"""Instead of leaving our financial system at the whims of giant banks, crypto puts the system at the whims of some shadowy, faceless group of super-coders and miners, which doesn’t sound better to me."" - Elizabeth Warren, 2021

To this group of randomly generated Shadowy Super Coders... that sounds a lot better.",image,"[{'address': '71ghWqucipW661X4ht61qvmc3xKQGMBGZxwSDmZrYQmf', 'verified': 1, 'share': 0}, {'address': 'D6wZ5U9onMC578mrKMp5PZtfyc5262426qKsYJW7nT3p', 'verified': 0, 'share': 100}]",500,9LP9FH5tax53uVFj8Rpm6Kz5R3TMbtNVkcRCe9ZcCDDZ,"[{'trait_type': 'Background', 'value': 'Gold'}, {'trait_type': 'Base Model', 'value': 'Tan'}, {'trait_type': 'Desk', 'value': 'Red Metal'}, {'trait_type': 'Monitor 1', 'value': 'Trading White'}, {'trait_type': 'Monitor 2', 'value': 'Glitch Two'}, {'trait_type': 'Monitor 3', 'value': 'Matrix'}, {'trait_type': 'Mouth', 'value': 'Red Smirk'}, {'trait_type': 'Hoodie', 'value': 'Shark Hacker'}, {'trait_type': 'Favorite Programming Language', 'value': 'JavaScript'}]","{'files': [{'uri': 'https://sld-gengo.s3.amazonaws.com/1340.png', 'type': 'image/png'}], 'creators': [{'address': 'D6wZ5U9onMC578mrKMp5PZtfyc5262426qKsYJW7nT3p', 'share': 100}], 'category': 'image'}",1,8qnNiwDxn674mDh29dRekoGEnRS5aDoG2WK524rKWXLr,1,{},"{'moonrank': {'rank': 9769}, 'howrare': {'rank': 9767}}",False,"{'auctionHouseKey': 'E8cU1WiRWjanGxmn96ewBgk9vPTcL6AEZ1t6F6fkgUWe', 'sellerReferral': 'autMW8SgBkVYeBgqYiTuJZnkvDZMVU2MHJh9Jh7CSQ2', 'expiry': -1}"
13,5RQmjHKrinCAbSjxsYgkTHmC2tytKwHcJU1EDBQWiT1j,119.0,Dc1426Fhms1cWgUgPgYkLcCPnaPuzLU3mY3mswEz9JWP,3UEr6TVhqdFn5grpRhnCy18rRhS7rFfjxxa8H5KEgWCZ,shadowy_super_coder_dao,Shadowy Super Coder DAO,https://sld-gengo.s3.amazonaws.com/6766.png,Shadowy Super Coder #6766,"""Instead of leaving our financial system at the whims of giant banks, crypto puts the system at the whims of some shadowy, faceless group of super-coders and miners, which doesn’t sound better to me."" - Elizabeth Warren, 2021

To this group of randomly generated Shadowy Super Coders... that sounds a lot better.",image,"[{'address': '71ghWqucipW661X4ht61qvmc3xKQGMBGZxwSDmZrYQmf', 'verified': 1, 'share': 0}, {'address': 'D6wZ5U9onMC578mrKMp5PZtfyc5262426qKsYJW7nT3p', 'verified': 0, 'share': 100}]",500,3HPXSzrtHivEJMLJ96SndWyn2XTkvSunJ94qGxHfvZgy,"[{'trait_type': 'Background', 'value': 'Noire'}, {'trait_type': 'Base Model', 'value': 'Tan'}, {'trait_type': 'Desk', 'value': 'Silver Metal'}, {'trait_type': 'Monitor 1', 'value': 'Access Granted'}, {'trait_type': 'Monitor 2', 'value': 'Hacked'}, {'trait_type': 'Monitor 3', 'value': 'Glitch Two'}, {'trait_type': 'Mouth', 'value': 'Pink Smirk'}, {'trait_type': 'Hoodie', 'value': 'Monke Hacker'}, {'trait_type': 'Favorite Programming Language', 'value': 'Rust'}]","{'files': [{'uri': 'https://sld-gengo.s3.amazonaws.com/6766.png', 'type': 'image/png'}], 'creators': [{'address': 'D6wZ5U9onMC578mrKMp5PZtfyc5262426qKsYJW7nT3p', 'share': 100}], 'category': 'image'}",1,8qnNiwDxn674mDh29dRekoGEnRS5aDoG2WK524rKWXLr,1,{},"{'moonrank': {'rank': 6445}, 'howrare': {'rank': 6173}}",False,
14,8EmvBymjBEQkRKYdXPbP2KLeamtii1hEEcHsoNu5Hz4Z,138.0,2RsYKRG7qgc3mT8DVaHwtab42e2a3VQbopDFUzYEu2u3,7qXSYXbZQyrtW35PjwunvYH2bEEyHNaerjpE3WAZTeVn,shadowy_super_coder_dao,Shadowy Super Coder DAO,https://sld-gengo.s3.amazonaws.com/3092.png,Shadowy Super Coder #3092,"""Instead of leaving our financial system at the whims of giant banks, crypto puts the system at the whims of some shadowy, faceless group of super-coders and miners, which doesn’t sound better to me."" - Elizabeth Warren, 2021

To this group of randomly generated Shadowy Super Coders... that sounds a lot better.",image,"[{'address': '71ghWqucipW661X4ht61qvmc3xKQGMBGZxwSDmZrYQmf', 'verified': 1, 'share': 0}, {'address': 'D6wZ5U9onMC578mrKMp5PZtfyc5262426qKsYJW7nT3p', 'verified': 0, 'share': 100}]",500,Dy7YNyj2tGM8i4tvkkxDQYjfUrQ3jLv7CdQsiZJDjS1S,"[{'trait_type': 'Background', 'value': 'Noire'}, {'trait_type': 'Base Model', 'value': 'Chestnut'}, {'trait_type': 'Desk', 'value': 'Purple Metal'}, {'trait_type': 'Monitor 1', 'value': 'Linux'}, {'trait_type': 'Monitor 2', 'value': 'Glitch One'}, {'trait_type': 'Monitor 3', 'value': 'Matrix'}, {'trait_type': 'Mouth', 'value': 'Red Smirk'}, {'trait_type': 'Hoodie', 'value': 'Unmasked Squid Game Hacker'}, {'trait_type': 'Favorite Programming Language', 'value': 'Python'}]","{'files': [{'uri': 'https://sld-gengo.s3.amazonaws.com/3092.png', 'type': 'image/png'}], 'creators': [{'address': 'D6wZ5U9onMC578mrKMp5PZtfyc5262426qKsYJW7nT3p', 'share': 100}], 'category': 'image'}",1,8qnNiwDxn674mDh29dRekoGEnRS5aDoG2WK524rKWXLr,1,{},"{'moonrank': {'rank': 7445}, 'howrare': {'rank': 7120}}",False,"{'auctionHouseKey': 'E8cU1WiRWjanGxmn96ewBgk9vPTcL6AEZ1t6F6fkgUWe', 'sellerReferral': 'autMW8SgBkVYeBgqYiTuJZnkvDZMVU2MHJh9Jh7CSQ2', 'expiry': -1}"
15,BEfRDNDTTQipk6kNgnDcm4sjVdX9Uw5j4PiYzWryuYaC,139.88888888,FFpmf5CWttgtsfJ6LgtCv1MizXdXopBchgPUPzgcNUEf,DqX73ftNYf3keunEiH34CGHcHdu1D5sHzA2qmd9jSqzh,shadowy_super_coder_dao,Shadowy Super Coder DAO,https://sld-gengo.s3.amazonaws.com/342.png,Shadowy Super Coder #342,"""Instead of leaving our financial system at the whims of giant banks, crypto puts the system at the whims of some shadowy, faceless group of super-coders and miners, which doesn’t sound better to me."" - Elizabeth Warren, 2021

To this group of randomly generated Shadowy Super Coders... that sounds a lot better.",image,"[{'address': '71ghWqucipW661X4ht61qvmc3xKQGMBGZxwSDmZrYQmf', 'verified': 1, 'share': 0}, {'address': 'D6wZ5U9onMC578mrKMp5PZtfyc5262426qKsYJW7nT3p', 'verified': 0, 'share': 100}]",500,49qzqYTsScoPZT844d5cLcHUuqKa4p86Av6BXFeEFyau,"[{'trait_type': 'Background', 'value': 'Red'}, {'trait_type': 'Base Model', 'value': 'Tan'}, {'trait_type': 'Desk', 'value': 'Bronze Metal'}, {'trait_type': 'Monitor 1', 'value': 'Ninja'}, {'trait_type': 'Monitor 2', 'value': 'Serum'}, {'trait_type': 'Monitor 3', 'value': 'Marginfi'}, {'trait_type': 'Mouth', 'value': 'Pink Smirk'}, {'trait_type': 'Hoodie', 'value': 'Sci-Fi Hacker'}, {'trait_type': 'Favorite Programming Language', 'value': 'Java'}]","{'files': [{'uri': 'https://sld-gengo.s3.amazonaws.com/342.png', 'type': 'image/png'}], 'creators': [{'address': 'D6wZ5U9onMC578mrKMp5PZtfyc5262426qKsYJW7nT3p', 'share': 100}], 'category': 'image'}",1,8qnNiwDxn674mDh29dRekoGEnRS5aDoG2WK524rKWXLr,1,{},"{'moonrank': {'rank': 169}, 'howrare': {'rank': 302}}",False,"{'auctionHouseKey': 'E8cU1WiRWjanGxmn96ewBgk9vPTcL6AEZ1t6F6fkgUWe', 'sellerReferral': 'autMW8SgBkVYeBgqYiTuJZnkvDZMVU2MHJh9Jh7CSQ2', 'expiry': -1}"
16,DQcP6K3HeVZDswiBKZ3m64zt1ZDs4eEd4mUWKgtGHtYe,144.0,4bj9uj7kc9A5DUjfHmYYNnqbtNwLQbfk18hMEXNqaTxK,Akij1c1HQ5AyEgwHHcPV3jExSM4HKdukRqZbYiAWWWEB,shadowy_super_coder_dao,Shadowy Super Coder DAO,https://sld-gengo.s3.amazonaws.com/8816.png,Shadowy Super Coder #8816,"""Instead of leaving our financial system at the whims of giant banks, crypto puts the system at the whims of some shadowy, faceless group of super-coders and miners, which doesn’t sound better to me."" - Elizabeth Warren, 2021

To this group of randomly generated Shadowy Super Coders... that sounds a lot better.",image,"[{'address': '71ghWqucipW661X4ht61qvmc3xKQGMBGZxwSDmZrYQmf', 'verified': 1, 'share': 0}, {'address': 'D6wZ5U9onMC578mrKMp5PZtfyc5262426qKsYJW7nT3p', 'verified': 0, 'share': 100}]",500,CrYmd9aZ7k4FzSWvQ1rV7L4i4Z1hqwwfatsP9jtYwQnN,"[{'trait_type': 'Background', 'value': 'Light-Blue'}, {'trait_type': 'Base Model', 'value': 'Chestnut'}, {'trait_type': 'Desk', 'value': 'Red Metal'}, {'trait_type': 'Monitor 1', 'value': 'Access Granted'}, {'trait_type': 'Monitor 2', 'value': 'Phantom'}, {'trait_type': 'Monitor 3', 'value': 'Linux'}, {'trait_type': 'Mouth', 'value': 'Pink Smirk'}, {'trait_type': 'Hoodie', 'value': 'Sci-Fi Hacker'}, {'trait_type': 'Favorite Programming Language', 'value': 'Fortran'}]","{'files': [{'uri': 'https://sld-gengo.s3.amazonaws.com/8816.png', 'type': 'image/png'}], 'creators': [{'address': 'D6wZ5U9onMC578mrKMp5PZtfyc5262426qKsYJW7nT3p', 'share': 100}], 'category': 'image'}",1,8qnNiwDxn674mDh29dRekoGEnRS5aDoG2WK524rKWXLr,1,{},"{'moonrank': {'rank': 2600}, 'howrare': {'rank': 2983}}",False,"{'auctionHouseKey': 'E8cU1WiRWjanGxmn96ewBgk9vPTcL6AEZ1t6F6fkgUWe', 'sellerReferral': 'autMW8SgBkVYeBgqYiTuJZnkvDZMVU2MHJh9Jh7CSQ2', 'expiry': -1}"
17,FD6Q5xUoEPoteJYWTzk5BnsPBegLEBx9oLCfA32cuNdx,144.99,8J6FJd5j6qGGX6TGeq1hMZUrHpyUHaA4ksp3cJ4c4HfG,3qvXfcus46B3uaSzfaNaPFTwv7RVn8Fp3D55fQdUsRZU,shadowy_super_coder_dao,Shadowy Super Coder DAO,https://sld-gengo.s3.amazonaws.com/8684.png,Shadowy Super Coder #8684,"""Instead of leaving our financial system at the whims of giant banks, crypto puts the system at the whims of some shadowy, faceless group of super-coders and miners, which doesn’t sound better to me."" - Elizabeth Warren, 2021

To this group of randomly generated Shadowy Super Coders... that sounds a lot better.",image,"[{'address': '71ghWqucipW661X4ht61qvmc3xKQGMBGZxwSDmZrYQmf', 'verified': 1, 'share': 0}, {'address': 'D6wZ5U9onMC578mrKMp5PZtfyc5262426qKsYJW7nT3p', 'verified': 0, 'share': 100}]",500,3kVgWzo3rwc1CQyKU3Ucswk86mHD74u4NrgxS47hRhQk,"[{'trait_type': 'Background', 'value': 'Green'}, {'trait_type': 'Base Model', 'value': 'Chestnut'}, {'trait_type': 'Desk', 'value': 'Purple Metal'}, {'trait_type': 'Monitor 1', 'value': 'Matrix'}, {'trait_type': 'Monitor 2', 'value': 'Linux'}, {'trait_type': 'Monitor 3', 'value': 'Mango Markets'}, {'trait_type': 'Mouth', 'value': 'Red Smile'}, {'trait_type': 'Hoodie', 'value': 'Captain America Hacker'}, {'trait_type': 'Favorite Programming Language', 'value': 'Rust'}]","{'files': [{'uri': 'https://sld-gengo.s3.amazonaws.com/8684.png', 'type': 'image/png'}], 'creators': [{'address': 'D6wZ5U9onMC578mrKMp5PZtfyc5262426qKsYJW7nT3p', 'share': 100}], 'category': 'image'}",1,8qnNiwDxn674mDh29dRekoGEnRS5aDoG2WK524rKWXLr,1,{},"{'moonrank': {'rank': 4973}, 'howrare': {'rank': 5253}}",False,
18,2vG4vWrehhDJSogG9MWEifkuSnCQFbjURq3MXA5tXNbB,175.0,DNpFpJBYTG33en83vzcSGeJZZLsr2d9bdQwvB96P72xh,CdhnjJEnGWaYXJLEjzAmXC9Bv8fxxdsYyk1oaWMFoNE7,shadowy_super_coder_dao,Shadowy Super Coder DAO,https://sld-gengo.s3.amazonaws.com/9685.png,Shadowy Super Coder #9685,"""Instead of leaving our financial system at the whims of giant banks, crypto puts the system at the whims of some shadowy, faceless group of super-coders and miners, which doesn’t sound better to me."" - Elizabeth Warren, 2021

To this group of randomly generated Shadowy Super Coders... that sounds a lot better.",image,"[{'address': '71ghWqucipW661X4ht61qvmc3xKQGMBGZxwSDmZrYQmf', 'verified': 1, 'share': 0}, {'address': 'D6wZ5U9onMC578mrKMp5PZtfyc5262426qKsYJW7nT3p', 'verified': 0, 'share': 100}]",500,FwwQ9PTgfyJQGAK9UfsWGNVoBp6RYK75b3unuWEGfzPR,"[{'trait_type': 'Background', 'value': 'Dark-Red'}, {'trait_type': 'Base Model', 'value': 'Pale'}, {'trait_type': 'Desk', 'value': 'Bronze Metal'}, {'trait_type': 'Monitor 1', 'value': 'Aurory Logo'}, {'trait_type': 'Monitor 2', 'value': 'Glitch Two'}, {'trait_type': 'Monitor 3', 'value': 'Hacked'}, {'trait_type': 'Mouth', 'value': 'Red Smile'}, {'trait_type': 'Hoodie', 'value': 'Tron Hacker'}, {'trait_type': 'Favorite Programming Language', 'value': 'C#'}]","{'files': [{'uri': 'https://sld-gengo.s3.amazonaws.com/9685.png', 'type': 'image/png'}], 'creators': [{'address': 'D6wZ5U9onMC578mrKMp5PZtfyc5262426qKsYJW7nT3p', 'share': 100}], 'category': 'image'}",1,8qnNiwDxn674mDh29dRekoGEnRS5aDoG2WK524rKWXLr,1,{},"{'moonrank': {'rank': 1869}, 'howrare': {'rank': 1492}}",False,
19,93q1dgh2Mdk9cMqPzn4fp1pfcZFRggFTn9srXudsBMpi,180.0,7hYZXtt8CVWumpyuPatxdY1RrajxbQjhQEijFHUoykr5,CmMLFeZhyWmY9TvEiWAkJVLpd79ZYDnFsPtpbRdKbFPB,shadowy_super_coder_dao,Shadowy Super Coder DAO,https://sld-gengo.s3.amazonaws.com/2442.png,Shadowy Super Coder #2442,"""Instead of leaving our financial system at the whims of giant banks, crypto puts the system at the whims of some shadowy, faceless group of super-coders and miners, which doesn’t sound better to me."" - Elizabeth Warren, 2021

To this group of randomly generated Shadowy Super Coders... that sounds a lot better.",image,"[{'address': '71ghWqucipW661X4ht61qvmc3xKQGMBGZxwSDmZrYQmf', 'verified': 1, 'share': 0}, {'address': 'D6wZ5U9onMC578mrKMp5PZtfyc5262426qKsYJW7nT3p', 'verified': 0, 'share': 100}]",500,EcV8VUidgWetuz5CTGKPpnbKu1sTNY9YsHFjk4gejszy,"[{'trait_type': 'Background', 'value': 'Light-Blue'}, {'trait_type': 'Base Model', 'value': 'Pale'}, {'trait_type': 'Desk', 'value': 'Purple Metal'}, {'trait_type': 'Monitor 1', 'value': 'Access Granted'}, {'trait_type': 'Monitor 2', 'value': 'Investin'}, {'trait_type': 'Monitor 3', 'value': 'Trading Dark'}, {'trait_type': 'Mouth', 'value': 'Red Smile'}, {'trait_type': 'Hoodie', 'value': 'Shadowy Hacker'}, {'trait_type': 'Favorite Programming Language', 'value': 'C++'}]","{'files': [{'uri': 'https://sld-gengo.s3.amazonaws.com/2442.png', 'type': 'image/png'}], 'creators': [{'address': 'D6wZ5U9onMC578mrKMp5PZtfyc5262426qKsYJW7nT3p', 'share': 100}], 'category': 'image'}",1,8qnNiwDxn674mDh29dRekoGEnRS5aDoG2WK524rKWXLr,1,{},"{'moonrank': {'rank': 4148}, 'howrare': {'rank': 4594}}",False,
20,26tteyYUQs3mZUxpMLQavGcYPUjhmQFAZLT4FMxmRgRk,195.0,9RFkyo1hDRMusYBAX2VjsfZDsZPTim8zcGFwvwUuQNUH,33c2kAcq5jkPHAYdZJnELZWWHzxZg5njX4u5uRDX9rJ8,shadowy_super_coder_dao,Shadowy Super Coder DAO,https://sld-gengo.s3.amazonaws.com/8315.png,Shadowy Super Coder #8315,"""Instead of leaving our financial system at the whims of giant banks, crypto puts the system at the whims of some shadowy, faceless group of super-coders and miners, which doesn’t sound better to me."" - Elizabeth Warren, 2021

To this group of randomly generated Shadowy Super Coders... that sounds a lot better.",image,"[{'address': '71ghWqucipW661X4ht61qvmc3xKQGMBGZxwSDmZrYQmf', 'verified': 1, 'share': 0}, {'address': 'D6wZ5U9onMC578mrKMp5PZtfyc5262426qKsYJW7nT3p', 'verified': 0, 'share': 100}]",500,EGmCUqXwkzHimZ7waokhFwhRBPo2Wg8ZrrbTgRbAHYMs,"[{'trait_type': 'Background', 'value': 'Gold'}, {'trait_type': 'Base Model', 'value': 'Natural'}, {'trait_type': 'Desk', 'value': 'Red Metal'}, {'trait_type': 'Monitor 1', 'value': 'Glitch Two'}, {'trait_type': 'Monitor 2', 'value': 'Solend'}, {'trait_type': 'Monitor 3', 'value': 'Glitch One'}, {'trait_type': 'Mouth', 'value': 'Purple Smirk'}, {'trait_type': 'Hoodie', 'value': 'Dragon Hacker'}, {'trait_type': 'Favorite Programming Language', 'value': 'R'}]","{'files': [{'uri': 'https://sld-gengo.s3.amazonaws.com/8315.png', 'type': 'image/png'}], 'creators': [{'address': 'D6wZ5U9onMC578mrKMp5PZtfyc5262426qKsYJW7nT3p', 'share': 100}], 'category': 'image'}",1,8qnNiwDxn674mDh29dRekoGEnRS5aDoG2WK524rKWXLr,1,{},"{'moonrank': {'rank': 3431}, 'howrare': {'rank': 3302}}",False,
21,A5bKz27XbCmLerKFfY4QNoGxKkseLCb5iwj7wiBAuLUm,229.0,3rKZdUjbsrrSbPAGWmYxUggRUawy7poMP5PLtvRVSycw,92HoTLipoHHJ2LDXw8v25TFyKuHdzfatVYvg7JCTqgKM,shadowy_super_coder_dao,Shadowy Super Coder DAO,https://sld-gengo.s3.amazonaws.com/611.png,Shadowy Super Coder #611,"""Instead of leaving our financial system at the whims of giant banks, crypto puts the system at the whims of some shadowy, faceless group of super-coders and miners, which doesn’t sound better to me."" - Elizabeth Warren, 2021

To this group of randomly generated Shadowy Super Coders... that sounds a lot better.",image,"[{'address': '71ghWqucipW661X4ht61qvmc3xKQGMBGZxwSDmZrYQmf', 'verified': 1, 'share': 0}, {'address': 'D6wZ5U9onMC578mrKMp5PZtfyc5262426qKsYJW7nT3p', 'verified': 0, 'share': 100}]",500,31fNaSjiuZuEqnWTe2oW78ktRdjgnoepg5KWtCascEx3,"[{'trait_type': 'Background', 'value': 'Pink'}, {'trait_type': 'Base Model', 'value': 'Natural'}, {'trait_type': 'Desk', 'value': 'Silver Metal'}, {'trait_type': 'Monitor 1', 'value': 'Trading White'}, {'trait_type': 'Monitor 2', 'value': 'Matrix'}, {'trait_type': 'Monitor 3', 'value': 'Access Granted'}, {'trait_type': 'Mouth', 'value': 'Red Smirk'}, {'trait_type': 'Hoodie', 'value': 'Tech Hacker'}, {'trait_type': 'Favorite Programming Language', 'value': 'C#'}]","{'files': [{'uri': 'https://sld-gengo.s3.amazonaws.com/611.png', 'type': 'image/png'}], 'creators': [{'address': 'D6wZ5U9onMC578mrKMp5PZtfyc5262426qKsYJW7nT3p', 'share': 100}], 'category': 'image'}",1,8qnNiwDxn674mDh29dRekoGEnRS5aDoG2WK524rKWXLr,1,{},"{'moonrank': {'rank': 9436}, 'howrare': {'rank': 9565}}",False,
22,GopoUn82QUg6FfqGCrNBg31pseGeMBxZG7Rz7LbC7Wib,240.69,4G1rkq8eiGTu5f1pi2pCD6y8YCg54K2Z7V2ReEW5wmyK,GRUZBgdF7vHj52bca5wpUBaJ4VtC3v6iyHLyJ5SKE4mD,shadowy_super_coder_dao,Shadowy Super Coder DAO,https://sld-gengo.s3.amazonaws.com/3989.png,Shadowy Super Coder #3989,"""Instead of leaving our financial system at the whims of giant banks, crypto puts the system at the whims of some shadowy, faceless group of super-coders and miners, which doesn’t sound better to me."" - Elizabeth Warren, 2021

To this group of randomly generated Shadowy Super Coders... that sounds a lot better.",image,"[{'address': '71ghWqucipW661X4ht61qvmc3xKQGMBGZxwSDmZrYQmf', 'verified': 1, 'share': 0}, {'address': 'D6wZ5U9onMC578mrKMp5PZtfyc5262426qKsYJW7nT3p', 'verified': 0, 'share': 100}]",500,2gfUAfpBfvCvcAn8qYm8DW7DWN74xDixWXUvEJQR6KGA,"[{'trait_type': 'Background', 'value': 'Green'}, {'trait_type': 'Base Model', 'value': 'Pale'}, {'trait_type': 'Desk', 'value': 'Purple Metal'}, {'trait_type': 'Monitor 1', 'value': 'Interstellar'}, {'trait_type': 'Monitor 2', 'value': 'Solana Valley'}, {'trait_type': 'Monitor 3', 'value': 'Glitch Two'}, {'trait_type': 'Mouth', 'value': 'Pink Smirk'}, {'trait_type': 'Hoodie', 'value': 'Punk Hacker'}, {'trait_type': 'Favorite Programming Language', 'value': 'Swift'}]","{'files': [{'uri': 'https://sld-gengo.s3.amazonaws.com/3989.png', 'type': 'image/png'}], 'creators': [{'address': 'D6wZ5U9onMC578mrKMp5PZtfyc5262426qKsYJW7nT3p', 'share': 100}], 'category': 'image'}",1,8qnNiwDxn674mDh29dRekoGEnRS5aDoG2WK524rKWXLr,1,{},"{'moonrank': {'rank': 536}, 'howrare': {'rank': 499}}",False,
23,4xkX4Q1cjeCsTVgB7q96YHSBd1CCLfSEp2bfZQ9b7SDK,269.69,J7XpLpwuDoafyrHEUC8oSNh3rdX8y66arViigVxHUN7o,GpYx6NpBYkddwH7KmHhBho56K5mGghhfRdii2JrtpCDV,shadowy_super_coder_dao,Shadowy Super Coder DAO,https://sld-gengo.s3.amazonaws.com/7851.png,Shadowy Super Coder #7851,"""Instead of leaving our financial system at the whims of giant banks, crypto puts the system at the whims of some shadowy, faceless group of super-coders and miners, which doesn’t sound better to me."" - Elizabeth Warren, 2021

To this group of randomly generated Shadowy Super Coders... that sounds a lot better.",image,"[{'address': '71ghWqucipW661X4ht61qvmc3xKQGMBGZxwSDmZrYQmf', 'verified': 1, 'share': 0}, {'address': 'D6wZ5U9onMC578mrKMp5PZtfyc5262426qKsYJW7nT3p', 'verified': 0, 'share': 100}]",500,7J8DWFKauRSThgfaqxXCkwJsqHck3JnQL9zti9MXyDL1,"[{'trait_type': 'Background', 'value': 'Dark-Red'}, {'trait_type': 'Base Model', 'value': 'Pale'}, {'trait_type': 'Desk', 'value': 'Silver Metal'}, {'trait_type': 'Monitor 1', 'value': 'Scoopshop'}, {'trait_type': 'Monitor 2', 'value': 'Scoopshop'}, {'trait_type': 'Monitor 3', 'value': 'Scoopshop'}, {'trait_type': 'Mouth', 'value': 'Red Smirk'}, {'trait_type': 'Hoodie', 'value': 'Dragon Hacker'}, {'trait_type': 'Favorite Programming Language', 'value': 'Objective-C'}]","{'files': [{'uri': 'https://sld-gengo.s3.amazonaws.com/7851.png', 'type': 'image/png'}], 'creators': [{'address': 'D6wZ5U9onMC578mrKMp5PZtfyc5262426qKsYJW7nT3p', 'share': 100}], 'category': 'image'}",1,8qnNiwDxn674mDh29dRekoGEnRS5aDoG2WK524rKWXLr,1,{},"{'moonrank': {'rank': 13}, 'howrare': {'rank': 33}}",False,"{'auctionHouseKey': 'E8cU1WiRWjanGxmn96ewBgk9vPTcL6AEZ1t6F6fkgUWe', 'sellerReferral': 'autMW8SgBkVYeBgqYiTuJZnkvDZMVU2MHJh9Jh7CSQ2', 'expiry': -1}"
24,H8h97Y12fXB9CyZDJKvDSr9Ws1ysN8D4FoowG1vbbWSK,420.69,2zuutqfQxUJLgMnxUD3Yc1CVnGUuJR6cnNnmgCXnSZT1,CT2V6UVwygRnimd83H9nxBgXfF9iLLAAmGpacE3ftrKe,shadowy_super_coder_dao,Shadowy Super Coder DAO,https://sld-gengo.s3.amazonaws.com/7953.png,Shadowy Super Coder #7953,"""Instead of leaving our financial system at the whims of giant banks, crypto puts the system at the whims of some shadowy, faceless group of super-coders and miners, which doesn’t sound better to me."" - Elizabeth Warren, 2021

To this group of randomly generated Shadowy Super Coders... that sounds a lot better.",image,"[{'address': '71ghWqucipW661X4ht61qvmc3xKQGMBGZxwSDmZrYQmf', 'verified': 1, 'share': 0}, {'address': 'D6wZ5U9onMC578mrKMp5PZtfyc5262426qKsYJW7nT3p', 'verified': 0, 'share': 100}]",500,6bZ1S8XnzbuqxDjrTryvUnS1GJH8Waiy7vCgbPySmbWL,"[{'trait_type': 'Background', 'value': 'Noire'}, {'trait_type': 'Base Model', 'value': 'Pale'}, {'trait_type': 'Desk', 'value': 'Bronze Metal'}, {'trait_type': 'Monitor 1', 'value': 'Solflare'}, {'trait_type': 'Monitor 2', 'value': 'Linux'}, {'trait_type': 'Monitor 3', 'value': 'Steven'}, {'trait_type': 'Mouth', 'value': 'Red Smile'}, {'trait_type': 'Hoodie', 'value': 'Shadowy Hacker'}, {'trait_type': 'Favorite Programming Language', 'value': 'Objective-C'}]","{'files': [{'uri': 'https://sld-gengo.s3.amazonaws.com/7953.png', 'type': 'image/png'}], 'creators': [{'address': 'D6wZ5U9onMC578mrKMp5PZtfyc5262426qKsYJW7nT3p', 'share': 100}], 'category': 'image'}",1,8qnNiwDxn674mDh29dRekoGEnRS5aDoG2WK524rKWXLr,1,{},"{'moonrank': {'rank': 220}, 'howrare': {'rank': 100}}",False,
25,FzkZewqv6T4cj2DxZuJQgmdbiU4e7zcdPMG2FsgCyNqB,420.69,6MnLCy4yUUGvVGo7goHywAHwzRVDg6PEcisPcyMv5Lza,CT2V6UVwygRnimd83H9nxBgXfF9iLLAAmGpacE3ftrKe,shadowy_super_coder_dao,Shadowy Super Coder DAO,https://sld-gengo.s3.amazonaws.com/3775.png,Shadowy Super Coder #3775,"""Instead of leaving our financial system at the whims of giant banks, crypto puts the system at the whims of some shadowy, faceless group of super-coders and miners, which doesn’t sound better to me."" - Elizabeth Warren, 2021

To this group of randomly generated Shadowy Super Coders... that sounds a lot better.",image,"[{'address': '71ghWqucipW661X4ht61qvmc3xKQGMBGZxwSDmZrYQmf', 'verified': 1, 'share': 0}, {'address': 'D6wZ5U9onMC578mrKMp5PZtfyc5262426qKsYJW7nT3p', 'verified': 0, 'share': 100}]",500,DPTc6HJchcX3DJvb1rPLs5X2CVmhJQh1ao3qXvbNSibt,"[{'trait_type': 'Background', 'value': 'Green'}, {'trait_type': 'Base Model', 'value': 'Chestnut'}, {'trait_type': 'Desk', 'value': 'Purple Metal'}, {'trait_type': 'Monitor 1', 'value': 'Thugbirdz DAO'}, {'trait_type': 'Monitor 2', 'value': 'Hacked'}, {'trait_type': 'Monitor 3', 'value': 'Access Granted'}, {'trait_type': 'Mouth', 'value': 'Purple Smile'}, {'trait_type': 'Hoodie', 'value': 'Shark Hacker'}, {'trait_type': 'Favorite Programming Language', 'value': 'Fortran'}]","{'files': [{'uri': 'https://sld-gengo.s3.amazonaws.com/3775.png', 'type': 'image/png'}], 'creators': [{'address': 'D6wZ5U9onMC578mrKMp5PZtfyc5262426qKsYJW7nT3p', 'share': 100}], 'category': 'image'}",1,8qnNiwDxn674mDh29dRekoGEnRS5aDoG2WK524rKWXLr,1,{},"{'moonrank': {'rank': 1753}, 'howrare': {'rank': 918}}",False,
26,Ev2sNibbSyCwnnMhMtCuPMYSvbDJAx71q6XXvtmGnVkH,555.0,EofXDEgDWbFtVpkTmWQJuk8b2pvQSjrUfet7vweAk3QS,CpKffy57hqeXUFP6VAVArPpzontjYURg6T3Udhfibeq,shadowy_super_coder_dao,Shadowy Super Coder DAO,https://sld-gengo.s3.amazonaws.com/3682.png,Shadowy Super Coder #3682,"""Instead of leaving our financial system at the whims of giant banks, crypto puts the system at the whims of some shadowy, faceless group of super-coders and miners, which doesn’t sound better to me."" - Elizabeth Warren, 2021

To this group of randomly generated Shadowy Super Coders... that sounds a lot better.",image,"[{'address': '71ghWqucipW661X4ht61qvmc3xKQGMBGZxwSDmZrYQmf', 'verified': 1, 'share': 0}, {'address': 'D6wZ5U9onMC578mrKMp5PZtfyc5262426qKsYJW7nT3p', 'verified': 0, 'share': 100}]",500,7dDnu7pAKNZDpU7GNUMrzKX5ZMyKkhTDB5FTfF9Jxj1y,"[{'trait_type': 'Background', 'value': 'Magenta'}, {'trait_type': 'Base Model', 'value': 'Chestnut'}, {'trait_type': 'Desk', 'value': 'Bronze Metal'}, {'trait_type': 'Monitor 1', 'value': 'Surveillance Blue'}, {'trait_type': 'Monitor 2', 'value': 'Hacked'}, {'trait_type': 'Monitor 3', 'value': 'Linux'}, {'trait_type': 'Mouth', 'value': 'Purple Smile'}, {'trait_type': 'Hoodie', 'value': 'Shark Hacker'}, {'trait_type': 'Favorite Programming Language', 'value': 'C++'}]","{'files': [{'uri': 'https://sld-gengo.s3.amazonaws.com/3682.png', 'type': 'image/png'}], 'creators': [{'address': 'D6wZ5U9onMC578mrKMp5PZtfyc5262426qKsYJW7nT3p', 'share': 100}], 'category': 'image'}",1,8qnNiwDxn674mDh29dRekoGEnRS5aDoG2WK524rKWXLr,1,{},"{'moonrank': {'rank': 8148}, 'howrare': {'rank': 7763}}",False,
27,94untfJ3C1RX94Nc2HdjMZRjZwBw196f2WTwwZzwBsqj,999.0,HwzvHkz4rD1turE1DZ63q55rbdqvVy8Nhr9y3ve6SbqK,2cFLgRG77RyKxQMCaBtkyuJgbYrEt1PAxVgQFj1Nvmyp,shadowy_super_coder_dao,Shadowy Super Coder DAO,https://sld-gengo.s3.amazonaws.com/5647.png,Shadowy Super Coder #5647,"""Instead of leaving our financial system at the whims of giant banks, crypto puts the system at the whims of some shadowy, faceless group of super-coders and miners, which doesn’t sound better to me."" - Elizabeth Warren, 2021

To this group of randomly generated Shadowy Super Coders... that sounds a lot better.",image,"[{'address': '71ghWqucipW661X4ht61qvmc3xKQGMBGZxwSDmZrYQmf', 'verified': 1, 'share': 0}, {'address': 'D6wZ5U9onMC578mrKMp5PZtfyc5262426qKsYJW7nT3p', 'verified': 0, 'share': 100}]",500,Nif9eC28hykZMm1TKFAaG3fahdMT66yge7oPL2G632h,"[{'trait_type': 'Background', 'value': 'Gold'}, {'trait_type': 'Base Model', 'value': 'Natural'}, {'trait_type': 'Desk', 'value': 'Purple Metal'}, {'trait_type': 'Monitor 1', 'value': 'Steven'}, {'trait_type': 'Monitor 2', 'value': 'Access Granted'}, {'trait_type': 'Monitor 3', 'value': 'Glitch Two'}, {'trait_type': 'Mouth', 'value': 'Pink Smile'}, {'trait_type': 'Hoodie', 'value': 'Unmasked Squid Game Hacker'}, {'trait_type': 'Favorite Programming Language', 'value': 'R'}]","{'files': [{'uri': 'https://sld-gengo.s3.amazonaws.com/5647.png', 'type': 'image/png'}], 'creators': [{'address': 'D6wZ5U9onMC578mrKMp5PZtfyc5262426qKsYJW7nT3p', 'share': 100}], 'category': 'image'}",1,8qnNiwDxn674mDh29dRekoGEnRS5aDoG2WK524rKWXLr,1,{},"{'moonrank': {'rank': 2146}, 'howrare': {'rank': 2210}}",False,
28,6maSgqnEEHmTe5JYChLypuTuFh4uep8rYiJVvqkudDCi,1380.84,3a5eUuin1unUWw6iBFrBJ4QwJR77t5b7GLxSevKPAAki,CZFmkBzFk3XWk3zPEuEBoPqpPe6zBUGTVxH6KC8iMXGU,shadowy_super_coder_dao,Shadowy Super Coder DAO,https://sld-gengo.s3.amazonaws.com/1535.png,Shadowy Super Coder #1535,"""Instead of leaving our financial system at the whims of giant banks, crypto puts the system at the whims of some shadowy, faceless group of super-coders and miners, which doesn’t sound better to me."" - Elizabeth Warren, 2021

To this group of randomly generated Shadowy Super Coders... that sounds a lot better.",image,"[{'address': '71ghWqucipW661X4ht61qvmc3xKQGMBGZxwSDmZrYQmf', 'verified': 1, 'share': 0}, {'address': 'D6wZ5U9onMC578mrKMp5PZtfyc5262426qKsYJW7nT3p', 'verified': 0, 'share': 100}]",500,3f2ftGY3UEzyDJcVHaE2wjefUtPueJcF5Ap7vd3KuBA6,"[{'trait_type': 'Background', 'value': 'Pink'}, {'trait_type': 'Base Model', 'value': 'Natural'}, {'trait_type': 'Desk', 'value': 'Bronze Metal'}, {'trait_type': 'Monitor 1', 'value': 'Barret'}, {'trait_type': 'Monitor 2', 'value': 'Barret'}, {'trait_type': 'Monitor 3', 'value': 'Barret'}, {'trait_type': 'Mouth', 'value': 'Purple Smirk'}, {'trait_type': 'Hoodie', 'value': 'Shark Hacker'}, {'trait_type': 'Favorite Programming Language', 'value': 'Python'}]","{'files': [{'uri': 'https://sld-gengo.s3.amazonaws.com/1535.png', 'type': 'image/png'}], 'creators': [{'address': 'D6wZ5U9onMC578mrKMp5PZtfyc5262426qKsYJW7nT3p', 'share': 100}], 'category': 'image'}",1,8qnNiwDxn674mDh29dRekoGEnRS5aDoG2WK524rKWXLr,1,{},"{'moonrank': {'rank': 1}, 'howrare': {'rank': 1}}",False,
