,id,price,escrowPubkey,owner,collectionName,collectionTitle,img,title,content,propertyCategory,creators,sellerFeeBasisPoints,mintAddress,attributes,properties,supply,updateAuthority,primarySaleHappened,onChainCollection,rarity,tokenDelegateValid,v2
0,4okdpDZopuHCts7NPodKsgDjksy14nuwU26xUQsGe3py,3.99,96hRVXUKp5oCDpfKUxVNNAFRmvQgHJAu9deyDPdnJYuT,FsJnsmqayRoRUBsBeCctcgyJ3mvTiH5BEN8m8p8jHpWL,spp,Solana Puppy Pound,https://www.arweave.net/rirvKvjmAWZfpVAeV0tcrxj8o8w0Wf7e462gM1sNQcg?ext=png,Solana Puppy Pound #9087,Solana Puppy Pound #9087,image,"[{'address': '8MTFWsHBBRuWyHGFp29mUpWN5qTxgpCZZAzfju5Ka4WP', 'verified': 1, 'share': 0}, {'address': 'BfGUDyY1Fwd2AypgnuiuwRcvN1QMgGGCyF9yTZWx1DVm', 'verified': 0, 'share': 100}]",800,92EqTFEBTEtxY7KeS276pxxxgKzkaPAHs9Ngr5bsrerr,"[{'trait_type': 'Background', 'value': 'Orange'}, {'trait_type': 'Shiba Body', 'value': 'Brown'}, {'trait_type': 'Shiba Dress', 'value': 'Skull'}, {'trait_type': 'Shiba Eyes', 'value': 'Innocent'}, {'trait_type': 'Shiba Glasses', 'value': 'None'}, {'trait_type': 'Shiba Mouth', 'value': 'Saliva'}, {'trait_type': 'Shiba Earring', 'value': 'Quadruple'}, {'trait_type': 'Shiba HairAndHat', 'value': 'Covboy'}]","{'files': [{'uri': 'https://www.arweave.net/rirvKvjmAWZfpVAeV0tcrxj8o8w0Wf7e462gM1sNQcg?ext=png', 'type': 'image/png'}], 'category': 'image', 'creators': [{'address': 'BfGUDyY1Fwd2AypgnuiuwRcvN1QMgGGCyF9yTZWx1DVm', 'share': 100}]}",1,BfGUDyY1Fwd2AypgnuiuwRcvN1QMgGGCyF9yTZWx1DVm,1,{},{},False,"{'auctionHouseKey': 'E8cU1WiRWjanGxmn96ewBgk9vPTcL6AEZ1t6F6fkgUWe', 'sellerReferral': 'autMW8SgBkVYeBgqYiTuJZnkvDZMVU2MHJh9Jh7CSQ2', 'expiry': -1}"
1,G27W51epD9hv4TiWdzGn8nbkVcwoMmv9usowT7tSLoGB,4.0,iRJGFDhogSzE5xoSsmtmYRwP5PvJvDCEBxCUEwtJFfo,HwqnjJeCFpBNhUwTE18qmd5D8oAFxLubmPfzK3BwWkSG,spp,Solana Puppy Pound,https://www.arweave.net/FaXsbNjoKDbgHEWixFN8dPMMjf75QdNSI8OIELYiScA?ext=png,Solana Puppy Pound #7151,Solana Puppy Pound #7151,image,"[{'address': '8MTFWsHBBRuWyHGFp29mUpWN5qTxgpCZZAzfju5Ka4WP', 'verified': 1, 'share': 0}, {'address': 'BfGUDyY1Fwd2AypgnuiuwRcvN1QMgGGCyF9yTZWx1DVm', 'verified': 0, 'share': 100}]",800,BAZbzD8qiZ4RgXHHBMGfSDfoawowQEPALJTJMHfyJugp,"[{'trait_type': 'Background', 'value': 'Gray'}, {'trait_type': 'Shiba Body', 'value': 'Rainbow'}, {'trait_type': 'Shiba Dress', 'value': 'Skull'}, {'trait_type': 'Shiba Eyes', 'value': 'Tearful'}, {'trait_type': 'Shiba Glasses', 'value': 'Monocle'}, {'trait_type': 'Shiba Mouth', 'value': 'UpTongue'}, {'trait_type': 'Shiba Earring', 'value': 'TribleGold'}, {'trait_type': 'Shiba HairAndHat', 'value': 'TopRankPink'}]","{'files': [{'uri': 'https://www.arweave.net/FaXsbNjoKDbgHEWixFN8dPMMjf75QdNSI8OIELYiScA?ext=png', 'type': 'image/png'}], 'category': 'image', 'creators': [{'address': 'BfGUDyY1Fwd2AypgnuiuwRcvN1QMgGGCyF9yTZWx1DVm', 'share': 100}]}",1,BfGUDyY1Fwd2AypgnuiuwRcvN1QMgGGCyF9yTZWx1DVm,1,{},{},False,"{'auctionHouseKey': 'E8cU1WiRWjanGxmn96ewBgk9vPTcL6AEZ1t6F6fkgUWe', 'sellerReferral': 'autMW8SgBkVYeBgqYiTuJZnkvDZMVU2MHJh9Jh7CSQ2', 'expiry': -1}"
2,HxdS5kA2VjBxMzEgD8BCzCqJJYLp3xjrWSNYRs3m5zGA,4.0,GHGvPMU7GGrHjMQ1ZjihBSyG9pzAhUZiPTfK42SrpLck,4fdLd84xUSZjqEubQKw5EGdA7CgZXLyWfpJf3bSGVC62,spp,Solana Puppy Pound,https://www.arweave.net/EJ-IdYNnD-H5ooKlXDYC21T7Tu_bA0iIP3F7SrGN-s4?ext=png,Solana Puppy Pound #1262,Solana Puppy Pound #1262,image,"[{'address': '8MTFWsHBBRuWyHGFp29mUpWN5qTxgpCZZAzfju5Ka4WP', 'verified': 1, 'share': 0}, {'address': 'BfGUDyY1Fwd2AypgnuiuwRcvN1QMgGGCyF9yTZWx1DVm', 'verified': 0, 'share': 100}]",800,AQKpHmJTGAQAasGnH726gJbtFooCPAk5hZ1f6x79BbEA,"[{'trait_type': 'Background', 'value': 'Yellow'}, {'trait_type': 'Frenchie Body', 'value': 'Yellow'}, {'trait_type': 'Frenchie Dress', 'value': 'AquaPurpleScarf'}, {'trait_type': 'Frenchie Eyes', 'value': 'Tearful'}, {'trait_type': 'Frenchie Glasses', 'value': 'GreenRobotic'}, {'trait_type': 'Frenchie Mouth', 'value': 'Cigar'}, {'trait_type': 'Frenchie Earring', 'value': 'Wrap'}, {'trait_type': 'Frenchie HairAndHat', 'value': 'GreenClover'}]","{'files': [{'uri': 'https://www.arweave.net/EJ-IdYNnD-H5ooKlXDYC21T7Tu_bA0iIP3F7SrGN-s4?ext=png', 'type': 'image/png'}], 'category': 'image', 'creators': [{'address': 'BfGUDyY1Fwd2AypgnuiuwRcvN1QMgGGCyF9yTZWx1DVm', 'share': 100}]}",1,BfGUDyY1Fwd2AypgnuiuwRcvN1QMgGGCyF9yTZWx1DVm,1,{},{},False,"{'auctionHouseKey': 'E8cU1WiRWjanGxmn96ewBgk9vPTcL6AEZ1t6F6fkgUWe', 'sellerReferral': 'autMW8SgBkVYeBgqYiTuJZnkvDZMVU2MHJh9Jh7CSQ2', 'expiry': -1}"
3,9gMZka1M1CwLnsugbmG6m6Cw4WhsAk5BW7UDUXJSKMr6,4.0,LvKWgUxGpjWatsWLRGDKC2LZ1GJYUx38PPwW4QFDsYG,4fdLd84xUSZjqEubQKw5EGdA7CgZXLyWfpJf3bSGVC62,spp,Solana Puppy Pound,https://www.arweave.net/kpsEIQ8mWieTSoTmRABGpr8BO87ezplFPXO-Vx6_7mU?ext=png,Solana Puppy Pound #2255,Solana Puppy Pound #2255,image,"[{'address': '8MTFWsHBBRuWyHGFp29mUpWN5qTxgpCZZAzfju5Ka4WP', 'verified': 1, 'share': 0}, {'address': 'BfGUDyY1Fwd2AypgnuiuwRcvN1QMgGGCyF9yTZWx1DVm', 'verified': 0, 'share': 100}]",800,3aZN4QcTZTB3e6jF8NPvcHymFvhbwjwQmCxhqq8YSkBz,"[{'trait_type': 'Background', 'value': 'Gray'}, {'trait_type': 'Frenchie Body', 'value': 'Coffee'}, {'trait_type': 'Frenchie Dress', 'value': 'RedWing'}, {'trait_type': 'Frenchie Eyes', 'value': 'Sad'}, {'trait_type': 'Frenchie Glasses', 'value': 'CoolAqua'}, {'trait_type': 'Frenchie Mouth', 'value': 'Closed'}, {'trait_type': 'Frenchie Earring', 'value': 'DoubleGold'}, {'trait_type': 'Frenchie HairAndHat', 'value': 'GreenBeret'}]","{'files': [{'uri': 'https://www.arweave.net/kpsEIQ8mWieTSoTmRABGpr8BO87ezplFPXO-Vx6_7mU?ext=png', 'type': 'image/png'}], 'category': 'image', 'creators': [{'address': 'BfGUDyY1Fwd2AypgnuiuwRcvN1QMgGGCyF9yTZWx1DVm', 'share': 100}]}",1,BfGUDyY1Fwd2AypgnuiuwRcvN1QMgGGCyF9yTZWx1DVm,1,{},{},False,"{'auctionHouseKey': 'E8cU1WiRWjanGxmn96ewBgk9vPTcL6AEZ1t6F6fkgUWe', 'sellerReferral': 'autMW8SgBkVYeBgqYiTuJZnkvDZMVU2MHJh9Jh7CSQ2', 'expiry': -1}"
4,DFQCFtLyF81N12Kcb7bswXrqtzYGzpu39KssdwsZWak2,4.0,XFZyYgzrVx6L9Vm2e1mvnd23fNNkFxFteNeb4hTVfNW,4fdLd84xUSZjqEubQKw5EGdA7CgZXLyWfpJf3bSGVC62,spp,Solana Puppy Pound,https://www.arweave.net/PBRhqaTH1UW8AfyeqQFpmBu5FL-oN8Nycm1QgEzAw-o?ext=png,Solana Puppy Pound #7694,Solana Puppy Pound #7694,image,"[{'address': '8MTFWsHBBRuWyHGFp29mUpWN5qTxgpCZZAzfju5Ka4WP', 'verified': 1, 'share': 0}, {'address': 'BfGUDyY1Fwd2AypgnuiuwRcvN1QMgGGCyF9yTZWx1DVm', 'verified': 0, 'share': 100}]",800,H1z6icDb5wxMBGGnEHU52M47RT9ywxzsDH4ctbtrGSKR,"[{'trait_type': 'Background', 'value': 'Green'}, {'trait_type': 'Frenchie Body', 'value': 'Blue'}, {'trait_type': 'Frenchie Dress', 'value': 'GreenShush'}, {'trait_type': 'Frenchie Eyes', 'value': 'Sad'}, {'trait_type': 'Frenchie Glasses', 'value': 'CoolGold'}, {'trait_type': 'Frenchie Mouth', 'value': 'Bone'}, {'trait_type': 'Frenchie Earring', 'value': 'DoubleGold'}, {'trait_type': 'Frenchie HairAndHat', 'value': 'Yellow'}]","{'files': [{'uri': 'https://www.arweave.net/PBRhqaTH1UW8AfyeqQFpmBu5FL-oN8Nycm1QgEzAw-o?ext=png', 'type': 'image/png'}], 'category': 'image', 'creators': [{'address': 'BfGUDyY1Fwd2AypgnuiuwRcvN1QMgGGCyF9yTZWx1DVm', 'share': 100}]}",1,BfGUDyY1Fwd2AypgnuiuwRcvN1QMgGGCyF9yTZWx1DVm,1,{},{},False,"{'auctionHouseKey': 'E8cU1WiRWjanGxmn96ewBgk9vPTcL6AEZ1t6F6fkgUWe', 'sellerReferral': 'autMW8SgBkVYeBgqYiTuJZnkvDZMVU2MHJh9Jh7CSQ2', 'expiry': -1}"
5,ndpeX6x4XwpxPcYLhaKe1FNJGKfU81sAmQ9JpxN53nu,4.0,71T1AZRACKUBG4yu6viZrQnaYiHfQJ38YHf9CL2j4zoA,GjDKswRWLPQ6XsgSo9Yj6CpUuJYoJt49sFynn98rtcQ1,spp,Solana Puppy Pound,https://www.arweave.net/YfmfMQraJFOg0dXBj-EISsD4On2xECC6JZYK6NzEexg?ext=png,Solana Puppy Pound #7822,Solana Puppy Pound #7822,image,"[{'address': '8MTFWsHBBRuWyHGFp29mUpWN5qTxgpCZZAzfju5Ka4WP', 'verified': 1, 'share': 0}, {'address': 'BfGUDyY1Fwd2AypgnuiuwRcvN1QMgGGCyF9yTZWx1DVm', 'verified': 0, 'share': 100}]",800,78SwnLgHBjjYNYGre7cuVoghe4ZDgSw1mrcSQnsA9UwH,"[{'trait_type': 'Background', 'value': 'Yellow'}, {'trait_type': 'Frenchie Body', 'value': 'DarkBrown'}, {'trait_type': 'Frenchie Dress', 'value': 'RedWing'}, {'trait_type': 'Frenchie Eyes', 'value': 'Innocent'}, {'trait_type': 'Frenchie Glasses', 'value': 'CoolAqua'}, {'trait_type': 'Frenchie Mouth', 'value': 'Bone'}, {'trait_type': 'Frenchie Earring', 'value': 'Clover'}, {'trait_type': 'Frenchie HairAndHat', 'value': 'Hamburger'}]","{'files': [{'uri': 'https://www.arweave.net/YfmfMQraJFOg0dXBj-EISsD4On2xECC6JZYK6NzEexg?ext=png', 'type': 'image/png'}], 'category': 'image', 'creators': [{'address': 'BfGUDyY1Fwd2AypgnuiuwRcvN1QMgGGCyF9yTZWx1DVm', 'share': 100}]}",1,BfGUDyY1Fwd2AypgnuiuwRcvN1QMgGGCyF9yTZWx1DVm,1,{},{},False,"{'auctionHouseKey': 'E8cU1WiRWjanGxmn96ewBgk9vPTcL6AEZ1t6F6fkgUWe', 'sellerReferral': 'autMW8SgBkVYeBgqYiTuJZnkvDZMVU2MHJh9Jh7CSQ2', 'expiry': -1}"
6,6HaoCWEnhctpNfDux7NC4ezCKdf17w4Svq6um5C2XNUH,4.0,BoCRhj174N9dpjbrWBPq47H4iWLoMjDPzGpEZE8sRZXZ,7KhfJNsHhNVBa9BqPe8pnHGNujuZck9gxkQEjVnUYvwA,spp,Solana Puppy Pound,https://www.arweave.net/aKPpJqIbF8AsdHGvu9_x2jZOtdSF-KRuMby9rWYkVJU?ext=png,Solana Puppy Pound #6621,Solana Puppy Pound #6621,image,"[{'address': '8MTFWsHBBRuWyHGFp29mUpWN5qTxgpCZZAzfju5Ka4WP', 'verified': 1, 'share': 0}, {'address': 'BfGUDyY1Fwd2AypgnuiuwRcvN1QMgGGCyF9yTZWx1DVm', 'verified': 0, 'share': 100}]",800,Ni8REFnoY1SV9kjVVR7P2EXMM84PAmHoUU8Be2dwdVK,"[{'trait_type': 'Background', 'value': 'Orange'}, {'trait_type': 'Shiba Body', 'value': 'Gray'}, {'trait_type': 'Shiba Dress', 'value': 'BrownCollar'}, {'trait_type': 'Shiba Eyes', 'value': 'Innocent'}, {'trait_type': 'Shiba Glasses', 'value': 'Monocle'}, {'trait_type': 'Shiba Mouth', 'value': 'DownTongue'}, {'trait_type': 'Shiba Earring', 'value': 'Gold'}, {'trait_type': 'Shiba HairAndHat', 'value': 'FlowerHat'}]","{'files': [{'uri': 'https://www.arweave.net/aKPpJqIbF8AsdHGvu9_x2jZOtdSF-KRuMby9rWYkVJU?ext=png', 'type': 'image/png'}], 'category': 'image', 'creators': [{'address': 'BfGUDyY1Fwd2AypgnuiuwRcvN1QMgGGCyF9yTZWx1DVm', 'share': 100}]}",1,BfGUDyY1Fwd2AypgnuiuwRcvN1QMgGGCyF9yTZWx1DVm,1,{},{},False,"{'auctionHouseKey': 'E8cU1WiRWjanGxmn96ewBgk9vPTcL6AEZ1t6F6fkgUWe', 'sellerReferral': 'autMW8SgBkVYeBgqYiTuJZnkvDZMVU2MHJh9Jh7CSQ2', 'expiry': -1}"
7,E6SxfAEomDXB7RPJJBUu7YUWAdZtAwZeZhqSgATZFfMH,4.0,BpefPg6GMag4Lytzgpfrt6PdVXdyd2aown6H6zfh8X7h,7KhfJNsHhNVBa9BqPe8pnHGNujuZck9gxkQEjVnUYvwA,spp,Solana Puppy Pound,https://www.arweave.net/M-ZFO4NKtSTiWgwBd9BfpHqQ9o7Hyv7w-TU_x9m4rr0?ext=png,Solana Puppy Pound #4878,Solana Puppy Pound #4878,image,"[{'address': '8MTFWsHBBRuWyHGFp29mUpWN5qTxgpCZZAzfju5Ka4WP', 'verified': 1, 'share': 0}, {'address': 'BfGUDyY1Fwd2AypgnuiuwRcvN1QMgGGCyF9yTZWx1DVm', 'verified': 0, 'share': 100}]",800,BVUghQnB9iejqNiQHPN9FxqicQJSv71F9AznJmK3CSzU,"[{'trait_type': 'Background', 'value': 'Yellow'}, {'trait_type': 'Shiba Body', 'value': 'GoldLine'}, {'trait_type': 'Shiba Dress', 'value': 'Heart'}, {'trait_type': 'Shiba Eyes', 'value': 'choked'}, {'trait_type': 'Shiba Glasses', 'value': 'Classic'}, {'trait_type': 'Shiba Mouth', 'value': 'Pizza'}, {'trait_type': 'Shiba Earring', 'value': 'None'}, {'trait_type': 'Shiba HairAndHat', 'value': 'FlowerHatYellow'}]","{'files': [{'uri': 'https://www.arweave.net/M-ZFO4NKtSTiWgwBd9BfpHqQ9o7Hyv7w-TU_x9m4rr0?ext=png', 'type': 'image/png'}], 'category': 'image', 'creators': [{'address': 'BfGUDyY1Fwd2AypgnuiuwRcvN1QMgGGCyF9yTZWx1DVm', 'share': 100}]}",1,BfGUDyY1Fwd2AypgnuiuwRcvN1QMgGGCyF9yTZWx1DVm,1,{},{},False,"{'auctionHouseKey': 'E8cU1WiRWjanGxmn96ewBgk9vPTcL6AEZ1t6F6fkgUWe', 'sellerReferral': 'autMW8SgBkVYeBgqYiTuJZnkvDZMVU2MHJh9Jh7CSQ2', 'expiry': -1}"
8,DFHNxeJx9vUehyiqUjfofvcoxPBHTPVaJdaZXNPr84P3,4.0,4GY13s6pHvDWuzU6MYMEa9QND5Z9kudR9TfXn9JvNVE3,GgCN4Hp6MJdHjfR1AFFrRAqXDYFC84RGn7jw2XejKRdx,spp,Solana Puppy Pound,https://www.arweave.net/NaEN7SHPqTlBQ7tFz4N-w9hZPNf_mXS4a29FjHWBLfk?ext=png,Solana Puppy Pound #3416,Solana Puppy Pound #3416,image,"[{'address': '8MTFWsHBBRuWyHGFp29mUpWN5qTxgpCZZAzfju5Ka4WP', 'verified': 1, 'share': 0}, {'address': 'BfGUDyY1Fwd2AypgnuiuwRcvN1QMgGGCyF9yTZWx1DVm', 'verified': 0, 'share': 100}]",800,BfkDZ4h4gtDN2GAXAJqVBsi6Q7JynLuYxckKCJT5kJcZ,"[{'trait_type': 'Background', 'value': 'Green'}, {'trait_type': 'Shiba Body', 'value': 'Yellow'}, {'trait_type': 'Shiba Dress', 'value': 'BrownCollar'}, {'trait_type': 'Shiba Eyes', 'value': 'OX'}, {'trait_type': 'Shiba Glasses', 'value': 'Green'}, {'trait_type': 'Shiba Mouth', 'value': 'ClosedMouth'}, {'trait_type': 'Shiba Earring', 'value': 'None'}, {'trait_type': 'Shiba HairAndHat', 'value': 'FiremanRed'}]","{'files': [{'uri': 'https://www.arweave.net/NaEN7SHPqTlBQ7tFz4N-w9hZPNf_mXS4a29FjHWBLfk?ext=png', 'type': 'image/png'}], 'category': 'image', 'creators': [{'address': 'BfGUDyY1Fwd2AypgnuiuwRcvN1QMgGGCyF9yTZWx1DVm', 'share': 100}]}",1,BfGUDyY1Fwd2AypgnuiuwRcvN1QMgGGCyF9yTZWx1DVm,1,{},{},False,"{'auctionHouseKey': 'E8cU1WiRWjanGxmn96ewBgk9vPTcL6AEZ1t6F6fkgUWe', 'sellerReferral': 'autMW8SgBkVYeBgqYiTuJZnkvDZMVU2MHJh9Jh7CSQ2', 'expiry': -1}"
9,2jHnCEKfRBXU2gxuxrrK8zy9LWyW4iu1feYisTNViNzo,4.0,5QX1DTTwsQhEJMApVEuGdsEsm2RYXcQDYveF1SqAsX3r,7KhfJNsHhNVBa9BqPe8pnHGNujuZck9gxkQEjVnUYvwA,spp,Solana Puppy Pound,https://www.arweave.net/lMjhoxWbOYLyT_-4PaakDOip9O3WkbxIRvbv2oexNoU?ext=png,Solana Puppy Pound #2892,Solana Puppy Pound #2892,image,"[{'address': '8MTFWsHBBRuWyHGFp29mUpWN5qTxgpCZZAzfju5Ka4WP', 'verified': 1, 'share': 0}, {'address': 'BfGUDyY1Fwd2AypgnuiuwRcvN1QMgGGCyF9yTZWx1DVm', 'verified': 0, 'share': 100}]",800,34qkrrGN7dF6Q9RXS7vQuYZZkQUk6CeoQUBegnYYAV39,"[{'trait_type': 'Background', 'value': 'Aqua'}, {'trait_type': 'Frenchie Body', 'value': 'Black'}, {'trait_type': 'Frenchie Dress', 'value': 'GoldScarf'}, {'trait_type': 'Frenchie Eyes', 'value': 'Sad'}, {'trait_type': 'Frenchie Glasses', 'value': 'GreenRobotic'}, {'trait_type': 'Frenchie Mouth', 'value': 'Cigar'}, {'trait_type': 'Frenchie Earring', 'value': 'Thorn'}, {'trait_type': 'Frenchie HairAndHat', 'value': 'GreenBeret'}]","{'files': [{'uri': 'https://www.arweave.net/lMjhoxWbOYLyT_-4PaakDOip9O3WkbxIRvbv2oexNoU?ext=png', 'type': 'image/png'}], 'category': 'image', 'creators': [{'address': 'BfGUDyY1Fwd2AypgnuiuwRcvN1QMgGGCyF9yTZWx1DVm', 'share': 100}]}",1,BfGUDyY1Fwd2AypgnuiuwRcvN1QMgGGCyF9yTZWx1DVm,1,{},{},False,"{'auctionHouseKey': 'E8cU1WiRWjanGxmn96ewBgk9vPTcL6AEZ1t6F6fkgUWe', 'sellerReferral': 'autMW8SgBkVYeBgqYiTuJZnkvDZMVU2MHJh9Jh7CSQ2', 'expiry': -1}"
10,B1LD2AH9cmQ5Fn6Yotw7hTApHG3kqHtWHTSi5gvpD33f,4.0,ECwbJeS95152s7reEdmVGkuh3wpggDcQnbrNWi1f5qx,2Q6piVfYkCZiSnxJiqh3a31k4LE2QDTg78o5yfWP1MyN,spp,Solana Puppy Pound,https://www.arweave.net/mQe2TqA2aFc1PWsnLbeTv8fko3jRrlTxyrjc6HbJzrg?ext=png,Solana Puppy Pound #1104,Solana Puppy Pound #1104,image,"[{'address': '8MTFWsHBBRuWyHGFp29mUpWN5qTxgpCZZAzfju5Ka4WP', 'verified': 1, 'share': 0}, {'address': 'BfGUDyY1Fwd2AypgnuiuwRcvN1QMgGGCyF9yTZWx1DVm', 'verified': 0, 'share': 100}]",800,4b5Af1nj63iari3AjYug2HWGnQmBQ8tGHqBLCWkj8DnF,"[{'trait_type': 'Background', 'value': 'Gray'}, {'trait_type': 'Shiba Body', 'value': 'Coffee'}, {'trait_type': 'Shiba Dress', 'value': 'Pink'}, {'trait_type': 'Shiba Eyes', 'value': 'Innocent'}, {'trait_type': 'Shiba Glasses', 'value': 'Circular'}, {'trait_type': 'Shiba Mouth', 'value': 'ClosedMouth'}, {'trait_type': 'Shiba Earring', 'value': 'TribleGold'}, {'trait_type': 'Shiba HairAndHat', 'value': 'ClassicBrown'}]","{'files': [{'uri': 'https://www.arweave.net/mQe2TqA2aFc1PWsnLbeTv8fko3jRrlTxyrjc6HbJzrg?ext=png', 'type': 'image/png'}], 'category': 'image', 'creators': [{'address': 'BfGUDyY1Fwd2AypgnuiuwRcvN1QMgGGCyF9yTZWx1DVm', 'share': 100}]}",1,BfGUDyY1Fwd2AypgnuiuwRcvN1QMgGGCyF9yTZWx1DVm,1,{},{},False,"{'auctionHouseKey': 'E8cU1WiRWjanGxmn96ewBgk9vPTcL6AEZ1t6F6fkgUWe', 'sellerReferral': 'autMW8SgBkVYeBgqYiTuJZnkvDZMVU2MHJh9Jh7CSQ2', 'expiry': -1}"
11,3tNgnEceeAsvDuyGzzkaxNKveCcU2JP2wVvXsDBVP6Kf,4.0,DDubD4WMpn9cA9X17VdeoSUahHkF3KDRuHpR9zSL2gTY,2Q6piVfYkCZiSnxJiqh3a31k4LE2QDTg78o5yfWP1MyN,spp,Solana Puppy Pound,https://www.arweave.net/aQrbRxQoPzccaCVk_lGS3oYJCWh29ehXJLLCxHIG1xI?ext=png,Solana Puppy Pound #6765,Solana Puppy Pound #6765,image,"[{'address': '8MTFWsHBBRuWyHGFp29mUpWN5qTxgpCZZAzfju5Ka4WP', 'verified': 1, 'share': 0}, {'address': 'BfGUDyY1Fwd2AypgnuiuwRcvN1QMgGGCyF9yTZWx1DVm', 'verified': 0, 'share': 100}]",800,6Gv7WMHLjFjU5D7xG6TXnKeB4CQj2C29xpKbpCseidY9,"[{'trait_type': 'Background', 'value': 'Blue'}, {'trait_type': 'Shiba Body', 'value': 'Brown'}, {'trait_type': 'Shiba Dress', 'value': 'None'}, {'trait_type': 'Shiba Eyes', 'value': 'choked'}, {'trait_type': 'Shiba Glasses', 'value': 'None'}, {'trait_type': 'Shiba Mouth', 'value': 'Angry'}, {'trait_type': 'Shiba Earring', 'value': 'RedScarf'}, {'trait_type': 'Shiba HairAndHat', 'value': 'ClassicBrown'}]","{'files': [{'uri': 'https://www.arweave.net/aQrbRxQoPzccaCVk_lGS3oYJCWh29ehXJLLCxHIG1xI?ext=png', 'type': 'image/png'}], 'category': 'image', 'creators': [{'address': 'BfGUDyY1Fwd2AypgnuiuwRcvN1QMgGGCyF9yTZWx1DVm', 'share': 100}]}",1,BfGUDyY1Fwd2AypgnuiuwRcvN1QMgGGCyF9yTZWx1DVm,1,{},{},False,"{'auctionHouseKey': 'E8cU1WiRWjanGxmn96ewBgk9vPTcL6AEZ1t6F6fkgUWe', 'sellerReferral': 'autMW8SgBkVYeBgqYiTuJZnkvDZMVU2MHJh9Jh7CSQ2', 'expiry': -1}"
12,7UbAemSpbk2xrjC785mhHKWM9EBfZe4iCmTb6MT7xq85,4.2,34YVA5igVn7zWFpa7uDqJ1BwJ8sE385C55gJK3w5BkUC,9A9ubGuxXfRtRjn3G1Nxr5SYuSb3GsNunrpcWnUzuokW,spp,Solana Puppy Pound,https://www.arweave.net/ao9l93cz5Qaivz3_9vF74nm-Cq2z8haZlSq7I4aCU5k?ext=png,Solana Puppy Pound #7088,Solana Puppy Pound #7088,image,"[{'address': '8MTFWsHBBRuWyHGFp29mUpWN5qTxgpCZZAzfju5Ka4WP', 'verified': 1, 'share': 0}, {'address': 'BfGUDyY1Fwd2AypgnuiuwRcvN1QMgGGCyF9yTZWx1DVm', 'verified': 0, 'share': 100}]",800,3LvLsxVwio4QzymkueBoSctCuqAaBG32rshLB2x3Edkx,"[{'trait_type': 'Background', 'value': 'Aqua'}, {'trait_type': 'Frenchie Body', 'value': 'Pink'}, {'trait_type': 'Frenchie Dress', 'value': 'Leaf'}, {'trait_type': 'Frenchie Eyes', 'value': 'OX'}, {'trait_type': 'Frenchie Glasses', 'value': 'ClassicRed'}, {'trait_type': 'Frenchie Mouth', 'value': 'Up'}, {'trait_type': 'Frenchie Earring', 'value': 'GoldKing'}, {'trait_type': 'Frenchie HairAndHat', 'value': 'GoldBeret'}]","{'files': [{'uri': 'https://www.arweave.net/ao9l93cz5Qaivz3_9vF74nm-Cq2z8haZlSq7I4aCU5k?ext=png', 'type': 'image/png'}], 'category': 'image', 'creators': [{'address': 'BfGUDyY1Fwd2AypgnuiuwRcvN1QMgGGCyF9yTZWx1DVm', 'share': 100}]}",1,BfGUDyY1Fwd2AypgnuiuwRcvN1QMgGGCyF9yTZWx1DVm,1,{},{},False,"{'auctionHouseKey': 'E8cU1WiRWjanGxmn96ewBgk9vPTcL6AEZ1t6F6fkgUWe', 'sellerReferral': 'autMW8SgBkVYeBgqYiTuJZnkvDZMVU2MHJh9Jh7CSQ2', 'expiry': -1}"
13,G6wECQr4VQ5CkHPEQtCTFd3LmPK2P1N36uAA2xo3Z8NH,4.242,6zuv4xCcoSXcqvJ2KLay5b3coP6eQ8QdT4Bi7HLpQuJA,7ZhTBCXUFXn45BR1Yhxv2fKHmpqxbQxPu6ddHfNyLVos,spp,Solana Puppy Pound,https://www.arweave.net/rJ9ETTusTSu2QJ4xqKqz6zbNSpjIKhfBDia6df4Bjbs?ext=png,Solana Puppy Pound #6782,Solana Puppy Pound #6782,image,"[{'address': '8MTFWsHBBRuWyHGFp29mUpWN5qTxgpCZZAzfju5Ka4WP', 'verified': 1, 'share': 0}, {'address': 'BfGUDyY1Fwd2AypgnuiuwRcvN1QMgGGCyF9yTZWx1DVm', 'verified': 0, 'share': 100}]",800,Dg5FVtbLgmoRJtQ2HHZWCkjgWvJp6VjUxBWYc7BXKxUp,"[{'trait_type': 'Background', 'value': 'Yellow'}, {'trait_type': 'Frenchie Body', 'value': 'Black'}, {'trait_type': 'Frenchie Dress', 'value': 'RedCollar'}, {'trait_type': 'Frenchie Eyes', 'value': 'OX'}, {'trait_type': 'Frenchie Glasses', 'value': 'Monocle'}, {'trait_type': 'Frenchie Mouth', 'value': 'Cigar'}, {'trait_type': 'Frenchie Earring', 'value': 'DoubleGold'}, {'trait_type': 'Frenchie HairAndHat', 'value': 'GreenClover'}]","{'files': [{'uri': 'https://www.arweave.net/rJ9ETTusTSu2QJ4xqKqz6zbNSpjIKhfBDia6df4Bjbs?ext=png', 'type': 'image/png'}], 'category': 'image', 'creators': [{'address': 'BfGUDyY1Fwd2AypgnuiuwRcvN1QMgGGCyF9yTZWx1DVm', 'share': 100}]}",1,BfGUDyY1Fwd2AypgnuiuwRcvN1QMgGGCyF9yTZWx1DVm,1,{},{},False,"{'auctionHouseKey': 'E8cU1WiRWjanGxmn96ewBgk9vPTcL6AEZ1t6F6fkgUWe', 'sellerReferral': 'autMW8SgBkVYeBgqYiTuJZnkvDZMVU2MHJh9Jh7CSQ2', 'expiry': -1}"
14,3dR63MCGnubX6XuUku7mbk5BUVwRS2RpQVrDfV6UdQWi,4.3,75YyfpPM2RR1ttrxkUzW6iW8MAHoqkKezFRfpXRLq72s,AE1WXkf2pqL318UTxypzq7DkatWwmoDojcMGQSr1feTP,spp,Solana Puppy Pound,https://www.arweave.net/N_7r-QKrjwU_ttwbgBFXL1cr-czXmGhNeFU1pZOeS2Y?ext=png,Solana Puppy Pound #7161,Solana Puppy Pound #7161,image,"[{'address': '8MTFWsHBBRuWyHGFp29mUpWN5qTxgpCZZAzfju5Ka4WP', 'verified': 1, 'share': 0}, {'address': 'BfGUDyY1Fwd2AypgnuiuwRcvN1QMgGGCyF9yTZWx1DVm', 'verified': 0, 'share': 100}]",800,2gnTr88RFdKPJwcwtpx2uw8ETdQtdCffMgv68oduvRCg,"[{'trait_type': 'Background', 'value': 'Blue'}, {'trait_type': 'Shiba Body', 'value': 'Black'}, {'trait_type': 'Shiba Dress', 'value': 'Green'}, {'trait_type': 'Shiba Eyes', 'value': 'OX'}, {'trait_type': 'Shiba Glasses', 'value': 'Circular'}, {'trait_type': 'Shiba Mouth', 'value': 'Pizza'}, {'trait_type': 'Shiba Earring', 'value': 'None'}, {'trait_type': 'Shiba HairAndHat', 'value': 'None'}]","{'files': [{'uri': 'https://www.arweave.net/N_7r-QKrjwU_ttwbgBFXL1cr-czXmGhNeFU1pZOeS2Y?ext=png', 'type': 'image/png'}], 'category': 'image', 'creators': [{'address': 'BfGUDyY1Fwd2AypgnuiuwRcvN1QMgGGCyF9yTZWx1DVm', 'share': 100}]}",1,BfGUDyY1Fwd2AypgnuiuwRcvN1QMgGGCyF9yTZWx1DVm,1,{},{},False,"{'auctionHouseKey': 'E8cU1WiRWjanGxmn96ewBgk9vPTcL6AEZ1t6F6fkgUWe', 'sellerReferral': 'autMW8SgBkVYeBgqYiTuJZnkvDZMVU2MHJh9Jh7CSQ2', 'expiry': -1}"
15,DiL9R8GfPngitqqvwqCXMgQHgb6TGCtwsTtM8JQnXBuE,4.39,CPKoLc9NoUiiAreMxGxGEDHB5M44RSoRomAQu1o8xqkp,9WMHbunfB3NbyfLX4SMDM881R2xw2sZ9B5RQWkJcYNBV,spp,Solana Puppy Pound,https://www.arweave.net/_2FsFGPBnPEe2fA-Ly5kqfBZbyLSbcGo1sryqXuyXy8?ext=png,Solana Puppy Pound #2896,Solana Puppy Pound #2896,image,"[{'address': '8MTFWsHBBRuWyHGFp29mUpWN5qTxgpCZZAzfju5Ka4WP', 'verified': 1, 'share': 0}, {'address': 'BfGUDyY1Fwd2AypgnuiuwRcvN1QMgGGCyF9yTZWx1DVm', 'verified': 0, 'share': 100}]",800,Ai6mmaHRyY7S9Cys2x2DLTYC49hAUBfnRki3x2cLUhP6,"[{'trait_type': 'Background', 'value': 'Gray'}, {'trait_type': 'Shiba Body', 'value': 'LightPink'}, {'trait_type': 'Shiba Dress', 'value': 'Pearl'}, {'trait_type': 'Shiba Eyes', 'value': 'Tearful'}, {'trait_type': 'Shiba Glasses', 'value': 'Monocle'}, {'trait_type': 'Shiba Mouth', 'value': 'ClosedMouth'}, {'trait_type': 'Shiba Earring', 'value': 'Silver'}, {'trait_type': 'Shiba HairAndHat', 'value': 'TopRankGold'}]","{'files': [{'uri': 'https://www.arweave.net/_2FsFGPBnPEe2fA-Ly5kqfBZbyLSbcGo1sryqXuyXy8?ext=png', 'type': 'image/png'}], 'category': 'image', 'creators': [{'address': 'BfGUDyY1Fwd2AypgnuiuwRcvN1QMgGGCyF9yTZWx1DVm', 'share': 100}]}",1,BfGUDyY1Fwd2AypgnuiuwRcvN1QMgGGCyF9yTZWx1DVm,1,{},{},False,"{'auctionHouseKey': 'E8cU1WiRWjanGxmn96ewBgk9vPTcL6AEZ1t6F6fkgUWe', 'sellerReferral': 'autMW8SgBkVYeBgqYiTuJZnkvDZMVU2MHJh9Jh7CSQ2', 'expiry': -1}"
16,3bmaV98RvpnWBzvoB8pKtHP3Jrrfdo8FcCbdJUQUNZLZ,4.4,Gn5kWfGXJEbo9982fNvh6zuUYdpVvjt3VDdmADgg1HRk,46YeGEuhq1m95M6gz7mrBiyk8qbYwo5kB7sDZ4ER5tiK,spp,Solana Puppy Pound,https://www.arweave.net/-PXPr3rdln3Jf8To_HxV3EBYhSk_ubLYuCR6MRI4MRI?ext=png,Solana Puppy Pound #8429,Solana Puppy Pound #8429,image,"[{'address': '8MTFWsHBBRuWyHGFp29mUpWN5qTxgpCZZAzfju5Ka4WP', 'verified': 1, 'share': 0}, {'address': 'BfGUDyY1Fwd2AypgnuiuwRcvN1QMgGGCyF9yTZWx1DVm', 'verified': 0, 'share': 100}]",800,GcwD1nzp75e5UuYJuaW7f1aaK44Jg5JP9KZyKi73Nct1,"[{'trait_type': 'Background', 'value': 'Burgundy'}, {'trait_type': 'Shiba Body', 'value': 'Red'}, {'trait_type': 'Shiba Dress', 'value': 'Pearl'}, {'trait_type': 'Shiba Eyes', 'value': 'Mad'}, {'trait_type': 'Shiba Glasses', 'value': 'Green'}, {'trait_type': 'Shiba Mouth', 'value': 'Saliva'}, {'trait_type': 'Shiba Earring', 'value': 'RedScarf'}, {'trait_type': 'Shiba HairAndHat', 'value': 'FiremanOrange'}]","{'files': [{'uri': 'https://www.arweave.net/-PXPr3rdln3Jf8To_HxV3EBYhSk_ubLYuCR6MRI4MRI?ext=png', 'type': 'image/png'}], 'category': 'image', 'creators': [{'address': 'BfGUDyY1Fwd2AypgnuiuwRcvN1QMgGGCyF9yTZWx1DVm', 'share': 100}]}",1,BfGUDyY1Fwd2AypgnuiuwRcvN1QMgGGCyF9yTZWx1DVm,1,{},{},False,"{'auctionHouseKey': 'E8cU1WiRWjanGxmn96ewBgk9vPTcL6AEZ1t6F6fkgUWe', 'sellerReferral': 'autMW8SgBkVYeBgqYiTuJZnkvDZMVU2MHJh9Jh7CSQ2', 'expiry': -1}"
17,CkRC5dzW4ZcJPZF9jxSBZwpw1oet1D7wmEyFFs7VWozb,4.4,Eaf99c1xtC9g4r7whWdanUwZs8Ha5X3dDK91J9WNa5pj,46YeGEuhq1m95M6gz7mrBiyk8qbYwo5kB7sDZ4ER5tiK,spp,Solana Puppy Pound,https://www.arweave.net/_sytvei6x5ss92J-k5Tf9AhAax8moCJIN0mMxsLCMXg?ext=png,Solana Puppy Pound #7375,Solana Puppy Pound #7375,image,"[{'address': '8MTFWsHBBRuWyHGFp29mUpWN5qTxgpCZZAzfju5Ka4WP', 'verified': 1, 'share': 0}, {'address': 'BfGUDyY1Fwd2AypgnuiuwRcvN1QMgGGCyF9yTZWx1DVm', 'verified': 0, 'share': 100}]",800,PrF3Ebod7GScqYFaWg4Kk6JvKJgjMEN1kpYdbPcsL64,"[{'trait_type': 'Background', 'value': 'Yellow'}, {'trait_type': 'Shiba Body', 'value': 'Coffee'}, {'trait_type': 'Shiba Dress', 'value': 'AquaPattern'}, {'trait_type': 'Shiba Eyes', 'value': 'Tired'}, {'trait_type': 'Shiba Glasses', 'value': 'Yellow'}, {'trait_type': 'Shiba Mouth', 'value': 'Angry'}, {'trait_type': 'Shiba Earring', 'value': 'Skull'}, {'trait_type': 'Shiba HairAndHat', 'value': 'Ax'}]","{'files': [{'uri': 'https://www.arweave.net/_sytvei6x5ss92J-k5Tf9AhAax8moCJIN0mMxsLCMXg?ext=png', 'type': 'image/png'}], 'category': 'image', 'creators': [{'address': 'BfGUDyY1Fwd2AypgnuiuwRcvN1QMgGGCyF9yTZWx1DVm', 'share': 100}]}",1,BfGUDyY1Fwd2AypgnuiuwRcvN1QMgGGCyF9yTZWx1DVm,1,{},{},False,"{'auctionHouseKey': 'E8cU1WiRWjanGxmn96ewBgk9vPTcL6AEZ1t6F6fkgUWe', 'sellerReferral': 'autMW8SgBkVYeBgqYiTuJZnkvDZMVU2MHJh9Jh7CSQ2', 'expiry': -1}"
18,BgtDs8Jp2gQNFGHfvMwWthccTK29JG8x8ewqjnDS24nE,4.44,ELcs2W4c7zYqF35FveKXaV4fXCCtiywVi3HUGSubaMFq,2sXSEqWPVPsLfVWtzhy4nxA93zfmMpBcPcimsuoZBFPP,spp,Solana Puppy Pound,https://www.arweave.net/8rqOs8LLBd0mtzp4Wm063wl0xqVmMK8E9eV9lfyjbQg?ext=png,Solana Puppy Pound #1424,Solana Puppy Pound #1424,image,"[{'address': '8MTFWsHBBRuWyHGFp29mUpWN5qTxgpCZZAzfju5Ka4WP', 'verified': 1, 'share': 0}, {'address': 'BfGUDyY1Fwd2AypgnuiuwRcvN1QMgGGCyF9yTZWx1DVm', 'verified': 0, 'share': 100}]",800,9yCKQaidR6Q3SA9ZoPfqamhJJV9LUtPaLEszGeKYJfAN,"[{'trait_type': 'Background', 'value': 'Blue'}, {'trait_type': 'Frenchie Body', 'value': 'Leopar'}, {'trait_type': 'Frenchie Dress', 'value': 'Yellow'}, {'trait_type': 'Frenchie Eyes', 'value': 'Sad'}, {'trait_type': 'Frenchie Glasses', 'value': 'OrangeGoggles'}, {'trait_type': 'Frenchie Mouth', 'value': 'Down'}, {'trait_type': 'Frenchie Earring', 'value': 'Clover'}, {'trait_type': 'Frenchie HairAndHat', 'value': 'GreenBeret'}]","{'files': [{'uri': 'https://www.arweave.net/8rqOs8LLBd0mtzp4Wm063wl0xqVmMK8E9eV9lfyjbQg?ext=png', 'type': 'image/png'}], 'category': 'image', 'creators': [{'address': 'BfGUDyY1Fwd2AypgnuiuwRcvN1QMgGGCyF9yTZWx1DVm', 'share': 100}]}",1,BfGUDyY1Fwd2AypgnuiuwRcvN1QMgGGCyF9yTZWx1DVm,1,{},{},False,"{'auctionHouseKey': 'E8cU1WiRWjanGxmn96ewBgk9vPTcL6AEZ1t6F6fkgUWe', 'sellerReferral': 'autMW8SgBkVYeBgqYiTuJZnkvDZMVU2MHJh9Jh7CSQ2', 'expiry': -1}"
19,6Hr8PmT7T5c3Mw1Pz3jTCi2FceNcMDfQ6hpMg8mN9cuw,4.5,CEX7mPeRLq8mERTQ52CBM9Mwo9KxcBtQVbmckQLs5me1,7KhfJNsHhNVBa9BqPe8pnHGNujuZck9gxkQEjVnUYvwA,spp,Solana Puppy Pound,https://www.arweave.net/WYymT3xlE3tDFnINQQCZVqNl6kNvGBlE4Y_aTZvKY-4?ext=png,Solana Puppy Pound #7015,Solana Puppy Pound #7015,image,"[{'address': '8MTFWsHBBRuWyHGFp29mUpWN5qTxgpCZZAzfju5Ka4WP', 'verified': 1, 'share': 0}, {'address': 'BfGUDyY1Fwd2AypgnuiuwRcvN1QMgGGCyF9yTZWx1DVm', 'verified': 0, 'share': 100}]",800,GcZaNd8qo7TWmUK9Lx1RefSHrZQ3dA5oVwnVo4g1bBXo,"[{'trait_type': 'Background', 'value': 'Orange'}, {'trait_type': 'Shiba Body', 'value': 'LightPink'}, {'trait_type': 'Shiba Dress', 'value': 'GoldPattern'}, {'trait_type': 'Shiba Eyes', 'value': 'Sad'}, {'trait_type': 'Shiba Glasses', 'value': 'Green'}, {'trait_type': 'Shiba Mouth', 'value': 'OpenMouth'}, {'trait_type': 'Shiba Earring', 'value': 'Gold'}, {'trait_type': 'Shiba HairAndHat', 'value': 'Ax'}]","{'files': [{'uri': 'https://www.arweave.net/WYymT3xlE3tDFnINQQCZVqNl6kNvGBlE4Y_aTZvKY-4?ext=png', 'type': 'image/png'}], 'category': 'image', 'creators': [{'address': 'BfGUDyY1Fwd2AypgnuiuwRcvN1QMgGGCyF9yTZWx1DVm', 'share': 100}]}",1,BfGUDyY1Fwd2AypgnuiuwRcvN1QMgGGCyF9yTZWx1DVm,1,{},{},False,"{'auctionHouseKey': 'E8cU1WiRWjanGxmn96ewBgk9vPTcL6AEZ1t6F6fkgUWe', 'sellerReferral': 'autMW8SgBkVYeBgqYiTuJZnkvDZMVU2MHJh9Jh7CSQ2', 'expiry': -1}"
20,Crfd9hKjMs1HpUb1azgZCsaLUEQzGJQwtYHurmoD6C1A,4.5,6hyuF3BMgF9Eve9Ks2u9A3C944fqQwAEkJtUKuPemed,7KhfJNsHhNVBa9BqPe8pnHGNujuZck9gxkQEjVnUYvwA,spp,Solana Puppy Pound,https://www.arweave.net/7LZUWRg7ySRajiPHBn-EcWlcPB0bPmI1ynrN4JylSPc?ext=png,Solana Puppy Pound #7343,Solana Puppy Pound #7343,image,"[{'address': '8MTFWsHBBRuWyHGFp29mUpWN5qTxgpCZZAzfju5Ka4WP', 'verified': 1, 'share': 0}, {'address': 'BfGUDyY1Fwd2AypgnuiuwRcvN1QMgGGCyF9yTZWx1DVm', 'verified': 0, 'share': 100}]",800,4ZCfvLFAXkVHGZk8wWWjvfX8gWX4GhJ15wFLPg7uSRS9,"[{'trait_type': 'Background', 'value': 'Burgundy'}, {'trait_type': 'Frenchie Body', 'value': 'Brown'}, {'trait_type': 'Frenchie Dress', 'value': 'Jacket'}, {'trait_type': 'Frenchie Eyes', 'value': 'Tearful'}, {'trait_type': 'Frenchie Glasses', 'value': 'CoolAqua'}, {'trait_type': 'Frenchie Mouth', 'value': 'Closed'}, {'trait_type': 'Frenchie Earring', 'value': 'Wrap'}, {'trait_type': 'Frenchie HairAndHat', 'value': 'Hamburger'}]","{'files': [{'uri': 'https://www.arweave.net/7LZUWRg7ySRajiPHBn-EcWlcPB0bPmI1ynrN4JylSPc?ext=png', 'type': 'image/png'}], 'category': 'image', 'creators': [{'address': 'BfGUDyY1Fwd2AypgnuiuwRcvN1QMgGGCyF9yTZWx1DVm', 'share': 100}]}",1,BfGUDyY1Fwd2AypgnuiuwRcvN1QMgGGCyF9yTZWx1DVm,1,{},{},False,"{'auctionHouseKey': 'E8cU1WiRWjanGxmn96ewBgk9vPTcL6AEZ1t6F6fkgUWe', 'sellerReferral': 'autMW8SgBkVYeBgqYiTuJZnkvDZMVU2MHJh9Jh7CSQ2', 'expiry': -1}"
21,2Y4vkPQBssiq6Zp9PKE5wL6d2PTyq25ddgYxKCsCBfeq,4.5,Hi1gHnoQbbL7xniwG22Zvkyum7TUdX2SCKyCx2UMgQjS,CSa9jvWbGktzwM9spcZq8kkX6BneWAiGhCzACTHi9R2L,spp,Solana Puppy Pound,https://www.arweave.net/MaKFR7XIoOGiqOgrIfIoQh6XB506e1sqZt2mK-PzNZU?ext=png,Solana Puppy Pound #1917,Solana Puppy Pound #1917,image,"[{'address': '8MTFWsHBBRuWyHGFp29mUpWN5qTxgpCZZAzfju5Ka4WP', 'verified': 1, 'share': 0}, {'address': 'BfGUDyY1Fwd2AypgnuiuwRcvN1QMgGGCyF9yTZWx1DVm', 'verified': 0, 'share': 100}]",800,5XYpeDkYZMA9nzMcCM32qpGotNpaLvqq4ANcZLLKrqHG,"[{'trait_type': 'Background', 'value': 'Burgundy'}, {'trait_type': 'Frenchie Body', 'value': 'Zombie'}, {'trait_type': 'Frenchie Dress', 'value': 'GoldLeaf'}, {'trait_type': 'Frenchie Eyes', 'value': 'BigEyes'}, {'trait_type': 'Frenchie Glasses', 'value': 'Monocle'}, {'trait_type': 'Frenchie Mouth', 'value': 'Down'}, {'trait_type': 'Frenchie Earring', 'value': 'Wrap'}, {'trait_type': 'Frenchie HairAndHat', 'value': 'Yellow'}]","{'files': [{'uri': 'https://www.arweave.net/MaKFR7XIoOGiqOgrIfIoQh6XB506e1sqZt2mK-PzNZU?ext=png', 'type': 'image/png'}], 'category': 'image', 'creators': [{'address': 'BfGUDyY1Fwd2AypgnuiuwRcvN1QMgGGCyF9yTZWx1DVm', 'share': 100}]}",1,BfGUDyY1Fwd2AypgnuiuwRcvN1QMgGGCyF9yTZWx1DVm,1,{},{},False,"{'auctionHouseKey': 'E8cU1WiRWjanGxmn96ewBgk9vPTcL6AEZ1t6F6fkgUWe', 'sellerReferral': 'autMW8SgBkVYeBgqYiTuJZnkvDZMVU2MHJh9Jh7CSQ2', 'expiry': -1}"
22,b7MF88XfWMpXj4KFhuZxKHWhRyFGbzBttb8EXjqrsuC,4.5,4PLoJNCsS59m1TPUEdwhKvs6iZee2xSSjxtbex7WabK5,3NqKSHr1kMHVkKmy8vPrbefqrBkZLA6Zzc9ViakQBJhy,spp,Solana Puppy Pound,https://www.arweave.net/kQfVcaMSNbPnyD2nVHRahqco6c0Rz7a1sjfSnCqScp8?ext=png,Solana Puppy Pound #2528,Solana Puppy Pound #2528,image,"[{'address': '8MTFWsHBBRuWyHGFp29mUpWN5qTxgpCZZAzfju5Ka4WP', 'verified': 1, 'share': 0}, {'address': 'BfGUDyY1Fwd2AypgnuiuwRcvN1QMgGGCyF9yTZWx1DVm', 'verified': 0, 'share': 100}]",800,6N6SWbVEcev1qYVr7R7iRsuRSosZSFe9W7BF7FD11gPu,"[{'trait_type': 'Background', 'value': 'Green'}, {'trait_type': 'Shiba Body', 'value': 'Yellow'}, {'trait_type': 'Shiba Dress', 'value': 'Gray'}, {'trait_type': 'Shiba Eyes', 'value': 'Tearful'}, {'trait_type': 'Shiba Glasses', 'value': 'Black'}, {'trait_type': 'Shiba Mouth', 'value': 'Angry'}, {'trait_type': 'Shiba Earring', 'value': 'Cross'}, {'trait_type': 'Shiba HairAndHat', 'value': 'PurplePlaid'}]","{'files': [{'uri': 'https://www.arweave.net/kQfVcaMSNbPnyD2nVHRahqco6c0Rz7a1sjfSnCqScp8?ext=png', 'type': 'image/png'}], 'category': 'image', 'creators': [{'address': 'BfGUDyY1Fwd2AypgnuiuwRcvN1QMgGGCyF9yTZWx1DVm', 'share': 100}]}",1,BfGUDyY1Fwd2AypgnuiuwRcvN1QMgGGCyF9yTZWx1DVm,1,{},{},False,"{'auctionHouseKey': 'E8cU1WiRWjanGxmn96ewBgk9vPTcL6AEZ1t6F6fkgUWe', 'sellerReferral': 'autMW8SgBkVYeBgqYiTuJZnkvDZMVU2MHJh9Jh7CSQ2', 'expiry': -1}"
23,FmsvuYKiagD7uadGbe1581SiqH8cH7kazcbEpcyYbsgc,4.69,EgKpBT7CiDwdDjfmGE7Ya3DspgVRynAGt2L6CJMLZoC2,4RBwyEe6ptpSrvKECdDGjz24tCWGTXp4q7pbMc61Tfz8,spp,Solana Puppy Pound,https://www.arweave.net/UzgBSDahuImsMiTQWQaE_L7DpBHs7Mrw-kJMXJGOkQo?ext=png,Solana Puppy Pound #4382,Solana Puppy Pound #4382,image,"[{'address': '8MTFWsHBBRuWyHGFp29mUpWN5qTxgpCZZAzfju5Ka4WP', 'verified': 1, 'share': 0}, {'address': 'BfGUDyY1Fwd2AypgnuiuwRcvN1QMgGGCyF9yTZWx1DVm', 'verified': 0, 'share': 100}]",800,B2a7Aiq7g2m8pQPamUyyTCQzjPHM6G3v4wgf2cMxzxGk,"[{'trait_type': 'Background', 'value': 'Burgundy'}, {'trait_type': 'Shiba Body', 'value': 'Coffee'}, {'trait_type': 'Shiba Dress', 'value': 'Colorful'}, {'trait_type': 'Shiba Eyes', 'value': 'Innocent'}, {'trait_type': 'Shiba Glasses', 'value': 'None'}, {'trait_type': 'Shiba Mouth', 'value': 'DownTongue'}, {'trait_type': 'Shiba Earring', 'value': 'Quadruple'}, {'trait_type': 'Shiba HairAndHat', 'value': 'Commando'}]","{'files': [{'uri': 'https://www.arweave.net/UzgBSDahuImsMiTQWQaE_L7DpBHs7Mrw-kJMXJGOkQo?ext=png', 'type': 'image/png'}], 'category': 'image', 'creators': [{'address': 'BfGUDyY1Fwd2AypgnuiuwRcvN1QMgGGCyF9yTZWx1DVm', 'share': 100}]}",1,BfGUDyY1Fwd2AypgnuiuwRcvN1QMgGGCyF9yTZWx1DVm,1,{},{},False,"{'auctionHouseKey': 'E8cU1WiRWjanGxmn96ewBgk9vPTcL6AEZ1t6F6fkgUWe', 'sellerReferral': 'autMW8SgBkVYeBgqYiTuJZnkvDZMVU2MHJh9Jh7CSQ2', 'expiry': -1}"
24,A6QwPj7z79GZqGWmFxCvmehFwus7yzAddQYfhzb7gbEv,4.7,8ZAFTJQw4HWJS9ui2LkMkGZNy1YFhLdexYXSXAts9sYt,F66h5aDcC59XF92JqA6qSgqU5BoCbtjAWq8Y25n7PnF,spp,Solana Puppy Pound,https://www.arweave.net/VUyc6gLe7DxJFjsnqtW9kGg1GyT_IqpvR28I8CBlrtE?ext=png,Solana Puppy Pound #9487,Solana Puppy Pound #9487,image,"[{'address': '8MTFWsHBBRuWyHGFp29mUpWN5qTxgpCZZAzfju5Ka4WP', 'verified': 1, 'share': 0}, {'address': 'BfGUDyY1Fwd2AypgnuiuwRcvN1QMgGGCyF9yTZWx1DVm', 'verified': 0, 'share': 100}]",800,AC7xjsNdEcUnajMeCadLePgjot2wCZhUbN8ZduVaBJBd,"[{'trait_type': 'Background', 'value': 'Orange'}, {'trait_type': 'Shiba Body', 'value': 'Cream'}, {'trait_type': 'Shiba Dress', 'value': 'GoldPearl'}, {'trait_type': 'Shiba Eyes', 'value': 'Innocent'}, {'trait_type': 'Shiba Glasses', 'value': 'Gold'}, {'trait_type': 'Shiba Mouth', 'value': 'Angry'}, {'trait_type': 'Shiba Earring', 'value': 'Quadruple'}, {'trait_type': 'Shiba HairAndHat', 'value': 'OrangeBandage'}]","{'files': [{'uri': 'https://www.arweave.net/VUyc6gLe7DxJFjsnqtW9kGg1GyT_IqpvR28I8CBlrtE?ext=png', 'type': 'image/png'}], 'category': 'image', 'creators': [{'address': 'BfGUDyY1Fwd2AypgnuiuwRcvN1QMgGGCyF9yTZWx1DVm', 'share': 100}]}",1,BfGUDyY1Fwd2AypgnuiuwRcvN1QMgGGCyF9yTZWx1DVm,1,{},{},False,"{'auctionHouseKey': 'E8cU1WiRWjanGxmn96ewBgk9vPTcL6AEZ1t6F6fkgUWe', 'sellerReferral': 'autMW8SgBkVYeBgqYiTuJZnkvDZMVU2MHJh9Jh7CSQ2', 'expiry': -1}"
25,DK1CKywPtyj2FdgciYx79sxAF8HWizLDJKH8vvnYeUua,4.75,77pCvDV7Amzrh5envS6XePeBeTrtHLhwZjBAsjiB8n5V,HmJatHpHitoVsvXW14aNKNbJjaZXEJK6xQSCgk4eJ1k4,spp,Solana Puppy Pound,https://www.arweave.net/eFwALUoMyo-eUKbq9DAHaY6ZMHDxc02zRtYNddzuNLA?ext=png,Solana Puppy Pound #2472,Solana Puppy Pound #2472,image,"[{'address': '8MTFWsHBBRuWyHGFp29mUpWN5qTxgpCZZAzfju5Ka4WP', 'verified': 1, 'share': 0}, {'address': 'BfGUDyY1Fwd2AypgnuiuwRcvN1QMgGGCyF9yTZWx1DVm', 'verified': 0, 'share': 100}]",800,Fw7HEpee7quyNF4RJfmTCujomSAN28MmUtSF3MxpVCsS,"[{'trait_type': 'Background', 'value': 'Yellow'}, {'trait_type': 'Shiba Body', 'value': 'Rainbow'}, {'trait_type': 'Shiba Dress', 'value': 'None'}, {'trait_type': 'Shiba Eyes', 'value': 'Mad'}, {'trait_type': 'Shiba Glasses', 'value': 'Gold'}, {'trait_type': 'Shiba Mouth', 'value': 'Saliva'}, {'trait_type': 'Shiba Earring', 'value': 'White'}, {'trait_type': 'Shiba HairAndHat', 'value': 'Soldier'}]","{'files': [{'uri': 'https://www.arweave.net/eFwALUoMyo-eUKbq9DAHaY6ZMHDxc02zRtYNddzuNLA?ext=png', 'type': 'image/png'}], 'category': 'image', 'creators': [{'address': 'BfGUDyY1Fwd2AypgnuiuwRcvN1QMgGGCyF9yTZWx1DVm', 'share': 100}]}",1,BfGUDyY1Fwd2AypgnuiuwRcvN1QMgGGCyF9yTZWx1DVm,1,{},{},False,"{'auctionHouseKey': 'E8cU1WiRWjanGxmn96ewBgk9vPTcL6AEZ1t6F6fkgUWe', 'sellerReferral': 'autMW8SgBkVYeBgqYiTuJZnkvDZMVU2MHJh9Jh7CSQ2', 'expiry': -1}"
26,BgjS2upaVnEEZzs8eMss16zC3ukXjzkM4idwVM9r6xhG,4.8,2u4dXdcgF4TnNf6vm2bdg3jDJKvpTLtuV9sgmz9otQ53,EPQHAzERCNyoJVCoLbJ52Wwcx4DVGGBfnPc4RYGtEzdE,spp,Solana Puppy Pound,https://www.arweave.net/EaWYBF_x9g3XU6gtkkWGoLE9RxV19Jku9bfljpz_9C8?ext=png,Solana Puppy Pound #2029,Solana Puppy Pound #2029,image,"[{'address': '8MTFWsHBBRuWyHGFp29mUpWN5qTxgpCZZAzfju5Ka4WP', 'verified': 1, 'share': 0}, {'address': 'BfGUDyY1Fwd2AypgnuiuwRcvN1QMgGGCyF9yTZWx1DVm', 'verified': 0, 'share': 100}]",800,5nD6i98GcaHN6zxMZ3Ra6SCPVS6azwfrU7vp7LZ27YwA,"[{'trait_type': 'Background', 'value': 'Green'}, {'trait_type': 'Shiba Body', 'value': 'Yellow'}, {'trait_type': 'Shiba Dress', 'value': 'Yellow'}, {'trait_type': 'Shiba Eyes', 'value': 'Sad'}, {'trait_type': 'Shiba Glasses', 'value': 'Yellow'}, {'trait_type': 'Shiba Mouth', 'value': 'Angry'}, {'trait_type': 'Shiba Earring', 'value': 'RedScarf'}, {'trait_type': 'Shiba HairAndHat', 'value': 'FlowerHatYellow'}]","{'files': [{'uri': 'https://www.arweave.net/EaWYBF_x9g3XU6gtkkWGoLE9RxV19Jku9bfljpz_9C8?ext=png', 'type': 'image/png'}], 'category': 'image', 'creators': [{'address': 'BfGUDyY1Fwd2AypgnuiuwRcvN1QMgGGCyF9yTZWx1DVm', 'share': 100}]}",1,BfGUDyY1Fwd2AypgnuiuwRcvN1QMgGGCyF9yTZWx1DVm,1,{},{},False,"{'auctionHouseKey': 'E8cU1WiRWjanGxmn96ewBgk9vPTcL6AEZ1t6F6fkgUWe', 'sellerReferral': 'autMW8SgBkVYeBgqYiTuJZnkvDZMVU2MHJh9Jh7CSQ2', 'expiry': -1}"
27,4axfWz4mjLzWM3s5ypTQtr9NtRRFG4UAexGyovCw2AaB,4.8,Hg8FgFK9Cvparj2hDHP9pz7mJNk8TyVEczWWB7ArNnSK,KW3wFgjdwfzFjhNP34dJGdU9JtipYKcm674ZUxSe9hD,spp,Solana Puppy Pound,https://www.arweave.net/TAVlsXIu7wexnSYkb7tZh7B6h2hdVBmOnU_xa2AW4ak?ext=png,Solana Puppy Pound #728,Solana Puppy Pound #728,image,"[{'address': '8MTFWsHBBRuWyHGFp29mUpWN5qTxgpCZZAzfju5Ka4WP', 'verified': 1, 'share': 0}, {'address': 'BfGUDyY1Fwd2AypgnuiuwRcvN1QMgGGCyF9yTZWx1DVm', 'verified': 0, 'share': 100}]",800,9t8ZMkQy8iyRgvXCoWbTNgjKFeCUsa6H9rxLDzVuyedb,"[{'trait_type': 'Background', 'value': 'Aqua'}, {'trait_type': 'Frenchie Body', 'value': 'Coffee'}, {'trait_type': 'Frenchie Dress', 'value': 'Aqua'}, {'trait_type': 'Frenchie Eyes', 'value': 'Sad'}, {'trait_type': 'Frenchie Glasses', 'value': 'CoolGold'}, {'trait_type': 'Frenchie Mouth', 'value': 'Angry'}, {'trait_type': 'Frenchie Earring', 'value': 'Feather'}, {'trait_type': 'Frenchie HairAndHat', 'value': 'GreenClover'}]","{'files': [{'uri': 'https://www.arweave.net/TAVlsXIu7wexnSYkb7tZh7B6h2hdVBmOnU_xa2AW4ak?ext=png', 'type': 'image/png'}], 'category': 'image', 'creators': [{'address': 'BfGUDyY1Fwd2AypgnuiuwRcvN1QMgGGCyF9yTZWx1DVm', 'share': 100}]}",1,BfGUDyY1Fwd2AypgnuiuwRcvN1QMgGGCyF9yTZWx1DVm,1,{},{},False,"{'auctionHouseKey': 'E8cU1WiRWjanGxmn96ewBgk9vPTcL6AEZ1t6F6fkgUWe', 'sellerReferral': 'autMW8SgBkVYeBgqYiTuJZnkvDZMVU2MHJh9Jh7CSQ2', 'expiry': -1}"
28,13VQbEGtcfE8DMTSsQK36fMn2EvwnsnGv365x4vByD2F,4.9,ELYHRjnRqCNYwpgBXXB6xkHCR7rKjwPp4rCkEgvAEHkC,71wGKKoajVGdMps9cooqMeaBX4mPwmrfXPmA12GBVTmk,spp,Solana Puppy Pound,https://www.arweave.net/vwrkXxbeUwpsWGQN4eOYsjf5J_5y6Yt7iDo5CTOBYbk?ext=png,Solana Puppy Pound #3502,Solana Puppy Pound #3502,image,"[{'address': '8MTFWsHBBRuWyHGFp29mUpWN5qTxgpCZZAzfju5Ka4WP', 'verified': 1, 'share': 0}, {'address': 'BfGUDyY1Fwd2AypgnuiuwRcvN1QMgGGCyF9yTZWx1DVm', 'verified': 0, 'share': 100}]",800,3Wnf9wn2TDjcavtYwLtU438AWSdmbj5EDcZkXzthik6t,"[{'trait_type': 'Background', 'value': 'Aqua'}, {'trait_type': 'Shiba Body', 'value': 'Black'}, {'trait_type': 'Shiba Dress', 'value': 'Pearl'}, {'trait_type': 'Shiba Eyes', 'value': 'Tearful'}, {'trait_type': 'Shiba Glasses', 'value': 'Gold'}, {'trait_type': 'Shiba Mouth', 'value': 'DownTongue'}, {'trait_type': 'Shiba Earring', 'value': 'Skull'}, {'trait_type': 'Shiba HairAndHat', 'value': 'ClassicBrown'}]","{'files': [{'uri': 'https://www.arweave.net/vwrkXxbeUwpsWGQN4eOYsjf5J_5y6Yt7iDo5CTOBYbk?ext=png', 'type': 'image/png'}], 'category': 'image', 'creators': [{'address': 'BfGUDyY1Fwd2AypgnuiuwRcvN1QMgGGCyF9yTZWx1DVm', 'share': 100}]}",1,BfGUDyY1Fwd2AypgnuiuwRcvN1QMgGGCyF9yTZWx1DVm,1,{},{},False,"{'auctionHouseKey': 'E8cU1WiRWjanGxmn96ewBgk9vPTcL6AEZ1t6F6fkgUWe', 'sellerReferral': 'autMW8SgBkVYeBgqYiTuJZnkvDZMVU2MHJh9Jh7CSQ2', 'expiry': -1}"
29,DBNq1e8TUk5auBWVeabNsTkik2d4x9y6SdNk1fdewZuw,4.95,CYY7SZDV7v4xP2vjM33gofgJwDNitHkXuEiJ8bdjeS7d,BoD7A9AoCZbbk5BTZBG6Szxmim3c3poZPQa6sxNFCERk,spp,Solana Puppy Pound,https://www.arweave.net/2IEw1y3JdYYQQTMvKjcsj0Cv3EAFkx0t_sxfNfDlVh4?ext=png,Solana Puppy Pound #7276,Solana Puppy Pound #7276,image,"[{'address': '8MTFWsHBBRuWyHGFp29mUpWN5qTxgpCZZAzfju5Ka4WP', 'verified': 1, 'share': 0}, {'address': 'BfGUDyY1Fwd2AypgnuiuwRcvN1QMgGGCyF9yTZWx1DVm', 'verified': 0, 'share': 100}]",800,Dmkrof5Xf6ufgBmZqKtb4KkRjqF4o6izi5a2adDAQ8dD,"[{'trait_type': 'Background', 'value': 'Green'}, {'trait_type': 'Shiba Body', 'value': 'Black'}, {'trait_type': 'Shiba Dress', 'value': 'Rose'}, {'trait_type': 'Shiba Eyes', 'value': 'Mad'}, {'trait_type': 'Shiba Glasses', 'value': 'Black'}, {'trait_type': 'Shiba Mouth', 'value': 'Cigarette'}, {'trait_type': 'Shiba Earring', 'value': 'TribleGold'}, {'trait_type': 'Shiba HairAndHat', 'value': 'FiremanRed'}]","{'files': [{'uri': 'https://www.arweave.net/2IEw1y3JdYYQQTMvKjcsj0Cv3EAFkx0t_sxfNfDlVh4?ext=png', 'type': 'image/png'}], 'category': 'image', 'creators': [{'address': 'BfGUDyY1Fwd2AypgnuiuwRcvN1QMgGGCyF9yTZWx1DVm', 'share': 100}]}",1,BfGUDyY1Fwd2AypgnuiuwRcvN1QMgGGCyF9yTZWx1DVm,1,{},{},False,"{'auctionHouseKey': 'E8cU1WiRWjanGxmn96ewBgk9vPTcL6AEZ1t6F6fkgUWe', 'sellerReferral': 'autMW8SgBkVYeBgqYiTuJZnkvDZMVU2MHJh9Jh7CSQ2', 'expiry': -1}"
30,5WyfTTxX6PGPPnmKbyRTAuRiZ7L2QxfYaM7YRShsYxFX,4.99,8eqAEp2njVVuvm9pYk1GQrH7XFfkKMBS85xQuZBxDxdw,fcw7BVUd4Via2kEgc6M4PFJfMpoYxzdwAq4jJ47qZe6,spp,Solana Puppy Pound,https://www.arweave.net/XERFWZblYClauStMXyS_aeAtu4Wa_JR8_pw2T4khWZo?ext=png,Solana Puppy Pound #7759,Solana Puppy Pound #7759,image,"[{'address': '8MTFWsHBBRuWyHGFp29mUpWN5qTxgpCZZAzfju5Ka4WP', 'verified': 1, 'share': 0}, {'address': 'BfGUDyY1Fwd2AypgnuiuwRcvN1QMgGGCyF9yTZWx1DVm', 'verified': 0, 'share': 100}]",800,2nBjSV1NQ7jLdgFgAxifsYp11tt6U7LCLkQ59ciMXMzZ,"[{'trait_type': 'Background', 'value': 'Green'}, {'trait_type': 'Frenchie Body', 'value': 'Coffee'}, {'trait_type': 'Frenchie Dress', 'value': 'GreenShush'}, {'trait_type': 'Frenchie Eyes', 'value': 'Choked'}, {'trait_type': 'Frenchie Glasses', 'value': 'OrangeGoggles'}, {'trait_type': 'Frenchie Mouth', 'value': 'Closed'}, {'trait_type': 'Frenchie Earring', 'value': 'Wrap'}, {'trait_type': 'Frenchie HairAndHat', 'value': 'Silver'}]","{'files': [{'uri': 'https://www.arweave.net/XERFWZblYClauStMXyS_aeAtu4Wa_JR8_pw2T4khWZo?ext=png', 'type': 'image/png'}], 'category': 'image', 'creators': [{'address': 'BfGUDyY1Fwd2AypgnuiuwRcvN1QMgGGCyF9yTZWx1DVm', 'share': 100}]}",1,BfGUDyY1Fwd2AypgnuiuwRcvN1QMgGGCyF9yTZWx1DVm,1,{},{},False,"{'auctionHouseKey': 'E8cU1WiRWjanGxmn96ewBgk9vPTcL6AEZ1t6F6fkgUWe', 'sellerReferral': 'autMW8SgBkVYeBgqYiTuJZnkvDZMVU2MHJh9Jh7CSQ2', 'expiry': -1}"
31,2zEw7iBBzqBFr8wKsQumAbEtuXXZgam66ECFNSfAX3EN,5.0,4hZsvmqQ7fcSmHqKqc4LqPHDYJtvZrnWRirqqwc714QV,HNszCtL16GU6ULzsWD5BDD5x62Zo2TzGPnCtAM7dEjUv,spp,Solana Puppy Pound,https://www.arweave.net/MhDLF4T_h4ePkIYEm2pX29AMFClfB_huPBLkhbzHEVE?ext=png,Solana Puppy Pound #9103,Solana Puppy Pound #9103,image,"[{'address': '8MTFWsHBBRuWyHGFp29mUpWN5qTxgpCZZAzfju5Ka4WP', 'verified': 1, 'share': 0}, {'address': 'BfGUDyY1Fwd2AypgnuiuwRcvN1QMgGGCyF9yTZWx1DVm', 'verified': 0, 'share': 100}]",800,7jiH3sicSvWtPsFADLWwGcQNofgdkfPEuPiCNgzw4n4X,"[{'trait_type': 'Background', 'value': 'Gray'}, {'trait_type': 'Shiba Body', 'value': 'GoldLine'}, {'trait_type': 'Shiba Dress', 'value': 'Yellow'}, {'trait_type': 'Shiba Eyes', 'value': 'OX'}, {'trait_type': 'Shiba Glasses', 'value': 'Classic'}, {'trait_type': 'Shiba Mouth', 'value': 'Pizza'}, {'trait_type': 'Shiba Earring', 'value': 'White'}, {'trait_type': 'Shiba HairAndHat', 'value': 'Burgundy'}]","{'files': [{'uri': 'https://www.arweave.net/MhDLF4T_h4ePkIYEm2pX29AMFClfB_huPBLkhbzHEVE?ext=png', 'type': 'image/png'}], 'category': 'image', 'creators': [{'address': 'BfGUDyY1Fwd2AypgnuiuwRcvN1QMgGGCyF9yTZWx1DVm', 'share': 100}]}",1,BfGUDyY1Fwd2AypgnuiuwRcvN1QMgGGCyF9yTZWx1DVm,1,{},{},False,"{'auctionHouseKey': 'E8cU1WiRWjanGxmn96ewBgk9vPTcL6AEZ1t6F6fkgUWe', 'sellerReferral': 'autMW8SgBkVYeBgqYiTuJZnkvDZMVU2MHJh9Jh7CSQ2', 'expiry': -1}"
32,AjeC436UAgZszSFy4SiG2ck38RPD46EEYfnsCgen3jBR,5.0,NEZTUajN7bK2GFisA3XQuuKpye9SYCaT1rnFy5vC734,5a4DvfCVmMauxb3kDWG8MJhDase1U5uCtjKxWmGe8AkJ,spp,Solana Puppy Pound,https://www.arweave.net/77lBcGEBz2Jc4l7yoeTHbO8RmM7Es93RbJRMz3d9CuQ?ext=png,Solana Puppy Pound #445,Solana Puppy Pound #445,image,"[{'address': '8MTFWsHBBRuWyHGFp29mUpWN5qTxgpCZZAzfju5Ka4WP', 'verified': 1, 'share': 0}, {'address': 'BfGUDyY1Fwd2AypgnuiuwRcvN1QMgGGCyF9yTZWx1DVm', 'verified': 0, 'share': 100}]",800,2ruNbb2QV53UU9JNCp4YabHGz7iDib7E7N3gQVMbr83D,"[{'trait_type': 'Background', 'value': 'Burgundy'}, {'trait_type': 'Frenchie Body', 'value': 'Blue'}, {'trait_type': 'Frenchie Dress', 'value': 'BlueCollar'}, {'trait_type': 'Frenchie Eyes', 'value': 'Tired'}, {'trait_type': 'Frenchie Glasses', 'value': 'GreenRobotic'}, {'trait_type': 'Frenchie Mouth', 'value': 'Angry'}, {'trait_type': 'Frenchie Earring', 'value': 'GoldKing'}, {'trait_type': 'Frenchie HairAndHat', 'value': 'GoldClover'}]","{'files': [{'uri': 'https://www.arweave.net/77lBcGEBz2Jc4l7yoeTHbO8RmM7Es93RbJRMz3d9CuQ?ext=png', 'type': 'image/png'}], 'category': 'image', 'creators': [{'address': 'BfGUDyY1Fwd2AypgnuiuwRcvN1QMgGGCyF9yTZWx1DVm', 'share': 100}]}",1,BfGUDyY1Fwd2AypgnuiuwRcvN1QMgGGCyF9yTZWx1DVm,1,{},{},False,"{'auctionHouseKey': 'E8cU1WiRWjanGxmn96ewBgk9vPTcL6AEZ1t6F6fkgUWe', 'sellerReferral': 'autMW8SgBkVYeBgqYiTuJZnkvDZMVU2MHJh9Jh7CSQ2', 'expiry': -1}"
33,FkMbLstyJpnQh8tqfkg1GKtbGWpU2aLHUYGasQ5innGY,5.0,24tqenpkodfmH4ifKg7LKL64CFzuV8rpr5V1dvBA1Ngr,CJiL9nWoDg5v7wB71qpnYZXR9Lny1FqTzNq88nY2Cgjt,spp,Solana Puppy Pound,https://www.arweave.net/L3KfAmz40m5ycushlkKq4X802jRRQ2qpDs8FFUZdZco?ext=png,Solana Puppy Pound #3690,Solana Puppy Pound #3690,image,"[{'address': '8MTFWsHBBRuWyHGFp29mUpWN5qTxgpCZZAzfju5Ka4WP', 'verified': 1, 'share': 0}, {'address': 'BfGUDyY1Fwd2AypgnuiuwRcvN1QMgGGCyF9yTZWx1DVm', 'verified': 0, 'share': 100}]",800,DrLVhnMsMuMwKUMosDWmXKQVNjncwvWsHdU8NYNShkuj,"[{'trait_type': 'Background', 'value': 'Yellow'}, {'trait_type': 'Frenchie Body', 'value': 'DarkBrown'}, {'trait_type': 'Frenchie Dress', 'value': 'YellowCollar'}, {'trait_type': 'Frenchie Eyes', 'value': 'OX'}, {'trait_type': 'Frenchie Glasses', 'value': 'GreenRobotic'}, {'trait_type': 'Frenchie Mouth', 'value': 'Up'}, {'trait_type': 'Frenchie Earring', 'value': 'Feather'}, {'trait_type': 'Frenchie HairAndHat', 'value': 'None'}]","{'files': [{'uri': 'https://www.arweave.net/L3KfAmz40m5ycushlkKq4X802jRRQ2qpDs8FFUZdZco?ext=png', 'type': 'image/png'}], 'category': 'image', 'creators': [{'address': 'BfGUDyY1Fwd2AypgnuiuwRcvN1QMgGGCyF9yTZWx1DVm', 'share': 100}]}",1,BfGUDyY1Fwd2AypgnuiuwRcvN1QMgGGCyF9yTZWx1DVm,1,{},{},False,"{'auctionHouseKey': 'E8cU1WiRWjanGxmn96ewBgk9vPTcL6AEZ1t6F6fkgUWe', 'sellerReferral': 'autMW8SgBkVYeBgqYiTuJZnkvDZMVU2MHJh9Jh7CSQ2', 'expiry': -1}"
34,4Kf3siai1USj5h1KmTXDtiDkPgfz8Nb54tHgYtLoaGRv,5.0,26DAB2njLCeHbFk67At92uEn9jDysAvFBZr1DGHXVXhw,2ofQtKfeppi538Ezpt4rxARWyDeBeVeAVph8wrLtwHgx,spp,Solana Puppy Pound,https://www.arweave.net/9xA6FLhyK2gbF70NP_qgg4DeYq2n_5R0DFKcqWjtZzw?ext=png,Solana Puppy Pound #4298,Solana Puppy Pound #4298,image,"[{'address': '8MTFWsHBBRuWyHGFp29mUpWN5qTxgpCZZAzfju5Ka4WP', 'verified': 1, 'share': 0}, {'address': 'BfGUDyY1Fwd2AypgnuiuwRcvN1QMgGGCyF9yTZWx1DVm', 'verified': 0, 'share': 100}]",800,AZJ8k4u5s34bkwd9jByzn8vRd8mJVXvfdtSdE6ACDDM7,"[{'trait_type': 'Background', 'value': 'Orange'}, {'trait_type': 'Frenchie Body', 'value': 'Leopar'}, {'trait_type': 'Frenchie Dress', 'value': 'GreenShush'}, {'trait_type': 'Frenchie Eyes', 'value': 'BigEyes'}, {'trait_type': 'Frenchie Glasses', 'value': 'OrangeGoggles'}, {'trait_type': 'Frenchie Mouth', 'value': 'Closed'}, {'trait_type': 'Frenchie Earring', 'value': 'Feather'}, {'trait_type': 'Frenchie HairAndHat', 'value': 'Silver'}]","{'files': [{'uri': 'https://www.arweave.net/9xA6FLhyK2gbF70NP_qgg4DeYq2n_5R0DFKcqWjtZzw?ext=png', 'type': 'image/png'}], 'category': 'image', 'creators': [{'address': 'BfGUDyY1Fwd2AypgnuiuwRcvN1QMgGGCyF9yTZWx1DVm', 'share': 100}]}",1,BfGUDyY1Fwd2AypgnuiuwRcvN1QMgGGCyF9yTZWx1DVm,1,{},{},False,"{'auctionHouseKey': 'E8cU1WiRWjanGxmn96ewBgk9vPTcL6AEZ1t6F6fkgUWe', 'sellerReferral': 'autMW8SgBkVYeBgqYiTuJZnkvDZMVU2MHJh9Jh7CSQ2', 'expiry': -1}"
35,4Gsi7cDbFLi4tMzin8DrFs8Bj1UosX7UYynyA5bwJ4U6,5.3,CwDU7ezxhgT8LmXprTtPxHf2BNH7v2Bddnd6PtzW1Mc1,4KcDGpteuGL4AXv6r2brgxoexGXo8vRou8jDZyidU5x2,spp,Solana Puppy Pound,https://www.arweave.net/ck0DsMET9kwrbYb96iJi90PNkc6Wj4L76TYmlg4gbVQ?ext=png,Solana Puppy Pound #7591,Solana Puppy Pound #7591,image,"[{'address': '8MTFWsHBBRuWyHGFp29mUpWN5qTxgpCZZAzfju5Ka4WP', 'verified': 1, 'share': 0}, {'address': 'BfGUDyY1Fwd2AypgnuiuwRcvN1QMgGGCyF9yTZWx1DVm', 'verified': 0, 'share': 100}]",800,98b2CoJ3kj8Q2w9DSN8z3Pamdf2Jd1qFREDzZrULLd73,"[{'trait_type': 'Background', 'value': 'Blue'}, {'trait_type': 'Shiba Body', 'value': 'Rainbow'}, {'trait_type': 'Shiba Dress', 'value': 'GoldPattern'}, {'trait_type': 'Shiba Eyes', 'value': 'Sad'}, {'trait_type': 'Shiba Glasses', 'value': 'Classic'}, {'trait_type': 'Shiba Mouth', 'value': 'UpTongue'}, {'trait_type': 'Shiba Earring', 'value': 'None'}, {'trait_type': 'Shiba HairAndHat', 'value': 'TopRankGold'}]","{'files': [{'uri': 'https://www.arweave.net/ck0DsMET9kwrbYb96iJi90PNkc6Wj4L76TYmlg4gbVQ?ext=png', 'type': 'image/png'}], 'category': 'image', 'creators': [{'address': 'BfGUDyY1Fwd2AypgnuiuwRcvN1QMgGGCyF9yTZWx1DVm', 'share': 100}]}",1,BfGUDyY1Fwd2AypgnuiuwRcvN1QMgGGCyF9yTZWx1DVm,1,{},{},False,"{'auctionHouseKey': 'E8cU1WiRWjanGxmn96ewBgk9vPTcL6AEZ1t6F6fkgUWe', 'sellerReferral': 'autMW8SgBkVYeBgqYiTuJZnkvDZMVU2MHJh9Jh7CSQ2', 'expiry': -1}"
36,51TSPeATGQ4cMpcSvyynF5b18ZEZpq8dB3KG8BSez3T9,5.5,Go8QEkTbfvQhskmuCFiV2uTMkm1qTye997eShDqH44U8,2n97bzcBfaLRAogGPkjSmPcxcDMBJ1jQTGTPDchRwXjT,spp,Solana Puppy Pound,https://www.arweave.net/bQ_mCmMMGFj9o-EudpIy-xf__edeEQejKtbbdVP1R2I?ext=png,Solana Puppy Pound #8846,Solana Puppy Pound #8846,image,"[{'address': '8MTFWsHBBRuWyHGFp29mUpWN5qTxgpCZZAzfju5Ka4WP', 'verified': 1, 'share': 0}, {'address': 'BfGUDyY1Fwd2AypgnuiuwRcvN1QMgGGCyF9yTZWx1DVm', 'verified': 0, 'share': 100}]",800,6YNrkR1B7xBM2AfXMMLouqBbkVzBPhdSQnW6CoRwoYDJ,"[{'trait_type': 'Background', 'value': 'Green'}, {'trait_type': 'Frenchie Body', 'value': 'RedPattern'}, {'trait_type': 'Frenchie Dress', 'value': 'Yellow'}, {'trait_type': 'Frenchie Eyes', 'value': 'BigEyes'}, {'trait_type': 'Frenchie Glasses', 'value': 'OrangeRobotic'}, {'trait_type': 'Frenchie Mouth', 'value': 'Bone'}, {'trait_type': 'Frenchie Earring', 'value': 'Ring'}, {'trait_type': 'Frenchie HairAndHat', 'value': 'Yellow'}]","{'files': [{'uri': 'https://www.arweave.net/bQ_mCmMMGFj9o-EudpIy-xf__edeEQejKtbbdVP1R2I?ext=png', 'type': 'image/png'}], 'category': 'image', 'creators': [{'address': 'BfGUDyY1Fwd2AypgnuiuwRcvN1QMgGGCyF9yTZWx1DVm', 'share': 100}]}",1,BfGUDyY1Fwd2AypgnuiuwRcvN1QMgGGCyF9yTZWx1DVm,1,{},{},False,"{'auctionHouseKey': 'E8cU1WiRWjanGxmn96ewBgk9vPTcL6AEZ1t6F6fkgUWe', 'sellerReferral': 'autMW8SgBkVYeBgqYiTuJZnkvDZMVU2MHJh9Jh7CSQ2', 'expiry': -1}"
37,EQS2MguVPHLZReq2KtD1uH83qToxriu2zhEAdrHaahKy,5.789,9zTB1APuuAXmP4mfApnyk7qT4spHHgrzcKEJwgQX8VgX,9rn6RkDkcQtoHaasB4GPGPGyjQr6zfgQEipn4efWP8LZ,spp,Solana Puppy Pound,https://www.arweave.net/yrkagrh98Z7vI2sz7bZ-9Be6cwuyx1t58QxwkVH98Yk?ext=png,Solana Puppy Pound #9869,Solana Puppy Pound #9869,image,"[{'address': '8MTFWsHBBRuWyHGFp29mUpWN5qTxgpCZZAzfju5Ka4WP', 'verified': 1, 'share': 0}, {'address': 'BfGUDyY1Fwd2AypgnuiuwRcvN1QMgGGCyF9yTZWx1DVm', 'verified': 0, 'share': 100}]",800,6ZbBATfMAB3NETvcTrLATwNFPRJSFvfbgibGXkeiESaV,"[{'trait_type': 'Background', 'value': 'Orange'}, {'trait_type': 'Husky Body', 'value': 'RedLava'}, {'trait_type': 'Husky Dress', 'value': 'RedPaw'}, {'trait_type': 'Husky Eyes', 'value': 'OX'}, {'trait_type': 'Husky Glasses', 'value': 'ClassicSun'}, {'trait_type': 'Husky Mouth', 'value': 'Down'}, {'trait_type': 'Husky Earring', 'value': 'Hook'}, {'trait_type': 'Husky HairAndHat', 'value': 'BlueFur'}]","{'files': [{'uri': 'https://www.arweave.net/yrkagrh98Z7vI2sz7bZ-9Be6cwuyx1t58QxwkVH98Yk?ext=png', 'type': 'image/png'}], 'category': 'image', 'creators': [{'address': 'BfGUDyY1Fwd2AypgnuiuwRcvN1QMgGGCyF9yTZWx1DVm', 'share': 100}]}",1,BfGUDyY1Fwd2AypgnuiuwRcvN1QMgGGCyF9yTZWx1DVm,1,{},{},False,"{'auctionHouseKey': 'E8cU1WiRWjanGxmn96ewBgk9vPTcL6AEZ1t6F6fkgUWe', 'sellerReferral': 'autMW8SgBkVYeBgqYiTuJZnkvDZMVU2MHJh9Jh7CSQ2', 'expiry': -1}"
38,FWYytWwQ8jfoFtkUmirBH4nxBpZnWehS3n5P8f3hunDE,5.799999,5Sk3s5Z5Kq4vy6xGWh9aqqvk4mZbGJnEx5DmkDDY2Qhv,FoW6qAqNv7rMXUh2dcCEuNkbLiorpKTwsBvViRWpzkwL,spp,Solana Puppy Pound,https://www.arweave.net/8b02A_B1vlaFu2jVnz7adZyjx_NAlGEzbvj3ivYkWDc?ext=png,Solana Puppy Pound #9207,Solana Puppy Pound #9207,image,"[{'address': '8MTFWsHBBRuWyHGFp29mUpWN5qTxgpCZZAzfju5Ka4WP', 'verified': 1, 'share': 0}, {'address': 'BfGUDyY1Fwd2AypgnuiuwRcvN1QMgGGCyF9yTZWx1DVm', 'verified': 0, 'share': 100}]",800,2ZeJMonuUtDVvdnm88xriCfNuMDMDJYihQ1P4N5QAbU5,"[{'trait_type': 'Background', 'value': 'Orange'}, {'trait_type': 'Husky Body', 'value': 'Brown'}, {'trait_type': 'Husky Dress', 'value': 'Bag'}, {'trait_type': 'Husky Eyes', 'value': 'Mad'}, {'trait_type': 'Husky Glasses', 'value': 'Red'}, {'trait_type': 'Husky Mouth', 'value': 'RedArrow'}, {'trait_type': 'Husky Earring', 'value': 'TribleTitanium'}, {'trait_type': 'Husky HairAndHat', 'value': 'RedFur'}]","{'files': [{'uri': 'https://www.arweave.net/8b02A_B1vlaFu2jVnz7adZyjx_NAlGEzbvj3ivYkWDc?ext=png', 'type': 'image/png'}], 'category': 'image', 'creators': [{'address': 'BfGUDyY1Fwd2AypgnuiuwRcvN1QMgGGCyF9yTZWx1DVm', 'share': 100}]}",1,BfGUDyY1Fwd2AypgnuiuwRcvN1QMgGGCyF9yTZWx1DVm,1,{},{},False,"{'auctionHouseKey': 'E8cU1WiRWjanGxmn96ewBgk9vPTcL6AEZ1t6F6fkgUWe', 'sellerReferral': 'autMW8SgBkVYeBgqYiTuJZnkvDZMVU2MHJh9Jh7CSQ2', 'expiry': -1}"
39,27qJMSup1iMeExnLvt9iVU2VmL5QJ58MKXhbDTzXb8qJ,5.99,CortuVq1mwoG4TZAh3Ex2mZasepoV2k23medZs2Vy5Cr,J1Mm8fuBfe23Vap3pC91ZS1fo5U3SUjgy2e7dZSu5eZR,spp,Solana Puppy Pound,https://www.arweave.net/3AHio5O9UEE41lN7uJSQoFDQwFMjElPq8uETT-inPwU?ext=png,Solana Puppy Pound #9883,Solana Puppy Pound #9883,image,"[{'address': '8MTFWsHBBRuWyHGFp29mUpWN5qTxgpCZZAzfju5Ka4WP', 'verified': 1, 'share': 0}, {'address': 'BfGUDyY1Fwd2AypgnuiuwRcvN1QMgGGCyF9yTZWx1DVm', 'verified': 0, 'share': 100}]",800,GxAogWyKa7YYKQEwXBEZZLVqBF3rg9KKsc5dDVcJbX51,"[{'trait_type': 'Background', 'value': 'Blue'}, {'trait_type': 'Husky Body', 'value': 'Pink'}, {'trait_type': 'Husky Dress', 'value': 'Bag'}, {'trait_type': 'Husky Eyes', 'value': 'Tearfull'}, {'trait_type': 'Husky Glasses', 'value': 'ClassicSun'}, {'trait_type': 'Husky Mouth', 'value': 'Up'}, {'trait_type': 'Husky Earring', 'value': 'Titanium'}, {'trait_type': 'Husky HairAndHat', 'value': 'King'}]","{'files': [{'uri': 'https://www.arweave.net/3AHio5O9UEE41lN7uJSQoFDQwFMjElPq8uETT-inPwU?ext=png', 'type': 'image/png'}], 'category': 'image', 'creators': [{'address': 'BfGUDyY1Fwd2AypgnuiuwRcvN1QMgGGCyF9yTZWx1DVm', 'share': 100}]}",1,BfGUDyY1Fwd2AypgnuiuwRcvN1QMgGGCyF9yTZWx1DVm,1,{},{},False,"{'auctionHouseKey': 'E8cU1WiRWjanGxmn96ewBgk9vPTcL6AEZ1t6F6fkgUWe', 'sellerReferral': 'autMW8SgBkVYeBgqYiTuJZnkvDZMVU2MHJh9Jh7CSQ2', 'expiry': -1}"
40,22YibJw3Gk7mgcS6vJJGeZfnvRrpgZTgtaPA3FG7oDX7,6.0,BgDMN98orcS9Hxjzz87fn5Eu86nUg8s3yyYLct67VsyB,CwUQzmiHox3759LhpJHyjNKFJGbzFE4PJHtgYCxPTQ2x,spp,Solana Puppy Pound,https://www.arweave.net/79J11FP3td5KK3vS4vpjQbOnkDTNlhtKY6KFobjN9_c?ext=png,Solana Puppy Pound #6185,Solana Puppy Pound #6185,image,"[{'address': '8MTFWsHBBRuWyHGFp29mUpWN5qTxgpCZZAzfju5Ka4WP', 'verified': 1, 'share': 0}, {'address': 'BfGUDyY1Fwd2AypgnuiuwRcvN1QMgGGCyF9yTZWx1DVm', 'verified': 0, 'share': 100}]",800,6i8r1zybTAhLdb36yaMzz1Yu8QNVrMYkeUdEfXRqRh3j,"[{'trait_type': 'Background', 'value': 'Gray'}, {'trait_type': 'Husky Body', 'value': 'Tiger'}, {'trait_type': 'Husky Dress', 'value': 'GrayJacket'}, {'trait_type': 'Husky Eyes', 'value': 'Tearfull'}, {'trait_type': 'Husky Glasses', 'value': 'GogglesRed'}, {'trait_type': 'Husky Mouth', 'value': 'BlueArrow'}, {'trait_type': 'Husky Earring', 'value': 'DeathsHead'}, {'trait_type': 'Husky HairAndHat', 'value': 'GolfCap'}]","{'files': [{'uri': 'https://www.arweave.net/79J11FP3td5KK3vS4vpjQbOnkDTNlhtKY6KFobjN9_c?ext=png', 'type': 'image/png'}], 'category': 'image', 'creators': [{'address': 'BfGUDyY1Fwd2AypgnuiuwRcvN1QMgGGCyF9yTZWx1DVm', 'share': 100}]}",1,BfGUDyY1Fwd2AypgnuiuwRcvN1QMgGGCyF9yTZWx1DVm,1,{},{},False,"{'auctionHouseKey': 'E8cU1WiRWjanGxmn96ewBgk9vPTcL6AEZ1t6F6fkgUWe', 'sellerReferral': 'autMW8SgBkVYeBgqYiTuJZnkvDZMVU2MHJh9Jh7CSQ2', 'expiry': -1}"
41,HbQA5v5FT8ytQsd9544Jz9AbSqmaEswp5bYTyybVTfF7,6.0,4iiLxErpQDMHnwQRYQoSEHdVBJKXbTeny6bm4ur1N8uF,GkPhqcZyBa4ChYVnThSNaTe6kvGqEUdmuLESktauzFjh,spp,Solana Puppy Pound,https://www.arweave.net/Z3g5YmUcW1mJ-dSxO5T4CxL13LD0nZHTBxnd54Mi1HQ?ext=png,Solana Puppy Pound #1547,Solana Puppy Pound #1547,image,"[{'address': '8MTFWsHBBRuWyHGFp29mUpWN5qTxgpCZZAzfju5Ka4WP', 'verified': 1, 'share': 0}, {'address': 'BfGUDyY1Fwd2AypgnuiuwRcvN1QMgGGCyF9yTZWx1DVm', 'verified': 0, 'share': 100}]",800,HQJJ4ADBxvH4GQBij9vYWz5gWYHZGVxyhtewsDRj96NM,"[{'trait_type': 'Background', 'value': 'Burgundy'}, {'trait_type': 'Husky Body', 'value': 'Red'}, {'trait_type': 'Husky Dress', 'value': 'BlueFeather'}, {'trait_type': 'Husky Eyes', 'value': 'Mad'}, {'trait_type': 'Husky Glasses', 'value': 'ClassicSun'}, {'trait_type': 'Husky Mouth', 'value': 'Down'}, {'trait_type': 'Husky Earring', 'value': 'TribleTitanium'}, {'trait_type': 'Husky HairAndHat', 'value': 'BrownHair'}]","{'files': [{'uri': 'https://www.arweave.net/Z3g5YmUcW1mJ-dSxO5T4CxL13LD0nZHTBxnd54Mi1HQ?ext=png', 'type': 'image/png'}], 'category': 'image', 'creators': [{'address': 'BfGUDyY1Fwd2AypgnuiuwRcvN1QMgGGCyF9yTZWx1DVm', 'share': 100}]}",1,BfGUDyY1Fwd2AypgnuiuwRcvN1QMgGGCyF9yTZWx1DVm,1,{},{},False,"{'auctionHouseKey': 'E8cU1WiRWjanGxmn96ewBgk9vPTcL6AEZ1t6F6fkgUWe', 'sellerReferral': 'autMW8SgBkVYeBgqYiTuJZnkvDZMVU2MHJh9Jh7CSQ2', 'expiry': -1}"
42,4n7XUEWRHhWrBD5rNLBZgYLDCJHTwNXYW6RRH995uZNb,6.0,8jdSivtGL8KbRp6GjarcWZJrbpZ5nQiH51dah4Z4gmrf,GkPhqcZyBa4ChYVnThSNaTe6kvGqEUdmuLESktauzFjh,spp,Solana Puppy Pound,https://www.arweave.net/IaOjqVJ8KGhjvZh_cF2gYF0xbdmk04WjXXuN7Q8JxUA?ext=png,Solana Puppy Pound #1438,Solana Puppy Pound #1438,image,"[{'address': '8MTFWsHBBRuWyHGFp29mUpWN5qTxgpCZZAzfju5Ka4WP', 'verified': 1, 'share': 0}, {'address': 'BfGUDyY1Fwd2AypgnuiuwRcvN1QMgGGCyF9yTZWx1DVm', 'verified': 0, 'share': 100}]",800,8zJWL78eUUpcnGGkRcHwQgCjzjjUXCM29NwNYDFP8CsQ,"[{'trait_type': 'Background', 'value': 'Gray'}, {'trait_type': 'Husky Body', 'value': 'Cream'}, {'trait_type': 'Husky Dress', 'value': 'WinterCream'}, {'trait_type': 'Husky Eyes', 'value': 'Sad'}, {'trait_type': 'Husky Glasses', 'value': 'PinePurple'}, {'trait_type': 'Husky Mouth', 'value': 'Closed'}, {'trait_type': 'Husky Earring', 'value': 'Titanium'}, {'trait_type': 'Husky HairAndHat', 'value': 'BrownHair'}]","{'files': [{'uri': 'https://www.arweave.net/IaOjqVJ8KGhjvZh_cF2gYF0xbdmk04WjXXuN7Q8JxUA?ext=png', 'type': 'image/png'}], 'category': 'image', 'creators': [{'address': 'BfGUDyY1Fwd2AypgnuiuwRcvN1QMgGGCyF9yTZWx1DVm', 'share': 100}]}",1,BfGUDyY1Fwd2AypgnuiuwRcvN1QMgGGCyF9yTZWx1DVm,1,{},{},False,"{'auctionHouseKey': 'E8cU1WiRWjanGxmn96ewBgk9vPTcL6AEZ1t6F6fkgUWe', 'sellerReferral': 'autMW8SgBkVYeBgqYiTuJZnkvDZMVU2MHJh9Jh7CSQ2', 'expiry': -1}"
43,5LHpZpUh6Pti5rf6JfSw36r4dh3J5F8SAnQNQmFM6frn,6.25,3gY1mK3BSua7YgqxNHH7adARQwMCkzdgoDhwUrgQF68D,7KhfJNsHhNVBa9BqPe8pnHGNujuZck9gxkQEjVnUYvwA,spp,Solana Puppy Pound,https://www.arweave.net/9xaQH-7qo7oDgUru0tB1B3xaq-eSsHwC5scy4OAKoSI?ext=png,Solana Puppy Pound #5673,Solana Puppy Pound #5673,image,"[{'address': '8MTFWsHBBRuWyHGFp29mUpWN5qTxgpCZZAzfju5Ka4WP', 'verified': 1, 'share': 0}, {'address': 'BfGUDyY1Fwd2AypgnuiuwRcvN1QMgGGCyF9yTZWx1DVm', 'verified': 0, 'share': 100}]",800,6TGgeg7syNT9jhuhurruttUgno5nQV45q1NC7tysZE5c,"[{'trait_type': 'Background', 'value': 'Gray'}, {'trait_type': 'Husky Body', 'value': 'White'}, {'trait_type': 'Husky Dress', 'value': 'Shiny'}, {'trait_type': 'Husky Eyes', 'value': 'OX'}, {'trait_type': 'Husky Glasses', 'value': 'PinePurple'}, {'trait_type': 'Husky Mouth', 'value': 'BlueArrow'}, {'trait_type': 'Husky Earring', 'value': 'Titanium'}, {'trait_type': 'Husky HairAndHat', 'value': 'PurpleBeret'}]","{'files': [{'uri': 'https://www.arweave.net/9xaQH-7qo7oDgUru0tB1B3xaq-eSsHwC5scy4OAKoSI?ext=png', 'type': 'image/png'}], 'category': 'image', 'creators': [{'address': 'BfGUDyY1Fwd2AypgnuiuwRcvN1QMgGGCyF9yTZWx1DVm', 'share': 100}]}",1,BfGUDyY1Fwd2AypgnuiuwRcvN1QMgGGCyF9yTZWx1DVm,1,{},{},False,"{'auctionHouseKey': 'E8cU1WiRWjanGxmn96ewBgk9vPTcL6AEZ1t6F6fkgUWe', 'sellerReferral': 'autMW8SgBkVYeBgqYiTuJZnkvDZMVU2MHJh9Jh7CSQ2', 'expiry': -1}"
44,FBWiUWjJezZihijUM8U9hJT8yHtSfbiRJdPnYeUkZ5kv,7.0,4awnredzWaGk6jXcyqr4m3iKZutUhgbavcw656iyLKEP,Hv7wu7NNEZJRVxAAt3BB2x4Fp8vnHA1fU63FrEcPqKnh,spp,Solana Puppy Pound,https://www.arweave.net/Sl_86GQ2tH0cnVf8KZ2GusrCOmfvGVefKEtrVgZDzaw?ext=png,Solana Puppy Pound #5759,Solana Puppy Pound #5759,image,"[{'address': '8MTFWsHBBRuWyHGFp29mUpWN5qTxgpCZZAzfju5Ka4WP', 'verified': 1, 'share': 0}, {'address': 'BfGUDyY1Fwd2AypgnuiuwRcvN1QMgGGCyF9yTZWx1DVm', 'verified': 0, 'share': 100}]",800,Hf9SsRznai1ur7xgg6u2mWzLfWvtWnj62wABc8pkkTeL,"[{'trait_type': 'Background', 'value': 'Orange'}, {'trait_type': 'Husky Body', 'value': 'Cream'}, {'trait_type': 'Husky Dress', 'value': 'Flower'}, {'trait_type': 'Husky Eyes', 'value': 'Mad'}, {'trait_type': 'Husky Glasses', 'value': 'Red'}, {'trait_type': 'Husky Mouth', 'value': 'Open'}, {'trait_type': 'Husky Earring', 'value': 'Scarf'}, {'trait_type': 'Husky HairAndHat', 'value': 'PawRed'}]","{'files': [{'uri': 'https://www.arweave.net/Sl_86GQ2tH0cnVf8KZ2GusrCOmfvGVefKEtrVgZDzaw?ext=png', 'type': 'image/png'}], 'category': 'image', 'creators': [{'address': 'BfGUDyY1Fwd2AypgnuiuwRcvN1QMgGGCyF9yTZWx1DVm', 'share': 100}]}",1,BfGUDyY1Fwd2AypgnuiuwRcvN1QMgGGCyF9yTZWx1DVm,1,{},{},False,"{'auctionHouseKey': 'E8cU1WiRWjanGxmn96ewBgk9vPTcL6AEZ1t6F6fkgUWe', 'sellerReferral': 'autMW8SgBkVYeBgqYiTuJZnkvDZMVU2MHJh9Jh7CSQ2', 'expiry': -1}"
45,HaTALMH1hrdnhxvu2iU3HfKQkdiqWjDZb8JfifJMLDgM,7.0,4Zed3omvoRhjWashgazh3Vib6CAU3JAv9AHfNrZijjYx,GkPhqcZyBa4ChYVnThSNaTe6kvGqEUdmuLESktauzFjh,spp,Solana Puppy Pound,https://www.arweave.net/76m8moqO6pPaD3qIELYjVitsm5lV4FDeolZn2Ipktpg?ext=png,Solana Puppy Pound #3294,Solana Puppy Pound #3294,image,"[{'address': '8MTFWsHBBRuWyHGFp29mUpWN5qTxgpCZZAzfju5Ka4WP', 'verified': 1, 'share': 0}, {'address': 'BfGUDyY1Fwd2AypgnuiuwRcvN1QMgGGCyF9yTZWx1DVm', 'verified': 0, 'share': 100}]",800,FFyMS2Qp6BDHrDgjuur7NaoZJZMNP28L7GyjAQa2e8ct,"[{'trait_type': 'Background', 'value': 'Green'}, {'trait_type': 'Husky Body', 'value': 'Coffe'}, {'trait_type': 'Husky Dress', 'value': 'PurpleCoat'}, {'trait_type': 'Husky Eyes', 'value': 'OX'}, {'trait_type': 'Husky Glasses', 'value': 'GogglesRed'}, {'trait_type': 'Husky Mouth', 'value': 'WhiteMask'}, {'trait_type': 'Husky Earring', 'value': 'RoseGold'}, {'trait_type': 'Husky HairAndHat', 'value': 'BrownBeret'}]","{'files': [{'uri': 'https://www.arweave.net/76m8moqO6pPaD3qIELYjVitsm5lV4FDeolZn2Ipktpg?ext=png', 'type': 'image/png'}], 'category': 'image', 'creators': [{'address': 'BfGUDyY1Fwd2AypgnuiuwRcvN1QMgGGCyF9yTZWx1DVm', 'share': 100}]}",1,BfGUDyY1Fwd2AypgnuiuwRcvN1QMgGGCyF9yTZWx1DVm,1,{},{},False,"{'auctionHouseKey': 'E8cU1WiRWjanGxmn96ewBgk9vPTcL6AEZ1t6F6fkgUWe', 'sellerReferral': 'autMW8SgBkVYeBgqYiTuJZnkvDZMVU2MHJh9Jh7CSQ2', 'expiry': -1}"
46,GTVHFrLqE41ykJH38c3V4ASUFkRboLe6qjTKTRnbBSgK,7.0,AFoQbwbmHrJmuKCEZy8V1jcnqreSq2m4c89adnrs8CTb,GkPhqcZyBa4ChYVnThSNaTe6kvGqEUdmuLESktauzFjh,spp,Solana Puppy Pound,https://www.arweave.net/3R6aaVQKd007KvfWCME_E7rYttcodjyJDzsujRNfdwI?ext=png,Solana Puppy Pound #2803,Solana Puppy Pound #2803,image,"[{'address': '8MTFWsHBBRuWyHGFp29mUpWN5qTxgpCZZAzfju5Ka4WP', 'verified': 1, 'share': 0}, {'address': 'BfGUDyY1Fwd2AypgnuiuwRcvN1QMgGGCyF9yTZWx1DVm', 'verified': 0, 'share': 100}]",800,677PBVqFjrn8DJd4DwVbkqXFRbRbJLicMdaHV458QvFQ,"[{'trait_type': 'Background', 'value': 'Gray'}, {'trait_type': 'Husky Body', 'value': 'Yellow'}, {'trait_type': 'Husky Dress', 'value': 'GoldSkull'}, {'trait_type': 'Husky Eyes', 'value': 'Tearfull'}, {'trait_type': 'Husky Glasses', 'value': 'Prescription'}, {'trait_type': 'Husky Mouth', 'value': 'Closed'}, {'trait_type': 'Husky Earring', 'value': 'TribleTitanium'}, {'trait_type': 'Husky HairAndHat', 'value': 'BrownHair'}]","{'files': [{'uri': 'https://www.arweave.net/3R6aaVQKd007KvfWCME_E7rYttcodjyJDzsujRNfdwI?ext=png', 'type': 'image/png'}], 'category': 'image', 'creators': [{'address': 'BfGUDyY1Fwd2AypgnuiuwRcvN1QMgGGCyF9yTZWx1DVm', 'share': 100}]}",1,BfGUDyY1Fwd2AypgnuiuwRcvN1QMgGGCyF9yTZWx1DVm,1,{},{},False,"{'auctionHouseKey': 'E8cU1WiRWjanGxmn96ewBgk9vPTcL6AEZ1t6F6fkgUWe', 'sellerReferral': 'autMW8SgBkVYeBgqYiTuJZnkvDZMVU2MHJh9Jh7CSQ2', 'expiry': -1}"
47,95vgLUVXRf17VB2xTwiAW1CpLXFnq1gFFgDCZcsBWUHh,7.0,w88oJgAYeLscxTJHxyvDmCK4A2xgGTHCa4C3EswWPdD,86s7S8XjYmh83p9y3rHNkGurAtvx1oacRGtj55UCaus4,spp,Solana Puppy Pound,https://www.arweave.net/6ic0Hzxiy9nuMUiljruN6KtUGkN9SbYOHorQees9Y9Y?ext=png,Solana Puppy Pound #271,Solana Puppy Pound #271,image,"[{'address': '8MTFWsHBBRuWyHGFp29mUpWN5qTxgpCZZAzfju5Ka4WP', 'verified': 1, 'share': 0}, {'address': 'BfGUDyY1Fwd2AypgnuiuwRcvN1QMgGGCyF9yTZWx1DVm', 'verified': 0, 'share': 100}]",800,CGijXboNhkjCsskm913jMLMCz2tNkgf8m7UuhP5cXQ4q,"[{'trait_type': 'Background', 'value': 'Aqua'}, {'trait_type': 'Shiba Body', 'value': 'Yellow'}, {'trait_type': 'Shiba Dress', 'value': 'Red'}, {'trait_type': 'Shiba Eyes', 'value': 'OX'}, {'trait_type': 'Shiba Glasses', 'value': 'None'}, {'trait_type': 'Shiba Mouth', 'value': 'UpTongue'}, {'trait_type': 'Shiba Earring', 'value': 'Cross'}, {'trait_type': 'Shiba HairAndHat', 'value': 'BlackBandage'}]","{'files': [{'uri': 'https://www.arweave.net/6ic0Hzxiy9nuMUiljruN6KtUGkN9SbYOHorQees9Y9Y?ext=png', 'type': 'image/png'}], 'category': 'image', 'creators': [{'address': 'BfGUDyY1Fwd2AypgnuiuwRcvN1QMgGGCyF9yTZWx1DVm', 'share': 100}]}",1,BfGUDyY1Fwd2AypgnuiuwRcvN1QMgGGCyF9yTZWx1DVm,1,{},{},False,"{'auctionHouseKey': 'E8cU1WiRWjanGxmn96ewBgk9vPTcL6AEZ1t6F6fkgUWe', 'sellerReferral': 'autMW8SgBkVYeBgqYiTuJZnkvDZMVU2MHJh9Jh7CSQ2', 'expiry': -1}"
48,A8Eb5LvqxopzHLSA47KBXg5S5PfS2YF3tGwdXReVhCFv,7.0,YC922ohCAEyx4ZD86eQAter42rc2zspZxc1brD1gL18,85WufQXjKsbgVYycRqnjVYNn9WxT5uAqYrRBuiNnbNQA,spp,Solana Puppy Pound,https://www.arweave.net/TibQaei3auza6GS9XytyPARGIhYCbhaGv_j0c0IX_Go?ext=png,Solana Puppy Pound #9319,Solana Puppy Pound #9319,image,"[{'address': '8MTFWsHBBRuWyHGFp29mUpWN5qTxgpCZZAzfju5Ka4WP', 'verified': 1, 'share': 0}, {'address': 'BfGUDyY1Fwd2AypgnuiuwRcvN1QMgGGCyF9yTZWx1DVm', 'verified': 0, 'share': 100}]",800,G2u3J8FUL3vwpGHys2fqEhHfF3zo4cdqxr4rgTQUvRF7,"[{'trait_type': 'Background', 'value': 'Green'}, {'trait_type': 'Frenchie Body', 'value': 'DarkBrown'}, {'trait_type': 'Frenchie Dress', 'value': 'BrownShush'}, {'trait_type': 'Frenchie Eyes', 'value': 'BigEyes'}, {'trait_type': 'Frenchie Glasses', 'value': 'OrangeRobotic'}, {'trait_type': 'Frenchie Mouth', 'value': 'Cigar'}, {'trait_type': 'Frenchie Earring', 'value': 'Ring'}, {'trait_type': 'Frenchie HairAndHat', 'value': 'GoldBeret'}]","{'files': [{'uri': 'https://www.arweave.net/TibQaei3auza6GS9XytyPARGIhYCbhaGv_j0c0IX_Go?ext=png', 'type': 'image/png'}], 'category': 'image', 'creators': [{'address': 'BfGUDyY1Fwd2AypgnuiuwRcvN1QMgGGCyF9yTZWx1DVm', 'share': 100}]}",1,BfGUDyY1Fwd2AypgnuiuwRcvN1QMgGGCyF9yTZWx1DVm,1,{},{},False,"{'auctionHouseKey': 'E8cU1WiRWjanGxmn96ewBgk9vPTcL6AEZ1t6F6fkgUWe', 'sellerReferral': 'autMW8SgBkVYeBgqYiTuJZnkvDZMVU2MHJh9Jh7CSQ2', 'expiry': -1}"
49,78cbqQYAfZUZHW3SEMY7QAwweTVxGfSDnHjb6mUfpjxA,7.35,4emi9766bEqg3f9CaXpMsGDkbbcN5UYCyTyWZ5hkmWXf,4iZvHe6wg1Lv734RQSoSz8SFMb8Pd1yWwQKnNhKM3VYp,spp,Solana Puppy Pound,https://www.arweave.net/whz7-m8Rz3AT549Na9EhOmGM9SVOAtUqaEOFHjt9i8Q?ext=png,Solana Puppy Pound #4349,Solana Puppy Pound #4349,image,"[{'address': '8MTFWsHBBRuWyHGFp29mUpWN5qTxgpCZZAzfju5Ka4WP', 'verified': 1, 'share': 0}, {'address': 'BfGUDyY1Fwd2AypgnuiuwRcvN1QMgGGCyF9yTZWx1DVm', 'verified': 0, 'share': 100}]",800,HCFfVCbv4fxw6U7tXsfhwUD83UrsCGfQ6Fy3FSgU6bmi,"[{'trait_type': 'Background', 'value': 'Green'}, {'trait_type': 'Husky Body', 'value': 'Red'}, {'trait_type': 'Husky Dress', 'value': 'BlueFeather'}, {'trait_type': 'Husky Eyes', 'value': 'Innocent'}, {'trait_type': 'Husky Glasses', 'value': 'GogglesBlue'}, {'trait_type': 'Husky Mouth', 'value': 'WhiteMask'}, {'trait_type': 'Husky Earring', 'value': 'DeathsHead'}, {'trait_type': 'Husky HairAndHat', 'value': 'Aqua'}]","{'files': [{'uri': 'https://www.arweave.net/whz7-m8Rz3AT549Na9EhOmGM9SVOAtUqaEOFHjt9i8Q?ext=png', 'type': 'image/png'}], 'category': 'image', 'creators': [{'address': 'BfGUDyY1Fwd2AypgnuiuwRcvN1QMgGGCyF9yTZWx1DVm', 'share': 100}]}",1,BfGUDyY1Fwd2AypgnuiuwRcvN1QMgGGCyF9yTZWx1DVm,1,{},{},False,"{'auctionHouseKey': 'E8cU1WiRWjanGxmn96ewBgk9vPTcL6AEZ1t6F6fkgUWe', 'sellerReferral': 'autMW8SgBkVYeBgqYiTuJZnkvDZMVU2MHJh9Jh7CSQ2', 'expiry': -1}"
50,BbaWWYb8HeQYrpKLUh1k3XsrLs1wSrfWLuH6obXtCuNi,7.4,5JXuQ1dv9psimT5PXoCPYoC3twgyqF1SZ5zbTLrgjVpR,335NH4CsADGsqYPNUpUihbQG8ejKbUknTKYReVSrZtar,spp,Solana Puppy Pound,https://www.arweave.net/hiRDcUV72QkegZsEuYoWmw7sS6FoS0ZvSPQWXm3worI?ext=png,Solana Puppy Pound #8827,Solana Puppy Pound #8827,image,"[{'address': '8MTFWsHBBRuWyHGFp29mUpWN5qTxgpCZZAzfju5Ka4WP', 'verified': 1, 'share': 0}, {'address': 'BfGUDyY1Fwd2AypgnuiuwRcvN1QMgGGCyF9yTZWx1DVm', 'verified': 0, 'share': 100}]",800,14m7z5u76T47L7i2Z9hNgN7TNSPGi8LninziAXWSwehb,"[{'trait_type': 'Background', 'value': 'Blue'}, {'trait_type': 'Husky Body', 'value': 'White'}, {'trait_type': 'Husky Dress', 'value': 'Green'}, {'trait_type': 'Husky Eyes', 'value': 'Tired'}, {'trait_type': 'Husky Glasses', 'value': 'Green'}, {'trait_type': 'Husky Mouth', 'value': 'Closed'}, {'trait_type': 'Husky Earring', 'value': 'TribleTitanium'}, {'trait_type': 'Husky HairAndHat', 'value': 'BlueFur'}]","{'files': [{'uri': 'https://www.arweave.net/hiRDcUV72QkegZsEuYoWmw7sS6FoS0ZvSPQWXm3worI?ext=png', 'type': 'image/png'}], 'category': 'image', 'creators': [{'address': 'BfGUDyY1Fwd2AypgnuiuwRcvN1QMgGGCyF9yTZWx1DVm', 'share': 100}]}",1,BfGUDyY1Fwd2AypgnuiuwRcvN1QMgGGCyF9yTZWx1DVm,1,{},{},False,"{'auctionHouseKey': 'E8cU1WiRWjanGxmn96ewBgk9vPTcL6AEZ1t6F6fkgUWe', 'sellerReferral': 'autMW8SgBkVYeBgqYiTuJZnkvDZMVU2MHJh9Jh7CSQ2', 'expiry': -1}"
51,4U4e4qDhTbyo7o2dratUeLWKWVkPW4jJ3GijiKQwrSmG,7.45,99UJmVH3jVpdTsc4M8x2dfpEZPyFX2xn8CgJsHRbuA79,ExWY9jMc2SeAj3VYDSwrRfQJm81zik2T7uP7rjYiEXUv,spp,Solana Puppy Pound,https://www.arweave.net/o-T1auG0Sj0HdnXPBt5t1ZaIv6ueMM4o0xrfyVXytqE?ext=png,Solana Puppy Pound #9296,Solana Puppy Pound #9296,image,"[{'address': '8MTFWsHBBRuWyHGFp29mUpWN5qTxgpCZZAzfju5Ka4WP', 'verified': 1, 'share': 0}, {'address': 'BfGUDyY1Fwd2AypgnuiuwRcvN1QMgGGCyF9yTZWx1DVm', 'verified': 0, 'share': 100}]",800,9Ntr57H4m8yVMgFg6ongYDFw1KtudBn2GbzbDV7VHzWc,"[{'trait_type': 'Background', 'value': 'Burgundy'}, {'trait_type': 'Husky Body', 'value': 'Black'}, {'trait_type': 'Husky Dress', 'value': 'GrayJacket'}, {'trait_type': 'Husky Eyes', 'value': 'Tired'}, {'trait_type': 'Husky Glasses', 'value': 'Blue'}, {'trait_type': 'Husky Mouth', 'value': 'Mask'}, {'trait_type': 'Husky Earring', 'value': 'Hook'}, {'trait_type': 'Husky HairAndHat', 'value': 'BrownHair'}]","{'files': [{'uri': 'https://www.arweave.net/o-T1auG0Sj0HdnXPBt5t1ZaIv6ueMM4o0xrfyVXytqE?ext=png', 'type': 'image/png'}], 'category': 'image', 'creators': [{'address': 'BfGUDyY1Fwd2AypgnuiuwRcvN1QMgGGCyF9yTZWx1DVm', 'share': 100}]}",1,BfGUDyY1Fwd2AypgnuiuwRcvN1QMgGGCyF9yTZWx1DVm,1,{},{},False,"{'auctionHouseKey': 'E8cU1WiRWjanGxmn96ewBgk9vPTcL6AEZ1t6F6fkgUWe', 'sellerReferral': 'autMW8SgBkVYeBgqYiTuJZnkvDZMVU2MHJh9Jh7CSQ2', 'expiry': -1}"
52,DnbhKG8g2jaTEhWhbr4MAB7j6Qs9srGqNXzBb3VTjdN4,7.7,9a25JU5eBYScPNoTfgUbZRrEaPRRYX7GsA16jh1omZrZ,BJWAC3ggXC3Ap8hfPtuR3as4aGVbMMkMAr9kYpE7KA2L,spp,Solana Puppy Pound,https://www.arweave.net/BWUz-za8zuraOmj7Ga7S8OzVr-bgtmDbALb2cCfCHlw?ext=png,Solana Puppy Pound #8110,Solana Puppy Pound #8110,image,"[{'address': '8MTFWsHBBRuWyHGFp29mUpWN5qTxgpCZZAzfju5Ka4WP', 'verified': 1, 'share': 0}, {'address': 'BfGUDyY1Fwd2AypgnuiuwRcvN1QMgGGCyF9yTZWx1DVm', 'verified': 0, 'share': 100}]",800,6abbe8WueUSa28qur4dYtwPqNAstEA7d9jNzfFzeQ8s3,"[{'trait_type': 'Background', 'value': 'Green'}, {'trait_type': 'Shiba Body', 'value': 'Black'}, {'trait_type': 'Shiba Dress', 'value': 'Flower'}, {'trait_type': 'Shiba Eyes', 'value': 'choked'}, {'trait_type': 'Shiba Glasses', 'value': 'Classic'}, {'trait_type': 'Shiba Mouth', 'value': 'UpTongue'}, {'trait_type': 'Shiba Earring', 'value': 'Cross'}, {'trait_type': 'Shiba HairAndHat', 'value': 'Soldier'}]","{'files': [{'uri': 'https://www.arweave.net/BWUz-za8zuraOmj7Ga7S8OzVr-bgtmDbALb2cCfCHlw?ext=png', 'type': 'image/png'}], 'category': 'image', 'creators': [{'address': 'BfGUDyY1Fwd2AypgnuiuwRcvN1QMgGGCyF9yTZWx1DVm', 'share': 100}]}",1,BfGUDyY1Fwd2AypgnuiuwRcvN1QMgGGCyF9yTZWx1DVm,1,{},{},False,"{'auctionHouseKey': 'E8cU1WiRWjanGxmn96ewBgk9vPTcL6AEZ1t6F6fkgUWe', 'sellerReferral': 'autMW8SgBkVYeBgqYiTuJZnkvDZMVU2MHJh9Jh7CSQ2', 'expiry': -1}"
53,5MTNpYdmA7f3dQcrEmMWq4YjNZtYQEoasS5XBf5j6Yi1,7.9,4fyJeU4ioUsS1KogWNZHgeU5a4dVyxHgqDNhFRtaTiMG,2gPjea6g6Un7E9B5eSZ5gZJD7nenrEPviAUukgj1oM1R,spp,Solana Puppy Pound,https://www.arweave.net/tWEojVxRwn0fZsTZZO3VrLU8CHd5hxM0GYg5WLJu8H0?ext=png,Solana Puppy Pound #8495,Solana Puppy Pound #8495,image,"[{'address': '8MTFWsHBBRuWyHGFp29mUpWN5qTxgpCZZAzfju5Ka4WP', 'verified': 1, 'share': 0}, {'address': 'BfGUDyY1Fwd2AypgnuiuwRcvN1QMgGGCyF9yTZWx1DVm', 'verified': 0, 'share': 100}]",800,DNkbhjt3jgShFbNsoTvAEgQjJ5KJZ2S28uWjHDd2ZS1b,"[{'trait_type': 'Background', 'value': 'Gray'}, {'trait_type': 'Husky Body', 'value': 'Brown'}, {'trait_type': 'Husky Dress', 'value': 'Winter'}, {'trait_type': 'Husky Eyes', 'value': 'Tired'}, {'trait_type': 'Husky Glasses', 'value': 'Red'}, {'trait_type': 'Husky Mouth', 'value': 'Skull'}, {'trait_type': 'Husky Earring', 'value': 'Hook'}, {'trait_type': 'Husky HairAndHat', 'value': 'Aqua'}]","{'files': [{'uri': 'https://www.arweave.net/tWEojVxRwn0fZsTZZO3VrLU8CHd5hxM0GYg5WLJu8H0?ext=png', 'type': 'image/png'}], 'category': 'image', 'creators': [{'address': 'BfGUDyY1Fwd2AypgnuiuwRcvN1QMgGGCyF9yTZWx1DVm', 'share': 100}]}",1,BfGUDyY1Fwd2AypgnuiuwRcvN1QMgGGCyF9yTZWx1DVm,1,{},{},False,"{'auctionHouseKey': 'E8cU1WiRWjanGxmn96ewBgk9vPTcL6AEZ1t6F6fkgUWe', 'sellerReferral': 'autMW8SgBkVYeBgqYiTuJZnkvDZMVU2MHJh9Jh7CSQ2', 'expiry': -1}"
54,DUGEFTp4iPZSsX7bDhgKVMXEdwxRBivKCh8wNjtaKb1H,8.0,Gi7BzQC6xY8VYf6y3xuykBKRLkcyFv3mfjVz13gfzAyL,9iFriTjn4rTWmfvRE4ZXdUe5uF6bDHZcsQFNGkJoLwWu,spp,Solana Puppy Pound,https://www.arweave.net/rTEnmsiAHuMjdt7b7FIdIB0CCoYJnNbeeA2dTE1DPDQ?ext=png,Solana Puppy Pound #9152,Solana Puppy Pound #9152,image,"[{'address': '8MTFWsHBBRuWyHGFp29mUpWN5qTxgpCZZAzfju5Ka4WP', 'verified': 1, 'share': 0}, {'address': 'BfGUDyY1Fwd2AypgnuiuwRcvN1QMgGGCyF9yTZWx1DVm', 'verified': 0, 'share': 100}]",800,J3bahovUekRoNNuQeriNvVjci116MJ8LjDanoM4kYgxu,"[{'trait_type': 'Background', 'value': 'Green'}, {'trait_type': 'Husky Body', 'value': 'Coffe'}, {'trait_type': 'Husky Dress', 'value': 'Aqua'}, {'trait_type': 'Husky Eyes', 'value': 'Sad'}, {'trait_type': 'Husky Glasses', 'value': 'Pine'}, {'trait_type': 'Husky Mouth', 'value': 'Mask'}, {'trait_type': 'Husky Earring', 'value': 'Skull'}, {'trait_type': 'Husky HairAndHat', 'value': 'BaseballCapRed'}]","{'files': [{'uri': 'https://www.arweave.net/rTEnmsiAHuMjdt7b7FIdIB0CCoYJnNbeeA2dTE1DPDQ?ext=png', 'type': 'image/png'}], 'category': 'image', 'creators': [{'address': 'BfGUDyY1Fwd2AypgnuiuwRcvN1QMgGGCyF9yTZWx1DVm', 'share': 100}]}",1,BfGUDyY1Fwd2AypgnuiuwRcvN1QMgGGCyF9yTZWx1DVm,1,{},{},False,"{'auctionHouseKey': 'E8cU1WiRWjanGxmn96ewBgk9vPTcL6AEZ1t6F6fkgUWe', 'sellerReferral': 'autMW8SgBkVYeBgqYiTuJZnkvDZMVU2MHJh9Jh7CSQ2', 'expiry': -1}"
55,5eioBVQ5WSDFXHDisWjsAYnHc4NxG1CGeGhANBoqJH2j,8.0,72JSC8j3o51F6qTnCAwJfvwkZ5tcHqtANKfFc7Mcz7Ap,9iFriTjn4rTWmfvRE4ZXdUe5uF6bDHZcsQFNGkJoLwWu,spp,Solana Puppy Pound,https://www.arweave.net/K3HlY06IlFQkAurn7QYsfYuH10a1Jl3pKY7PKr7XLyk?ext=png,Solana Puppy Pound #9257,Solana Puppy Pound #9257,image,"[{'address': '8MTFWsHBBRuWyHGFp29mUpWN5qTxgpCZZAzfju5Ka4WP', 'verified': 1, 'share': 0}, {'address': 'BfGUDyY1Fwd2AypgnuiuwRcvN1QMgGGCyF9yTZWx1DVm', 'verified': 0, 'share': 100}]",800,G1jM3YmDEqRTEyvWL9YvZTgkS27BodFAvC8h4Q5NwSB8,"[{'trait_type': 'Background', 'value': 'Green'}, {'trait_type': 'Husky Body', 'value': 'Red'}, {'trait_type': 'Husky Dress', 'value': 'RedFeather'}, {'trait_type': 'Husky Eyes', 'value': 'Innocent'}, {'trait_type': 'Husky Glasses', 'value': 'Green'}, {'trait_type': 'Husky Mouth', 'value': 'Mask'}, {'trait_type': 'Husky Earring', 'value': 'Skull'}, {'trait_type': 'Husky HairAndHat', 'value': 'Horn'}]","{'files': [{'uri': 'https://www.arweave.net/K3HlY06IlFQkAurn7QYsfYuH10a1Jl3pKY7PKr7XLyk?ext=png', 'type': 'image/png'}], 'category': 'image', 'creators': [{'address': 'BfGUDyY1Fwd2AypgnuiuwRcvN1QMgGGCyF9yTZWx1DVm', 'share': 100}]}",1,BfGUDyY1Fwd2AypgnuiuwRcvN1QMgGGCyF9yTZWx1DVm,1,{},{},False,"{'auctionHouseKey': 'E8cU1WiRWjanGxmn96ewBgk9vPTcL6AEZ1t6F6fkgUWe', 'sellerReferral': 'autMW8SgBkVYeBgqYiTuJZnkvDZMVU2MHJh9Jh7CSQ2', 'expiry': -1}"
56,7D9mRRv6vV65k4w2NqJnwpoem8xffDMiv2peV23VEMzp,8.0,7xUhhEUgNgpfyRcJoEB9vke19tcuPCgVVEuJSPaCCdw4,7jaqrwLCcHrBS5WwiSHkP7oyf4scVpp5oGWi8S1uY1tz,spp,Solana Puppy Pound,https://www.arweave.net/WiAhVPd1_5kXuXAYtHIMFHwKCK9pBYYlgPWAkwK2Zfc?ext=png,Solana Puppy Pound #6827,Solana Puppy Pound #6827,image,"[{'address': '8MTFWsHBBRuWyHGFp29mUpWN5qTxgpCZZAzfju5Ka4WP', 'verified': 1, 'share': 0}, {'address': 'BfGUDyY1Fwd2AypgnuiuwRcvN1QMgGGCyF9yTZWx1DVm', 'verified': 0, 'share': 100}]",800,EZvT8r7mXstJyXVUdmymYTGbKrVQPaTmZSmQ71vdTHrx,"[{'trait_type': 'Background', 'value': 'Yellow'}, {'trait_type': 'Husky Body', 'value': 'Yellow'}, {'trait_type': 'Husky Dress', 'value': 'RedFeather'}, {'trait_type': 'Husky Eyes', 'value': 'Choked'}, {'trait_type': 'Husky Glasses', 'value': 'Pink'}, {'trait_type': 'Husky Mouth', 'value': 'Up'}, {'trait_type': 'Husky Earring', 'value': 'Hook'}, {'trait_type': 'Husky HairAndHat', 'value': 'PurpleBeret'}]","{'files': [{'uri': 'https://www.arweave.net/WiAhVPd1_5kXuXAYtHIMFHwKCK9pBYYlgPWAkwK2Zfc?ext=png', 'type': 'image/png'}], 'category': 'image', 'creators': [{'address': 'BfGUDyY1Fwd2AypgnuiuwRcvN1QMgGGCyF9yTZWx1DVm', 'share': 100}]}",1,BfGUDyY1Fwd2AypgnuiuwRcvN1QMgGGCyF9yTZWx1DVm,1,{},{},False,"{'auctionHouseKey': 'E8cU1WiRWjanGxmn96ewBgk9vPTcL6AEZ1t6F6fkgUWe', 'sellerReferral': 'autMW8SgBkVYeBgqYiTuJZnkvDZMVU2MHJh9Jh7CSQ2', 'expiry': -1}"
57,6owRwgW7HwzyiG1HY4knd56KSrw4VaBR22p8kvVF4eaw,8.2,3mQ5sK4Doa85th28mvC31asRVREMjWWioLSEPJzTQE6L,9h2BBSgvT9TxzNcC5zfSHmDoucidXfpP2UFRFVo1DLi6,spp,Solana Puppy Pound,https://www.arweave.net/_uSx43TlbV6pxYi2p0O3CwE_UBhnEdIMlmMpbcgB7QI?ext=png,Solana Puppy Pound #5356,Solana Puppy Pound #5356,image,"[{'address': '8MTFWsHBBRuWyHGFp29mUpWN5qTxgpCZZAzfju5Ka4WP', 'verified': 1, 'share': 0}, {'address': 'BfGUDyY1Fwd2AypgnuiuwRcvN1QMgGGCyF9yTZWx1DVm', 'verified': 0, 'share': 100}]",800,5SywSwxZHHSm9evXiU7PcqXizp3acABEAq6jD5KTc3aU,"[{'trait_type': 'Background', 'value': 'Burgundy'}, {'trait_type': 'Frenchie Body', 'value': 'Beigie'}, {'trait_type': 'Frenchie Dress', 'value': 'Purple'}, {'trait_type': 'Frenchie Eyes', 'value': 'OX'}, {'trait_type': 'Frenchie Glasses', 'value': 'Gold'}, {'trait_type': 'Frenchie Mouth', 'value': 'Closed'}, {'trait_type': 'Frenchie Earring', 'value': 'White'}, {'trait_type': 'Frenchie HairAndHat', 'value': 'GreenTasses'}]","{'files': [{'uri': 'https://www.arweave.net/_uSx43TlbV6pxYi2p0O3CwE_UBhnEdIMlmMpbcgB7QI?ext=png', 'type': 'image/png'}], 'category': 'image', 'creators': [{'address': 'BfGUDyY1Fwd2AypgnuiuwRcvN1QMgGGCyF9yTZWx1DVm', 'share': 100}]}",1,BfGUDyY1Fwd2AypgnuiuwRcvN1QMgGGCyF9yTZWx1DVm,1,{},{},False,"{'auctionHouseKey': 'E8cU1WiRWjanGxmn96ewBgk9vPTcL6AEZ1t6F6fkgUWe', 'sellerReferral': 'autMW8SgBkVYeBgqYiTuJZnkvDZMVU2MHJh9Jh7CSQ2', 'expiry': -1}"
58,8kGo23dT3gz3A9in8JimD5WuCDZuTYW3WSBkHpsqEfHf,10.0,EeJ7S2m5Pbf2WTEe9T3Edt9vy2ZmSJCttvEU7cgDGcxH,7KhfJNsHhNVBa9BqPe8pnHGNujuZck9gxkQEjVnUYvwA,spp,Solana Puppy Pound,https://www.arweave.net/7ux3Jw6M7KbszBFR80wZ3u_RqTS4FCx2hRn-rB6NlrA?ext=png,Solana Puppy Pound #7071,Solana Puppy Pound #7071,image,"[{'address': '8MTFWsHBBRuWyHGFp29mUpWN5qTxgpCZZAzfju5Ka4WP', 'verified': 1, 'share': 0}, {'address': 'BfGUDyY1Fwd2AypgnuiuwRcvN1QMgGGCyF9yTZWx1DVm', 'verified': 0, 'share': 100}]",800,GT99rXPF8gTecNMD2y6oCdYys4UXRBT5RdwqaCh18L72,"[{'trait_type': 'Background', 'value': 'Blue'}, {'trait_type': 'Husky Body', 'value': 'Gray'}, {'trait_type': 'Husky Dress', 'value': 'Winter'}, {'trait_type': 'Husky Eyes', 'value': 'Choked'}, {'trait_type': 'Husky Glasses', 'value': 'Red'}, {'trait_type': 'Husky Mouth', 'value': 'Skull'}, {'trait_type': 'Husky Earring', 'value': 'TribleTitanium'}, {'trait_type': 'Husky HairAndHat', 'value': 'Skull'}]","{'files': [{'uri': 'https://www.arweave.net/7ux3Jw6M7KbszBFR80wZ3u_RqTS4FCx2hRn-rB6NlrA?ext=png', 'type': 'image/png'}], 'category': 'image', 'creators': [{'address': 'BfGUDyY1Fwd2AypgnuiuwRcvN1QMgGGCyF9yTZWx1DVm', 'share': 100}]}",1,BfGUDyY1Fwd2AypgnuiuwRcvN1QMgGGCyF9yTZWx1DVm,1,{},{},False,"{'auctionHouseKey': 'E8cU1WiRWjanGxmn96ewBgk9vPTcL6AEZ1t6F6fkgUWe', 'sellerReferral': 'autMW8SgBkVYeBgqYiTuJZnkvDZMVU2MHJh9Jh7CSQ2', 'expiry': -1}"
59,FmgR6jmqgdz89hYHqNSCwaixt9crnYKuhMY7rqBqKVCx,10.0,THzn6V2smj5NBcLMxvPE3xNN97oRRFySjvXihE5qWMS,5oE6bUSDQVBEfpFzuxVG2NagDgvp8PncoQykgiYjN7DX,spp,Solana Puppy Pound,https://www.arweave.net/2Ou6aG8HKQpS-Oz65vAYHQaP87sBWMJw7CrqAdO6uHg?ext=png,Solana Puppy Pound #8815,Solana Puppy Pound #8815,image,"[{'address': '8MTFWsHBBRuWyHGFp29mUpWN5qTxgpCZZAzfju5Ka4WP', 'verified': 1, 'share': 0}, {'address': 'BfGUDyY1Fwd2AypgnuiuwRcvN1QMgGGCyF9yTZWx1DVm', 'verified': 0, 'share': 100}]",800,36EWycZ81GfjGTvc3MHLPkffKbNaa8d3sRGvsvoTGqut,"[{'trait_type': 'Background', 'value': 'Aqua'}, {'trait_type': 'Frenchie Body', 'value': 'White'}, {'trait_type': 'Frenchie Dress', 'value': 'RedCollar'}, {'trait_type': 'Frenchie Eyes', 'value': 'Tearful'}, {'trait_type': 'Frenchie Glasses', 'value': 'CoolGold'}, {'trait_type': 'Frenchie Mouth', 'value': 'Bone'}, {'trait_type': 'Frenchie Earring', 'value': 'White'}, {'trait_type': 'Frenchie HairAndHat', 'value': 'None'}]","{'files': [{'uri': 'https://www.arweave.net/2Ou6aG8HKQpS-Oz65vAYHQaP87sBWMJw7CrqAdO6uHg?ext=png', 'type': 'image/png'}], 'category': 'image', 'creators': [{'address': 'BfGUDyY1Fwd2AypgnuiuwRcvN1QMgGGCyF9yTZWx1DVm', 'share': 100}]}",1,BfGUDyY1Fwd2AypgnuiuwRcvN1QMgGGCyF9yTZWx1DVm,1,{},{},False,"{'auctionHouseKey': 'E8cU1WiRWjanGxmn96ewBgk9vPTcL6AEZ1t6F6fkgUWe', 'sellerReferral': 'autMW8SgBkVYeBgqYiTuJZnkvDZMVU2MHJh9Jh7CSQ2', 'expiry': -1}"
60,HZfXb6TxeeG5gqiYTYATueoBRvupqKx1cevgXEXufUm2,10.0,7QgcJpqaRMmCCoeYs729UqxwSYWJfLbMa5sudhk6Bx9g,Dq5TN2sFxQVHtecsuT1hVNDxyHhknrARG6Zinu1bRwws,spp,Solana Puppy Pound,https://www.arweave.net/F4KBdEOER2qD0lAvAf_OepIbOmNHtBiS4I48QqN2H-I?ext=png,Solana Puppy Pound #8236,Solana Puppy Pound #8236,image,"[{'address': '8MTFWsHBBRuWyHGFp29mUpWN5qTxgpCZZAzfju5Ka4WP', 'verified': 1, 'share': 0}, {'address': 'BfGUDyY1Fwd2AypgnuiuwRcvN1QMgGGCyF9yTZWx1DVm', 'verified': 0, 'share': 100}]",800,FmaAscoWxNjqqN8Rd3U3gxmSr3MTBpzZHgZ7Dz59i5Qy,"[{'trait_type': 'Background', 'value': 'Gray'}, {'trait_type': 'Frenchie Body', 'value': 'Leopar'}, {'trait_type': 'Frenchie Dress', 'value': 'GreenJacket'}, {'trait_type': 'Frenchie Eyes', 'value': 'Tired'}, {'trait_type': 'Frenchie Glasses', 'value': 'Gold'}, {'trait_type': 'Frenchie Mouth', 'value': 'Up'}, {'trait_type': 'Frenchie Earring', 'value': 'None'}, {'trait_type': 'Frenchie HairAndHat', 'value': 'Yellow'}]","{'files': [{'uri': 'https://www.arweave.net/F4KBdEOER2qD0lAvAf_OepIbOmNHtBiS4I48QqN2H-I?ext=png', 'type': 'image/png'}], 'category': 'image', 'creators': [{'address': 'BfGUDyY1Fwd2AypgnuiuwRcvN1QMgGGCyF9yTZWx1DVm', 'share': 100}]}",1,BfGUDyY1Fwd2AypgnuiuwRcvN1QMgGGCyF9yTZWx1DVm,1,{},{},False,"{'auctionHouseKey': 'E8cU1WiRWjanGxmn96ewBgk9vPTcL6AEZ1t6F6fkgUWe', 'sellerReferral': 'autMW8SgBkVYeBgqYiTuJZnkvDZMVU2MHJh9Jh7CSQ2', 'expiry': -1}"
61,H8dTcpE4v5hTAb8bgFZ1JZ9FzRQVzd9GGXvSaCdWV2AG,10.0,5aH6Ax23zdg59sR4owf3hjCU9iigtnBjZeQicuSkgh8S,EtSKQj6nDigQWAgKAAt5JA3odCR1DezJDw7FTdc3TmzY,spp,Solana Puppy Pound,https://www.arweave.net/0braeqs6abANa5aN7UgZajHlFLHfubjahCYGBz1Zq5w?ext=png,Solana Puppy Pound #8045,Solana Puppy Pound #8045,image,"[{'address': '8MTFWsHBBRuWyHGFp29mUpWN5qTxgpCZZAzfju5Ka4WP', 'verified': 1, 'share': 0}, {'address': 'BfGUDyY1Fwd2AypgnuiuwRcvN1QMgGGCyF9yTZWx1DVm', 'verified': 0, 'share': 100}]",800,2vacAoJd556KJxfq6WW76KZLXowAoaNhztJCcHjNGbC4,"[{'trait_type': 'Background', 'value': 'Burgundy'}, {'trait_type': 'Frenchie Body', 'value': 'Zombie'}, {'trait_type': 'Frenchie Dress', 'value': 'PinkCollar'}, {'trait_type': 'Frenchie Eyes', 'value': 'Choked'}, {'trait_type': 'Frenchie Glasses', 'value': 'GreenRobotic'}, {'trait_type': 'Frenchie Mouth', 'value': 'Up'}, {'trait_type': 'Frenchie Earring', 'value': 'Wrap'}, {'trait_type': 'Frenchie HairAndHat', 'value': 'Yellow'}]","{'files': [{'uri': 'https://www.arweave.net/0braeqs6abANa5aN7UgZajHlFLHfubjahCYGBz1Zq5w?ext=png', 'type': 'image/png'}], 'category': 'image', 'creators': [{'address': 'BfGUDyY1Fwd2AypgnuiuwRcvN1QMgGGCyF9yTZWx1DVm', 'share': 100}]}",1,BfGUDyY1Fwd2AypgnuiuwRcvN1QMgGGCyF9yTZWx1DVm,1,{},{},False,"{'auctionHouseKey': 'E8cU1WiRWjanGxmn96ewBgk9vPTcL6AEZ1t6F6fkgUWe', 'sellerReferral': 'autMW8SgBkVYeBgqYiTuJZnkvDZMVU2MHJh9Jh7CSQ2', 'expiry': -1}"
62,47AKcwFsfUc27NWBXk3UVswkk2KPoQ91Zdx4e7MbbwoY,13.0,34u8PgtTgHMDR3MqkTMYey5dsKqK6ZRfWngyK99w7Ccp,5eZPhyUxfn5urNvqAR2m2oDHi3M5PULkYaSoNaTR8xCH,spp,Solana Puppy Pound,https://www.arweave.net/xtRA6zutYAwMr1wFr8TSTp1vbv_ZSkPD_F_hQKfmUEk?ext=png,Solana Puppy Pound #6318,Solana Puppy Pound #6318,image,"[{'address': '8MTFWsHBBRuWyHGFp29mUpWN5qTxgpCZZAzfju5Ka4WP', 'verified': 1, 'share': 0}, {'address': 'BfGUDyY1Fwd2AypgnuiuwRcvN1QMgGGCyF9yTZWx1DVm', 'verified': 0, 'share': 100}]",800,7PXEpGbLSN33WyNvuTB4Q4YzSAGGgqQ9MJgpBSLnKoeA,"[{'trait_type': 'Background', 'value': 'Blue'}, {'trait_type': 'Husky Body', 'value': 'RedLava'}, {'trait_type': 'Husky Dress', 'value': 'PurpleCoat'}, {'trait_type': 'Husky Eyes', 'value': 'Sad'}, {'trait_type': 'Husky Glasses', 'value': 'Purple'}, {'trait_type': 'Husky Mouth', 'value': 'Closed'}, {'trait_type': 'Husky Earring', 'value': 'TribleTitanium'}, {'trait_type': 'Husky HairAndHat', 'value': 'Halo'}]","{'files': [{'uri': 'https://www.arweave.net/xtRA6zutYAwMr1wFr8TSTp1vbv_ZSkPD_F_hQKfmUEk?ext=png', 'type': 'image/png'}], 'category': 'image', 'creators': [{'address': 'BfGUDyY1Fwd2AypgnuiuwRcvN1QMgGGCyF9yTZWx1DVm', 'share': 100}]}",1,BfGUDyY1Fwd2AypgnuiuwRcvN1QMgGGCyF9yTZWx1DVm,1,{},{},False,"{'auctionHouseKey': 'E8cU1WiRWjanGxmn96ewBgk9vPTcL6AEZ1t6F6fkgUWe', 'sellerReferral': 'autMW8SgBkVYeBgqYiTuJZnkvDZMVU2MHJh9Jh7CSQ2', 'expiry': -1}"
63,BN2aBXsQkGdp1p2Xvm79yFGCftcDRRBiLKYJocUkkCbq,15.75,9XqYRTqH95JnKtfFt4rVLqJwUoKJptamakKTLoao8onH,DLtsQDfjQg5EXGRsrgZy6or38EAV9Hfcn51BFQKmZuYn,spp,Solana Puppy Pound,https://www.arweave.net/UABO77hBaZQFu9GiXRYpI6oq4Ohw85xtdEUhwXTtJF4?ext=png,Solana Puppy Pound #9728,Solana Puppy Pound #9728,image,"[{'address': '8MTFWsHBBRuWyHGFp29mUpWN5qTxgpCZZAzfju5Ka4WP', 'verified': 1, 'share': 0}, {'address': 'BfGUDyY1Fwd2AypgnuiuwRcvN1QMgGGCyF9yTZWx1DVm', 'verified': 0, 'share': 100}]",800,AML2VotwraeBW61mqdbW4pyeTU8L9RuayJgaEgCUhuv3,"[{'trait_type': 'Background', 'value': 'Yellow'}, {'trait_type': 'Husky Body', 'value': 'Zombie'}, {'trait_type': 'Husky Dress', 'value': 'Flower'}, {'trait_type': 'Husky Eyes', 'value': 'Mad'}, {'trait_type': 'Husky Glasses', 'value': 'PinePurple'}, {'trait_type': 'Husky Mouth', 'value': 'Skull'}, {'trait_type': 'Husky Earring', 'value': 'Scarf'}, {'trait_type': 'Husky HairAndHat', 'value': 'Halo'}]","{'files': [{'uri': 'https://www.arweave.net/UABO77hBaZQFu9GiXRYpI6oq4Ohw85xtdEUhwXTtJF4?ext=png', 'type': 'image/png'}], 'category': 'image', 'creators': [{'address': 'BfGUDyY1Fwd2AypgnuiuwRcvN1QMgGGCyF9yTZWx1DVm', 'share': 100}]}",1,BfGUDyY1Fwd2AypgnuiuwRcvN1QMgGGCyF9yTZWx1DVm,1,{},{},False,"{'auctionHouseKey': 'E8cU1WiRWjanGxmn96ewBgk9vPTcL6AEZ1t6F6fkgUWe', 'sellerReferral': 'autMW8SgBkVYeBgqYiTuJZnkvDZMVU2MHJh9Jh7CSQ2', 'expiry': -1}"
