,id,price,escrowPubkey,owner,collectionName,collectionTitle,img,title,content,animationURL,propertyCategory,creators,sellerFeeBasisPoints,mintAddress,attributes,properties,supply,updateAuthority,primarySaleHappened,onChainCollection,rarity,tokenDelegateValid,v2
0,88uJx4Yyki271fbhCKXogCi2RZ7rWsiGK74o2G5oGV8M,54.0,GPjsgLP2KCx97RXfo66y6nrJFcy4JyioJSymUoWAtivR,GzKKfVF34AF2h6okJJ4TgDxi89NZ8UubFdECF9RNDScs,visionary_studios,Visionary Studios,https://arweave.net/liJYoNwv6oHlxnZzV4K8Du8QTsHwD0mexOwKkwfjm8I,Visionary Studios #591,777 Genesis Membership NFT's for Visionary Studios.,https://arweave.net/OYfAVDKA85OY6zEnrR6_GD4nzqvtsht86GPJptUqw-s,video,"[{'address': '6oNpLuaME2HbAgUK4aPvLoPof5VnUXxJPL1eGa6zAKk8', 'verified': 1, 'share': 0}, {'address': '3Vp72o1PD3pxz4Uwtc7uaRf6RZ6LBrKEv1AgT4MsbTc5', 'verified': 0, 'share': 5}, {'address': 'XKuNQ5Nanm9hMi52yVvA8RhxgKXy6ZTthJK2QgSnntJ', 'verified': 0, 'share': 95}]",1111,7ueWgBpN5fDGTyhC4mqSHF3519SKM4RX4Ry7TT8zJcKz,"[{'trait_type': 'Visionary Studios', 'value': 'Genesis Membership'}]","{'files': [{'uri': 'https://arweave.net/OYfAVDKA85OY6zEnrR6_GD4nzqvtsht86GPJptUqw-s', 'type': 'video/mp4'}], 'category': 'video', 'creators': [{'address': '3Vp72o1PD3pxz4Uwtc7uaRf6RZ6LBrKEv1AgT4MsbTc5', 'share': 5}, {'address': 'XKuNQ5Nanm9hMi52yVvA8RhxgKXy6ZTthJK2QgSnntJ', 'share': 95}]}",1,XKuNQ5Nanm9hMi52yVvA8RhxgKXy6ZTthJK2QgSnntJ,1,{},{},False,"{'auctionHouseKey': 'E8cU1WiRWjanGxmn96ewBgk9vPTcL6AEZ1t6F6fkgUWe', 'sellerReferral': 'autMW8SgBkVYeBgqYiTuJZnkvDZMVU2MHJh9Jh7CSQ2', 'expiry': -1}"
1,ETebBGuR5TN88kMNJqNXdUonAe6GgFwQVSphD8F6hMrU,55.55,F4idwM7TXzRfeHZp8sqe7eWBFmpPspGtZccWm2qDXhEo,AoLXjU6wDAHwJHPcUe7zsQc2y8eLsqLcUUL6AVPWGuH,visionary_studios,Visionary Studios,https://arweave.net/liJYoNwv6oHlxnZzV4K8Du8QTsHwD0mexOwKkwfjm8I,Visionary Studios #15,777 Genesis Membership NFT's for Visionary Studios.,https://arweave.net/OYfAVDKA85OY6zEnrR6_GD4nzqvtsht86GPJptUqw-s,video,"[{'address': '6oNpLuaME2HbAgUK4aPvLoPof5VnUXxJPL1eGa6zAKk8', 'verified': 1, 'share': 0}, {'address': '3Vp72o1PD3pxz4Uwtc7uaRf6RZ6LBrKEv1AgT4MsbTc5', 'verified': 0, 'share': 5}, {'address': 'XKuNQ5Nanm9hMi52yVvA8RhxgKXy6ZTthJK2QgSnntJ', 'verified': 0, 'share': 95}]",1111,8i7YPbobj9Z5Cy2hQrFZuSVpnwWn9bdmtDh2wE8zKqPm,"[{'trait_type': 'Visionary Studios', 'value': 'Genesis Membership'}]","{'files': [{'uri': 'https://arweave.net/OYfAVDKA85OY6zEnrR6_GD4nzqvtsht86GPJptUqw-s', 'type': 'video/mp4'}], 'category': 'video', 'creators': [{'address': '3Vp72o1PD3pxz4Uwtc7uaRf6RZ6LBrKEv1AgT4MsbTc5', 'share': 5}, {'address': 'XKuNQ5Nanm9hMi52yVvA8RhxgKXy6ZTthJK2QgSnntJ', 'share': 95}]}",1,XKuNQ5Nanm9hMi52yVvA8RhxgKXy6ZTthJK2QgSnntJ,1,{},{},False,"{'auctionHouseKey': 'E8cU1WiRWjanGxmn96ewBgk9vPTcL6AEZ1t6F6fkgUWe', 'sellerReferral': 'autMW8SgBkVYeBgqYiTuJZnkvDZMVU2MHJh9Jh7CSQ2', 'expiry': -1}"
2,HFweM2BpmRY9HcLZ6ueKAMu7m3WbkRqsQVc8Tuvsype6,58.0,H22qPi6QXhuLaDakytgFSmJhpFU7WAEfz4hRui25kGfH,7JoK1kaFdv6YBX98vWEoYsHvWGNDUnp28KSMPZjCXRdy,visionary_studios,Visionary Studios,https://arweave.net/liJYoNwv6oHlxnZzV4K8Du8QTsHwD0mexOwKkwfjm8I,Visionary Studios #471,777 Genesis Membership NFT's for Visionary Studios.,https://arweave.net/OYfAVDKA85OY6zEnrR6_GD4nzqvtsht86GPJptUqw-s,video,"[{'address': '6oNpLuaME2HbAgUK4aPvLoPof5VnUXxJPL1eGa6zAKk8', 'verified': 1, 'share': 0}, {'address': '3Vp72o1PD3pxz4Uwtc7uaRf6RZ6LBrKEv1AgT4MsbTc5', 'verified': 0, 'share': 5}, {'address': 'XKuNQ5Nanm9hMi52yVvA8RhxgKXy6ZTthJK2QgSnntJ', 'verified': 0, 'share': 95}]",1111,35SWwPgWGrAKjZYrfe33wZhxzrFzh7eAGTfMxrWxY4jZ,"[{'trait_type': 'Visionary Studios', 'value': 'Genesis Membership'}]","{'files': [{'uri': 'https://arweave.net/OYfAVDKA85OY6zEnrR6_GD4nzqvtsht86GPJptUqw-s', 'type': 'video/mp4'}], 'category': 'video', 'creators': [{'address': '3Vp72o1PD3pxz4Uwtc7uaRf6RZ6LBrKEv1AgT4MsbTc5', 'share': 5}, {'address': 'XKuNQ5Nanm9hMi52yVvA8RhxgKXy6ZTthJK2QgSnntJ', 'share': 95}]}",1,XKuNQ5Nanm9hMi52yVvA8RhxgKXy6ZTthJK2QgSnntJ,1,{},{},False,"{'auctionHouseKey': 'E8cU1WiRWjanGxmn96ewBgk9vPTcL6AEZ1t6F6fkgUWe', 'sellerReferral': 'autMW8SgBkVYeBgqYiTuJZnkvDZMVU2MHJh9Jh7CSQ2', 'expiry': -1}"
3,42yKb9gxqSMEGm1de1s1zmh5L9wymTKMJ9QJC3B7Afr7,59.0,ANrgXj9K2ktNGeUVZGaXQ5uLeEYapUi9W75jpPkNdoff,4W8ATeJzv2Dm9Ke2eDiNyEj7jXY7nEb1ZmiK8PUxMP8M,visionary_studios,Visionary Studios,https://arweave.net/liJYoNwv6oHlxnZzV4K8Du8QTsHwD0mexOwKkwfjm8I,Visionary Studios #190,777 Genesis Membership NFT's for Visionary Studios.,https://arweave.net/OYfAVDKA85OY6zEnrR6_GD4nzqvtsht86GPJptUqw-s,video,"[{'address': '6oNpLuaME2HbAgUK4aPvLoPof5VnUXxJPL1eGa6zAKk8', 'verified': 1, 'share': 0}, {'address': '3Vp72o1PD3pxz4Uwtc7uaRf6RZ6LBrKEv1AgT4MsbTc5', 'verified': 0, 'share': 5}, {'address': 'XKuNQ5Nanm9hMi52yVvA8RhxgKXy6ZTthJK2QgSnntJ', 'verified': 0, 'share': 95}]",1111,CJaq8VGZZpErqJZ5BnWh5eTqikzus8No5WKuNW8oQyey,"[{'trait_type': 'Visionary Studios', 'value': 'Genesis Membership'}]","{'files': [{'uri': 'https://arweave.net/OYfAVDKA85OY6zEnrR6_GD4nzqvtsht86GPJptUqw-s', 'type': 'video/mp4'}], 'category': 'video', 'creators': [{'address': '3Vp72o1PD3pxz4Uwtc7uaRf6RZ6LBrKEv1AgT4MsbTc5', 'share': 5}, {'address': 'XKuNQ5Nanm9hMi52yVvA8RhxgKXy6ZTthJK2QgSnntJ', 'share': 95}]}",1,XKuNQ5Nanm9hMi52yVvA8RhxgKXy6ZTthJK2QgSnntJ,1,{},{},False,"{'auctionHouseKey': 'E8cU1WiRWjanGxmn96ewBgk9vPTcL6AEZ1t6F6fkgUWe', 'sellerReferral': 'autMW8SgBkVYeBgqYiTuJZnkvDZMVU2MHJh9Jh7CSQ2', 'expiry': -1}"
4,C9NCbt3YLw5WD4n1p2arpQFsRhzw8JWJWmxvRjQWQZ28,62.0,6i5oUCCmGAoxwdxUFfycmJ2Yj9BmnTjFgEqdq5JDEEUT,HLWuHcuMHdFTmWUPHRD3gnzgnGNDtfZhTENg9pgNpikg,visionary_studios,Visionary Studios,https://arweave.net/liJYoNwv6oHlxnZzV4K8Du8QTsHwD0mexOwKkwfjm8I,Visionary Studios #71,777 Genesis Membership NFT's for Visionary Studios.,https://arweave.net/OYfAVDKA85OY6zEnrR6_GD4nzqvtsht86GPJptUqw-s,video,"[{'address': '6oNpLuaME2HbAgUK4aPvLoPof5VnUXxJPL1eGa6zAKk8', 'verified': 1, 'share': 0}, {'address': '3Vp72o1PD3pxz4Uwtc7uaRf6RZ6LBrKEv1AgT4MsbTc5', 'verified': 0, 'share': 5}, {'address': 'XKuNQ5Nanm9hMi52yVvA8RhxgKXy6ZTthJK2QgSnntJ', 'verified': 0, 'share': 95}]",1111,Dtwc7y4QfsPTYgt1umLpvAtgzLGcPy65RAoaLeFCd7ht,"[{'trait_type': 'Visionary Studios', 'value': 'Genesis Membership'}]","{'files': [{'uri': 'https://arweave.net/OYfAVDKA85OY6zEnrR6_GD4nzqvtsht86GPJptUqw-s', 'type': 'video/mp4'}], 'category': 'video', 'creators': [{'address': '3Vp72o1PD3pxz4Uwtc7uaRf6RZ6LBrKEv1AgT4MsbTc5', 'share': 5}, {'address': 'XKuNQ5Nanm9hMi52yVvA8RhxgKXy6ZTthJK2QgSnntJ', 'share': 95}]}",1,XKuNQ5Nanm9hMi52yVvA8RhxgKXy6ZTthJK2QgSnntJ,1,{},{},False,"{'auctionHouseKey': 'E8cU1WiRWjanGxmn96ewBgk9vPTcL6AEZ1t6F6fkgUWe', 'sellerReferral': 'autMW8SgBkVYeBgqYiTuJZnkvDZMVU2MHJh9Jh7CSQ2', 'expiry': -1}"
5,9V4MLqSiixyZQjo8HfCN59U6XG6n4XRd8j325QSksuP6,62.69,SoYAX8cmXuWJPqd8HBiLMMLoGFrxjhYHuQQGNwUknut,2rxVZkCxjVUZ2NCYwKeJAE7TRCzUMNPAcnSZo3E9xdVk,visionary_studios,Visionary Studios,https://arweave.net/liJYoNwv6oHlxnZzV4K8Du8QTsHwD0mexOwKkwfjm8I,Visionary Studios #709,777 Genesis Membership NFT's for Visionary Studios.,https://arweave.net/OYfAVDKA85OY6zEnrR6_GD4nzqvtsht86GPJptUqw-s,video,"[{'address': '6oNpLuaME2HbAgUK4aPvLoPof5VnUXxJPL1eGa6zAKk8', 'verified': 1, 'share': 0}, {'address': '3Vp72o1PD3pxz4Uwtc7uaRf6RZ6LBrKEv1AgT4MsbTc5', 'verified': 0, 'share': 5}, {'address': 'XKuNQ5Nanm9hMi52yVvA8RhxgKXy6ZTthJK2QgSnntJ', 'verified': 0, 'share': 95}]",1111,BWJu4Uk9Gop1V2MvFRJXeUtPXidAqySA6XystbyLtgSc,"[{'trait_type': 'Visionary Studios', 'value': 'Genesis Membership'}]","{'files': [{'uri': 'https://arweave.net/OYfAVDKA85OY6zEnrR6_GD4nzqvtsht86GPJptUqw-s', 'type': 'video/mp4'}], 'category': 'video', 'creators': [{'address': '3Vp72o1PD3pxz4Uwtc7uaRf6RZ6LBrKEv1AgT4MsbTc5', 'share': 5}, {'address': 'XKuNQ5Nanm9hMi52yVvA8RhxgKXy6ZTthJK2QgSnntJ', 'share': 95}]}",1,XKuNQ5Nanm9hMi52yVvA8RhxgKXy6ZTthJK2QgSnntJ,1,{},{},False,"{'auctionHouseKey': 'E8cU1WiRWjanGxmn96ewBgk9vPTcL6AEZ1t6F6fkgUWe', 'sellerReferral': 'autMW8SgBkVYeBgqYiTuJZnkvDZMVU2MHJh9Jh7CSQ2', 'expiry': -1}"
6,5QP2vS6EzrgmgFGtQ7NnoXcmq5Qy1XP4kN61FCVYRDSJ,65.0,7tjDAwcwvFp4LPQgwo3CkZBMEmhsqrPyJq22dn8q51qS,CaTHB5NFXiAKTYRM8nnk1aKpcK2DXau9kftc9Jyc4amz,visionary_studios,Visionary Studios,https://arweave.net/liJYoNwv6oHlxnZzV4K8Du8QTsHwD0mexOwKkwfjm8I,Visionary Studios #637,777 Genesis Membership NFT's for Visionary Studios.,https://arweave.net/OYfAVDKA85OY6zEnrR6_GD4nzqvtsht86GPJptUqw-s,video,"[{'address': '6oNpLuaME2HbAgUK4aPvLoPof5VnUXxJPL1eGa6zAKk8', 'verified': 1, 'share': 0}, {'address': '3Vp72o1PD3pxz4Uwtc7uaRf6RZ6LBrKEv1AgT4MsbTc5', 'verified': 0, 'share': 5}, {'address': 'XKuNQ5Nanm9hMi52yVvA8RhxgKXy6ZTthJK2QgSnntJ', 'verified': 0, 'share': 95}]",1111,3xmysZgistvo6n3ME2xyY1A4PagGb5CSpG18hFShJMaS,"[{'trait_type': 'Visionary Studios', 'value': 'Genesis Membership'}]","{'files': [{'uri': 'https://arweave.net/OYfAVDKA85OY6zEnrR6_GD4nzqvtsht86GPJptUqw-s', 'type': 'video/mp4'}], 'category': 'video', 'creators': [{'address': '3Vp72o1PD3pxz4Uwtc7uaRf6RZ6LBrKEv1AgT4MsbTc5', 'share': 5}, {'address': 'XKuNQ5Nanm9hMi52yVvA8RhxgKXy6ZTthJK2QgSnntJ', 'share': 95}]}",1,XKuNQ5Nanm9hMi52yVvA8RhxgKXy6ZTthJK2QgSnntJ,1,{},{},False,"{'auctionHouseKey': 'E8cU1WiRWjanGxmn96ewBgk9vPTcL6AEZ1t6F6fkgUWe', 'sellerReferral': 'autMW8SgBkVYeBgqYiTuJZnkvDZMVU2MHJh9Jh7CSQ2', 'expiry': -1}"
7,CwyGswobkXUuKurkUMHUMy2aGTETEzuQthXzLXg7fD2B,69.0,4Jg25DWutLCpp336sYp7vD4mZF6cPAK55RjdDCinGwWz,3WaHFhgk2oojwaD2xGQgLpV2ySjbQjD2BziBR7LfVj5C,visionary_studios,Visionary Studios,https://arweave.net/liJYoNwv6oHlxnZzV4K8Du8QTsHwD0mexOwKkwfjm8I,Visionary Studios #494,777 Genesis Membership NFT's for Visionary Studios.,https://arweave.net/OYfAVDKA85OY6zEnrR6_GD4nzqvtsht86GPJptUqw-s,video,"[{'address': '6oNpLuaME2HbAgUK4aPvLoPof5VnUXxJPL1eGa6zAKk8', 'verified': 1, 'share': 0}, {'address': '3Vp72o1PD3pxz4Uwtc7uaRf6RZ6LBrKEv1AgT4MsbTc5', 'verified': 0, 'share': 5}, {'address': 'XKuNQ5Nanm9hMi52yVvA8RhxgKXy6ZTthJK2QgSnntJ', 'verified': 0, 'share': 95}]",1111,BnoXGrAaiTDTcuCYS1TcAZUj4yizfnyF87JMxcCjE8SU,"[{'trait_type': 'Visionary Studios', 'value': 'Genesis Membership'}]","{'files': [{'uri': 'https://arweave.net/OYfAVDKA85OY6zEnrR6_GD4nzqvtsht86GPJptUqw-s', 'type': 'video/mp4'}], 'category': 'video', 'creators': [{'address': '3Vp72o1PD3pxz4Uwtc7uaRf6RZ6LBrKEv1AgT4MsbTc5', 'share': 5}, {'address': 'XKuNQ5Nanm9hMi52yVvA8RhxgKXy6ZTthJK2QgSnntJ', 'share': 95}]}",1,XKuNQ5Nanm9hMi52yVvA8RhxgKXy6ZTthJK2QgSnntJ,1,{},{},False,"{'auctionHouseKey': 'E8cU1WiRWjanGxmn96ewBgk9vPTcL6AEZ1t6F6fkgUWe', 'sellerReferral': 'autMW8SgBkVYeBgqYiTuJZnkvDZMVU2MHJh9Jh7CSQ2', 'expiry': -1}"
8,5yyVz2FwUZJh3DPjBc9UiAe4DfSjL2eKgnQA6pXZWtFS,69.69,3pD1e4UKb1cjrzu3vaJPcsvxZaDp8bbdpGDH42tjDmvL,HYTtfN3c7BmteyZ9Zgh2bDzTjWJkPTFnGMtgV7XJ4bzp,visionary_studios,Visionary Studios,https://arweave.net/liJYoNwv6oHlxnZzV4K8Du8QTsHwD0mexOwKkwfjm8I,Visionary Studios #715,777 Genesis Membership NFT's for Visionary Studios.,https://arweave.net/OYfAVDKA85OY6zEnrR6_GD4nzqvtsht86GPJptUqw-s,video,"[{'address': '6oNpLuaME2HbAgUK4aPvLoPof5VnUXxJPL1eGa6zAKk8', 'verified': 1, 'share': 0}, {'address': '3Vp72o1PD3pxz4Uwtc7uaRf6RZ6LBrKEv1AgT4MsbTc5', 'verified': 0, 'share': 5}, {'address': 'XKuNQ5Nanm9hMi52yVvA8RhxgKXy6ZTthJK2QgSnntJ', 'verified': 0, 'share': 95}]",1111,GYokj1jsThu4etBYJ2SwrUfxtDsLQUvNSbPvk11EQU4a,"[{'trait_type': 'Visionary Studios', 'value': 'Genesis Membership'}]","{'files': [{'uri': 'https://arweave.net/OYfAVDKA85OY6zEnrR6_GD4nzqvtsht86GPJptUqw-s', 'type': 'video/mp4'}], 'category': 'video', 'creators': [{'address': '3Vp72o1PD3pxz4Uwtc7uaRf6RZ6LBrKEv1AgT4MsbTc5', 'share': 5}, {'address': 'XKuNQ5Nanm9hMi52yVvA8RhxgKXy6ZTthJK2QgSnntJ', 'share': 95}]}",1,XKuNQ5Nanm9hMi52yVvA8RhxgKXy6ZTthJK2QgSnntJ,1,{},{},False,"{'auctionHouseKey': 'E8cU1WiRWjanGxmn96ewBgk9vPTcL6AEZ1t6F6fkgUWe', 'sellerReferral': 'autMW8SgBkVYeBgqYiTuJZnkvDZMVU2MHJh9Jh7CSQ2', 'expiry': -1}"
9,9gebnLmzwdktJhaXvAEicpHpfMSL1c8q3HCaYeQ4hmMS,74.0,EH6mHL2ThUnRMZ8psR4eWiy1iaGQ27t2b7CJuqoTCMA2,EwWwRmyUfrYDRrtkZXo7tyivjy8tvUSZsRN24jVZvm8R,visionary_studios,Visionary Studios,https://arweave.net/liJYoNwv6oHlxnZzV4K8Du8QTsHwD0mexOwKkwfjm8I,Visionary Studios #259,777 Genesis Membership NFT's for Visionary Studios.,https://arweave.net/OYfAVDKA85OY6zEnrR6_GD4nzqvtsht86GPJptUqw-s,video,"[{'address': '6oNpLuaME2HbAgUK4aPvLoPof5VnUXxJPL1eGa6zAKk8', 'verified': 1, 'share': 0}, {'address': '3Vp72o1PD3pxz4Uwtc7uaRf6RZ6LBrKEv1AgT4MsbTc5', 'verified': 0, 'share': 5}, {'address': 'XKuNQ5Nanm9hMi52yVvA8RhxgKXy6ZTthJK2QgSnntJ', 'verified': 0, 'share': 95}]",1111,7K5BHAcCz6tyWJ1S5ZSkSfD9XUvera553BtSko6qTk2f,"[{'trait_type': 'Visionary Studios', 'value': 'Genesis Membership'}]","{'files': [{'uri': 'https://arweave.net/OYfAVDKA85OY6zEnrR6_GD4nzqvtsht86GPJptUqw-s', 'type': 'video/mp4'}], 'category': 'video', 'creators': [{'address': '3Vp72o1PD3pxz4Uwtc7uaRf6RZ6LBrKEv1AgT4MsbTc5', 'share': 5}, {'address': 'XKuNQ5Nanm9hMi52yVvA8RhxgKXy6ZTthJK2QgSnntJ', 'share': 95}]}",1,XKuNQ5Nanm9hMi52yVvA8RhxgKXy6ZTthJK2QgSnntJ,1,{},{},False,"{'auctionHouseKey': 'E8cU1WiRWjanGxmn96ewBgk9vPTcL6AEZ1t6F6fkgUWe', 'sellerReferral': 'autMW8SgBkVYeBgqYiTuJZnkvDZMVU2MHJh9Jh7CSQ2', 'expiry': -1}"
10,C6ZSSsHhx66xvXkPSWF4xZeZNAjVPNoww3q2mDbxFjrF,79.0,GNkDaxuF1vt8dA6CSRbGAXphevvk7KQZ2tHTP6WP258K,8yGrNLjXv5Y5YqmovkD1Es83WPuVcuFBVYRhexBvQUCt,visionary_studios,Visionary Studios,https://arweave.net/liJYoNwv6oHlxnZzV4K8Du8QTsHwD0mexOwKkwfjm8I,Visionary Studios #234,777 Genesis Membership NFT's for Visionary Studios.,https://arweave.net/OYfAVDKA85OY6zEnrR6_GD4nzqvtsht86GPJptUqw-s,video,"[{'address': '6oNpLuaME2HbAgUK4aPvLoPof5VnUXxJPL1eGa6zAKk8', 'verified': 1, 'share': 0}, {'address': '3Vp72o1PD3pxz4Uwtc7uaRf6RZ6LBrKEv1AgT4MsbTc5', 'verified': 0, 'share': 5}, {'address': 'XKuNQ5Nanm9hMi52yVvA8RhxgKXy6ZTthJK2QgSnntJ', 'verified': 0, 'share': 95}]",1111,5iavyfBA6FMvyv3n6xiwGtzCXpdV4FQcwdA98QXDvnqc,"[{'trait_type': 'Visionary Studios', 'value': 'Genesis Membership'}]","{'files': [{'uri': 'https://arweave.net/OYfAVDKA85OY6zEnrR6_GD4nzqvtsht86GPJptUqw-s', 'type': 'video/mp4'}], 'category': 'video', 'creators': [{'address': '3Vp72o1PD3pxz4Uwtc7uaRf6RZ6LBrKEv1AgT4MsbTc5', 'share': 5}, {'address': 'XKuNQ5Nanm9hMi52yVvA8RhxgKXy6ZTthJK2QgSnntJ', 'share': 95}]}",1,XKuNQ5Nanm9hMi52yVvA8RhxgKXy6ZTthJK2QgSnntJ,1,{},{},False,"{'auctionHouseKey': 'E8cU1WiRWjanGxmn96ewBgk9vPTcL6AEZ1t6F6fkgUWe', 'sellerReferral': 'autMW8SgBkVYeBgqYiTuJZnkvDZMVU2MHJh9Jh7CSQ2', 'expiry': -1}"
11,83m72Poshgm3eqcFvGtyiA52jjKSR6rquc54h5BPCA4c,80.0,5iNs1W8yEDEGiHVdfyBrtwnyisMexMTUjz48RvQhZGSi,AHtF8UD3SPAUpiTrwZXLxmJcsgdhDtSryKguyF3auZpS,visionary_studios,Visionary Studios,https://arweave.net/liJYoNwv6oHlxnZzV4K8Du8QTsHwD0mexOwKkwfjm8I,Visionary Studios #392,777 Genesis Membership NFT's for Visionary Studios.,https://arweave.net/OYfAVDKA85OY6zEnrR6_GD4nzqvtsht86GPJptUqw-s,video,"[{'address': '6oNpLuaME2HbAgUK4aPvLoPof5VnUXxJPL1eGa6zAKk8', 'verified': 1, 'share': 0}, {'address': '3Vp72o1PD3pxz4Uwtc7uaRf6RZ6LBrKEv1AgT4MsbTc5', 'verified': 0, 'share': 5}, {'address': 'XKuNQ5Nanm9hMi52yVvA8RhxgKXy6ZTthJK2QgSnntJ', 'verified': 0, 'share': 95}]",1111,GcMkoBiemWjp6Gy5fx1Vi8p9aqGzsAYnyP3pM4TEQWdR,"[{'trait_type': 'Visionary Studios', 'value': 'Genesis Membership'}]","{'files': [{'uri': 'https://arweave.net/OYfAVDKA85OY6zEnrR6_GD4nzqvtsht86GPJptUqw-s', 'type': 'video/mp4'}], 'category': 'video', 'creators': [{'address': '3Vp72o1PD3pxz4Uwtc7uaRf6RZ6LBrKEv1AgT4MsbTc5', 'share': 5}, {'address': 'XKuNQ5Nanm9hMi52yVvA8RhxgKXy6ZTthJK2QgSnntJ', 'share': 95}]}",1,XKuNQ5Nanm9hMi52yVvA8RhxgKXy6ZTthJK2QgSnntJ,1,{},{},False,"{'auctionHouseKey': 'E8cU1WiRWjanGxmn96ewBgk9vPTcL6AEZ1t6F6fkgUWe', 'sellerReferral': 'autMW8SgBkVYeBgqYiTuJZnkvDZMVU2MHJh9Jh7CSQ2', 'expiry': -1}"
12,2zgaccJoffwWMeHnc6APJoRXsGqgkPWxcbtsDgMJngoG,80.0,9QHZ8FEiJ3kzNC61FCpk2v97qjjrLtH7wUcNcHZPrs6E,7dNpUfsJu2iyhsmZLp4nD8F22a1qYZLoUjiFRDd8ARFE,visionary_studios,Visionary Studios,https://arweave.net/liJYoNwv6oHlxnZzV4K8Du8QTsHwD0mexOwKkwfjm8I,Visionary Studios #735,777 Genesis Membership NFT's for Visionary Studios.,https://arweave.net/OYfAVDKA85OY6zEnrR6_GD4nzqvtsht86GPJptUqw-s,video,"[{'address': '6oNpLuaME2HbAgUK4aPvLoPof5VnUXxJPL1eGa6zAKk8', 'verified': 1, 'share': 0}, {'address': '3Vp72o1PD3pxz4Uwtc7uaRf6RZ6LBrKEv1AgT4MsbTc5', 'verified': 0, 'share': 5}, {'address': 'XKuNQ5Nanm9hMi52yVvA8RhxgKXy6ZTthJK2QgSnntJ', 'verified': 0, 'share': 95}]",1111,GKBX8jxBPPrAijB2KYNh8SJ7ZjdKseT9HXvukR786CyL,"[{'trait_type': 'Visionary Studios', 'value': 'Genesis Membership'}]","{'files': [{'uri': 'https://arweave.net/OYfAVDKA85OY6zEnrR6_GD4nzqvtsht86GPJptUqw-s', 'type': 'video/mp4'}], 'category': 'video', 'creators': [{'address': '3Vp72o1PD3pxz4Uwtc7uaRf6RZ6LBrKEv1AgT4MsbTc5', 'share': 5}, {'address': 'XKuNQ5Nanm9hMi52yVvA8RhxgKXy6ZTthJK2QgSnntJ', 'share': 95}]}",1,XKuNQ5Nanm9hMi52yVvA8RhxgKXy6ZTthJK2QgSnntJ,1,{},{},False,"{'auctionHouseKey': 'E8cU1WiRWjanGxmn96ewBgk9vPTcL6AEZ1t6F6fkgUWe', 'sellerReferral': 'autMW8SgBkVYeBgqYiTuJZnkvDZMVU2MHJh9Jh7CSQ2', 'expiry': -1}"
13,DRswHyBDR1t36VNFQuywxXfUw2tuY3U9ytfeHXYA9uNv,85.69,J67jgGXiqFtfhn2uqE2dsowLUKwGfkXurHdeknVggKzA,7bqznyA7gxVCUmdwAjQ4fbWWF4bWEB5z3mAYUBXp7TJn,visionary_studios,Visionary Studios,https://arweave.net/liJYoNwv6oHlxnZzV4K8Du8QTsHwD0mexOwKkwfjm8I,Visionary Studios #74,777 Genesis Membership NFT's for Visionary Studios.,https://arweave.net/OYfAVDKA85OY6zEnrR6_GD4nzqvtsht86GPJptUqw-s,video,"[{'address': '6oNpLuaME2HbAgUK4aPvLoPof5VnUXxJPL1eGa6zAKk8', 'verified': 1, 'share': 0}, {'address': '3Vp72o1PD3pxz4Uwtc7uaRf6RZ6LBrKEv1AgT4MsbTc5', 'verified': 0, 'share': 5}, {'address': 'XKuNQ5Nanm9hMi52yVvA8RhxgKXy6ZTthJK2QgSnntJ', 'verified': 0, 'share': 95}]",1111,2veRcpokAsX9W2XmZ3RoeLMBrbcdLsRyXwANEUmYC9Kj,"[{'trait_type': 'Visionary Studios', 'value': 'Genesis Membership'}]","{'files': [{'uri': 'https://arweave.net/OYfAVDKA85OY6zEnrR6_GD4nzqvtsht86GPJptUqw-s', 'type': 'video/mp4'}], 'category': 'video', 'creators': [{'address': '3Vp72o1PD3pxz4Uwtc7uaRf6RZ6LBrKEv1AgT4MsbTc5', 'share': 5}, {'address': 'XKuNQ5Nanm9hMi52yVvA8RhxgKXy6ZTthJK2QgSnntJ', 'share': 95}]}",1,XKuNQ5Nanm9hMi52yVvA8RhxgKXy6ZTthJK2QgSnntJ,1,{},{},False,"{'auctionHouseKey': 'E8cU1WiRWjanGxmn96ewBgk9vPTcL6AEZ1t6F6fkgUWe', 'sellerReferral': 'autMW8SgBkVYeBgqYiTuJZnkvDZMVU2MHJh9Jh7CSQ2', 'expiry': -1}"
14,EWAM5ZDQgxdcBMve5MHah4ED5GKkHJHWtxSQFRGYWhX7,88.0,64VBic7RyyEzTjqG2NJLTSdLXCdgSDqtaTDRMNzFLmUs,EwongJ8HhxJFAtbAXjsBEX218PXzCTUc8tRNuwRgG62c,visionary_studios,Visionary Studios,https://arweave.net/liJYoNwv6oHlxnZzV4K8Du8QTsHwD0mexOwKkwfjm8I,Visionary Studios #623,777 Genesis Membership NFT's for Visionary Studios.,https://arweave.net/OYfAVDKA85OY6zEnrR6_GD4nzqvtsht86GPJptUqw-s,video,"[{'address': '6oNpLuaME2HbAgUK4aPvLoPof5VnUXxJPL1eGa6zAKk8', 'verified': 1, 'share': 0}, {'address': '3Vp72o1PD3pxz4Uwtc7uaRf6RZ6LBrKEv1AgT4MsbTc5', 'verified': 0, 'share': 5}, {'address': 'XKuNQ5Nanm9hMi52yVvA8RhxgKXy6ZTthJK2QgSnntJ', 'verified': 0, 'share': 95}]",1111,3XKYB44jV981yCoVnTQRDW1essrqyefrtsReYmMTBHFs,"[{'trait_type': 'Visionary Studios', 'value': 'Genesis Membership'}]","{'files': [{'uri': 'https://arweave.net/OYfAVDKA85OY6zEnrR6_GD4nzqvtsht86GPJptUqw-s', 'type': 'video/mp4'}], 'category': 'video', 'creators': [{'address': '3Vp72o1PD3pxz4Uwtc7uaRf6RZ6LBrKEv1AgT4MsbTc5', 'share': 5}, {'address': 'XKuNQ5Nanm9hMi52yVvA8RhxgKXy6ZTthJK2QgSnntJ', 'share': 95}]}",1,XKuNQ5Nanm9hMi52yVvA8RhxgKXy6ZTthJK2QgSnntJ,1,{},{},False,"{'auctionHouseKey': 'E8cU1WiRWjanGxmn96ewBgk9vPTcL6AEZ1t6F6fkgUWe', 'sellerReferral': 'autMW8SgBkVYeBgqYiTuJZnkvDZMVU2MHJh9Jh7CSQ2', 'expiry': -1}"
15,4eJhrev6et4Q8MwfPBEcf7zKjQYXXAPHf8caJWGRoxev,89.0,HJRk3pD5Bkyu22Ps4uzGaJo1XKM6BLtpxU7bXkqR8T74,FRR7UWHGE6MKHJkaztfAx2nkGGNBxWiXzik9Y1MfWxUk,visionary_studios,Visionary Studios,https://arweave.net/liJYoNwv6oHlxnZzV4K8Du8QTsHwD0mexOwKkwfjm8I,Visionary Studios #535,777 Genesis Membership NFT's for Visionary Studios.,https://arweave.net/OYfAVDKA85OY6zEnrR6_GD4nzqvtsht86GPJptUqw-s,video,"[{'address': '6oNpLuaME2HbAgUK4aPvLoPof5VnUXxJPL1eGa6zAKk8', 'verified': 1, 'share': 0}, {'address': '3Vp72o1PD3pxz4Uwtc7uaRf6RZ6LBrKEv1AgT4MsbTc5', 'verified': 0, 'share': 5}, {'address': 'XKuNQ5Nanm9hMi52yVvA8RhxgKXy6ZTthJK2QgSnntJ', 'verified': 0, 'share': 95}]",1111,G167f312RcHuDsXjErRbPhJ6f4m3nqc3mbeRfRPBV22E,"[{'trait_type': 'Visionary Studios', 'value': 'Genesis Membership'}]","{'files': [{'uri': 'https://arweave.net/OYfAVDKA85OY6zEnrR6_GD4nzqvtsht86GPJptUqw-s', 'type': 'video/mp4'}], 'category': 'video', 'creators': [{'address': '3Vp72o1PD3pxz4Uwtc7uaRf6RZ6LBrKEv1AgT4MsbTc5', 'share': 5}, {'address': 'XKuNQ5Nanm9hMi52yVvA8RhxgKXy6ZTthJK2QgSnntJ', 'share': 95}]}",1,XKuNQ5Nanm9hMi52yVvA8RhxgKXy6ZTthJK2QgSnntJ,1,{},{},False,"{'auctionHouseKey': 'E8cU1WiRWjanGxmn96ewBgk9vPTcL6AEZ1t6F6fkgUWe', 'sellerReferral': 'autMW8SgBkVYeBgqYiTuJZnkvDZMVU2MHJh9Jh7CSQ2', 'expiry': -1}"
16,FGLv1coLquNTUt29wDRDrA3U4kj4eqLSTQ9xQXnrBmc8,90.0,EDFhqqjAgNjhcdd1aWoGapYroesys5sbr3FtUFMdeRNE,2YV2SNvCtZwDzbJ6gvuxNBaDSJ7xaHCrCDSvBdiRE9Tu,visionary_studios,Visionary Studios,https://arweave.net/liJYoNwv6oHlxnZzV4K8Du8QTsHwD0mexOwKkwfjm8I,Visionary Studios #476,777 Genesis Membership NFT's for Visionary Studios.,https://arweave.net/OYfAVDKA85OY6zEnrR6_GD4nzqvtsht86GPJptUqw-s,video,"[{'address': '6oNpLuaME2HbAgUK4aPvLoPof5VnUXxJPL1eGa6zAKk8', 'verified': 1, 'share': 0}, {'address': '3Vp72o1PD3pxz4Uwtc7uaRf6RZ6LBrKEv1AgT4MsbTc5', 'verified': 0, 'share': 5}, {'address': 'XKuNQ5Nanm9hMi52yVvA8RhxgKXy6ZTthJK2QgSnntJ', 'verified': 0, 'share': 95}]",1111,ETkK5SH8ipY3uSjMXp7cnmvpvFramuhf1kKvv1tigLXZ,"[{'trait_type': 'Visionary Studios', 'value': 'Genesis Membership'}]","{'files': [{'uri': 'https://arweave.net/OYfAVDKA85OY6zEnrR6_GD4nzqvtsht86GPJptUqw-s', 'type': 'video/mp4'}], 'category': 'video', 'creators': [{'address': '3Vp72o1PD3pxz4Uwtc7uaRf6RZ6LBrKEv1AgT4MsbTc5', 'share': 5}, {'address': 'XKuNQ5Nanm9hMi52yVvA8RhxgKXy6ZTthJK2QgSnntJ', 'share': 95}]}",1,XKuNQ5Nanm9hMi52yVvA8RhxgKXy6ZTthJK2QgSnntJ,1,{},{},False,"{'auctionHouseKey': 'E8cU1WiRWjanGxmn96ewBgk9vPTcL6AEZ1t6F6fkgUWe', 'sellerReferral': 'autMW8SgBkVYeBgqYiTuJZnkvDZMVU2MHJh9Jh7CSQ2', 'expiry': -1}"
17,6HCZZDFe75y87L9zrk4NaKeiaFAGTKm5jM5i7GCcwa8S,95.0,41u3fNEf5vtKXxPfSoDWUVYBVG4Jr5w8azbyhYK8uBAd,F5Nisvptt92QtfA77gTMhwmZRhBihJuPAVSMNzkS4Qwp,visionary_studios,Visionary Studios,https://arweave.net/liJYoNwv6oHlxnZzV4K8Du8QTsHwD0mexOwKkwfjm8I,Visionary Studios #164,777 Genesis Membership NFT's for Visionary Studios.,https://arweave.net/OYfAVDKA85OY6zEnrR6_GD4nzqvtsht86GPJptUqw-s,video,"[{'address': '6oNpLuaME2HbAgUK4aPvLoPof5VnUXxJPL1eGa6zAKk8', 'verified': 1, 'share': 0}, {'address': '3Vp72o1PD3pxz4Uwtc7uaRf6RZ6LBrKEv1AgT4MsbTc5', 'verified': 0, 'share': 5}, {'address': 'XKuNQ5Nanm9hMi52yVvA8RhxgKXy6ZTthJK2QgSnntJ', 'verified': 0, 'share': 95}]",1111,DjWGfNJCkMSZDT4UuNFBaYKQSGzjPsrWegjGBFnLUJFy,"[{'trait_type': 'Visionary Studios', 'value': 'Genesis Membership'}]","{'files': [{'uri': 'https://arweave.net/OYfAVDKA85OY6zEnrR6_GD4nzqvtsht86GPJptUqw-s', 'type': 'video/mp4'}], 'category': 'video', 'creators': [{'address': '3Vp72o1PD3pxz4Uwtc7uaRf6RZ6LBrKEv1AgT4MsbTc5', 'share': 5}, {'address': 'XKuNQ5Nanm9hMi52yVvA8RhxgKXy6ZTthJK2QgSnntJ', 'share': 95}]}",1,XKuNQ5Nanm9hMi52yVvA8RhxgKXy6ZTthJK2QgSnntJ,1,{},{},False,"{'auctionHouseKey': 'E8cU1WiRWjanGxmn96ewBgk9vPTcL6AEZ1t6F6fkgUWe', 'sellerReferral': 'autMW8SgBkVYeBgqYiTuJZnkvDZMVU2MHJh9Jh7CSQ2', 'expiry': -1}"
18,4ZFvSGLrhC5wgY3VGjCog8hYR7soJ8Nh3kh4MGGza8Vo,99.69,Jxt7ESjY2Rp2SyVAUnEaDDHbFqqB9JRuqd4W8b5T6WY,91cctywVaSqeaa3ysYRgAsTQRG8PWnBvYdRgs1q5JbgN,visionary_studios,Visionary Studios,https://arweave.net/liJYoNwv6oHlxnZzV4K8Du8QTsHwD0mexOwKkwfjm8I,Visionary Studios #313,777 Genesis Membership NFT's for Visionary Studios.,https://arweave.net/OYfAVDKA85OY6zEnrR6_GD4nzqvtsht86GPJptUqw-s,video,"[{'address': '6oNpLuaME2HbAgUK4aPvLoPof5VnUXxJPL1eGa6zAKk8', 'verified': 1, 'share': 0}, {'address': '3Vp72o1PD3pxz4Uwtc7uaRf6RZ6LBrKEv1AgT4MsbTc5', 'verified': 0, 'share': 5}, {'address': 'XKuNQ5Nanm9hMi52yVvA8RhxgKXy6ZTthJK2QgSnntJ', 'verified': 0, 'share': 95}]",1111,8kZFvNwtnBFKmRzvwxCDMEXWXhjSSV1fWs23znCHmQNn,"[{'trait_type': 'Visionary Studios', 'value': 'Genesis Membership'}]","{'files': [{'uri': 'https://arweave.net/OYfAVDKA85OY6zEnrR6_GD4nzqvtsht86GPJptUqw-s', 'type': 'video/mp4'}], 'category': 'video', 'creators': [{'address': '3Vp72o1PD3pxz4Uwtc7uaRf6RZ6LBrKEv1AgT4MsbTc5', 'share': 5}, {'address': 'XKuNQ5Nanm9hMi52yVvA8RhxgKXy6ZTthJK2QgSnntJ', 'share': 95}]}",1,XKuNQ5Nanm9hMi52yVvA8RhxgKXy6ZTthJK2QgSnntJ,1,{},{},False,"{'auctionHouseKey': 'E8cU1WiRWjanGxmn96ewBgk9vPTcL6AEZ1t6F6fkgUWe', 'sellerReferral': 'autMW8SgBkVYeBgqYiTuJZnkvDZMVU2MHJh9Jh7CSQ2', 'expiry': -1}"
19,F7VPqw1TjkQuh3yZbC7jgcWfh9xK7YfXxApJMazDfq8X,99.99,CANGQYztP5XXXvwCrcRrwcNW4Nr3PE1exZwdBbvZCogJ,HNyznfBZGJCc3HqzU8uFjxZKYW7wRHrB9jzN63mTF9e9,visionary_studios,Visionary Studios,https://arweave.net/liJYoNwv6oHlxnZzV4K8Du8QTsHwD0mexOwKkwfjm8I,Visionary Studios #439,777 Genesis Membership NFT's for Visionary Studios.,https://arweave.net/OYfAVDKA85OY6zEnrR6_GD4nzqvtsht86GPJptUqw-s,video,"[{'address': '6oNpLuaME2HbAgUK4aPvLoPof5VnUXxJPL1eGa6zAKk8', 'verified': 1, 'share': 0}, {'address': '3Vp72o1PD3pxz4Uwtc7uaRf6RZ6LBrKEv1AgT4MsbTc5', 'verified': 0, 'share': 5}, {'address': 'XKuNQ5Nanm9hMi52yVvA8RhxgKXy6ZTthJK2QgSnntJ', 'verified': 0, 'share': 95}]",1111,J3zZNNdgstHKFwfNH4yZG19Ci9GEHJDQjJHGhc6cTTGb,"[{'trait_type': 'Visionary Studios', 'value': 'Genesis Membership'}]","{'files': [{'uri': 'https://arweave.net/OYfAVDKA85OY6zEnrR6_GD4nzqvtsht86GPJptUqw-s', 'type': 'video/mp4'}], 'category': 'video', 'creators': [{'address': '3Vp72o1PD3pxz4Uwtc7uaRf6RZ6LBrKEv1AgT4MsbTc5', 'share': 5}, {'address': 'XKuNQ5Nanm9hMi52yVvA8RhxgKXy6ZTthJK2QgSnntJ', 'share': 95}]}",1,XKuNQ5Nanm9hMi52yVvA8RhxgKXy6ZTthJK2QgSnntJ,1,{},{},False,"{'auctionHouseKey': 'E8cU1WiRWjanGxmn96ewBgk9vPTcL6AEZ1t6F6fkgUWe', 'sellerReferral': 'autMW8SgBkVYeBgqYiTuJZnkvDZMVU2MHJh9Jh7CSQ2', 'expiry': -1}"
20,BXYEgnhg6XVoQ4kJPScz8xFkrgqwCs4zgjMn3V7oGCau,100.0,CLDBaYbfFBVsmoRaVWzPHHZYPbRkuLcHC15jQcbNZeWb,8HcrgYiiLNHtv3Rts15EYAnNYhGRZdrUPVvGGiuA2v6D,visionary_studios,Visionary Studios,https://arweave.net/liJYoNwv6oHlxnZzV4K8Du8QTsHwD0mexOwKkwfjm8I,Visionary Studios #172,777 Genesis Membership NFT's for Visionary Studios.,https://arweave.net/OYfAVDKA85OY6zEnrR6_GD4nzqvtsht86GPJptUqw-s,video,"[{'address': '6oNpLuaME2HbAgUK4aPvLoPof5VnUXxJPL1eGa6zAKk8', 'verified': 1, 'share': 0}, {'address': '3Vp72o1PD3pxz4Uwtc7uaRf6RZ6LBrKEv1AgT4MsbTc5', 'verified': 0, 'share': 5}, {'address': 'XKuNQ5Nanm9hMi52yVvA8RhxgKXy6ZTthJK2QgSnntJ', 'verified': 0, 'share': 95}]",1111,AYDoCdW4eRvTLnDfAgJ4FevjPo4PK7Tniy9yZHyfyJLs,"[{'trait_type': 'Visionary Studios', 'value': 'Genesis Membership'}]","{'files': [{'uri': 'https://arweave.net/OYfAVDKA85OY6zEnrR6_GD4nzqvtsht86GPJptUqw-s', 'type': 'video/mp4'}], 'category': 'video', 'creators': [{'address': '3Vp72o1PD3pxz4Uwtc7uaRf6RZ6LBrKEv1AgT4MsbTc5', 'share': 5}, {'address': 'XKuNQ5Nanm9hMi52yVvA8RhxgKXy6ZTthJK2QgSnntJ', 'share': 95}]}",1,XKuNQ5Nanm9hMi52yVvA8RhxgKXy6ZTthJK2QgSnntJ,1,{},{},False,"{'auctionHouseKey': 'E8cU1WiRWjanGxmn96ewBgk9vPTcL6AEZ1t6F6fkgUWe', 'sellerReferral': 'autMW8SgBkVYeBgqYiTuJZnkvDZMVU2MHJh9Jh7CSQ2', 'expiry': -1}"
21,CJ3REV983TWF3QtUVvedbpF8Hytye9u8MMrgoD9U5j6S,110.0,GSnjnN3kaabwAPXvqBuWN7uynswavJLBNkc2ts7o9SWU,EqU6t9ZfPmGDJHPcbypYBZfF6wb838FuT958dfovHUZN,visionary_studios,Visionary Studios,https://arweave.net/liJYoNwv6oHlxnZzV4K8Du8QTsHwD0mexOwKkwfjm8I,Visionary Studios #613,777 Genesis Membership NFT's for Visionary Studios.,https://arweave.net/OYfAVDKA85OY6zEnrR6_GD4nzqvtsht86GPJptUqw-s,video,"[{'address': '6oNpLuaME2HbAgUK4aPvLoPof5VnUXxJPL1eGa6zAKk8', 'verified': 1, 'share': 0}, {'address': '3Vp72o1PD3pxz4Uwtc7uaRf6RZ6LBrKEv1AgT4MsbTc5', 'verified': 0, 'share': 5}, {'address': 'XKuNQ5Nanm9hMi52yVvA8RhxgKXy6ZTthJK2QgSnntJ', 'verified': 0, 'share': 95}]",1111,Y3pzUMtC8N7oac8n6UaZ5sRcvkpT9L1gnfdo6tennXn,"[{'trait_type': 'Visionary Studios', 'value': 'Genesis Membership'}]","{'files': [{'uri': 'https://arweave.net/OYfAVDKA85OY6zEnrR6_GD4nzqvtsht86GPJptUqw-s', 'type': 'video/mp4'}], 'category': 'video', 'creators': [{'address': '3Vp72o1PD3pxz4Uwtc7uaRf6RZ6LBrKEv1AgT4MsbTc5', 'share': 5}, {'address': 'XKuNQ5Nanm9hMi52yVvA8RhxgKXy6ZTthJK2QgSnntJ', 'share': 95}]}",1,XKuNQ5Nanm9hMi52yVvA8RhxgKXy6ZTthJK2QgSnntJ,1,{},{},False,"{'auctionHouseKey': 'E8cU1WiRWjanGxmn96ewBgk9vPTcL6AEZ1t6F6fkgUWe', 'sellerReferral': 'autMW8SgBkVYeBgqYiTuJZnkvDZMVU2MHJh9Jh7CSQ2', 'expiry': -1}"
22,F5gFyKp52qTxbKUdTD53ViwdET9MAnYRxL9N31Ub2nUx,122.0,38yS2yBt5VazLbtqgwHJzJ21wYWfxruGmK34KqvtoMVf,6XEkqBXZEqLkTDopuuPLzFSyFVKGWUKjUcX99AH32zVS,visionary_studios,Visionary Studios,https://arweave.net/liJYoNwv6oHlxnZzV4K8Du8QTsHwD0mexOwKkwfjm8I,Visionary Studios #352,777 Genesis Membership NFT's for Visionary Studios.,https://arweave.net/OYfAVDKA85OY6zEnrR6_GD4nzqvtsht86GPJptUqw-s,video,"[{'address': '6oNpLuaME2HbAgUK4aPvLoPof5VnUXxJPL1eGa6zAKk8', 'verified': 1, 'share': 0}, {'address': '3Vp72o1PD3pxz4Uwtc7uaRf6RZ6LBrKEv1AgT4MsbTc5', 'verified': 0, 'share': 5}, {'address': 'XKuNQ5Nanm9hMi52yVvA8RhxgKXy6ZTthJK2QgSnntJ', 'verified': 0, 'share': 95}]",1111,4qsG5EmrNM67UToETNrXkNSxtC1PvcrzA6YxXpChUCKh,"[{'trait_type': 'Visionary Studios', 'value': 'Genesis Membership'}]","{'files': [{'uri': 'https://arweave.net/OYfAVDKA85OY6zEnrR6_GD4nzqvtsht86GPJptUqw-s', 'type': 'video/mp4'}], 'category': 'video', 'creators': [{'address': '3Vp72o1PD3pxz4Uwtc7uaRf6RZ6LBrKEv1AgT4MsbTc5', 'share': 5}, {'address': 'XKuNQ5Nanm9hMi52yVvA8RhxgKXy6ZTthJK2QgSnntJ', 'share': 95}]}",1,XKuNQ5Nanm9hMi52yVvA8RhxgKXy6ZTthJK2QgSnntJ,1,{},{},False,"{'auctionHouseKey': 'E8cU1WiRWjanGxmn96ewBgk9vPTcL6AEZ1t6F6fkgUWe', 'sellerReferral': 'autMW8SgBkVYeBgqYiTuJZnkvDZMVU2MHJh9Jh7CSQ2', 'expiry': -1}"
23,Dtr5E6GUJbEgjwui1CZHKqsG9vDpkbwG6vMmXU5PW6r7,700.0,DmpsL4gvyvzUzCrF8Rm8o1ryBkihDnXYyYRwijMufkk2,AdjDbMsNo16bChxVwBo2yxZEnsEiczbG3MgxbU6oCeMR,visionary_studios,Visionary Studios,https://arweave.net/liJYoNwv6oHlxnZzV4K8Du8QTsHwD0mexOwKkwfjm8I,Visionary Studios #700,777 Genesis Membership NFT's for Visionary Studios.,https://arweave.net/OYfAVDKA85OY6zEnrR6_GD4nzqvtsht86GPJptUqw-s,video,"[{'address': '6oNpLuaME2HbAgUK4aPvLoPof5VnUXxJPL1eGa6zAKk8', 'verified': 1, 'share': 0}, {'address': '3Vp72o1PD3pxz4Uwtc7uaRf6RZ6LBrKEv1AgT4MsbTc5', 'verified': 0, 'share': 5}, {'address': 'XKuNQ5Nanm9hMi52yVvA8RhxgKXy6ZTthJK2QgSnntJ', 'verified': 0, 'share': 95}]",1111,D6QAamDxRqnoKPXB6ydJV3e5LY2Wby195idtveyzA8SV,"[{'trait_type': 'Visionary Studios', 'value': 'Genesis Membership'}]","{'files': [{'uri': 'https://arweave.net/OYfAVDKA85OY6zEnrR6_GD4nzqvtsht86GPJptUqw-s', 'type': 'video/mp4'}], 'category': 'video', 'creators': [{'address': '3Vp72o1PD3pxz4Uwtc7uaRf6RZ6LBrKEv1AgT4MsbTc5', 'share': 5}, {'address': 'XKuNQ5Nanm9hMi52yVvA8RhxgKXy6ZTthJK2QgSnntJ', 'share': 95}]}",1,XKuNQ5Nanm9hMi52yVvA8RhxgKXy6ZTthJK2QgSnntJ,1,{},{},False,"{'auctionHouseKey': 'E8cU1WiRWjanGxmn96ewBgk9vPTcL6AEZ1t6F6fkgUWe', 'sellerReferral': 'autMW8SgBkVYeBgqYiTuJZnkvDZMVU2MHJh9Jh7CSQ2', 'expiry': -1}"
