,id,price,escrowPubkey,owner,collectionName,collectionTitle,img,title,content,externalURL,propertyCategory,creators,sellerFeeBasisPoints,mintAddress,attributes,properties,supply,updateAuthority,primarySaleHappened,onChainCollection,rarity,tokenDelegateValid,v2
0,Fr6Zx9YYf7pSnzt16VTdNyZdBbqwdnafQqssPGZg47n5,18.0,DHWvdoF6698XNxHJdFdCVmgVn1uG71WPY27nd2PgUiqp,DX9LAV6vtHYx6c7KaH6U9xkv6EbwYr2av1b6rVknUrbP,zankoku,Zankoku Cybogrez,https://arweave.net/MjwQFifGwCeMwUITTXzcAeWt_KDB_EOMSxkQgcnwE10,Zankoku Cybogrez #175,Cybogrez go BOP BOP,https://zankokuarena.io,image,"[{'address': 'xgLPMgPaFd1mjgP73Ghkogkpokn9AZFQhPAB5nre8m5', 'verified': 1, 'share': 0}, {'address': '52Cy9Xus2JgCszQ9vZq24A4r1gWRgpLLhSG1Bfk1YjNZ', 'verified': 0, 'share': 100}]",1250,2AGArcRDshf9Ji6VdtPxjKdMpxpSQicyBNVtywaAhT7X,"[{'trait_type': 'Background', 'value': 'BG 12'}, {'trait_type': 'Face', 'value': 'Ogre'}, {'trait_type': 'Arms', 'value': 'Undine'}, {'trait_type': 'Accessories', 'value': 'Cross Bandaid'}, {'trait_type': 'Torso', 'value': 'ZOKU011'}, {'trait_type': 'Helmet', 'value': 'Chaser'}, {'trait_type': 'Feet', 'value': 'Wasp'}, {'trait_type': 'Bracers', 'value': 'Eros'}, {'trait_type': 'Hands', 'value': 'Hermit Purple'}]","{'files': [{'type': 'image/png', 'uri': 'https://arweave.net/MjwQFifGwCeMwUITTXzcAeWt_KDB_EOMSxkQgcnwE10'}], 'category': 'image', 'creators': [{'address': '52Cy9Xus2JgCszQ9vZq24A4r1gWRgpLLhSG1Bfk1YjNZ', 'share': 100}]}",1,ZanzPN8P8kP41jq5gTR5yVQMavndvmSxUhSqrSjY36v,1,{},{'moonrank': {'rank': 442}},False,"{'auctionHouseKey': 'E8cU1WiRWjanGxmn96ewBgk9vPTcL6AEZ1t6F6fkgUWe', 'sellerReferral': 'autMW8SgBkVYeBgqYiTuJZnkvDZMVU2MHJh9Jh7CSQ2', 'expiry': -1}"
1,8wnVMJodL6AjyPXMissPs2P7QaJTaGk4Etd98Z54Kyz,18.5,A6FFEb81iNBPhk4YCgg9Mt85zvWuxzgeBthVdHkqbVrj,D1aZ6Ki8ADS2zEuqe9Lezu9XzqumTLKHEaSCvbJQvb11,zankoku,Zankoku Cybogrez,https://arweave.net/ksSZkd4qzyxolA4v8zrAo0_fZBP-2IgoqrGJzvhZVeE,Zankoku Cybogrez #759,Cybogrez go BOP BOP,https://zankokuarena.io,image,"[{'address': 'xgLPMgPaFd1mjgP73Ghkogkpokn9AZFQhPAB5nre8m5', 'verified': 1, 'share': 0}, {'address': '52Cy9Xus2JgCszQ9vZq24A4r1gWRgpLLhSG1Bfk1YjNZ', 'verified': 0, 'share': 100}]",1250,DdvhMTtghReGB5VXSQAjfvBub7z2WWgXHdSdHmXymcuy,"[{'trait_type': 'Background', 'value': 'BG 20'}, {'trait_type': 'Face', 'value': 'Ogre'}, {'trait_type': 'Arms', 'value': 'Shanks'}, {'trait_type': 'Accessories', 'value': '3D Glasses'}, {'trait_type': 'Torso', 'value': 'ZOKU016'}, {'trait_type': 'Helmet', 'value': 'Domino'}, {'trait_type': 'Feet', 'value': 'Berrier'}, {'trait_type': 'Bracers', 'value': 'Hera'}, {'trait_type': 'Hands', 'value': 'Emperor'}]","{'files': [{'type': 'image/png', 'uri': 'https://arweave.net/ksSZkd4qzyxolA4v8zrAo0_fZBP-2IgoqrGJzvhZVeE'}], 'category': 'image', 'creators': [{'address': '52Cy9Xus2JgCszQ9vZq24A4r1gWRgpLLhSG1Bfk1YjNZ', 'share': 100}]}",1,ZanzPN8P8kP41jq5gTR5yVQMavndvmSxUhSqrSjY36v,1,{},{'moonrank': {'rank': 948}},False,"{'auctionHouseKey': 'E8cU1WiRWjanGxmn96ewBgk9vPTcL6AEZ1t6F6fkgUWe', 'sellerReferral': 'autMW8SgBkVYeBgqYiTuJZnkvDZMVU2MHJh9Jh7CSQ2', 'expiry': -1}"
2,E1A1mdZQ1e8xMiQmxyMupWZ2KkgcHGd8QVBrJPCm3ou3,18.7,8yCSUnkteLkdYdrYrh8jHhAhhe8qvxhhEXaNEuRSf42p,FDZRQ7heVzRm7yNGyxmmDHJnq4KsyMbwWSD5duf62oD7,zankoku,Zankoku Cybogrez,https://arweave.net/Ejk4knrya8Me5ONJC0hD5GgFVyUm3cDOgkryVvO5yDM,Zankoku Cybogrez #783,Cybogrez go BOP BOP,https://zankokuarena.io,image,"[{'address': 'xgLPMgPaFd1mjgP73Ghkogkpokn9AZFQhPAB5nre8m5', 'verified': 1, 'share': 0}, {'address': '52Cy9Xus2JgCszQ9vZq24A4r1gWRgpLLhSG1Bfk1YjNZ', 'verified': 0, 'share': 100}]",1250,35TRMoNVYVcGSJRaGkpH3jeXcmyzytnbQK3hXhJajAG6,"[{'trait_type': 'Background', 'value': 'BG 20'}, {'trait_type': 'Face', 'value': 'Ogre'}, {'trait_type': 'Arms', 'value': 'Undine'}, {'trait_type': 'Accessories', 'value': 'Stars'}, {'trait_type': 'Torso', 'value': 'ZOKU018'}, {'trait_type': 'Helmet', 'value': 'Tohth'}, {'trait_type': 'Feet', 'value': 'Kami'}, {'trait_type': 'Bracers', 'value': 'Hera'}, {'trait_type': 'Hands', 'value': 'Sloth'}]","{'files': [{'type': 'image/png', 'uri': 'https://arweave.net/Ejk4knrya8Me5ONJC0hD5GgFVyUm3cDOgkryVvO5yDM'}], 'category': 'image', 'creators': [{'address': '52Cy9Xus2JgCszQ9vZq24A4r1gWRgpLLhSG1Bfk1YjNZ', 'share': 100}]}",1,ZanzPN8P8kP41jq5gTR5yVQMavndvmSxUhSqrSjY36v,1,{},{'moonrank': {'rank': 1099}},False,"{'auctionHouseKey': 'E8cU1WiRWjanGxmn96ewBgk9vPTcL6AEZ1t6F6fkgUWe', 'sellerReferral': 'autMW8SgBkVYeBgqYiTuJZnkvDZMVU2MHJh9Jh7CSQ2', 'expiry': -1}"
3,EhQR5M1XuH8crSsTuG8U3ZKgGhnvZRYZhztprknqbJCW,19.0,CWaeUkqd4xxREKxHghCQZUtJK95vM9KHALqvLDjUNwrh,Ch1skr5ZHiddqRdaGWZLEVwTmQBYF4gafANqcJ12awxS,zankoku,Zankoku Cybogrez,https://arweave.net/Zq-xA-hJvoTxLiFNJJA55FXX6MnsZUgLBwOZohNyS58,Zankoku Cybogrez #552,Cybogrez go BOP BOP,https://zankokuarena.io,image,"[{'address': 'xgLPMgPaFd1mjgP73Ghkogkpokn9AZFQhPAB5nre8m5', 'verified': 1, 'share': 0}, {'address': '52Cy9Xus2JgCszQ9vZq24A4r1gWRgpLLhSG1Bfk1YjNZ', 'verified': 0, 'share': 100}]",1250,6KpTTUEctKB6vXNLhMEvULiXhncqhbP1koGitSRjaRHw,"[{'trait_type': 'Background', 'value': 'BG 13'}, {'trait_type': 'Face', 'value': 'Ogre'}, {'trait_type': 'Arms', 'value': 'Apollo'}, {'trait_type': 'Accessories', 'value': 'Skull'}, {'trait_type': 'Torso', 'value': 'ZOKU017'}, {'trait_type': 'Helmet', 'value': 'Golem'}, {'trait_type': 'Feet', 'value': 'Kami'}, {'trait_type': 'Bracers', 'value': 'Hera'}, {'trait_type': 'Hands', 'value': 'Survivor'}]","{'files': [{'type': 'image/png', 'uri': 'https://arweave.net/Zq-xA-hJvoTxLiFNJJA55FXX6MnsZUgLBwOZohNyS58'}], 'category': 'image', 'creators': [{'address': '52Cy9Xus2JgCszQ9vZq24A4r1gWRgpLLhSG1Bfk1YjNZ', 'share': 100}]}",1,ZanzPN8P8kP41jq5gTR5yVQMavndvmSxUhSqrSjY36v,1,{},{'moonrank': {'rank': 1041}},False,"{'auctionHouseKey': 'E8cU1WiRWjanGxmn96ewBgk9vPTcL6AEZ1t6F6fkgUWe', 'sellerReferral': 'autMW8SgBkVYeBgqYiTuJZnkvDZMVU2MHJh9Jh7CSQ2', 'expiry': -1}"
4,AR8AJau2t64xSxh9b1D3CwqTStBUVKwakyfz1D8Cefxx,19.0,4gA3vaoUGyWhPnw6esdRPGycRohz1U7tewLu72V2mjBj,DUrTAZwDsu329E2E7jfRGQATwkXWTgE8M67pyxVCncLK,zankoku,Zankoku Cybogrez,https://arweave.net/hS5YaUYVyczxFEcWW2kfYhhhEMEypCmSSTGdjhSFr-U,Zankoku Cybogrez #1018,Cybogrez go BOP BOP,https://zankokuarena.io,image,"[{'address': 'xgLPMgPaFd1mjgP73Ghkogkpokn9AZFQhPAB5nre8m5', 'verified': 1, 'share': 0}, {'address': '52Cy9Xus2JgCszQ9vZq24A4r1gWRgpLLhSG1Bfk1YjNZ', 'verified': 0, 'share': 100}]",1250,DjZ1e7ecupDGF6ijqmPTCyGk5ksAqmim1ZTDdGNSS13j,"[{'trait_type': 'Background', 'value': 'BG 15'}, {'trait_type': 'Face', 'value': 'Ogre'}, {'trait_type': 'Arms', 'value': 'Shanks'}, {'trait_type': 'Accessories', 'value': 'Songbird'}, {'trait_type': 'Torso', 'value': 'ZOKU005'}, {'trait_type': 'Helmet', 'value': 'Golem'}, {'trait_type': 'Feet', 'value': 'Hercule'}, {'trait_type': 'Bracers', 'value': 'Hera'}, {'trait_type': 'Hands', 'value': 'Lust'}]","{'files': [{'type': 'image/png', 'uri': 'https://arweave.net/hS5YaUYVyczxFEcWW2kfYhhhEMEypCmSSTGdjhSFr-U'}], 'category': 'image', 'creators': [{'address': '52Cy9Xus2JgCszQ9vZq24A4r1gWRgpLLhSG1Bfk1YjNZ', 'share': 100}]}",1,ZanzPN8P8kP41jq5gTR5yVQMavndvmSxUhSqrSjY36v,1,{},{'moonrank': {'rank': 925}},False,"{'auctionHouseKey': 'E8cU1WiRWjanGxmn96ewBgk9vPTcL6AEZ1t6F6fkgUWe', 'sellerReferral': 'autMW8SgBkVYeBgqYiTuJZnkvDZMVU2MHJh9Jh7CSQ2', 'expiry': -1}"
5,J8uvGV64g84mRFW4epvhcxTH4EoVGACwinigFdvTz1X9,20.0,69jj1LwUaWjVLYMoX8wfw5YBUzVne4k2ATs3QLZwriKu,3NbRPySiJ4RhMVrtPW5Ped72EmCQhM4gi6zzYwiDyFed,zankoku,Zankoku Cybogrez,https://arweave.net/9i12jE1T_f2ldCNedNLrg-pP3JLp4ofoFr1BimTW67E,Zankoku Cybogrez #0,Cybogrez go BOP BOP,https://zankokuarena.io,image,"[{'address': 'xgLPMgPaFd1mjgP73Ghkogkpokn9AZFQhPAB5nre8m5', 'verified': 1, 'share': 0}, {'address': '52Cy9Xus2JgCszQ9vZq24A4r1gWRgpLLhSG1Bfk1YjNZ', 'verified': 0, 'share': 100}]",1250,GaYf75B2741994N7cSuSxqibYeEWbB87NciPgfrPdnPE,"[{'trait_type': 'Background', 'value': 'BG 12'}, {'trait_type': 'Face', 'value': 'Ogre'}, {'trait_type': 'Arms', 'value': 'Ratchet'}, {'trait_type': 'Accessories', 'value': 'Stars'}, {'trait_type': 'Torso', 'value': 'ZOKU005'}, {'trait_type': 'Helmet', 'value': 'Justice'}, {'trait_type': 'Feet', 'value': 'Hero'}, {'trait_type': 'Bracers', 'value': 'Aion'}, {'trait_type': 'Hands', 'value': 'Sloth'}]","{'files': [{'type': 'image/png', 'uri': 'https://arweave.net/9i12jE1T_f2ldCNedNLrg-pP3JLp4ofoFr1BimTW67E'}], 'category': 'image', 'creators': [{'address': '52Cy9Xus2JgCszQ9vZq24A4r1gWRgpLLhSG1Bfk1YjNZ', 'share': 100}]}",1,ZanzPN8P8kP41jq5gTR5yVQMavndvmSxUhSqrSjY36v,1,{},{'moonrank': {'rank': 909}},False,"{'auctionHouseKey': 'E8cU1WiRWjanGxmn96ewBgk9vPTcL6AEZ1t6F6fkgUWe', 'sellerReferral': 'autMW8SgBkVYeBgqYiTuJZnkvDZMVU2MHJh9Jh7CSQ2', 'expiry': -1}"
6,DW3nWoMsJBPAvmk7mVyrytb1iPB6x9YA9WLY6tpqysSj,20.0,4vSRxWdviSK2D9avR1ayFDWhwkiyNWpanL2Ymb7L6733,Ufn3qgXLwWyaCu1wRvPq9q6sfXL9MRFZrCiV3NHJBD2,zankoku,Zankoku Cybogrez,https://arweave.net/BNofcNW-qSignhvwwIZDynf7iMnaMe2cuXpcbqrNSNc,Zankoku Cybogrez #61,Cybogrez go BOP BOP,https://zankokuarena.io,image,"[{'address': 'xgLPMgPaFd1mjgP73Ghkogkpokn9AZFQhPAB5nre8m5', 'verified': 1, 'share': 0}, {'address': '52Cy9Xus2JgCszQ9vZq24A4r1gWRgpLLhSG1Bfk1YjNZ', 'verified': 0, 'share': 100}]",1250,Aj5ftChE5iu4qkc514XULpcLJb2A8sLFLfa2vTfq2hbi,"[{'trait_type': 'Background', 'value': 'BG 13'}, {'trait_type': 'Face', 'value': 'Ogre'}, {'trait_type': 'Arms', 'value': 'Undine'}, {'trait_type': 'Accessories', 'value': 'Alert'}, {'trait_type': 'Torso', 'value': 'ZOKU018'}, {'trait_type': 'Helmet', 'value': 'Golem'}, {'trait_type': 'Feet', 'value': 'Fox'}, {'trait_type': 'Bracers', 'value': 'Aphrodite'}, {'trait_type': 'Hands', 'value': 'Ogre'}]","{'files': [{'type': 'image/png', 'uri': 'https://arweave.net/BNofcNW-qSignhvwwIZDynf7iMnaMe2cuXpcbqrNSNc'}], 'category': 'image', 'creators': [{'address': '52Cy9Xus2JgCszQ9vZq24A4r1gWRgpLLhSG1Bfk1YjNZ', 'share': 100}]}",1,ZanzPN8P8kP41jq5gTR5yVQMavndvmSxUhSqrSjY36v,1,{},{'moonrank': {'rank': 1000}},False,"{'auctionHouseKey': 'E8cU1WiRWjanGxmn96ewBgk9vPTcL6AEZ1t6F6fkgUWe', 'sellerReferral': 'autMW8SgBkVYeBgqYiTuJZnkvDZMVU2MHJh9Jh7CSQ2', 'expiry': -1}"
7,E6L3Z2yngYJe3XuxEiNxdW6pxrUthG3uUWQUfpjjGELb,20.0,DKKb1ddbR6a2AaJoXGvhwFKdmLevrESMQgNUgx3Za7LC,8CVZhktC4DefGXrESDHag8tHhph2v5g2jDznAxD7w8d8,zankoku,Zankoku Cybogrez,https://arweave.net/XnEdYGlzJwtj_53I073A3_f114tJhnM0qfcfxJ4hUtg,Zankoku Cybogrez #281,Cybogrez go BOP BOP,https://zankokuarena.io,image,"[{'address': 'xgLPMgPaFd1mjgP73Ghkogkpokn9AZFQhPAB5nre8m5', 'verified': 1, 'share': 0}, {'address': '52Cy9Xus2JgCszQ9vZq24A4r1gWRgpLLhSG1Bfk1YjNZ', 'verified': 0, 'share': 100}]",1250,7UYasgBLUaqYgoexm9TqjsKmYkVqZHTcpwftSjobxJ8h,"[{'trait_type': 'Background', 'value': 'BG 10'}, {'trait_type': 'Face', 'value': 'Ogre'}, {'trait_type': 'Arms', 'value': 'Mighty'}, {'trait_type': 'Accessories', 'value': '3D Glasses'}, {'trait_type': 'Torso', 'value': 'ZOKU024'}, {'trait_type': 'Helmet', 'value': 'Breaker'}, {'trait_type': 'Feet', 'value': 'Berrier'}, {'trait_type': 'Bracers', 'value': 'Aion'}, {'trait_type': 'Hands', 'value': 'Wrath'}]","{'files': [{'type': 'image/png', 'uri': 'https://arweave.net/XnEdYGlzJwtj_53I073A3_f114tJhnM0qfcfxJ4hUtg'}], 'category': 'image', 'creators': [{'address': '52Cy9Xus2JgCszQ9vZq24A4r1gWRgpLLhSG1Bfk1YjNZ', 'share': 100}]}",1,ZanzPN8P8kP41jq5gTR5yVQMavndvmSxUhSqrSjY36v,1,{},{'moonrank': {'rank': 877}},False,"{'auctionHouseKey': 'E8cU1WiRWjanGxmn96ewBgk9vPTcL6AEZ1t6F6fkgUWe', 'sellerReferral': 'autMW8SgBkVYeBgqYiTuJZnkvDZMVU2MHJh9Jh7CSQ2', 'expiry': -1}"
8,8JQP6bGFWGswbjijaWadGxAtBvx4EYz816RADajQkUBm,20.5,AwQ4iSswZbdWXUYkhp8JkUyQpGNtLTBkAWsMJPX5rRFW,7E7EbVPTQ7k2hn5JMiQiCuUth9Rk54pZRzArbJcn5Gj7,zankoku,Zankoku Cybogrez,https://arweave.net/P6I_yjaeZ3ef4hft5b82LhWEpS862icMYoQcVy8yG_s,Zankoku Cybogrez #1075,Cybogrez go BOP BOP,https://zankokuarena.io,image,"[{'address': 'xgLPMgPaFd1mjgP73Ghkogkpokn9AZFQhPAB5nre8m5', 'verified': 1, 'share': 0}, {'address': '52Cy9Xus2JgCszQ9vZq24A4r1gWRgpLLhSG1Bfk1YjNZ', 'verified': 0, 'share': 100}]",1250,GNEBjdZypr3jfR7Xe14kh7baeT3aTscdtEBD8zV6UYzh,"[{'trait_type': 'Background', 'value': 'BG 20'}, {'trait_type': 'Face', 'value': 'Ogre'}, {'trait_type': 'Arms', 'value': 'Shredder'}, {'trait_type': 'Accessories', 'value': 'Tongue'}, {'trait_type': 'Torso', 'value': 'ZOKU007'}, {'trait_type': 'Helmet', 'value': 'Henma'}, {'trait_type': 'Feet', 'value': 'Hercule'}, {'trait_type': 'Bracers', 'value': 'Fane'}, {'trait_type': 'Hands', 'value': 'Drako'}]","{'files': [{'type': 'image/png', 'uri': 'https://arweave.net/P6I_yjaeZ3ef4hft5b82LhWEpS862icMYoQcVy8yG_s'}], 'category': 'image', 'creators': [{'address': '52Cy9Xus2JgCszQ9vZq24A4r1gWRgpLLhSG1Bfk1YjNZ', 'share': 100}]}",1,ZanzPN8P8kP41jq5gTR5yVQMavndvmSxUhSqrSjY36v,1,{},{'moonrank': {'rank': 567}},False,"{'auctionHouseKey': 'E8cU1WiRWjanGxmn96ewBgk9vPTcL6AEZ1t6F6fkgUWe', 'sellerReferral': 'autMW8SgBkVYeBgqYiTuJZnkvDZMVU2MHJh9Jh7CSQ2', 'expiry': -1}"
9,EQH2Fkb5hStub1P1Qa8miQrQTZ1FYzkV9YQV54UXXtpM,21.4,24t7J1xdX9mbh953seTHanGuDfZyP8SgpoqQMv9vFDd5,CWYv6c6Fcjy6WJq3gtPvwrm48xpj6frryvVBo3fUpmqw,zankoku,Zankoku Cybogrez,https://arweave.net/hk4ihVddtBUPj33zwrDqgeVA7QwrfN4StjN1T0U6PU0,Zankoku Cybogrez #40,Cybogrez go BOP BOP,https://zankokuarena.io,image,"[{'address': 'xgLPMgPaFd1mjgP73Ghkogkpokn9AZFQhPAB5nre8m5', 'verified': 1, 'share': 0}, {'address': '52Cy9Xus2JgCszQ9vZq24A4r1gWRgpLLhSG1Bfk1YjNZ', 'verified': 0, 'share': 100}]",1250,8mGc5cZ4UWkEP1aRLj4d4yYZGAhSY7BrAVBid1MDmRfa,"[{'trait_type': 'Background', 'value': 'BG 9'}, {'trait_type': 'Face', 'value': 'Ogre'}, {'trait_type': 'Arms', 'value': 'Merlin'}, {'trait_type': 'Accessories', 'value': 'Eyepatch Red'}, {'trait_type': 'Torso', 'value': 'ZOKU001'}, {'trait_type': 'Helmet', 'value': 'Cyan'}, {'trait_type': 'Feet', 'value': 'Berrier'}, {'trait_type': 'Bracers', 'value': 'Atlas'}, {'trait_type': 'Hands', 'value': 'Sloth'}]","{'files': [{'type': 'image/png', 'uri': 'https://arweave.net/hk4ihVddtBUPj33zwrDqgeVA7QwrfN4StjN1T0U6PU0'}], 'category': 'image', 'creators': [{'address': '52Cy9Xus2JgCszQ9vZq24A4r1gWRgpLLhSG1Bfk1YjNZ', 'share': 100}]}",1,ZanzPN8P8kP41jq5gTR5yVQMavndvmSxUhSqrSjY36v,1,{},{'moonrank': {'rank': 697}},False,"{'auctionHouseKey': 'E8cU1WiRWjanGxmn96ewBgk9vPTcL6AEZ1t6F6fkgUWe', 'sellerReferral': 'autMW8SgBkVYeBgqYiTuJZnkvDZMVU2MHJh9Jh7CSQ2', 'expiry': -1}"
10,67YxcgmH1yTYb2FjLRJ8w7LHBX8LDdsm94WPXuKnwYmU,22.0,yE5wHgWPZj5RX9NhLF5G2EqusMgX3jXEpi1o3e4TDGt,8aLR7pwkxYXh2eWR5vtEwTZCfEnFMGyG9AtQJ4J2Ba8m,zankoku,Zankoku Cybogrez,https://arweave.net/BVD08kElkFCh4ab-req8E1BKaXExCSBmcmR7RX-lD0M,Zankoku Cybogrez #872,Cybogrez go BOP BOP,https://zankokuarena.io,image,"[{'address': 'xgLPMgPaFd1mjgP73Ghkogkpokn9AZFQhPAB5nre8m5', 'verified': 1, 'share': 0}, {'address': '52Cy9Xus2JgCszQ9vZq24A4r1gWRgpLLhSG1Bfk1YjNZ', 'verified': 0, 'share': 100}]",1250,APZUmwcuLs9ceyXqWwaNx8kGBNa3iWph758izJfQ8qFs,"[{'trait_type': 'Background', 'value': 'BG 12'}, {'trait_type': 'Face', 'value': 'Ogre'}, {'trait_type': 'Arms', 'value': 'Ratchet'}, {'trait_type': 'Accessories', 'value': 'Nose Ring'}, {'trait_type': 'Torso', 'value': 'ZOKU003'}, {'trait_type': 'Helmet', 'value': 'Samurai'}, {'trait_type': 'Feet', 'value': 'Reign'}, {'trait_type': 'Bracers', 'value': 'Aion'}, {'trait_type': 'Hands', 'value': 'Hermit Purple'}]","{'files': [{'type': 'image/png', 'uri': 'https://arweave.net/BVD08kElkFCh4ab-req8E1BKaXExCSBmcmR7RX-lD0M'}], 'category': 'image', 'creators': [{'address': '52Cy9Xus2JgCszQ9vZq24A4r1gWRgpLLhSG1Bfk1YjNZ', 'share': 100}]}",1,ZanzPN8P8kP41jq5gTR5yVQMavndvmSxUhSqrSjY36v,1,{},{'moonrank': {'rank': 380}},False,"{'auctionHouseKey': 'E8cU1WiRWjanGxmn96ewBgk9vPTcL6AEZ1t6F6fkgUWe', 'sellerReferral': 'autMW8SgBkVYeBgqYiTuJZnkvDZMVU2MHJh9Jh7CSQ2', 'expiry': -1}"
11,76bSKGw7NTGCDRbsjYw2rJwQHTLbS1KQ8ZoiKUpjCVMr,23.0,8u4okei4VdebHTYCFFkApi8SDjctRd25B4EjBkJj3zC1,FJ5P85RJnFWWQcGkkXDuGEc2Fyo4VkB8W9YNCVbDW8wy,zankoku,Zankoku Cybogrez,https://arweave.net/aBYuevZ5KwW8powdIW12WwmADV6B4evS1acp3Q_IVFw,Zankoku Cybogrez #818,Cybogrez go BOP BOP,https://zankokuarena.io,image,"[{'address': 'xgLPMgPaFd1mjgP73Ghkogkpokn9AZFQhPAB5nre8m5', 'verified': 1, 'share': 0}, {'address': '52Cy9Xus2JgCszQ9vZq24A4r1gWRgpLLhSG1Bfk1YjNZ', 'verified': 0, 'share': 100}]",1250,AhhVdQvq4w7mhSTzAPkqHq394ptTupdCs4m3Eu4Z5ZcU,"[{'trait_type': 'Background', 'value': 'BG 19'}, {'trait_type': 'Face', 'value': 'Ogre'}, {'trait_type': 'Arms', 'value': 'Beta'}, {'trait_type': 'Accessories', 'value': 'Nose Ring'}, {'trait_type': 'Torso', 'value': 'ZOKU009'}, {'trait_type': 'Helmet', 'value': 'Henma'}, {'trait_type': 'Feet', 'value': 'Berrier'}, {'trait_type': 'Bracers', 'value': 'Omen'}, {'trait_type': 'Hands', 'value': 'Hermit Purple'}]","{'files': [{'type': 'image/png', 'uri': 'https://arweave.net/aBYuevZ5KwW8powdIW12WwmADV6B4evS1acp3Q_IVFw'}], 'category': 'image', 'creators': [{'address': '52Cy9Xus2JgCszQ9vZq24A4r1gWRgpLLhSG1Bfk1YjNZ', 'share': 100}]}",1,ZanzPN8P8kP41jq5gTR5yVQMavndvmSxUhSqrSjY36v,1,{},{'moonrank': {'rank': 274}},False,"{'auctionHouseKey': 'E8cU1WiRWjanGxmn96ewBgk9vPTcL6AEZ1t6F6fkgUWe', 'sellerReferral': 'autMW8SgBkVYeBgqYiTuJZnkvDZMVU2MHJh9Jh7CSQ2', 'expiry': -1}"
12,G244n2ih2MEWFTDdpZ4GDNPAhogF9SpUnUewV4ThRfNW,23.23,J7DfCegJLanfCzsU2KsSKFdX6ti4rXy6oYuuPfdCUqfm,F2xCJK7eLUJ173xRcBpwhNHCwGdkc8mv5CpyZ993FDJR,zankoku,Zankoku Cybogrez,https://arweave.net/ueZcMNElEH2NQMo74WVckOuRkXm5gnp8TzP7KGQ6tiE,Zankoku Cybogrez #302,Cybogrez go BOP BOP,https://zankokuarena.io,image,"[{'address': 'xgLPMgPaFd1mjgP73Ghkogkpokn9AZFQhPAB5nre8m5', 'verified': 1, 'share': 0}, {'address': '52Cy9Xus2JgCszQ9vZq24A4r1gWRgpLLhSG1Bfk1YjNZ', 'verified': 0, 'share': 100}]",1250,EcXVtiNdP9kktD6Awnk5RAnwt9yhRKAuA5HfgV61fXKA,"[{'trait_type': 'Background', 'value': 'BG 17'}, {'trait_type': 'Face', 'value': 'Ogre'}, {'trait_type': 'Arms', 'value': 'Undine'}, {'trait_type': 'Accessories', 'value': 'Monocle'}, {'trait_type': 'Torso', 'value': 'ZOKU001'}, {'trait_type': 'Helmet', 'value': 'Breaker'}, {'trait_type': 'Feet', 'value': 'Hero'}, {'trait_type': 'Bracers', 'value': 'Alpha'}, {'trait_type': 'Hands', 'value': 'Drako'}]","{'files': [{'type': 'image/png', 'uri': 'https://arweave.net/ueZcMNElEH2NQMo74WVckOuRkXm5gnp8TzP7KGQ6tiE'}], 'category': 'image', 'creators': [{'address': '52Cy9Xus2JgCszQ9vZq24A4r1gWRgpLLhSG1Bfk1YjNZ', 'share': 100}]}",1,ZanzPN8P8kP41jq5gTR5yVQMavndvmSxUhSqrSjY36v,1,{},{'moonrank': {'rank': 291}},False,"{'auctionHouseKey': 'E8cU1WiRWjanGxmn96ewBgk9vPTcL6AEZ1t6F6fkgUWe', 'sellerReferral': 'autMW8SgBkVYeBgqYiTuJZnkvDZMVU2MHJh9Jh7CSQ2', 'expiry': -1}"
13,CzmniCEE4RQ9NSumQ7R21pjswuEso7Nj7q6C2gXsPbA2,24.0,6AGhZYErGWn1nyhzHUeBmddkRnwDE8oX1vPzPok4kQ8R,6NxfPMmeefy3vURtSJmxbG57msmcKvNxS9DFog3MGeJS,zankoku,Zankoku Cybogrez,https://arweave.net/APVLL8bybD7MZ8DEoKe-O2d6l-yoZrTg4Ch24uIP65c,Zankoku Cybogrez #882,Cybogrez go BOP BOP,https://zankokuarena.io,image,"[{'address': 'xgLPMgPaFd1mjgP73Ghkogkpokn9AZFQhPAB5nre8m5', 'verified': 1, 'share': 0}, {'address': '52Cy9Xus2JgCszQ9vZq24A4r1gWRgpLLhSG1Bfk1YjNZ', 'verified': 0, 'share': 100}]",1250,27CqEQzvpXVpaXNxxtavaUKgfQPGQnc8KYVG7soHr4qC,"[{'trait_type': 'Background', 'value': 'BG 24'}, {'trait_type': 'Face', 'value': 'Ogre'}, {'trait_type': 'Arms', 'value': 'Shredder'}, {'trait_type': 'Accessories', 'value': 'Nose Ring'}, {'trait_type': 'Torso', 'value': 'ZOKU001'}, {'trait_type': 'Helmet', 'value': 'Sett'}, {'trait_type': 'Feet', 'value': 'Hero'}, {'trait_type': 'Bracers', 'value': 'Aion'}, {'trait_type': 'Hands', 'value': 'Lust'}]","{'files': [{'type': 'image/png', 'uri': 'https://arweave.net/APVLL8bybD7MZ8DEoKe-O2d6l-yoZrTg4Ch24uIP65c'}], 'category': 'image', 'creators': [{'address': '52Cy9Xus2JgCszQ9vZq24A4r1gWRgpLLhSG1Bfk1YjNZ', 'share': 100}]}",1,ZanzPN8P8kP41jq5gTR5yVQMavndvmSxUhSqrSjY36v,1,{},{'moonrank': {'rank': 678}},False,"{'auctionHouseKey': 'E8cU1WiRWjanGxmn96ewBgk9vPTcL6AEZ1t6F6fkgUWe', 'sellerReferral': 'autMW8SgBkVYeBgqYiTuJZnkvDZMVU2MHJh9Jh7CSQ2', 'expiry': -1}"
14,BmDvSzeuzNJgGDG4uVPc3R29TfqdT4Q9B92rMnrNg5DM,24.5,B68t5b2e6Qfofx2YYTY9oQgCuipEzCZKYFSWLVuoGX8E,6NxfPMmeefy3vURtSJmxbG57msmcKvNxS9DFog3MGeJS,zankoku,Zankoku Cybogrez,https://arweave.net/PGby0vUrKE8pKTBqkQw21Ck3Fx9jb8AJI6aDTNIEjGg,Zankoku Cybogrez #784,Cybogrez go BOP BOP,https://zankokuarena.io,image,"[{'address': 'xgLPMgPaFd1mjgP73Ghkogkpokn9AZFQhPAB5nre8m5', 'verified': 1, 'share': 0}, {'address': '52Cy9Xus2JgCszQ9vZq24A4r1gWRgpLLhSG1Bfk1YjNZ', 'verified': 0, 'share': 100}]",1250,9HxQWckMU9cAvNBncFJE29sZvULgAmYqpoPwmvtc7eku,"[{'trait_type': 'Background', 'value': 'BG 19'}, {'trait_type': 'Face', 'value': 'Ogre'}, {'trait_type': 'Arms', 'value': 'Umbra'}, {'trait_type': 'Accessories', 'value': 'Sparkle'}, {'trait_type': 'Torso', 'value': 'ZOKU001'}, {'trait_type': 'Helmet', 'value': 'Sethan'}, {'trait_type': 'Feet', 'value': 'Kami'}, {'trait_type': 'Bracers', 'value': 'Athena'}, {'trait_type': 'Hands', 'value': 'Geo'}]","{'files': [{'type': 'image/png', 'uri': 'https://arweave.net/PGby0vUrKE8pKTBqkQw21Ck3Fx9jb8AJI6aDTNIEjGg'}], 'category': 'image', 'creators': [{'address': '52Cy9Xus2JgCszQ9vZq24A4r1gWRgpLLhSG1Bfk1YjNZ', 'share': 100}]}",1,ZanzPN8P8kP41jq5gTR5yVQMavndvmSxUhSqrSjY36v,1,{},{'moonrank': {'rank': 1092}},False,"{'auctionHouseKey': 'E8cU1WiRWjanGxmn96ewBgk9vPTcL6AEZ1t6F6fkgUWe', 'sellerReferral': 'autMW8SgBkVYeBgqYiTuJZnkvDZMVU2MHJh9Jh7CSQ2', 'expiry': -1}"
15,CU4wx9d2jzUskprxFZC6cKcyv6iwXoVZ8DZKeZPPUQYS,24.75,5cUoMoF1jzL2J9eaS74ZwhSNAFMAM97XBX4rWNYY9iRP,A7rCDajTsxHsXZ1vTZvGnsDnge7YBYDaf7ZAxPMNE8F6,zankoku,Zankoku Cybogrez,https://arweave.net/rh0xySWhVRvJCxVVJOMzopcxOkNNrinCDuvMinHkPv0,Zankoku Cybogrez #483,Cybogrez go BOP BOP,https://zankokuarena.io,image,"[{'address': 'xgLPMgPaFd1mjgP73Ghkogkpokn9AZFQhPAB5nre8m5', 'verified': 1, 'share': 0}, {'address': '52Cy9Xus2JgCszQ9vZq24A4r1gWRgpLLhSG1Bfk1YjNZ', 'verified': 0, 'share': 100}]",1250,9wXJsY4N61sN9H717mmgmeXniK1YowQrMCC2ZsSyFffp,"[{'trait_type': 'Background', 'value': 'BG 24'}, {'trait_type': 'Face', 'value': 'Ogre'}, {'trait_type': 'Arms', 'value': 'Alpha'}, {'trait_type': 'Accessories', 'value': 'Scouter'}, {'trait_type': 'Torso', 'value': 'ZOKU006'}, {'trait_type': 'Helmet', 'value': 'Sett'}, {'trait_type': 'Feet', 'value': 'Bragi'}, {'trait_type': 'Bracers', 'value': 'Atlas'}, {'trait_type': 'Hands', 'value': 'Geo'}]","{'files': [{'type': 'image/png', 'uri': 'https://arweave.net/rh0xySWhVRvJCxVVJOMzopcxOkNNrinCDuvMinHkPv0'}], 'category': 'image', 'creators': [{'address': '52Cy9Xus2JgCszQ9vZq24A4r1gWRgpLLhSG1Bfk1YjNZ', 'share': 100}]}",1,ZanzPN8P8kP41jq5gTR5yVQMavndvmSxUhSqrSjY36v,1,{},{'moonrank': {'rank': 408}},False,"{'auctionHouseKey': 'E8cU1WiRWjanGxmn96ewBgk9vPTcL6AEZ1t6F6fkgUWe', 'sellerReferral': 'autMW8SgBkVYeBgqYiTuJZnkvDZMVU2MHJh9Jh7CSQ2', 'expiry': -1}"
16,7WoPZz882HqSJ3RpnNsdQwxBKNvA7riqAVMke6CSnbrE,25.0,EnqU7uwjvQnvTu21AKFjS2PVfr11274NbVsazwMrzqyn,HR4kzNYBPLkVTYrYULUwXpToE5rXovj3fHjiqASBpTuZ,zankoku,Zankoku Cybogrez,https://arweave.net/BDGBkdQdIc2BfY4LoZ7KB-VKamkp5c4w-Ok7iFOMFjA,Zankoku Cybogrez #548,Cybogrez go BOP BOP,https://zankokuarena.io,image,"[{'address': 'xgLPMgPaFd1mjgP73Ghkogkpokn9AZFQhPAB5nre8m5', 'verified': 1, 'share': 0}, {'address': '52Cy9Xus2JgCszQ9vZq24A4r1gWRgpLLhSG1Bfk1YjNZ', 'verified': 0, 'share': 100}]",1250,Cv6CfZzieoH6Lcjw7E8E4PtLMYNwFjJc285fLJmSRxg7,"[{'trait_type': 'Background', 'value': 'BG 13'}, {'trait_type': 'Face', 'value': 'Ogre'}, {'trait_type': 'Arms', 'value': 'Undine'}, {'trait_type': 'Accessories', 'value': 'None'}, {'trait_type': 'Torso', 'value': 'ZOKU022'}, {'trait_type': 'Helmet', 'value': 'Riot'}, {'trait_type': 'Feet', 'value': 'Berrier'}, {'trait_type': 'Bracers', 'value': 'Aphrodite'}, {'trait_type': 'Hands', 'value': 'Drako'}]","{'files': [{'type': 'image/png', 'uri': 'https://arweave.net/BDGBkdQdIc2BfY4LoZ7KB-VKamkp5c4w-Ok7iFOMFjA'}], 'category': 'image', 'creators': [{'address': '52Cy9Xus2JgCszQ9vZq24A4r1gWRgpLLhSG1Bfk1YjNZ', 'share': 100}]}",1,ZanzPN8P8kP41jq5gTR5yVQMavndvmSxUhSqrSjY36v,1,{},{'moonrank': {'rank': 552}},False,"{'auctionHouseKey': 'E8cU1WiRWjanGxmn96ewBgk9vPTcL6AEZ1t6F6fkgUWe', 'sellerReferral': 'autMW8SgBkVYeBgqYiTuJZnkvDZMVU2MHJh9Jh7CSQ2', 'expiry': -1}"
17,HcXwLRiCSVQLypQzBsS4bqfQRYM7MRBb35e3XYKz6fhX,25.0,B8gLzzxjeod14FuQeuw5EiiaqKYfuTAunqhzqTqt4G9L,6NxfPMmeefy3vURtSJmxbG57msmcKvNxS9DFog3MGeJS,zankoku,Zankoku Cybogrez,https://arweave.net/LAVv7RHsk6K8Pq9nRU3DioccZtsN5OC5hwV_ZzTPVpw,Zankoku Cybogrez #554,Cybogrez go BOP BOP,https://zankokuarena.io,image,"[{'address': 'xgLPMgPaFd1mjgP73Ghkogkpokn9AZFQhPAB5nre8m5', 'verified': 1, 'share': 0}, {'address': '52Cy9Xus2JgCszQ9vZq24A4r1gWRgpLLhSG1Bfk1YjNZ', 'verified': 0, 'share': 100}]",1250,CZZVzWKFPVRU7B4u9WzuepFMyZqyPkWNcQ597AayCaur,"[{'trait_type': 'Background', 'value': 'BG 24'}, {'trait_type': 'Face', 'value': 'Ogre'}, {'trait_type': 'Arms', 'value': 'Libra'}, {'trait_type': 'Accessories', 'value': 'Horns'}, {'trait_type': 'Torso', 'value': 'ZOKU002'}, {'trait_type': 'Helmet', 'value': 'Sett'}, {'trait_type': 'Feet', 'value': 'Mega'}, {'trait_type': 'Bracers', 'value': 'Tarto'}, {'trait_type': 'Hands', 'value': 'Star Crossed'}]","{'files': [{'type': 'image/png', 'uri': 'https://arweave.net/LAVv7RHsk6K8Pq9nRU3DioccZtsN5OC5hwV_ZzTPVpw'}], 'category': 'image', 'creators': [{'address': '52Cy9Xus2JgCszQ9vZq24A4r1gWRgpLLhSG1Bfk1YjNZ', 'share': 100}]}",1,ZanzPN8P8kP41jq5gTR5yVQMavndvmSxUhSqrSjY36v,1,{},{'moonrank': {'rank': 852}},False,"{'auctionHouseKey': 'E8cU1WiRWjanGxmn96ewBgk9vPTcL6AEZ1t6F6fkgUWe', 'sellerReferral': 'autMW8SgBkVYeBgqYiTuJZnkvDZMVU2MHJh9Jh7CSQ2', 'expiry': -1}"
18,DgWXhC58FfTTq5uya4gEDLociSAGmLNTLpunvTZY8FEY,25.0,BF17aif1K15GfTGPn8rgdvKHJVc7eJkbCqB6QXPRSQsQ,D3xcRHtvyYRB3tpzQXR8MvNeqgJ74wn69dVDzC3MNi2r,zankoku,Zankoku Cybogrez,https://arweave.net/SvzXoRh3HLQxrowMuNY5wxYMY9nICT2hWFmFm3yjklA,Zankoku Cybogrez #690,Cybogrez go BOP BOP,https://zankokuarena.io,image,"[{'address': 'xgLPMgPaFd1mjgP73Ghkogkpokn9AZFQhPAB5nre8m5', 'verified': 1, 'share': 0}, {'address': '52Cy9Xus2JgCszQ9vZq24A4r1gWRgpLLhSG1Bfk1YjNZ', 'verified': 0, 'share': 100}]",1250,Aa2HhM7pcGr6A4P6bjBqRi8gyHRvNpSSLXCns7NfArzd,"[{'trait_type': 'Background', 'value': 'BG 12'}, {'trait_type': 'Face', 'value': 'Ogre'}, {'trait_type': 'Arms', 'value': 'Undine'}, {'trait_type': 'Accessories', 'value': 'Double Eyebrow Ring'}, {'trait_type': 'Torso', 'value': 'ZOKU018'}, {'trait_type': 'Helmet', 'value': 'Cyan'}, {'trait_type': 'Feet', 'value': 'Vox'}, {'trait_type': 'Bracers', 'value': 'Aphrodite'}, {'trait_type': 'Hands', 'value': 'Geo'}]","{'files': [{'type': 'image/png', 'uri': 'https://arweave.net/SvzXoRh3HLQxrowMuNY5wxYMY9nICT2hWFmFm3yjklA'}], 'category': 'image', 'creators': [{'address': '52Cy9Xus2JgCszQ9vZq24A4r1gWRgpLLhSG1Bfk1YjNZ', 'share': 100}]}",1,ZanzPN8P8kP41jq5gTR5yVQMavndvmSxUhSqrSjY36v,1,{},{'moonrank': {'rank': 627}},False,"{'auctionHouseKey': 'E8cU1WiRWjanGxmn96ewBgk9vPTcL6AEZ1t6F6fkgUWe', 'sellerReferral': 'autMW8SgBkVYeBgqYiTuJZnkvDZMVU2MHJh9Jh7CSQ2', 'expiry': -1}"
19,CB2RfoK2U3gpLv6GSpKDPB9xAxxw2JD6VqRBcgfGFm7n,25.0,CRzM4rBSmuYzKKAGewVvBjyeyRnopvVHvsb2XihuqyKx,7zauX36gGbF9Ymysg9mnzfnJBsSHPTCrjcDZVDPfjMg9,zankoku,Zankoku Cybogrez,https://arweave.net/W2LDAquvmZrljkCRDzb7PkoHKWIAHR76WczP-b8qkj4,Zankoku Cybogrez #747,Cybogrez go BOP BOP,https://zankokuarena.io,image,"[{'address': 'xgLPMgPaFd1mjgP73Ghkogkpokn9AZFQhPAB5nre8m5', 'verified': 1, 'share': 0}, {'address': '52Cy9Xus2JgCszQ9vZq24A4r1gWRgpLLhSG1Bfk1YjNZ', 'verified': 0, 'share': 100}]",1250,8DeNGe3XMqTqvpXEQsJ36HhLBtHytCuhzh342tUHVVNN,"[{'trait_type': 'Background', 'value': 'BG 6'}, {'trait_type': 'Face', 'value': 'Ogre'}, {'trait_type': 'Arms', 'value': 'Mirage'}, {'trait_type': 'Accessories', 'value': 'Skull'}, {'trait_type': 'Torso', 'value': 'ZOKU002'}, {'trait_type': 'Helmet', 'value': 'Cyan'}, {'trait_type': 'Feet', 'value': 'Balder'}, {'trait_type': 'Bracers', 'value': 'Ultima'}, {'trait_type': 'Hands', 'value': 'Purple Haze'}]","{'files': [{'type': 'image/png', 'uri': 'https://arweave.net/W2LDAquvmZrljkCRDzb7PkoHKWIAHR76WczP-b8qkj4'}], 'category': 'image', 'creators': [{'address': '52Cy9Xus2JgCszQ9vZq24A4r1gWRgpLLhSG1Bfk1YjNZ', 'share': 100}]}",1,ZanzPN8P8kP41jq5gTR5yVQMavndvmSxUhSqrSjY36v,1,{},{'moonrank': {'rank': 117}},False,"{'auctionHouseKey': 'E8cU1WiRWjanGxmn96ewBgk9vPTcL6AEZ1t6F6fkgUWe', 'sellerReferral': 'autMW8SgBkVYeBgqYiTuJZnkvDZMVU2MHJh9Jh7CSQ2', 'expiry': -1}"
20,8q7Sn12PofYEMTqHT2f7BVukQTirzgyZD9fKFas3VspH,25.5,AAEgEZkoqztGdiukC3B24N6npzTJP7RRvidfbTNkdt2v,41XFuodFZWFgptF3ZoxcxzwgbcpEAH5PdDQXSR9jR9AK,zankoku,Zankoku Cybogrez,https://arweave.net/yeA8drrm22aKfzQGS8wZ5R3EdXtQM12Jbgjl1d1872k,Zankoku Cybogrez #445,Cybogrez go BOP BOP,https://zankokuarena.io,image,"[{'address': 'xgLPMgPaFd1mjgP73Ghkogkpokn9AZFQhPAB5nre8m5', 'verified': 1, 'share': 0}, {'address': '52Cy9Xus2JgCszQ9vZq24A4r1gWRgpLLhSG1Bfk1YjNZ', 'verified': 0, 'share': 100}]",1250,8XH4PAezuLeU5sX4qZhw2v8r3SF5m16GMCKLo3Bmd7Z4,"[{'trait_type': 'Background', 'value': 'BG 7'}, {'trait_type': 'Face', 'value': 'Ogre'}, {'trait_type': 'Arms', 'value': 'Golden'}, {'trait_type': 'Accessories', 'value': 'Eyebrows'}, {'trait_type': 'Torso', 'value': 'ZOKU001'}, {'trait_type': 'Helmet', 'value': 'Breaker'}, {'trait_type': 'Feet', 'value': 'Hero'}, {'trait_type': 'Bracers', 'value': 'Aether'}, {'trait_type': 'Hands', 'value': 'Sloth'}]","{'files': [{'type': 'image/png', 'uri': 'https://arweave.net/yeA8drrm22aKfzQGS8wZ5R3EdXtQM12Jbgjl1d1872k'}], 'category': 'image', 'creators': [{'address': '52Cy9Xus2JgCszQ9vZq24A4r1gWRgpLLhSG1Bfk1YjNZ', 'share': 100}]}",1,ZanzPN8P8kP41jq5gTR5yVQMavndvmSxUhSqrSjY36v,1,{},{'moonrank': {'rank': 498}},False,"{'auctionHouseKey': 'E8cU1WiRWjanGxmn96ewBgk9vPTcL6AEZ1t6F6fkgUWe', 'sellerReferral': 'autMW8SgBkVYeBgqYiTuJZnkvDZMVU2MHJh9Jh7CSQ2', 'expiry': -1}"
21,FYHHCY1BsN1Swmvn9M4pfFrWDMaCYxGMDgMyuBMdx2F,26.0,9Jd7aeAZDhZTTvNXzFhgaxNRscvFVTQTYaCEtDZ9sHCe,F6oU4EpdDp16vtfosejanBdrpKdN3LrQxFDxXnyiME1S,zankoku,Zankoku Cybogrez,https://arweave.net/SvU8VHaNklPpDtRgETkeRdPePhy_JSLZLOow6Sc00TE,Zankoku Cybogrez #875,Cybogrez go BOP BOP,https://zankokuarena.io,image,"[{'address': 'xgLPMgPaFd1mjgP73Ghkogkpokn9AZFQhPAB5nre8m5', 'verified': 1, 'share': 0}, {'address': '52Cy9Xus2JgCszQ9vZq24A4r1gWRgpLLhSG1Bfk1YjNZ', 'verified': 0, 'share': 100}]",1250,76hsJjSAiEP8cZhSfn6mYEX28R1fJVxdX6yrKQEFvwXN,"[{'trait_type': 'Background', 'value': 'BG 1'}, {'trait_type': 'Face', 'value': 'Ogre'}, {'trait_type': 'Arms', 'value': 'Alpha'}, {'trait_type': 'Accessories', 'value': 'Sparkle'}, {'trait_type': 'Torso', 'value': 'ZOKU024'}, {'trait_type': 'Helmet', 'value': 'Henma'}, {'trait_type': 'Feet', 'value': 'Kindred'}, {'trait_type': 'Bracers', 'value': 'Atlas'}, {'trait_type': 'Hands', 'value': 'Gluttony'}]","{'files': [{'type': 'image/png', 'uri': 'https://arweave.net/SvU8VHaNklPpDtRgETkeRdPePhy_JSLZLOow6Sc00TE'}], 'category': 'image', 'creators': [{'address': '52Cy9Xus2JgCszQ9vZq24A4r1gWRgpLLhSG1Bfk1YjNZ', 'share': 100}]}",1,ZanzPN8P8kP41jq5gTR5yVQMavndvmSxUhSqrSjY36v,1,{},{'moonrank': {'rank': 651}},False,"{'auctionHouseKey': 'E8cU1WiRWjanGxmn96ewBgk9vPTcL6AEZ1t6F6fkgUWe', 'sellerReferral': 'autMW8SgBkVYeBgqYiTuJZnkvDZMVU2MHJh9Jh7CSQ2', 'expiry': -1}"
22,CktDRBXHBFMQxi5WXopEnmBc48Fp89XP8WxRof8dUXVv,28.0,8pt1xJG2tkL3ESTrijkPY6oCjbmv2Tc9kKwD7RGk1KGG,HuVE8TdbcxkeG5bHVdgEW4bgV7nf4RCQJkqvmin5DhvY,zankoku,Zankoku Cybogrez,https://arweave.net/-OGOYZcoK0VgQrzrncdiCJh24H4hs0GazwHZc8peKw4,Zankoku Cybogrez #1064,Cybogrez go BOP BOP,https://zankokuarena.io,image,"[{'address': 'xgLPMgPaFd1mjgP73Ghkogkpokn9AZFQhPAB5nre8m5', 'verified': 1, 'share': 0}, {'address': '52Cy9Xus2JgCszQ9vZq24A4r1gWRgpLLhSG1Bfk1YjNZ', 'verified': 0, 'share': 100}]",1250,CewNvtgWmYGgs4yEys6VkbcC9QmBH9iUX2cEP7g3wBHv,"[{'trait_type': 'Background', 'value': 'BG 5'}, {'trait_type': 'Face', 'value': 'Ogre'}, {'trait_type': 'Arms', 'value': 'Shogun'}, {'trait_type': 'Accessories', 'value': '3D Glasses'}, {'trait_type': 'Torso', 'value': 'ZOKU023'}, {'trait_type': 'Helmet', 'value': 'Disco'}, {'trait_type': 'Feet', 'value': 'Nova'}, {'trait_type': 'Bracers', 'value': 'Athena'}, {'trait_type': 'Hands', 'value': 'Emperor'}]","{'files': [{'type': 'image/png', 'uri': 'https://arweave.net/-OGOYZcoK0VgQrzrncdiCJh24H4hs0GazwHZc8peKw4'}], 'category': 'image', 'creators': [{'address': '52Cy9Xus2JgCszQ9vZq24A4r1gWRgpLLhSG1Bfk1YjNZ', 'share': 100}]}",1,ZanzPN8P8kP41jq5gTR5yVQMavndvmSxUhSqrSjY36v,1,{},{'moonrank': {'rank': 368}},False,"{'auctionHouseKey': 'E8cU1WiRWjanGxmn96ewBgk9vPTcL6AEZ1t6F6fkgUWe', 'sellerReferral': 'autMW8SgBkVYeBgqYiTuJZnkvDZMVU2MHJh9Jh7CSQ2', 'expiry': -1}"
23,5QrDR1fEzD13xGgGqrHKZbQqwFapzSJ52WGdd5W9mCCT,28.0,6YwCAWGampKbs5uWKskxxu1NkxidAyKbGzvUKK2HYx9y,GEZ1mVFxvTEwkqDM12iufjcAz87RbV2vrwDoegkLKDCT,zankoku,Zankoku Cybogrez,https://arweave.net/8ZdF_-AQQ-h2ROd_dJJMBIYwzpAiyXpEXQOoWr7cgks,Zankoku Cybogrez #960,Cybogrez go BOP BOP,https://zankokuarena.io,image,"[{'address': 'xgLPMgPaFd1mjgP73Ghkogkpokn9AZFQhPAB5nre8m5', 'verified': 1, 'share': 0}, {'address': '52Cy9Xus2JgCszQ9vZq24A4r1gWRgpLLhSG1Bfk1YjNZ', 'verified': 0, 'share': 100}]",1250,8gJMxyoVwRkjsG4KTkPFzimxGRSsSFTNqbaVtpFHaEBJ,"[{'trait_type': 'Background', 'value': 'BG 9'}, {'trait_type': 'Face', 'value': 'Ogre'}, {'trait_type': 'Arms', 'value': 'Libra'}, {'trait_type': 'Accessories', 'value': '3D Glasses'}, {'trait_type': 'Torso', 'value': 'ZOKU002'}, {'trait_type': 'Helmet', 'value': 'Clash'}, {'trait_type': 'Feet', 'value': 'Kami'}, {'trait_type': 'Bracers', 'value': 'Atlas'}, {'trait_type': 'Hands', 'value': 'Survivor'}]","{'files': [{'type': 'image/png', 'uri': 'https://arweave.net/8ZdF_-AQQ-h2ROd_dJJMBIYwzpAiyXpEXQOoWr7cgks'}], 'category': 'image', 'creators': [{'address': '52Cy9Xus2JgCszQ9vZq24A4r1gWRgpLLhSG1Bfk1YjNZ', 'share': 100}]}",1,ZanzPN8P8kP41jq5gTR5yVQMavndvmSxUhSqrSjY36v,1,{},{'moonrank': {'rank': 1100}},False,"{'auctionHouseKey': 'E8cU1WiRWjanGxmn96ewBgk9vPTcL6AEZ1t6F6fkgUWe', 'sellerReferral': 'autMW8SgBkVYeBgqYiTuJZnkvDZMVU2MHJh9Jh7CSQ2', 'expiry': -1}"
24,HqjLFVFsnE2PrJr8eBWKDFNbxzcYRtuKmd7B9jSsJ262,29.0,FvUZApsUG3yKCcBpJF4ZtmUac38T4Svtf7RPw4mJpk53,GEZ1mVFxvTEwkqDM12iufjcAz87RbV2vrwDoegkLKDCT,zankoku,Zankoku Cybogrez,https://arweave.net/oYHeHu6wTqgau1rsSzgOTYmT_iAuEuIAmDGxYSPv88Q,Zankoku Cybogrez #234,Cybogrez go BOP BOP,https://zankokuarena.io,image,"[{'address': 'xgLPMgPaFd1mjgP73Ghkogkpokn9AZFQhPAB5nre8m5', 'verified': 1, 'share': 0}, {'address': '52Cy9Xus2JgCszQ9vZq24A4r1gWRgpLLhSG1Bfk1YjNZ', 'verified': 0, 'share': 100}]",1250,86SaJ6pmUaaWScWirEHbZB5vxDVVTNRrfy2GMt38bf35,"[{'trait_type': 'Background', 'value': 'BG 4'}, {'trait_type': 'Face', 'value': 'Ogre'}, {'trait_type': 'Arms', 'value': 'Ares'}, {'trait_type': 'Accessories', 'value': 'Eyebrows'}, {'trait_type': 'Torso', 'value': 'ZOKU006'}, {'trait_type': 'Helmet', 'value': 'Golem'}, {'trait_type': 'Feet', 'value': 'Hero'}, {'trait_type': 'Bracers', 'value': 'Ultima'}, {'trait_type': 'Hands', 'value': 'Purple Haze'}]","{'files': [{'type': 'image/png', 'uri': 'https://arweave.net/oYHeHu6wTqgau1rsSzgOTYmT_iAuEuIAmDGxYSPv88Q'}], 'category': 'image', 'creators': [{'address': '52Cy9Xus2JgCszQ9vZq24A4r1gWRgpLLhSG1Bfk1YjNZ', 'share': 100}]}",1,ZanzPN8P8kP41jq5gTR5yVQMavndvmSxUhSqrSjY36v,1,{},{'moonrank': {'rank': 628}},False,"{'auctionHouseKey': 'E8cU1WiRWjanGxmn96ewBgk9vPTcL6AEZ1t6F6fkgUWe', 'sellerReferral': 'autMW8SgBkVYeBgqYiTuJZnkvDZMVU2MHJh9Jh7CSQ2', 'expiry': -1}"
25,5sNUVSzh5UwMAxZVeoS7XXpPz3GF1Vdnr7wHJJf58Y3H,29.69,3MVLTSX251fzN7qqxEhvSxDhX3zj1ou1sshvLkxFy2RY,6NxfPMmeefy3vURtSJmxbG57msmcKvNxS9DFog3MGeJS,zankoku,Zankoku Cybogrez,https://arweave.net/_FkCAsGLDxF-yzfq0_QJ58P2Z0bc9E9J8HXLYAVqgok,Zankoku Cybogrez #125,Cybogrez go BOP BOP,https://zankokuarena.io,image,"[{'address': 'xgLPMgPaFd1mjgP73Ghkogkpokn9AZFQhPAB5nre8m5', 'verified': 1, 'share': 0}, {'address': '52Cy9Xus2JgCszQ9vZq24A4r1gWRgpLLhSG1Bfk1YjNZ', 'verified': 0, 'share': 100}]",1250,7P2pcsSxYhRkVVBaBBtyD5KEDNRoEgVmDakaDzd37eQH,"[{'trait_type': 'Background', 'value': 'BG 8'}, {'trait_type': 'Face', 'value': 'Ogre'}, {'trait_type': 'Arms', 'value': 'Alpha'}, {'trait_type': 'Accessories', 'value': 'Tongue'}, {'trait_type': 'Torso', 'value': 'ZOKU018'}, {'trait_type': 'Helmet', 'value': 'Clash'}, {'trait_type': 'Feet', 'value': 'Thor'}, {'trait_type': 'Bracers', 'value': 'Prime'}, {'trait_type': 'Hands', 'value': 'Wrath'}]","{'files': [{'type': 'image/png', 'uri': 'https://arweave.net/_FkCAsGLDxF-yzfq0_QJ58P2Z0bc9E9J8HXLYAVqgok'}], 'category': 'image', 'creators': [{'address': '52Cy9Xus2JgCszQ9vZq24A4r1gWRgpLLhSG1Bfk1YjNZ', 'share': 100}]}",1,ZanzPN8P8kP41jq5gTR5yVQMavndvmSxUhSqrSjY36v,1,{},{'moonrank': {'rank': 383}},False,"{'auctionHouseKey': 'E8cU1WiRWjanGxmn96ewBgk9vPTcL6AEZ1t6F6fkgUWe', 'sellerReferral': 'autMW8SgBkVYeBgqYiTuJZnkvDZMVU2MHJh9Jh7CSQ2', 'expiry': -1}"
26,DT2Pkg9kVkuPhGsWdMzxAhzExutosAtxV4i4RXWErXxw,33.0,AWYLK5HKpbYNjhu1saw3fb7UrAnTcTLk2kC9fBFKBUWF,6NxfPMmeefy3vURtSJmxbG57msmcKvNxS9DFog3MGeJS,zankoku,Zankoku Cybogrez,https://arweave.net/4yrhX3SzQFOAgzBPcsMEjRwm9bRBIQSBx0M4-zi49l8,Zankoku Cybogrez #884,Cybogrez go BOP BOP,https://zankokuarena.io,image,"[{'address': 'xgLPMgPaFd1mjgP73Ghkogkpokn9AZFQhPAB5nre8m5', 'verified': 1, 'share': 0}, {'address': '52Cy9Xus2JgCszQ9vZq24A4r1gWRgpLLhSG1Bfk1YjNZ', 'verified': 0, 'share': 100}]",1250,4SrigMbyKT66peXVs7hCHSPa4xZVz1TfDweCBWF6bP6U,"[{'trait_type': 'Background', 'value': 'BG 19'}, {'trait_type': 'Face', 'value': 'Ogre'}, {'trait_type': 'Arms', 'value': 'Omega'}, {'trait_type': 'Accessories', 'value': 'Double Eyebrow Ring'}, {'trait_type': 'Torso', 'value': 'ZOKU021'}, {'trait_type': 'Helmet', 'value': 'Samurai'}, {'trait_type': 'Feet', 'value': 'Bronze'}, {'trait_type': 'Bracers', 'value': 'Athena'}, {'trait_type': 'Hands', 'value': 'Survivor'}]","{'files': [{'type': 'image/png', 'uri': 'https://arweave.net/4yrhX3SzQFOAgzBPcsMEjRwm9bRBIQSBx0M4-zi49l8'}], 'category': 'image', 'creators': [{'address': '52Cy9Xus2JgCszQ9vZq24A4r1gWRgpLLhSG1Bfk1YjNZ', 'share': 100}]}",1,ZanzPN8P8kP41jq5gTR5yVQMavndvmSxUhSqrSjY36v,1,{},{'moonrank': {'rank': 139}},False,"{'auctionHouseKey': 'E8cU1WiRWjanGxmn96ewBgk9vPTcL6AEZ1t6F6fkgUWe', 'sellerReferral': 'autMW8SgBkVYeBgqYiTuJZnkvDZMVU2MHJh9Jh7CSQ2', 'expiry': -1}"
27,JBitVGeswsAk1ugnDsLryvfyJnAtVL3zAnu78j4ahXhU,35.0,7f29BDNxYfjGJgZxTmeohrwxvHpmgpke3V3nfmA7ZND1,4nnEArXomUzHfJiE8hLirVjCNgWkxkDBJKEPtXpiHCnF,zankoku,Zankoku Cybogrez,https://arweave.net/H0iORl7yGon1Ztu-PcCeyFr8uJ1Fgs4xH1H_xRbXPqQ,Zankoku Cybogrez #536,Cybogrez go BOP BOP,https://zankokuarena.io,image,"[{'address': 'xgLPMgPaFd1mjgP73Ghkogkpokn9AZFQhPAB5nre8m5', 'verified': 1, 'share': 0}, {'address': '52Cy9Xus2JgCszQ9vZq24A4r1gWRgpLLhSG1Bfk1YjNZ', 'verified': 0, 'share': 100}]",1250,HH6KG4PuhXsYX6CJQvXkQNTwquPnTLZhk2HHynyQ4sLQ,"[{'trait_type': 'Background', 'value': 'BG 16'}, {'trait_type': 'Face', 'value': 'Ogre'}, {'trait_type': 'Arms', 'value': 'Retro'}, {'trait_type': 'Accessories', 'value': 'Double Eyebrow Ring'}, {'trait_type': 'Torso', 'value': 'ZOKU011'}, {'trait_type': 'Helmet', 'value': 'Domino'}, {'trait_type': 'Feet', 'value': 'Bragi'}, {'trait_type': 'Bracers', 'value': 'Hephaestus'}, {'trait_type': 'Hands', 'value': 'Empress'}]","{'files': [{'type': 'image/png', 'uri': 'https://arweave.net/H0iORl7yGon1Ztu-PcCeyFr8uJ1Fgs4xH1H_xRbXPqQ'}], 'category': 'image', 'creators': [{'address': '52Cy9Xus2JgCszQ9vZq24A4r1gWRgpLLhSG1Bfk1YjNZ', 'share': 100}]}",1,ZanzPN8P8kP41jq5gTR5yVQMavndvmSxUhSqrSjY36v,1,{},{'moonrank': {'rank': 545}},False,"{'auctionHouseKey': 'E8cU1WiRWjanGxmn96ewBgk9vPTcL6AEZ1t6F6fkgUWe', 'sellerReferral': 'autMW8SgBkVYeBgqYiTuJZnkvDZMVU2MHJh9Jh7CSQ2', 'expiry': -1}"
28,37X4XSpDujnYJKhNoJmyNiR5WYMcxNdJGayT7yte7djm,35.0,27yQtSMJzG5yMTgnihUvQq4s9xgBykoYRtutwaJbiuet,AcocBy6b7BHk1ortnQ8vRAwjhyuyVzEzwS1zEdTEGBgN,zankoku,Zankoku Cybogrez,https://arweave.net/1Of0esvUcAzn2R0Uy_LMHi0QdVmxX6owrEcIxOOUmog,Zankoku Cybogrez #264,Cybogrez go BOP BOP,https://zankokuarena.io,image,"[{'address': 'xgLPMgPaFd1mjgP73Ghkogkpokn9AZFQhPAB5nre8m5', 'verified': 1, 'share': 0}, {'address': '52Cy9Xus2JgCszQ9vZq24A4r1gWRgpLLhSG1Bfk1YjNZ', 'verified': 0, 'share': 100}]",1250,5GEoX4zyWQYjE7kCtd69bWAuZF79hj3n7krHXXF7z2FD,"[{'trait_type': 'Background', 'value': 'BG 5'}, {'trait_type': 'Face', 'value': 'Ogre'}, {'trait_type': 'Arms', 'value': 'Kappa'}, {'trait_type': 'Accessories', 'value': 'Nose Ring'}, {'trait_type': 'Torso', 'value': 'ZOKU008'}, {'trait_type': 'Helmet', 'value': 'Dream'}, {'trait_type': 'Feet', 'value': 'Hercule'}, {'trait_type': 'Bracers', 'value': 'Hades'}, {'trait_type': 'Hands', 'value': 'Kiss'}]","{'files': [{'type': 'image/png', 'uri': 'https://arweave.net/1Of0esvUcAzn2R0Uy_LMHi0QdVmxX6owrEcIxOOUmog'}], 'category': 'image', 'creators': [{'address': '52Cy9Xus2JgCszQ9vZq24A4r1gWRgpLLhSG1Bfk1YjNZ', 'share': 100}]}",1,ZanzPN8P8kP41jq5gTR5yVQMavndvmSxUhSqrSjY36v,1,{},{'moonrank': {'rank': 198}},False,"{'auctionHouseKey': 'E8cU1WiRWjanGxmn96ewBgk9vPTcL6AEZ1t6F6fkgUWe', 'sellerReferral': 'autMW8SgBkVYeBgqYiTuJZnkvDZMVU2MHJh9Jh7CSQ2', 'expiry': -1}"
29,44H8VVgSJ4RkbME7EMxeUQ9v6PGRjHt2CCReYxAB2yAd,38.0,8NkVRhGouqSWxhSooPxZZgTjg3C7LBd412gyN1JQvB8D,HobkGhQsojZnzmaSTf7W2owVNBQxpMn11zPg4XNxgtiU,zankoku,Zankoku Cybogrez,https://arweave.net/HIvnGj7bkJKAX0tNPg6IszVqZ0fbRw5-LtlLNzRHlj4,Zankoku Cybogrez #569,Cybogrez go BOP BOP,https://zankokuarena.io,image,"[{'address': 'xgLPMgPaFd1mjgP73Ghkogkpokn9AZFQhPAB5nre8m5', 'verified': 1, 'share': 0}, {'address': '52Cy9Xus2JgCszQ9vZq24A4r1gWRgpLLhSG1Bfk1YjNZ', 'verified': 0, 'share': 100}]",1250,CMZPvqBAF1ws28MLDy9PBBGsjE36fQy9NpsXtTe9CzRa,"[{'trait_type': 'Background', 'value': 'BG 17'}, {'trait_type': 'Face', 'value': 'Ogre'}, {'trait_type': 'Arms', 'value': 'Virgo'}, {'trait_type': 'Accessories', 'value': 'Cross Bandaid'}, {'trait_type': 'Torso', 'value': 'ZOKU024'}, {'trait_type': 'Helmet', 'value': 'Dream'}, {'trait_type': 'Feet', 'value': 'Kami'}, {'trait_type': 'Bracers', 'value': 'Gaia'}, {'trait_type': 'Hands', 'value': 'Purple Haze'}]","{'files': [{'type': 'image/png', 'uri': 'https://arweave.net/HIvnGj7bkJKAX0tNPg6IszVqZ0fbRw5-LtlLNzRHlj4'}], 'category': 'image', 'creators': [{'address': '52Cy9Xus2JgCszQ9vZq24A4r1gWRgpLLhSG1Bfk1YjNZ', 'share': 100}]}",1,ZanzPN8P8kP41jq5gTR5yVQMavndvmSxUhSqrSjY36v,1,{},{'moonrank': {'rank': 106}},False,"{'auctionHouseKey': 'E8cU1WiRWjanGxmn96ewBgk9vPTcL6AEZ1t6F6fkgUWe', 'sellerReferral': 'autMW8SgBkVYeBgqYiTuJZnkvDZMVU2MHJh9Jh7CSQ2', 'expiry': -1}"
30,5aXm3Q4fqvV3ghkqr1NQ2x7RcSaNSEEYN3GRWEJRHqBU,38.0,5vcJgvXiyvLPB1sHLVRYJLtcyCXuBXXDpZNckzSQptpw,2kP4iJ1WJmEGmfW3jtpFRqjnhASCZP7QYG87idELADVX,zankoku,Zankoku Cybogrez,https://arweave.net/P2rppDPCideF004Nzqv_tMJpVcH1-PPZdVPJA0xjYvQ,Zankoku Cybogrez #713,Cybogrez go BOP BOP,https://zankokuarena.io,image,"[{'address': 'xgLPMgPaFd1mjgP73Ghkogkpokn9AZFQhPAB5nre8m5', 'verified': 1, 'share': 0}, {'address': '52Cy9Xus2JgCszQ9vZq24A4r1gWRgpLLhSG1Bfk1YjNZ', 'verified': 0, 'share': 100}]",1250,AMBdboLZr5yeqheoCuXqQFKk9HhQvGFNvhA258QmmWwm,"[{'trait_type': 'Background', 'value': 'BG 25'}, {'trait_type': 'Face', 'value': 'Ogre'}, {'trait_type': 'Arms', 'value': 'Beta'}, {'trait_type': 'Accessories', 'value': 'Skull'}, {'trait_type': 'Torso', 'value': 'ZOKU018'}, {'trait_type': 'Helmet', 'value': 'Oath'}, {'trait_type': 'Feet', 'value': 'Balder'}, {'trait_type': 'Bracers', 'value': 'Alpha'}, {'trait_type': 'Hands', 'value': 'Drako'}]","{'files': [{'type': 'image/png', 'uri': 'https://arweave.net/P2rppDPCideF004Nzqv_tMJpVcH1-PPZdVPJA0xjYvQ'}], 'category': 'image', 'creators': [{'address': '52Cy9Xus2JgCszQ9vZq24A4r1gWRgpLLhSG1Bfk1YjNZ', 'share': 100}]}",1,ZanzPN8P8kP41jq5gTR5yVQMavndvmSxUhSqrSjY36v,1,{},{'moonrank': {'rank': 396}},False,"{'auctionHouseKey': 'E8cU1WiRWjanGxmn96ewBgk9vPTcL6AEZ1t6F6fkgUWe', 'sellerReferral': 'autMW8SgBkVYeBgqYiTuJZnkvDZMVU2MHJh9Jh7CSQ2', 'expiry': -1}"
31,75bTtUZRyVtDYKSV6mV9L5FBFtC7ohRN9unRbvy2MZt8,21.23,HGBpX2r7bP9pubXVPXrDTvZ1G2S1ous8RXt6FcbqywYp,F2xCJK7eLUJ173xRcBpwhNHCwGdkc8mv5CpyZ993FDJR,zankoku,Zankoku Cybogrez,https://arweave.net/Jmjl05DI31v3NE3l5FMBUl-WjRO4-oiUWWT1sAgCo2g,Zankoku Cybogrez #532,Cybogrez go BOP BOP,https://zankokuarena.io,image,"[{'address': 'xgLPMgPaFd1mjgP73Ghkogkpokn9AZFQhPAB5nre8m5', 'verified': 1, 'share': 0}, {'address': '52Cy9Xus2JgCszQ9vZq24A4r1gWRgpLLhSG1Bfk1YjNZ', 'verified': 0, 'share': 100}]",1250,5E9k8rKodEZyx7fxi2EpED1JY1y1iBEsz946dNhfKgZD,"[{'trait_type': 'Background', 'value': 'BG 13'}, {'trait_type': 'Face', 'value': 'Ogre'}, {'trait_type': 'Arms', 'value': 'Virgo'}, {'trait_type': 'Accessories', 'value': 'None'}, {'trait_type': 'Torso', 'value': 'ZOKU001'}, {'trait_type': 'Helmet', 'value': 'Sett'}, {'trait_type': 'Feet', 'value': 'Delta'}, {'trait_type': 'Bracers', 'value': 'Hermes'}, {'trait_type': 'Hands', 'value': 'Drako'}]","{'files': [{'type': 'image/png', 'uri': 'https://arweave.net/Jmjl05DI31v3NE3l5FMBUl-WjRO4-oiUWWT1sAgCo2g'}], 'category': 'image', 'creators': [{'address': '52Cy9Xus2JgCszQ9vZq24A4r1gWRgpLLhSG1Bfk1YjNZ', 'share': 100}]}",1,ZanzPN8P8kP41jq5gTR5yVQMavndvmSxUhSqrSjY36v,1,{},{'moonrank': {'rank': 734}},False,"{'auctionHouseKey': 'E8cU1WiRWjanGxmn96ewBgk9vPTcL6AEZ1t6F6fkgUWe', 'sellerReferral': 'autMW8SgBkVYeBgqYiTuJZnkvDZMVU2MHJh9Jh7CSQ2', 'expiry': -1}"
32,DKknXGuFk4ae57TLKJyGTQqSBYeBUTpb33RxwGfHnN3U,44.69,4LusD23Nvtq3ENn8BaAc5DzAYV6zfXg1wnVVBnmQcY3q,HyPW8XbtcMdHV5LtA1gnXCqQK3unL2nRP26BY6fjVQLC,zankoku,Zankoku Cybogrez,https://arweave.net/rZYWlrwm0PFhLdLJ7-aflQh1chZ83s0IFIIuN7HTfBo,Zankoku Cybogrez #855,Cybogrez go BOP BOP,https://zankokuarena.io,image,"[{'address': 'xgLPMgPaFd1mjgP73Ghkogkpokn9AZFQhPAB5nre8m5', 'verified': 1, 'share': 0}, {'address': '52Cy9Xus2JgCszQ9vZq24A4r1gWRgpLLhSG1Bfk1YjNZ', 'verified': 0, 'share': 100}]",1250,FManAVJst3YFoCUDVzgD2NFzQqfUMrrbkYJpB6dG1H7u,"[{'trait_type': 'Background', 'value': 'BG 2'}, {'trait_type': 'Face', 'value': 'Ogre'}, {'trait_type': 'Arms', 'value': 'Undine'}, {'trait_type': 'Accessories', 'value': '3D Glasses'}, {'trait_type': 'Torso', 'value': 'ZOKU016'}, {'trait_type': 'Helmet', 'value': 'Sett'}, {'trait_type': 'Feet', 'value': 'Thor'}, {'trait_type': 'Bracers', 'value': 'Kronos'}, {'trait_type': 'Hands', 'value': 'Emperor'}]","{'files': [{'type': 'image/png', 'uri': 'https://arweave.net/rZYWlrwm0PFhLdLJ7-aflQh1chZ83s0IFIIuN7HTfBo'}], 'category': 'image', 'creators': [{'address': '52Cy9Xus2JgCszQ9vZq24A4r1gWRgpLLhSG1Bfk1YjNZ', 'share': 100}]}",1,ZanzPN8P8kP41jq5gTR5yVQMavndvmSxUhSqrSjY36v,1,{},{'moonrank': {'rank': 562}},False,"{'auctionHouseKey': 'E8cU1WiRWjanGxmn96ewBgk9vPTcL6AEZ1t6F6fkgUWe', 'sellerReferral': 'autMW8SgBkVYeBgqYiTuJZnkvDZMVU2MHJh9Jh7CSQ2', 'expiry': -1}"
33,BjRQ5LhqTVGAR9y1cmDkkZtM13E1Z1PLEeaq3pofqc6C,45.0,iaroLYJrHBmiCzgpBPpYUdVTotUd1eAXRD8vyR4jNVR,9SEycz66VrPnAhhH8sXWQzb11FuBaLYiYuMFNrAxxeQj,zankoku,Zankoku Cybogrez,https://arweave.net/zeVzfluzPSpyk7umCZCoPjrCn33XJnwRtV8q3CUtCsQ,Zankoku Cybogrez #146,Cybogrez go BOP BOP,https://zankokuarena.io,image,"[{'address': 'xgLPMgPaFd1mjgP73Ghkogkpokn9AZFQhPAB5nre8m5', 'verified': 1, 'share': 0}, {'address': '52Cy9Xus2JgCszQ9vZq24A4r1gWRgpLLhSG1Bfk1YjNZ', 'verified': 0, 'share': 100}]",1250,A2ZF94LdNM8bYdGgrFSREuuKy9tgyugQ1dP8XBza1W7Y,"[{'trait_type': 'Background', 'value': 'BG 9'}, {'trait_type': 'Face', 'value': 'Ogre'}, {'trait_type': 'Arms', 'value': 'Merlin'}, {'trait_type': 'Accessories', 'value': 'Cross Bandaid'}, {'trait_type': 'Torso', 'value': 'ZOKU014'}, {'trait_type': 'Helmet', 'value': 'Neptune'}, {'trait_type': 'Feet', 'value': 'Bragi'}, {'trait_type': 'Bracers', 'value': 'Atlas'}, {'trait_type': 'Hands', 'value': 'Empress'}]","{'files': [{'type': 'image/png', 'uri': 'https://arweave.net/zeVzfluzPSpyk7umCZCoPjrCn33XJnwRtV8q3CUtCsQ'}], 'category': 'image', 'creators': [{'address': '52Cy9Xus2JgCszQ9vZq24A4r1gWRgpLLhSG1Bfk1YjNZ', 'share': 100}]}",1,ZanzPN8P8kP41jq5gTR5yVQMavndvmSxUhSqrSjY36v,1,{},{'moonrank': {'rank': 454}},False,"{'auctionHouseKey': 'E8cU1WiRWjanGxmn96ewBgk9vPTcL6AEZ1t6F6fkgUWe', 'sellerReferral': 'autMW8SgBkVYeBgqYiTuJZnkvDZMVU2MHJh9Jh7CSQ2', 'expiry': -1}"
34,A4WEaUx3xesvqZuD4Z9wCuYTBZGYbVJwhZvjJv8AgPNa,50.0,5Loa7xWALpiuN8k88mRuw6exa5z2Hfp2XF5716soF5Zh,2M7zvdiTvAJZckt5FrmmJUuxrF9cgKsNguAW6ZL4yJVX,zankoku,Zankoku Cybogrez,https://arweave.net/H5nGBHqvpXldFhDBqHTZ8JZYzgFTv8VH6B3l41P6MaA,Zankoku Cybogrez #318,Cybogrez go BOP BOP,https://zankokuarena.io,image,"[{'address': 'xgLPMgPaFd1mjgP73Ghkogkpokn9AZFQhPAB5nre8m5', 'verified': 1, 'share': 0}, {'address': '52Cy9Xus2JgCszQ9vZq24A4r1gWRgpLLhSG1Bfk1YjNZ', 'verified': 0, 'share': 100}]",1250,6kiYft7bD58b7RAHxMsnwhRfcD3arURk1hBSdTGJYCT9,"[{'trait_type': 'Background', 'value': 'BG 2'}, {'trait_type': 'Face', 'value': 'Ogre'}, {'trait_type': 'Arms', 'value': 'Retro'}, {'trait_type': 'Accessories', 'value': 'X'}, {'trait_type': 'Torso', 'value': 'ZOKU024'}, {'trait_type': 'Helmet', 'value': 'Riot'}, {'trait_type': 'Feet', 'value': 'Odin'}, {'trait_type': 'Bracers', 'value': 'Atlas'}, {'trait_type': 'Hands', 'value': 'Lust'}]","{'files': [{'type': 'image/png', 'uri': 'https://arweave.net/H5nGBHqvpXldFhDBqHTZ8JZYzgFTv8VH6B3l41P6MaA'}], 'category': 'image', 'creators': [{'address': '52Cy9Xus2JgCszQ9vZq24A4r1gWRgpLLhSG1Bfk1YjNZ', 'share': 100}]}",1,ZanzPN8P8kP41jq5gTR5yVQMavndvmSxUhSqrSjY36v,1,{},{'moonrank': {'rank': 247}},False,"{'auctionHouseKey': 'E8cU1WiRWjanGxmn96ewBgk9vPTcL6AEZ1t6F6fkgUWe', 'sellerReferral': 'autMW8SgBkVYeBgqYiTuJZnkvDZMVU2MHJh9Jh7CSQ2', 'expiry': -1}"
35,GdHhx88oUzhScmz3avd7o6FNFUTYNM621jCJLQpAEYHp,90.0,ga26zC134ryNsjyQvkUL3yKZkivaUsUCoh9WagqoQ9h,GKHEP7dVH7he7NUmgfNm7uj4kG7HcnJQyRySTPkaxJTi,zankoku,Zankoku Cybogrez,https://arweave.net/hZez21sH2B_chqs-tcI64_KV9_6BKHyD_urce802IJM,Zankoku Cybogrez #806,Cybogrez go BOP BOP,https://zankokuarena.io,image,"[{'address': 'xgLPMgPaFd1mjgP73Ghkogkpokn9AZFQhPAB5nre8m5', 'verified': 1, 'share': 0}, {'address': '52Cy9Xus2JgCszQ9vZq24A4r1gWRgpLLhSG1Bfk1YjNZ', 'verified': 0, 'share': 100}]",1250,26pedZxWqJRXx6ffrwTo1BxxizGvWpqTjFaNER8cte8M,"[{'trait_type': 'Background', 'value': 'BG 9'}, {'trait_type': 'Face', 'value': 'Ogre'}, {'trait_type': 'Arms', 'value': 'Umbra'}, {'trait_type': 'Accessories', 'value': 'Scouter'}, {'trait_type': 'Torso', 'value': 'ZOKU013'}, {'trait_type': 'Helmet', 'value': 'Fool'}, {'trait_type': 'Feet', 'value': 'Vox'}, {'trait_type': 'Bracers', 'value': 'Aether'}, {'trait_type': 'Hands', 'value': 'Emperor'}]","{'files': [{'type': 'image/png', 'uri': 'https://arweave.net/hZez21sH2B_chqs-tcI64_KV9_6BKHyD_urce802IJM'}], 'category': 'image', 'creators': [{'address': '52Cy9Xus2JgCszQ9vZq24A4r1gWRgpLLhSG1Bfk1YjNZ', 'share': 100}]}",1,ZanzPN8P8kP41jq5gTR5yVQMavndvmSxUhSqrSjY36v,1,{},{'moonrank': {'rank': 55}},False,"{'auctionHouseKey': 'E8cU1WiRWjanGxmn96ewBgk9vPTcL6AEZ1t6F6fkgUWe', 'sellerReferral': 'autMW8SgBkVYeBgqYiTuJZnkvDZMVU2MHJh9Jh7CSQ2', 'expiry': -1}"
36,EgMqhiSKFe5p5BnUTcovwcHAmzv5DQJGJUF5ZyPdkHjp,100.0,FPWAhUbrecevVZLPLoKXLSCBALPhWzmxvtpRaRFsqEG1,9WKcrKM9orvvvn8EWVDgkws6CxArPRS1pPoGbuppEuPa,zankoku,Zankoku Cybogrez,https://arweave.net/qkV7dxW070qKOXLE68DPKNkgtKCl2txNmr8zbdeCL1A,Zankoku Cybogrez #922,Cybogrez go BOP BOP,https://zankokuarena.io,image,"[{'address': 'xgLPMgPaFd1mjgP73Ghkogkpokn9AZFQhPAB5nre8m5', 'verified': 1, 'share': 0}, {'address': '52Cy9Xus2JgCszQ9vZq24A4r1gWRgpLLhSG1Bfk1YjNZ', 'verified': 0, 'share': 100}]",1250,9116R4zMi8eQEv4uQqgJAFcW1oQqiBraX6Ru9zG8eMb8,"[{'trait_type': 'Background', 'value': 'BG 21'}, {'trait_type': 'Face', 'value': 'Ogre'}, {'trait_type': 'Arms', 'value': 'Merlin'}, {'trait_type': 'Accessories', 'value': 'None'}, {'trait_type': 'Torso', 'value': 'ZOKU009'}, {'trait_type': 'Helmet', 'value': 'Oath'}, {'trait_type': 'Feet', 'value': 'Berrier'}, {'trait_type': 'Bracers', 'value': 'Ares'}, {'trait_type': 'Hands', 'value': 'STX1313'}]","{'files': [{'type': 'image/png', 'uri': 'https://arweave.net/qkV7dxW070qKOXLE68DPKNkgtKCl2txNmr8zbdeCL1A'}], 'category': 'image', 'creators': [{'address': '52Cy9Xus2JgCszQ9vZq24A4r1gWRgpLLhSG1Bfk1YjNZ', 'share': 100}]}",1,ZanzPN8P8kP41jq5gTR5yVQMavndvmSxUhSqrSjY36v,1,{},{'moonrank': {'rank': 399}},False,"{'auctionHouseKey': 'E8cU1WiRWjanGxmn96ewBgk9vPTcL6AEZ1t6F6fkgUWe', 'sellerReferral': 'autMW8SgBkVYeBgqYiTuJZnkvDZMVU2MHJh9Jh7CSQ2', 'expiry': -1}"
37,E326zNyHgs3Fg1mke9MWHHMpSF62SZ8Vtw4CpTMcT2BQ,100.0,HmP5F4VgftJTfz8kxb2GPxQRdur6mqyQ4TugQve3owAg,5hVR9sL4GdgWm1hPbDPhHo6DnN99oFZWEWo6o6jhSHK7,zankoku,Zankoku Cybogrez,https://arweave.net/Z7ku7_9xeGYQ4udrPTJ-E-wcdR1io-yBixPdP5PwKio,Zankoku Cybogrez #932,Cybogrez go BOP BOP,https://zankokuarena.io,image,"[{'address': 'xgLPMgPaFd1mjgP73Ghkogkpokn9AZFQhPAB5nre8m5', 'verified': 1, 'share': 0}, {'address': '52Cy9Xus2JgCszQ9vZq24A4r1gWRgpLLhSG1Bfk1YjNZ', 'verified': 0, 'share': 100}]",1250,8nMjkGxV2YtvpFqxPVvuSKW2K39Prq6qmU4zziFgnowE,"[{'trait_type': 'Background', 'value': 'BG 16'}, {'trait_type': 'Face', 'value': 'Ogre'}, {'trait_type': 'Arms', 'value': 'Shogun'}, {'trait_type': 'Accessories', 'value': 'Ded'}, {'trait_type': 'Torso', 'value': 'ZOKU019'}, {'trait_type': 'Helmet', 'value': 'Magnum'}, {'trait_type': 'Feet', 'value': 'Thor'}, {'trait_type': 'Bracers', 'value': 'Alpha'}, {'trait_type': 'Hands', 'value': 'Emperor'}]","{'files': [{'type': 'image/png', 'uri': 'https://arweave.net/Z7ku7_9xeGYQ4udrPTJ-E-wcdR1io-yBixPdP5PwKio'}], 'category': 'image', 'creators': [{'address': '52Cy9Xus2JgCszQ9vZq24A4r1gWRgpLLhSG1Bfk1YjNZ', 'share': 100}]}",1,ZanzPN8P8kP41jq5gTR5yVQMavndvmSxUhSqrSjY36v,1,{},{'moonrank': {'rank': 40}},False,"{'auctionHouseKey': 'E8cU1WiRWjanGxmn96ewBgk9vPTcL6AEZ1t6F6fkgUWe', 'sellerReferral': 'autMW8SgBkVYeBgqYiTuJZnkvDZMVU2MHJh9Jh7CSQ2', 'expiry': -1}"
38,4AM7c9T2VM8aAQ3NKQZHdmyDXM58n7HGLSWmNR9tGLbR,120.0,6NyeW5j9PyfDvBKPuXQj6op9K8WM3Zq6UxLY1yLES2jT,3j54792sVPx9y9T1AFfpNNXEZyChyFhvzEheJjHpC2Vd,zankoku,Zankoku Cybogrez,https://arweave.net/tP8BZ8tOicuuIiPVhLOO0YvwR6XaOGIOKKQ0g53OWYo,Zankoku Cybogrez #278,Cybogrez go BOP BOP,https://zankokuarena.io,image,"[{'address': 'xgLPMgPaFd1mjgP73Ghkogkpokn9AZFQhPAB5nre8m5', 'verified': 1, 'share': 0}, {'address': '52Cy9Xus2JgCszQ9vZq24A4r1gWRgpLLhSG1Bfk1YjNZ', 'verified': 0, 'share': 100}]",1250,GhVVCVTqeDbqttdwDwnvqJBTQZD8F88jYTw5mD1Y24Zw,"[{'trait_type': 'Background', 'value': 'BG 6'}, {'trait_type': 'Face', 'value': 'Ogre'}, {'trait_type': 'Arms', 'value': 'Kraken'}, {'trait_type': 'Accessories', 'value': 'Stars'}, {'trait_type': 'Torso', 'value': 'ZOKU015'}, {'trait_type': 'Helmet', 'value': 'Dream'}, {'trait_type': 'Feet', 'value': 'Thor'}, {'trait_type': 'Bracers', 'value': 'Hazard'}, {'trait_type': 'Hands', 'value': 'Star Crossed'}]","{'files': [{'type': 'image/png', 'uri': 'https://arweave.net/tP8BZ8tOicuuIiPVhLOO0YvwR6XaOGIOKKQ0g53OWYo'}], 'category': 'image', 'creators': [{'address': '52Cy9Xus2JgCszQ9vZq24A4r1gWRgpLLhSG1Bfk1YjNZ', 'share': 100}]}",1,ZanzPN8P8kP41jq5gTR5yVQMavndvmSxUhSqrSjY36v,1,{},{'moonrank': {'rank': 3}},False,"{'auctionHouseKey': 'E8cU1WiRWjanGxmn96ewBgk9vPTcL6AEZ1t6F6fkgUWe', 'sellerReferral': 'autMW8SgBkVYeBgqYiTuJZnkvDZMVU2MHJh9Jh7CSQ2', 'expiry': -1}"
