,id,price,escrowPubkey,owner,collectionName,collectionTitle,img,title,content,propertyCategory,creators,sellerFeeBasisPoints,mintAddress,attributes,properties,supply,updateAuthority,primarySaleHappened,onChainCollection,tokenDelegateValid,v2,rarity
0,DHmsT54N3BJn6SGjLCpftgoGtGqUU48SvjQHwFphS7dx,22.4,6Kdz4gPB3n7ytNyy6hRHj7F7rrADfwcke6mJNkZge6x8,3fsaKNy3vfNfVySEuh28dNgnaZD6F8iHwxMDVUfqmnke,888_anon_club,The Anon Club™,https://www.arweave.net/z4Y1i0AkMAHd0fjzrZrUyoljZ1FLbMx9MF6WRH6X2Zs?ext=png,888AC #624,888 Unique 2D Pixel Anons which represent membership into The 888 Anon Club™,image,"[{'address': '7JZbDVec4dViXTsMgYudpBppVdVAzZYjUuX985wZCK8B', 'verified': 1, 'share': 0}, {'address': 'FDfhQ9t7Nq8U4Y2xXynmd9bQW8HMdgbVS5PggeuAaff3', 'verified': 0, 'share': 100}]",500,DZTrVWnficscZaZHVACCrsjS22dC2jT16KnaJSs9DKt2,"[{'trait_type': 'background', 'value': 'royal'}, {'trait_type': 'tshirt', 'value': 'skull-pink'}, {'trait_type': 'skin', 'value': 'grey'}, {'trait_type': 'mask', 'value': 'mauve'}, {'trait_type': 'accessory', 'value': 'black-eyes'}]","{'category': 'image', 'creators': [{'address': 'FDfhQ9t7Nq8U4Y2xXynmd9bQW8HMdgbVS5PggeuAaff3', 'share': 100}], 'files': [{'uri': 'https://www.arweave.net/z4Y1i0AkMAHd0fjzrZrUyoljZ1FLbMx9MF6WRH6X2Zs?ext=png', 'type': 'image/png'}]}",1,prC6wjf6Qu3ZgBxMdpTcknReCberDnRitqkEHhG59yv,1,{},False,"{'auctionHouseKey': 'E8cU1WiRWjanGxmn96ewBgk9vPTcL6AEZ1t6F6fkgUWe', 'sellerReferral': 'autMW8SgBkVYeBgqYiTuJZnkvDZMVU2MHJh9Jh7CSQ2', 'expiry': -1}","{'moonrank': {'rank': 758}, 'howrare': {'rank': 672}}"
1,ES6gJw4p24vVKuv2iBE7KJ4svjutBj6Jf2xYZGi2KBMg,24.88,BHFQqeWygHcC1rNvxMmroL6U8vPSGwHk93gS67Tfu6mf,4xAsTWmYTmjHHNtEd4rDdaWuF82au2PnjVHLAYHycsDf,888_anon_club,The Anon Club™,https://www.arweave.net/2do8O43_9WcnkmUzwqsWHZsurmmgPwFggzhiHjrVlmM?ext=png,888AC #655,888 Unique 2D Pixel Anons which represent membership into The 888 Anon Club™,image,"[{'address': '7JZbDVec4dViXTsMgYudpBppVdVAzZYjUuX985wZCK8B', 'verified': 1, 'share': 0}, {'address': 'FDfhQ9t7Nq8U4Y2xXynmd9bQW8HMdgbVS5PggeuAaff3', 'verified': 0, 'share': 100}]",500,A4SXCdmVxkMRHvU1fssRPgJEDyxUazL8K1M66n6Ei6um,"[{'trait_type': 'background', 'value': 'hot-pink'}, {'trait_type': 'tshirt', 'value': 'logo-forest'}, {'trait_type': 'skin', 'value': 'black'}, {'trait_type': 'mask', 'value': 'lime'}, {'trait_type': 'accessory', 'value': 'green-eyes'}]","{'category': 'image', 'creators': [{'address': 'FDfhQ9t7Nq8U4Y2xXynmd9bQW8HMdgbVS5PggeuAaff3', 'share': 100}], 'files': [{'uri': 'https://www.arweave.net/2do8O43_9WcnkmUzwqsWHZsurmmgPwFggzhiHjrVlmM?ext=png', 'type': 'image/png'}]}",1,prC6wjf6Qu3ZgBxMdpTcknReCberDnRitqkEHhG59yv,1,{},False,"{'auctionHouseKey': 'E8cU1WiRWjanGxmn96ewBgk9vPTcL6AEZ1t6F6fkgUWe', 'sellerReferral': 'autMW8SgBkVYeBgqYiTuJZnkvDZMVU2MHJh9Jh7CSQ2', 'expiry': -1}","{'moonrank': {'rank': 737}, 'howrare': {'rank': 823}}"
2,6mkjUsSSX1dFL3gZPMxNpCHCEBkmCjVS3Ba8eatn2ASn,25.0,HRxJ6w6WJQTgvgsPNn6W7PjtkxP516p95K5soJqDG4dr,CN79AGwES1CF8vzwnr4iELNELA8JitsdFv7RhNZ3DGwn,888_anon_club,The Anon Club™,https://www.arweave.net/BOILe50naJlikk6sK_aYmIajwo_4B46C9Nu3Z5ykyMo?ext=png,888AC #114,888 Unique 2D Pixel Anons which represent membership into The 888 Anon Club™,image,"[{'address': '7JZbDVec4dViXTsMgYudpBppVdVAzZYjUuX985wZCK8B', 'verified': 1, 'share': 0}, {'address': 'FDfhQ9t7Nq8U4Y2xXynmd9bQW8HMdgbVS5PggeuAaff3', 'verified': 0, 'share': 100}]",500,HFbNCf9Lzx5aLEXGLMm992X8bkNePnCAbNCTKLHpjLf,"[{'trait_type': 'background', 'value': 'blue'}, {'trait_type': 'tshirt', 'value': 'logo-coral'}, {'trait_type': 'skin', 'value': 'pink'}, {'trait_type': 'mask', 'value': 'dusk'}, {'trait_type': 'accessory', 'value': 'tears'}]","{'category': 'image', 'creators': [{'address': 'FDfhQ9t7Nq8U4Y2xXynmd9bQW8HMdgbVS5PggeuAaff3', 'share': 100}], 'files': [{'uri': 'https://www.arweave.net/BOILe50naJlikk6sK_aYmIajwo_4B46C9Nu3Z5ykyMo?ext=png', 'type': 'image/png'}]}",1,prC6wjf6Qu3ZgBxMdpTcknReCberDnRitqkEHhG59yv,1,{},False,"{'auctionHouseKey': 'E8cU1WiRWjanGxmn96ewBgk9vPTcL6AEZ1t6F6fkgUWe', 'sellerReferral': 'autMW8SgBkVYeBgqYiTuJZnkvDZMVU2MHJh9Jh7CSQ2', 'expiry': -1}","{'moonrank': {'rank': 343}, 'howrare': {'rank': 373}}"
3,AcQu15GeERxRyviyGtfVr5UGFadfbiAU1Y4xsdMga6jR,27.0,ESHaDdZ2VQJ9cdwimXCcWtBeiHcGzJjMdFKbkHfx8iSf,HT2SuCbePhjNZaar24uVwihYowCNvSjdvhJ8BRSVw9nX,888_anon_club,The Anon Club™,https://www.arweave.net/Psgn4EZMg_hbtjF9aQQSLfXigMrMwmbamrFSqcPSHi8?ext=png,888AC #700,888 Unique 2D Pixel Anons which represent membership into The 888 Anon Club™,image,"[{'address': '7JZbDVec4dViXTsMgYudpBppVdVAzZYjUuX985wZCK8B', 'verified': 1, 'share': 0}, {'address': 'FDfhQ9t7Nq8U4Y2xXynmd9bQW8HMdgbVS5PggeuAaff3', 'verified': 0, 'share': 100}]",500,883nt9iVfYargvLcwfMtENAnb86Z65Dh6aTNSen4oAhh,"[{'trait_type': 'background', 'value': 'orange'}, {'trait_type': 'tshirt', 'value': 'logo-coral'}, {'trait_type': 'skin', 'value': 'black'}, {'trait_type': 'mask', 'value': 'orange'}, {'trait_type': 'accessory', 'value': 'bandana'}]","{'category': 'image', 'creators': [{'address': 'FDfhQ9t7Nq8U4Y2xXynmd9bQW8HMdgbVS5PggeuAaff3', 'share': 100}], 'files': [{'uri': 'https://www.arweave.net/Psgn4EZMg_hbtjF9aQQSLfXigMrMwmbamrFSqcPSHi8?ext=png', 'type': 'image/png'}]}",1,prC6wjf6Qu3ZgBxMdpTcknReCberDnRitqkEHhG59yv,1,{},False,"{'auctionHouseKey': 'E8cU1WiRWjanGxmn96ewBgk9vPTcL6AEZ1t6F6fkgUWe', 'sellerReferral': 'autMW8SgBkVYeBgqYiTuJZnkvDZMVU2MHJh9Jh7CSQ2', 'expiry': -1}","{'moonrank': {'rank': 340}, 'howrare': {'rank': 362}}"
4,9De94WH4JHFTr84xrPPrshvDFxteTbpZS2X89A3wnf2U,26.69,C2CujVWoztLuCdxLQypdutezY3twt3ReQxN1Dwd5NXmv,E2aC6gfCqSbQfsLUZ7EJefFbUQiaGgX3LNdHLHbHDL4E,888_anon_club,The Anon Club™,https://www.arweave.net/il908iWMeHhmjIphC4gg_9kK9aseROXNGupSJgmgH6M?ext=png,888AC #738,888 Unique 2D Pixel Anons which represent membership into The 888 Anon Club™,image,"[{'address': '7JZbDVec4dViXTsMgYudpBppVdVAzZYjUuX985wZCK8B', 'verified': 1, 'share': 0}, {'address': 'FDfhQ9t7Nq8U4Y2xXynmd9bQW8HMdgbVS5PggeuAaff3', 'verified': 0, 'share': 100}]",500,12wLpX48pAnUSjXriNmSCxiURQxQUSWtNvGWjkepgK5C,"[{'trait_type': 'background', 'value': 'toy-blue'}, {'trait_type': 'tshirt', 'value': 'nurse-shirt'}, {'trait_type': 'skin', 'value': 'crimson'}, {'trait_type': 'mask', 'value': 'neon'}, {'trait_type': 'accessory', 'value': 'fangs'}]","{'category': 'image', 'creators': [{'address': 'FDfhQ9t7Nq8U4Y2xXynmd9bQW8HMdgbVS5PggeuAaff3', 'share': 100}], 'files': [{'uri': 'https://www.arweave.net/il908iWMeHhmjIphC4gg_9kK9aseROXNGupSJgmgH6M?ext=png', 'type': 'image/png'}]}",1,prC6wjf6Qu3ZgBxMdpTcknReCberDnRitqkEHhG59yv,1,{},False,"{'auctionHouseKey': 'E8cU1WiRWjanGxmn96ewBgk9vPTcL6AEZ1t6F6fkgUWe', 'sellerReferral': 'autMW8SgBkVYeBgqYiTuJZnkvDZMVU2MHJh9Jh7CSQ2', 'expiry': -1}","{'moonrank': {'rank': 450}, 'howrare': {'rank': 384}}"
5,4P5yo9fpdidkA5Rv3p48kUToeyQeuXy1koWVNN6vfJTa,28.0,81qoXWHcMeSsWGyKUV1qA7jNG6zNJKxmu4ARa5ALBiwR,ES71KmEtQVP2HTL51U3f5m81HVKh3aCfGPqSBsT52xnY,888_anon_club,The Anon Club™,https://www.arweave.net/7efXJOCAbeQHbYNFQr1ybK74SY5LVfxUMUzh-sQbqxE?ext=png,888AC #635,888 Unique 2D Pixel Anons which represent membership into The 888 Anon Club™,image,"[{'address': '7JZbDVec4dViXTsMgYudpBppVdVAzZYjUuX985wZCK8B', 'verified': 1, 'share': 0}, {'address': 'FDfhQ9t7Nq8U4Y2xXynmd9bQW8HMdgbVS5PggeuAaff3', 'verified': 0, 'share': 100}]",500,J2RQKdKtBHqEbrjtBYj7NGZzeKoUiBAVkV6aDNUYP3Kz,"[{'trait_type': 'background', 'value': 'fuscia'}, {'trait_type': 'tshirt', 'value': 'plain-white'}, {'trait_type': 'skin', 'value': 'white'}, {'trait_type': 'mask', 'value': 'saloon'}, {'trait_type': 'accessory', 'value': 'sleeping-mask'}]","{'category': 'image', 'creators': [{'address': 'FDfhQ9t7Nq8U4Y2xXynmd9bQW8HMdgbVS5PggeuAaff3', 'share': 100}], 'files': [{'uri': 'https://www.arweave.net/7efXJOCAbeQHbYNFQr1ybK74SY5LVfxUMUzh-sQbqxE?ext=png', 'type': 'image/png'}]}",1,prC6wjf6Qu3ZgBxMdpTcknReCberDnRitqkEHhG59yv,1,{},False,"{'auctionHouseKey': 'E8cU1WiRWjanGxmn96ewBgk9vPTcL6AEZ1t6F6fkgUWe', 'sellerReferral': 'autMW8SgBkVYeBgqYiTuJZnkvDZMVU2MHJh9Jh7CSQ2', 'expiry': -1}","{'howrare': {'rank': 36}, 'moonrank': {'rank': 40}}"
6,8moM7aYpNjFrwofQyLe8qVb3MiC7mPYLZMkrt9aM74vL,29.5,DzgrTpEjB7oK35Gk6HZsLLpRZ4mSdUUmaQdw7iKwF5Tx,36shXjGFrhmGhKroyBWU9XU47RE88CbKvC73BeFn6Afa,888_anon_club,The Anon Club™,https://www.arweave.net/nNMVqanR9N4kzFQisxzhCB0jW6oVqTVPEZX5t8u23RU?ext=png,888AC #286,888 Unique 2D Pixel Anons which represent membership into The 888 Anon Club™,image,"[{'address': '7JZbDVec4dViXTsMgYudpBppVdVAzZYjUuX985wZCK8B', 'verified': 1, 'share': 0}, {'address': 'FDfhQ9t7Nq8U4Y2xXynmd9bQW8HMdgbVS5PggeuAaff3', 'verified': 0, 'share': 100}]",500,2msHjzgnTb2xJehd2bU5HmFpiuaFiojwrBfhXDGsoDQ9,"[{'trait_type': 'background', 'value': 'fuscia'}, {'trait_type': 'tshirt', 'value': 'logo-sea'}, {'trait_type': 'skin', 'value': 'orange'}, {'trait_type': 'mask', 'value': 'lime'}, {'trait_type': 'accessory', 'value': 'bandana'}]","{'category': 'image', 'creators': [{'address': 'FDfhQ9t7Nq8U4Y2xXynmd9bQW8HMdgbVS5PggeuAaff3', 'share': 100}], 'files': [{'uri': 'https://www.arweave.net/nNMVqanR9N4kzFQisxzhCB0jW6oVqTVPEZX5t8u23RU?ext=png', 'type': 'image/png'}]}",1,prC6wjf6Qu3ZgBxMdpTcknReCberDnRitqkEHhG59yv,1,{},False,"{'auctionHouseKey': 'E8cU1WiRWjanGxmn96ewBgk9vPTcL6AEZ1t6F6fkgUWe', 'sellerReferral': 'autMW8SgBkVYeBgqYiTuJZnkvDZMVU2MHJh9Jh7CSQ2', 'expiry': -1}","{'moonrank': {'rank': 318}, 'howrare': {'rank': 343}}"
7,7mNX8eqXPi8fKavQr5dyVC9GJZCQSayArmQoj5HVonKG,30.0,BXVzNa5n8eMZ9EJQiRc9raNiaXRoXNHrvFdYNiydqype,EGn287PGf9HzscBzefQoXU7vH6q9JANpbjTMJCaHrc9Q,888_anon_club,The Anon Club™,https://www.arweave.net/OZxf4rjGdQFSm9sV5WLZ4p0mxRm9NZWG_8R0KqjoF18?ext=png,888AC #770,888 Unique 2D Pixel Anons which represent membership into The 888 Anon Club™,image,"[{'address': '7JZbDVec4dViXTsMgYudpBppVdVAzZYjUuX985wZCK8B', 'verified': 1, 'share': 0}, {'address': 'FDfhQ9t7Nq8U4Y2xXynmd9bQW8HMdgbVS5PggeuAaff3', 'verified': 0, 'share': 100}]",500,AYpfBe5MfiZwUoYU47MMDo69PgW3JTqDSoWKLjZbepoe,"[{'trait_type': 'background', 'value': 'candy-red'}, {'trait_type': 'tshirt', 'value': 'logo2-purple'}, {'trait_type': 'skin', 'value': 'blue'}, {'trait_type': 'mask', 'value': 'purple'}, {'trait_type': 'accessory', 'value': 'bandage'}]","{'category': 'image', 'creators': [{'address': 'FDfhQ9t7Nq8U4Y2xXynmd9bQW8HMdgbVS5PggeuAaff3', 'share': 100}], 'files': [{'uri': 'https://www.arweave.net/OZxf4rjGdQFSm9sV5WLZ4p0mxRm9NZWG_8R0KqjoF18?ext=png', 'type': 'image/png'}]}",1,prC6wjf6Qu3ZgBxMdpTcknReCberDnRitqkEHhG59yv,1,{},False,"{'auctionHouseKey': 'E8cU1WiRWjanGxmn96ewBgk9vPTcL6AEZ1t6F6fkgUWe', 'sellerReferral': 'autMW8SgBkVYeBgqYiTuJZnkvDZMVU2MHJh9Jh7CSQ2', 'expiry': -1}","{'moonrank': {'rank': 265}, 'howrare': {'rank': 288}}"
8,Fx5aN98qDW2zfe66NmSx9kt4gwcsxbrbY6Dc9qxFa1ro,30.0,Cb4r2UhFeCPkAexW1NT5gEznTcNtRLC9qqu2amqZbyDj,DinvFG6PWfihUroG1ezK4VLU7XuLsAdYqW5qF4yaej2a,888_anon_club,The Anon Club™,https://www.arweave.net/z-yBZjxlnqistHXQ3oHijz0W8Laz-C_6Nrjy0-i5t_I?ext=png,888AC #104,888 Unique 2D Pixel Anons which represent membership into The 888 Anon Club™,image,"[{'address': '7JZbDVec4dViXTsMgYudpBppVdVAzZYjUuX985wZCK8B', 'verified': 1, 'share': 0}, {'address': 'FDfhQ9t7Nq8U4Y2xXynmd9bQW8HMdgbVS5PggeuAaff3', 'verified': 0, 'share': 100}]",500,2hxYX1CH7JeXAPpyFxL56hqFM2HYBa97vtuyv7g71Wig,"[{'trait_type': 'background', 'value': 'fuscia'}, {'trait_type': 'tshirt', 'value': 'plain-blue'}, {'trait_type': 'skin', 'value': 'blue'}, {'trait_type': 'mask', 'value': 'orange'}, {'trait_type': 'accessory', 'value': 'blue-eyes'}]","{'category': 'image', 'creators': [{'address': 'FDfhQ9t7Nq8U4Y2xXynmd9bQW8HMdgbVS5PggeuAaff3', 'share': 100}], 'files': [{'uri': 'https://www.arweave.net/z-yBZjxlnqistHXQ3oHijz0W8Laz-C_6Nrjy0-i5t_I?ext=png', 'type': 'image/png'}]}",1,prC6wjf6Qu3ZgBxMdpTcknReCberDnRitqkEHhG59yv,1,{},False,"{'auctionHouseKey': 'E8cU1WiRWjanGxmn96ewBgk9vPTcL6AEZ1t6F6fkgUWe', 'sellerReferral': 'autMW8SgBkVYeBgqYiTuJZnkvDZMVU2MHJh9Jh7CSQ2', 'expiry': -1}",{'moonrank': {'rank': 440}}
9,ANZxeQVihsDfvGEzXvg8fResL4FzUhER1ofDnM5JmcdG,30.0,6egM4UfuDDqgeYhQR9A5RmqSb9pEuHCP2xd7YyrtVos2,4YgtMja9aX1gVyR3pCHnYHzk5A7xZCMEJr3TrABoUBke,888_anon_club,The Anon Club™,https://www.arweave.net/VJ4g8eyOJLFHdWiZTpopUd_HrVWoanz5oQKV_4RcBi4?ext=png,888AC #164,888 Unique 2D Pixel Anons which represent membership into The 888 Anon Club™,image,"[{'address': '7JZbDVec4dViXTsMgYudpBppVdVAzZYjUuX985wZCK8B', 'verified': 1, 'share': 0}, {'address': 'FDfhQ9t7Nq8U4Y2xXynmd9bQW8HMdgbVS5PggeuAaff3', 'verified': 0, 'share': 100}]",500,Dgkh8djxqqEhYvFvSWCYnYEVwEHEKCj8E5VnTKLkEuhS,"[{'trait_type': 'background', 'value': 'cloud-white'}, {'trait_type': 'tshirt', 'value': 'logo1-blue'}, {'trait_type': 'skin', 'value': 'green'}, {'trait_type': 'mask', 'value': 'teal'}, {'trait_type': 'accessory', 'value': 'grin'}]","{'category': 'image', 'creators': [{'address': 'FDfhQ9t7Nq8U4Y2xXynmd9bQW8HMdgbVS5PggeuAaff3', 'share': 100}], 'files': [{'uri': 'https://www.arweave.net/VJ4g8eyOJLFHdWiZTpopUd_HrVWoanz5oQKV_4RcBi4?ext=png', 'type': 'image/png'}]}",1,prC6wjf6Qu3ZgBxMdpTcknReCberDnRitqkEHhG59yv,1,{},False,"{'auctionHouseKey': 'E8cU1WiRWjanGxmn96ewBgk9vPTcL6AEZ1t6F6fkgUWe', 'sellerReferral': 'autMW8SgBkVYeBgqYiTuJZnkvDZMVU2MHJh9Jh7CSQ2', 'expiry': -1}","{'moonrank': {'rank': 536}, 'howrare': {'rank': 720}}"
10,4rudFZQtthYHwNykgL9gdAKKn6pibXpexYXN8a7YxLra,32.0,8SmDSbukW5AjqdM9MAvrrbS3Zk727vgondehwAK5cqjo,74CpKeDJud6a2Gw4rshF9PY1WgFiq8JYF5uuz64CRumu,888_anon_club,The Anon Club™,https://www.arweave.net/_t57Q6P7M7vNtc9hLk885NlI_pMmDV1_eV5iUMsejJA?ext=png,888AC #349,888 Unique 2D Pixel Anons which represent membership into The 888 Anon Club™,image,"[{'address': '7JZbDVec4dViXTsMgYudpBppVdVAzZYjUuX985wZCK8B', 'verified': 1, 'share': 0}, {'address': 'FDfhQ9t7Nq8U4Y2xXynmd9bQW8HMdgbVS5PggeuAaff3', 'verified': 0, 'share': 100}]",500,5o4Nin1oc6oc16SJuo6kt2xocA1etYUsFo4XMZVdzYpe,"[{'trait_type': 'background', 'value': 'musk'}, {'trait_type': 'tshirt', 'value': 'skull-olive'}, {'trait_type': 'skin', 'value': 'brown'}, {'trait_type': 'mask', 'value': 'dusk'}, {'trait_type': 'accessory', 'value': 'fangs'}]","{'category': 'image', 'creators': [{'address': 'FDfhQ9t7Nq8U4Y2xXynmd9bQW8HMdgbVS5PggeuAaff3', 'share': 100}], 'files': [{'uri': 'https://www.arweave.net/_t57Q6P7M7vNtc9hLk885NlI_pMmDV1_eV5iUMsejJA?ext=png', 'type': 'image/png'}]}",1,prC6wjf6Qu3ZgBxMdpTcknReCberDnRitqkEHhG59yv,1,{},False,"{'auctionHouseKey': 'E8cU1WiRWjanGxmn96ewBgk9vPTcL6AEZ1t6F6fkgUWe', 'sellerReferral': 'autMW8SgBkVYeBgqYiTuJZnkvDZMVU2MHJh9Jh7CSQ2', 'expiry': -1}","{'moonrank': {'rank': 594}, 'howrare': {'rank': 660}}"
11,DJ2bmseAVFJfLk3AFC7iubbEPgav5AMyJyXDwTkCP7kC,34.0,GUvkgn2DPrcB4GPfNCXP4eid8t8hs9tyCoozddapGkjF,3jNMgQCjoFspGgPP2mWEd1rq5vFbxK15qdZhbr1N9K9u,888_anon_club,The Anon Club™,https://www.arweave.net/K_BxuzsT7pUAMI3aYYUnoOwh3lE41HjrbiwvucBovB0?ext=png,888AC #231,888 Unique 2D Pixel Anons which represent membership into The 888 Anon Club™,image,"[{'address': '7JZbDVec4dViXTsMgYudpBppVdVAzZYjUuX985wZCK8B', 'verified': 1, 'share': 0}, {'address': 'FDfhQ9t7Nq8U4Y2xXynmd9bQW8HMdgbVS5PggeuAaff3', 'verified': 0, 'share': 100}]",500,A6kqaareEZ39ote8gRG6y4ajXdkQa6PFBYjdtZEzynN7,"[{'trait_type': 'background', 'value': 'cloud-white'}, {'trait_type': 'tshirt', 'value': 'logo-forest'}, {'trait_type': 'skin', 'value': 'ice'}, {'trait_type': 'mask', 'value': 'ice'}, {'trait_type': 'accessory', 'value': 'devil'}]","{'category': 'image', 'creators': [{'address': 'FDfhQ9t7Nq8U4Y2xXynmd9bQW8HMdgbVS5PggeuAaff3', 'share': 100}], 'files': [{'uri': 'https://www.arweave.net/K_BxuzsT7pUAMI3aYYUnoOwh3lE41HjrbiwvucBovB0?ext=png', 'type': 'image/png'}]}",1,prC6wjf6Qu3ZgBxMdpTcknReCberDnRitqkEHhG59yv,1,{},False,"{'auctionHouseKey': 'E8cU1WiRWjanGxmn96ewBgk9vPTcL6AEZ1t6F6fkgUWe', 'sellerReferral': 'autMW8SgBkVYeBgqYiTuJZnkvDZMVU2MHJh9Jh7CSQ2', 'expiry': -1}","{'howrare': {'rank': 224}, 'moonrank': {'rank': 191}}"
12,6TxkGDFMXqajunS2u5ctLPScHAvKnWUPVYTWSSxKUEXs,34.89,9hwtFZrZmspWF6QhTHSNTS8xjcGXJc7pKVDeM1anTKST,5P13y1Swjk5UKgqcVYYLdNUSMkCGFEeLkTL3JvY3Hppn,888_anon_club,The Anon Club™,https://www.arweave.net/7gBEq13GAfOXXEeCyv17zBmMCH1DHJ5TYlTiqSiH6xM?ext=png,888AC #680,888 Unique 2D Pixel Anons which represent membership into The 888 Anon Club™,image,"[{'address': '7JZbDVec4dViXTsMgYudpBppVdVAzZYjUuX985wZCK8B', 'verified': 1, 'share': 0}, {'address': 'FDfhQ9t7Nq8U4Y2xXynmd9bQW8HMdgbVS5PggeuAaff3', 'verified': 0, 'share': 100}]",500,hkXEXJKMvLkR8JFsBfZ2MwaP6pj1MMCukRKeDzDmpLq,"[{'trait_type': 'background', 'value': 'fuscia'}, {'trait_type': 'tshirt', 'value': 'logo1-purple'}, {'trait_type': 'skin', 'value': 'orange'}, {'trait_type': 'mask', 'value': 'beige'}, {'trait_type': 'accessory', 'value': 'cig'}]","{'category': 'image', 'creators': [{'address': 'FDfhQ9t7Nq8U4Y2xXynmd9bQW8HMdgbVS5PggeuAaff3', 'share': 100}], 'files': [{'uri': 'https://www.arweave.net/7gBEq13GAfOXXEeCyv17zBmMCH1DHJ5TYlTiqSiH6xM?ext=png', 'type': 'image/png'}]}",1,prC6wjf6Qu3ZgBxMdpTcknReCberDnRitqkEHhG59yv,1,{},False,"{'auctionHouseKey': 'E8cU1WiRWjanGxmn96ewBgk9vPTcL6AEZ1t6F6fkgUWe', 'sellerReferral': 'autMW8SgBkVYeBgqYiTuJZnkvDZMVU2MHJh9Jh7CSQ2', 'expiry': -1}",{'howrare': {'rank': 859}}
13,7doF4VuAjz1xsppxjHKtsFGW4GtFWgudum1z9TCEK4J2,36.9,9VBuUeXCL2jArLaMoySA21XehmuiJELnU1T9Fe6uYNib,6cGKqEiFptwuJT4umabYdV2uxpprD1ns6LEAvskC7u7y,888_anon_club,The Anon Club™,https://www.arweave.net/emPtOK0ioEUdQb27UQcloIa_4vHgzOd-vQswJeHZX_M?ext=png,888AC #222,888 Unique 2D Pixel Anons which represent membership into The 888 Anon Club™,image,"[{'address': '7JZbDVec4dViXTsMgYudpBppVdVAzZYjUuX985wZCK8B', 'verified': 1, 'share': 0}, {'address': 'FDfhQ9t7Nq8U4Y2xXynmd9bQW8HMdgbVS5PggeuAaff3', 'verified': 0, 'share': 100}]",500,ETbiRR5CKz7zEcS5z9JXfG7B1mvCqvK8AYkZytUyRTeQ,"[{'trait_type': 'background', 'value': 'hot-pink'}, {'trait_type': 'tshirt', 'value': 'red-striped'}, {'trait_type': 'skin', 'value': 'blue'}, {'trait_type': 'mask', 'value': 'ice'}, {'trait_type': 'accessory', 'value': 'black-eyes'}]","{'category': 'image', 'creators': [{'address': 'FDfhQ9t7Nq8U4Y2xXynmd9bQW8HMdgbVS5PggeuAaff3', 'share': 100}], 'files': [{'uri': 'https://www.arweave.net/emPtOK0ioEUdQb27UQcloIa_4vHgzOd-vQswJeHZX_M?ext=png', 'type': 'image/png'}]}",1,prC6wjf6Qu3ZgBxMdpTcknReCberDnRitqkEHhG59yv,1,{},False,"{'auctionHouseKey': 'E8cU1WiRWjanGxmn96ewBgk9vPTcL6AEZ1t6F6fkgUWe', 'sellerReferral': 'autMW8SgBkVYeBgqYiTuJZnkvDZMVU2MHJh9Jh7CSQ2', 'expiry': -1}","{'moonrank': {'rank': 815}, 'howrare': {'rank': 731}}"
14,GYZo8PVqo4ZYDUdjqu7ePod8PGnmkeqeJJJ4n9xET6UZ,38.69,ApdwWQg33fNTBZ8URikzTyrqrnX6vuEcvKwp7hKVxsgu,2djAPLCdeUkjsm1wbXJYgCzK9KcvQwrCy9jPaiNMYbi6,888_anon_club,The Anon Club™,https://www.arweave.net/XbhqDJwmrEFj3vJHuyMahOdX6jOcorY73t8R25Qeit0?ext=png,888AC #812,888 Unique 2D Pixel Anons which represent membership into The 888 Anon Club™,image,"[{'address': '7JZbDVec4dViXTsMgYudpBppVdVAzZYjUuX985wZCK8B', 'verified': 1, 'share': 0}, {'address': 'FDfhQ9t7Nq8U4Y2xXynmd9bQW8HMdgbVS5PggeuAaff3', 'verified': 0, 'share': 100}]",500,4nPogHVwjWjC5MEaTyuGUNRocHMd3y2Edmro4RhzXTjC,"[{'trait_type': 'background', 'value': 'purple'}, {'trait_type': 'tshirt', 'value': 'plain-green'}, {'trait_type': 'skin', 'value': 'grey'}, {'trait_type': 'mask', 'value': 'inverse'}, {'trait_type': 'accessory', 'value': 'green-eyes'}]","{'category': 'image', 'creators': [{'address': 'FDfhQ9t7Nq8U4Y2xXynmd9bQW8HMdgbVS5PggeuAaff3', 'share': 100}], 'files': [{'uri': 'https://www.arweave.net/XbhqDJwmrEFj3vJHuyMahOdX6jOcorY73t8R25Qeit0?ext=png', 'type': 'image/png'}]}",1,prC6wjf6Qu3ZgBxMdpTcknReCberDnRitqkEHhG59yv,1,{},False,"{'auctionHouseKey': 'E8cU1WiRWjanGxmn96ewBgk9vPTcL6AEZ1t6F6fkgUWe', 'sellerReferral': 'autMW8SgBkVYeBgqYiTuJZnkvDZMVU2MHJh9Jh7CSQ2', 'expiry': -1}","{'moonrank': {'rank': 628}, 'howrare': {'rank': 697}}"
15,uzYqWqnmBYdmGK9uzptoTRzz8pqc3Sh9yjZqR34vL7Z,39.4,D8rMFMdpWS41nW453hQ72LdhumLc3J3puEQQJnPeJTab,5bkwC2xD2VmQVJkaEDFFwpUJyGC4y7kL1eJ6W3kZefxC,888_anon_club,The Anon Club™,https://www.arweave.net/pP0oeJjhX4iYtYxl-aKaG0gRjOIGx3pzFv59wxdKLDE?ext=png,888AC #329,888 Unique 2D Pixel Anons which represent membership into The 888 Anon Club™,image,"[{'address': '7JZbDVec4dViXTsMgYudpBppVdVAzZYjUuX985wZCK8B', 'verified': 1, 'share': 0}, {'address': 'FDfhQ9t7Nq8U4Y2xXynmd9bQW8HMdgbVS5PggeuAaff3', 'verified': 0, 'share': 100}]",500,DBH67vVJU6nCexWQJ5WRsMimKXLD9z7DQuMtcdxECyWg,"[{'trait_type': 'background', 'value': 'royal'}, {'trait_type': 'tshirt', 'value': 'logo-mauve'}, {'trait_type': 'skin', 'value': 'crimson'}, {'trait_type': 'mask', 'value': 'ice'}, {'trait_type': 'accessory', 'value': 'bandage'}]","{'category': 'image', 'creators': [{'address': 'FDfhQ9t7Nq8U4Y2xXynmd9bQW8HMdgbVS5PggeuAaff3', 'share': 100}], 'files': [{'uri': 'https://www.arweave.net/pP0oeJjhX4iYtYxl-aKaG0gRjOIGx3pzFv59wxdKLDE?ext=png', 'type': 'image/png'}]}",1,prC6wjf6Qu3ZgBxMdpTcknReCberDnRitqkEHhG59yv,1,{},False,"{'auctionHouseKey': 'E8cU1WiRWjanGxmn96ewBgk9vPTcL6AEZ1t6F6fkgUWe', 'sellerReferral': 'autMW8SgBkVYeBgqYiTuJZnkvDZMVU2MHJh9Jh7CSQ2', 'expiry': -1}","{'moonrank': {'rank': 260}, 'howrare': {'rank': 290}}"
16,DpJpvyoCrv8D2syCeU2NnEF5o5EJUn417poFdXj9kvWi,39.6,4oYKBbQp3MK18E6GEx99955ZiixgA4yp2UcGFjkFqeVg,AEFVHV4axLeb3o6DeeXJfao49t3wwpefNmEJXktBE43B,888_anon_club,The Anon Club™,https://www.arweave.net/zsRmSvwdJ9UTi7b_MFi4W-m97dpJZcSvvRx5GwdL2ec?ext=png,888AC #671,888 Unique 2D Pixel Anons which represent membership into The 888 Anon Club™,image,"[{'address': '7JZbDVec4dViXTsMgYudpBppVdVAzZYjUuX985wZCK8B', 'verified': 1, 'share': 0}, {'address': 'FDfhQ9t7Nq8U4Y2xXynmd9bQW8HMdgbVS5PggeuAaff3', 'verified': 0, 'share': 100}]",500,GqGaoC9JimkHHz8sgUBDpP2Bmgq9JqBKZyf4BJ797iXG,"[{'trait_type': 'background', 'value': 'blue'}, {'trait_type': 'tshirt', 'value': 'work-shirt'}, {'trait_type': 'skin', 'value': 'grey'}, {'trait_type': 'mask', 'value': 'beige'}, {'trait_type': 'accessory', 'value': 'lasers'}]","{'category': 'image', 'creators': [{'address': 'FDfhQ9t7Nq8U4Y2xXynmd9bQW8HMdgbVS5PggeuAaff3', 'share': 100}], 'files': [{'uri': 'https://www.arweave.net/zsRmSvwdJ9UTi7b_MFi4W-m97dpJZcSvvRx5GwdL2ec?ext=png', 'type': 'image/png'}]}",1,prC6wjf6Qu3ZgBxMdpTcknReCberDnRitqkEHhG59yv,1,{},False,"{'auctionHouseKey': 'E8cU1WiRWjanGxmn96ewBgk9vPTcL6AEZ1t6F6fkgUWe', 'sellerReferral': 'autMW8SgBkVYeBgqYiTuJZnkvDZMVU2MHJh9Jh7CSQ2', 'expiry': -1}","{'moonrank': {'rank': 16}, 'howrare': {'rank': 30}}"
17,2it7bg1U9oE5vWMGu51ZAn1RznERnwkhFZJ6QEMA58qL,40.0,2F6EEeEZhmpUpRmZDkyu4NCabJVX1gk8mRasoRUQSFCK,EFR6sAf9eWi69ggVrvvN2mqQSX152xcNqu5k4EgPEF8,888_anon_club,The Anon Club™,https://www.arweave.net/EVOWsv8I7LWIrpTkwv2UMbpI_SjPx07E-qRRihf9dWM?ext=png,888AC #814,888 Unique 2D Pixel Anons which represent membership into The 888 Anon Club™,image,"[{'address': '7JZbDVec4dViXTsMgYudpBppVdVAzZYjUuX985wZCK8B', 'verified': 1, 'share': 0}, {'address': 'FDfhQ9t7Nq8U4Y2xXynmd9bQW8HMdgbVS5PggeuAaff3', 'verified': 0, 'share': 100}]",500,2avrysn3mS75JfgTfSTohLRVK7ybo26M34r9MdMEy9ph,"[{'trait_type': 'background', 'value': 'night-forest'}, {'trait_type': 'tshirt', 'value': 'skull-black'}, {'trait_type': 'skin', 'value': 'orange'}, {'trait_type': 'mask', 'value': 'forest'}, {'trait_type': 'accessory', 'value': 'aviators'}]","{'category': 'image', 'creators': [{'address': 'FDfhQ9t7Nq8U4Y2xXynmd9bQW8HMdgbVS5PggeuAaff3', 'share': 100}], 'files': [{'uri': 'https://www.arweave.net/EVOWsv8I7LWIrpTkwv2UMbpI_SjPx07E-qRRihf9dWM?ext=png', 'type': 'image/png'}]}",1,prC6wjf6Qu3ZgBxMdpTcknReCberDnRitqkEHhG59yv,1,{},False,"{'auctionHouseKey': 'E8cU1WiRWjanGxmn96ewBgk9vPTcL6AEZ1t6F6fkgUWe', 'sellerReferral': 'autMW8SgBkVYeBgqYiTuJZnkvDZMVU2MHJh9Jh7CSQ2', 'expiry': -1}",{'moonrank': {'rank': 85}}
18,HdPjPrbQRBMz264ZevgoJ3SzzRPG6C7AG6oXqaZbGNsf,45.5,9aNpa9jwyxHdaqoupfoHKLG2dGoGJzsVwiJWa17eV2id,82c8GhDWnLcyG2RkPYiJVmZp7485SCuFf26Cra4m8nUs,888_anon_club,The Anon Club™,https://www.arweave.net/OGHoz-pIY2nA7aU52ZN6cZw7xvd4dHaNa8K0pJb1diA?ext=png,888AC #753,888 Unique 2D Pixel Anons which represent membership into The 888 Anon Club™,image,"[{'address': '7JZbDVec4dViXTsMgYudpBppVdVAzZYjUuX985wZCK8B', 'verified': 1, 'share': 0}, {'address': 'FDfhQ9t7Nq8U4Y2xXynmd9bQW8HMdgbVS5PggeuAaff3', 'verified': 0, 'share': 100}]",500,5BZHqB8WXNqvbJM8mFCNbhA36TjNsHurCiUemZsy5ykE,"[{'trait_type': 'background', 'value': 'cloud-white'}, {'trait_type': 'tshirt', 'value': 'logo-mauve'}, {'trait_type': 'skin', 'value': 'blue'}, {'trait_type': 'mask', 'value': 'green'}, {'trait_type': 'accessory', 'value': 'eyepatch'}]","{'category': 'image', 'creators': [{'address': 'FDfhQ9t7Nq8U4Y2xXynmd9bQW8HMdgbVS5PggeuAaff3', 'share': 100}], 'files': [{'uri': 'https://www.arweave.net/OGHoz-pIY2nA7aU52ZN6cZw7xvd4dHaNa8K0pJb1diA?ext=png', 'type': 'image/png'}]}",1,prC6wjf6Qu3ZgBxMdpTcknReCberDnRitqkEHhG59yv,1,{},False,"{'auctionHouseKey': 'E8cU1WiRWjanGxmn96ewBgk9vPTcL6AEZ1t6F6fkgUWe', 'sellerReferral': 'autMW8SgBkVYeBgqYiTuJZnkvDZMVU2MHJh9Jh7CSQ2', 'expiry': -1}","{'moonrank': {'rank': 167}, 'howrare': {'rank': 181}}"
19,GNuTeEYoQ8dgSVkRGwHvYEVG4E1nDct8dvQpaiTpbNvt,48.0,8HbgfjiSnAscpJxYWB5Co83B2p1hEuznKjao7jXBtKQN,6Ek6Kf4CBUPoE8t2RnaMWrv6REPtWyisuUNFTXJ1BCiX,888_anon_club,The Anon Club™,https://www.arweave.net/fRvNqaekiQcAeUyl0PGVUDw0YMVHZIFhDKP5Yz6ZueQ?ext=png,888AC #869,888 Unique 2D Pixel Anons which represent membership into The 888 Anon Club™,image,"[{'address': '7JZbDVec4dViXTsMgYudpBppVdVAzZYjUuX985wZCK8B', 'verified': 1, 'share': 0}, {'address': 'FDfhQ9t7Nq8U4Y2xXynmd9bQW8HMdgbVS5PggeuAaff3', 'verified': 0, 'share': 100}]",500,B5AqkQa3fU6Ed3Cx5YyFP9WyWEVu6HPazopjxXZw8SC6,"[{'trait_type': 'background', 'value': 'hot-pink'}, {'trait_type': 'tshirt', 'value': 'logo1-purple'}, {'trait_type': 'skin', 'value': 'black'}, {'trait_type': 'mask', 'value': 'inverse'}, {'trait_type': 'accessory', 'value': 'eyepatch'}]","{'category': 'image', 'creators': [{'address': 'FDfhQ9t7Nq8U4Y2xXynmd9bQW8HMdgbVS5PggeuAaff3', 'share': 100}], 'files': [{'uri': 'https://www.arweave.net/fRvNqaekiQcAeUyl0PGVUDw0YMVHZIFhDKP5Yz6ZueQ?ext=png', 'type': 'image/png'}]}",1,prC6wjf6Qu3ZgBxMdpTcknReCberDnRitqkEHhG59yv,1,{},False,"{'auctionHouseKey': 'E8cU1WiRWjanGxmn96ewBgk9vPTcL6AEZ1t6F6fkgUWe', 'sellerReferral': 'autMW8SgBkVYeBgqYiTuJZnkvDZMVU2MHJh9Jh7CSQ2', 'expiry': -1}","{'howrare': {'rank': 185}, 'moonrank': {'rank': 170}}"
20,8GynNdmDuxuTqeGsWLTDAYJY2VysHdTqy14Q7Rj1LS2w,49.0,EyJ7FxVhncntC4oUiQcAg3PohZUC5ZjLpcb7igKwGqNG,1dtbH9Jf84KrirKgubs7L3gcaNYFzrUVU3LHUusV7ZN,888_anon_club,The Anon Club™,https://www.arweave.net/r9Obu1ukGy5Flx8MFpAWrCqyACgbVuODJUSbydA2NFc?ext=png,888AC #387,888 Unique 2D Pixel Anons which represent membership into The 888 Anon Club™,image,"[{'address': '7JZbDVec4dViXTsMgYudpBppVdVAzZYjUuX985wZCK8B', 'verified': 1, 'share': 0}, {'address': 'FDfhQ9t7Nq8U4Y2xXynmd9bQW8HMdgbVS5PggeuAaff3', 'verified': 0, 'share': 100}]",500,HRSixQ2N1FKVJ55tv36gPH2dVBzsF9rcuecTWbW2dNo8,"[{'trait_type': 'background', 'value': 'red'}, {'trait_type': 'tshirt', 'value': 'plain-brown'}, {'trait_type': 'skin', 'value': 'white'}, {'trait_type': 'mask', 'value': 'lime'}, {'trait_type': 'accessory', 'value': 'black-eyes'}]","{'category': 'image', 'creators': [{'address': 'FDfhQ9t7Nq8U4Y2xXynmd9bQW8HMdgbVS5PggeuAaff3', 'share': 100}], 'files': [{'uri': 'https://www.arweave.net/r9Obu1ukGy5Flx8MFpAWrCqyACgbVuODJUSbydA2NFc?ext=png', 'type': 'image/png'}]}",1,prC6wjf6Qu3ZgBxMdpTcknReCberDnRitqkEHhG59yv,1,{},False,"{'auctionHouseKey': 'E8cU1WiRWjanGxmn96ewBgk9vPTcL6AEZ1t6F6fkgUWe', 'sellerReferral': 'autMW8SgBkVYeBgqYiTuJZnkvDZMVU2MHJh9Jh7CSQ2', 'expiry': -1}",{'moonrank': {'rank': 764}}
21,D9g5611YVUaJdNTDAewpp7VVjybrYGHUbuSai1QE9A8z,50.0,55RaYz6TdmWosvs6rgBnnbpm1NUXAq5euXnda3AxSuYd,DHVSPNcjcVQdWT1PnduruKhJTmULDJV8hg89t8mcCMjj,888_anon_club,The Anon Club™,https://www.arweave.net/F-ws1UDcXWGG6-80-mLDVE6RsTjAoisqr5_iPBdv4jc?ext=png,888AC #434,888 Unique 2D Pixel Anons which represent membership into The 888 Anon Club™,image,"[{'address': '7JZbDVec4dViXTsMgYudpBppVdVAzZYjUuX985wZCK8B', 'verified': 1, 'share': 0}, {'address': 'FDfhQ9t7Nq8U4Y2xXynmd9bQW8HMdgbVS5PggeuAaff3', 'verified': 0, 'share': 100}]",500,7JDNu4SCV92JmiXFuLcmRYyVKUMGCt6NHUpjmyA3n6gW,"[{'trait_type': 'background', 'value': 'yellow'}, {'trait_type': 'tshirt', 'value': 'logo-mauve'}, {'trait_type': 'skin', 'value': 'crimson'}, {'trait_type': 'mask', 'value': 'dusk'}, {'trait_type': 'accessory', 'value': 'crown'}]","{'category': 'image', 'creators': [{'address': 'FDfhQ9t7Nq8U4Y2xXynmd9bQW8HMdgbVS5PggeuAaff3', 'share': 100}], 'files': [{'uri': 'https://www.arweave.net/F-ws1UDcXWGG6-80-mLDVE6RsTjAoisqr5_iPBdv4jc?ext=png', 'type': 'image/png'}]}",1,prC6wjf6Qu3ZgBxMdpTcknReCberDnRitqkEHhG59yv,1,{},False,"{'auctionHouseKey': 'E8cU1WiRWjanGxmn96ewBgk9vPTcL6AEZ1t6F6fkgUWe', 'sellerReferral': 'autMW8SgBkVYeBgqYiTuJZnkvDZMVU2MHJh9Jh7CSQ2', 'expiry': -1}",{}
22,AtBW3cxjbujh8x3iJQFCzYVhmanxqAYkSqCjv2mkeiTr,58.0,GyQq32PeLkhfG9AWjHyJVaHX9YA1gTo4f8s5hUsCiN5k,3dibdj2pm11V9vfidfJXPFWRy2ry41Cy3xQPNJz7mTEE,888_anon_club,The Anon Club™,https://www.arweave.net/YKQoAk-kfH1UDslc9wi3LQgpawhRwgxSpRHuAjIwpAw?ext=png,888AC #445,888 Unique 2D Pixel Anons which represent membership into The 888 Anon Club™,image,"[{'address': '7JZbDVec4dViXTsMgYudpBppVdVAzZYjUuX985wZCK8B', 'verified': 1, 'share': 0}, {'address': 'FDfhQ9t7Nq8U4Y2xXynmd9bQW8HMdgbVS5PggeuAaff3', 'verified': 0, 'share': 100}]",500,B4uJcVq19gzfxZ2hAmkbaK6ECVqHY9WcSH3wYK6gZRxK,"[{'trait_type': 'background', 'value': 'musk'}, {'trait_type': 'tshirt', 'value': 'logo-sea'}, {'trait_type': 'skin', 'value': 'pink'}, {'trait_type': 'mask', 'value': 'teal'}, {'trait_type': 'accessory', 'value': 'green-eyes'}]","{'category': 'image', 'creators': [{'address': 'FDfhQ9t7Nq8U4Y2xXynmd9bQW8HMdgbVS5PggeuAaff3', 'share': 100}], 'files': [{'uri': 'https://www.arweave.net/YKQoAk-kfH1UDslc9wi3LQgpawhRwgxSpRHuAjIwpAw?ext=png', 'type': 'image/png'}]}",1,prC6wjf6Qu3ZgBxMdpTcknReCberDnRitqkEHhG59yv,1,{},False,"{'auctionHouseKey': 'E8cU1WiRWjanGxmn96ewBgk9vPTcL6AEZ1t6F6fkgUWe', 'sellerReferral': 'autMW8SgBkVYeBgqYiTuJZnkvDZMVU2MHJh9Jh7CSQ2', 'expiry': -1}",
23,GUjziLFxMJsKdqApRrNsPBPgf4XA3MVFQeTTsPuVNQyz,66.6,DK1yVnySTcBhc21YonncQSgBufBnBa1k7HvfeARR5njB,AMcgqC4J9X8b5E1cY6WutwSdsZ7bcSr38QbBrnSH9J94,888_anon_club,The Anon Club™,https://www.arweave.net/nuzx6-dTSXYN8KK-0PUTp1RGbXM4XwWL36CeAVCatKE?ext=png,888AC #666,888 Unique 2D Pixel Anons which represent membership into The 888 Anon Club™,image,"[{'address': '7JZbDVec4dViXTsMgYudpBppVdVAzZYjUuX985wZCK8B', 'verified': 1, 'share': 0}, {'address': 'FDfhQ9t7Nq8U4Y2xXynmd9bQW8HMdgbVS5PggeuAaff3', 'verified': 0, 'share': 100}]",500,FwwfmiNKV9k3ZLP4LmnjQRLjKK6JHBAH6XwbzuofaNMi,"[{'trait_type': 'background', 'value': 'fuscia'}, {'trait_type': 'tshirt', 'value': 'red-striped'}, {'trait_type': 'skin', 'value': 'black'}, {'trait_type': 'mask', 'value': 'dusk'}, {'trait_type': 'accessory', 'value': 'police-shades'}]","{'category': 'image', 'creators': [{'address': 'FDfhQ9t7Nq8U4Y2xXynmd9bQW8HMdgbVS5PggeuAaff3', 'share': 100}], 'files': [{'uri': 'https://www.arweave.net/nuzx6-dTSXYN8KK-0PUTp1RGbXM4XwWL36CeAVCatKE?ext=png', 'type': 'image/png'}]}",1,prC6wjf6Qu3ZgBxMdpTcknReCberDnRitqkEHhG59yv,1,{},False,"{'auctionHouseKey': 'E8cU1WiRWjanGxmn96ewBgk9vPTcL6AEZ1t6F6fkgUWe', 'sellerReferral': 'autMW8SgBkVYeBgqYiTuJZnkvDZMVU2MHJh9Jh7CSQ2', 'expiry': -1}",
24,BqyvPxYZbMY1SMwj828AB74C5KvEr4AaNTQHcFQwxuhk,70.0,9G2GFjTe3gbTzjpyivNip3tPoqirZJKA5124wZwgtHfD,F5Nisvptt92QtfA77gTMhwmZRhBihJuPAVSMNzkS4Qwp,888_anon_club,The Anon Club™,https://www.arweave.net/V1y3ENY-PvDfLQ4VOwt5MHMZpp5g9LFu6xPZdxebOF4?ext=png,888AC #455,888 Unique 2D Pixel Anons which represent membership into The 888 Anon Club™,image,"[{'address': '7JZbDVec4dViXTsMgYudpBppVdVAzZYjUuX985wZCK8B', 'verified': 1, 'share': 0}, {'address': 'FDfhQ9t7Nq8U4Y2xXynmd9bQW8HMdgbVS5PggeuAaff3', 'verified': 0, 'share': 100}]",500,G1BZzZMswChXzEZMTgP4xdHaZpf7gFJ5NejmEFyuGqMw,"[{'trait_type': 'background', 'value': 'black'}, {'trait_type': 'tshirt', 'value': 'skull-pink'}, {'trait_type': 'skin', 'value': 'beige'}, {'trait_type': 'mask', 'value': 'forest'}, {'trait_type': 'accessory', 'value': 'bandana'}]","{'category': 'image', 'creators': [{'address': 'FDfhQ9t7Nq8U4Y2xXynmd9bQW8HMdgbVS5PggeuAaff3', 'share': 100}], 'files': [{'uri': 'https://www.arweave.net/V1y3ENY-PvDfLQ4VOwt5MHMZpp5g9LFu6xPZdxebOF4?ext=png', 'type': 'image/png'}]}",1,prC6wjf6Qu3ZgBxMdpTcknReCberDnRitqkEHhG59yv,1,{},False,"{'auctionHouseKey': 'E8cU1WiRWjanGxmn96ewBgk9vPTcL6AEZ1t6F6fkgUWe', 'sellerReferral': 'autMW8SgBkVYeBgqYiTuJZnkvDZMVU2MHJh9Jh7CSQ2', 'expiry': -1}","{'moonrank': {'rank': 253}, 'howrare': {'rank': 276}}"
25,EATwXS4QhbZZSceTMcW34HN3GhygCstVEwE2UfqfexK8,70.0,64L6MaEJVKYVhz7awMRpm1nS6TewhbFKWXeZppy41GUH,6zmDVs1mCakTJB4QEfcp3S4RsuFoYZ9ziVLmcTa9kxPt,888_anon_club,The Anon Club™,https://www.arweave.net/atzXhD0Wp4DkyfotVp6KV8B6MFde4XNL7n_FYvsKhLU?ext=png,888AC #362,888 Unique 2D Pixel Anons which represent membership into The 888 Anon Club™,image,"[{'address': '7JZbDVec4dViXTsMgYudpBppVdVAzZYjUuX985wZCK8B', 'verified': 1, 'share': 0}, {'address': 'FDfhQ9t7Nq8U4Y2xXynmd9bQW8HMdgbVS5PggeuAaff3', 'verified': 0, 'share': 100}]",500,2XvYFC5cPyw5YFuUTK7JdKdR5uJfrvxCgbwbS4aN2UJS,"[{'trait_type': 'background', 'value': 'musk'}, {'trait_type': 'tshirt', 'value': 'logo-coral'}, {'trait_type': 'skin', 'value': 'orange'}, {'trait_type': 'mask', 'value': 'forest'}, {'trait_type': 'accessory', 'value': 'sleeping-mask'}]","{'category': 'image', 'creators': [{'address': 'FDfhQ9t7Nq8U4Y2xXynmd9bQW8HMdgbVS5PggeuAaff3', 'share': 100}], 'files': [{'uri': 'https://www.arweave.net/atzXhD0Wp4DkyfotVp6KV8B6MFde4XNL7n_FYvsKhLU?ext=png', 'type': 'image/png'}]}",1,prC6wjf6Qu3ZgBxMdpTcknReCberDnRitqkEHhG59yv,1,{},False,"{'auctionHouseKey': 'E8cU1WiRWjanGxmn96ewBgk9vPTcL6AEZ1t6F6fkgUWe', 'sellerReferral': 'autMW8SgBkVYeBgqYiTuJZnkvDZMVU2MHJh9Jh7CSQ2', 'expiry': -1}",
26,54tGEVgERrdNgz7PrviE8coSNmco1Safisy44iAq9S8L,75.0,4W3vJ2dnvwT8nCw7LF9e9zpEkrwe8tKagtsgKSFrkwZ4,7qEkDwTDSj9bi5uWCHUvavP1pFuhNs2ALBByuiDT77QQ,888_anon_club,The Anon Club™,https://www.arweave.net/OGMJMpjCLFyh3wRV9093zKzePxrvfkT-h--Pspu8BXc?ext=png,888AC #474,888 Unique 2D Pixel Anons which represent membership into The 888 Anon Club™,image,"[{'address': '7JZbDVec4dViXTsMgYudpBppVdVAzZYjUuX985wZCK8B', 'verified': 1, 'share': 0}, {'address': 'FDfhQ9t7Nq8U4Y2xXynmd9bQW8HMdgbVS5PggeuAaff3', 'verified': 0, 'share': 100}]",500,FNEaYRd8TzPsaqPBQ19jgXXKykuKyVWpD3tjYZZGhGGr,"[{'trait_type': 'background', 'value': 'blue'}, {'trait_type': 'tshirt', 'value': 'plain-black'}, {'trait_type': 'skin', 'value': 'brown'}, {'trait_type': 'mask', 'value': 'teal'}, {'trait_type': 'accessory', 'value': 'halo'}]","{'category': 'image', 'creators': [{'address': 'FDfhQ9t7Nq8U4Y2xXynmd9bQW8HMdgbVS5PggeuAaff3', 'share': 100}], 'files': [{'uri': 'https://www.arweave.net/OGMJMpjCLFyh3wRV9093zKzePxrvfkT-h--Pspu8BXc?ext=png', 'type': 'image/png'}]}",1,prC6wjf6Qu3ZgBxMdpTcknReCberDnRitqkEHhG59yv,1,{},False,"{'auctionHouseKey': 'E8cU1WiRWjanGxmn96ewBgk9vPTcL6AEZ1t6F6fkgUWe', 'sellerReferral': 'autMW8SgBkVYeBgqYiTuJZnkvDZMVU2MHJh9Jh7CSQ2', 'expiry': -1}","{'howrare': {'rank': 60}, 'moonrank': {'rank': 58}}"
27,AtDGuPzayqYWhCQgmavnwhArPeojpZ6RZqm91mnGsUP3,88.8,BMateJYcHPcfPEfwkv2hUsEkKkz3qrEV8s5F5vTwTDka,ESq4fAKWsxWxTbwjfHnjESvQQh6THvSt5jJiUudpBEhK,888_anon_club,The Anon Club™,https://www.arweave.net/tToVC9usOUFhEwhF0RbWtkv452pcp1_3SHw49bEV8bk?ext=png,888AC #184,888 Unique 2D Pixel Anons which represent membership into The 888 Anon Club™,image,"[{'address': '7JZbDVec4dViXTsMgYudpBppVdVAzZYjUuX985wZCK8B', 'verified': 1, 'share': 0}, {'address': 'FDfhQ9t7Nq8U4Y2xXynmd9bQW8HMdgbVS5PggeuAaff3', 'verified': 0, 'share': 100}]",500,AhZ5aXiDwDoHzSN46zc5SgbfkcgPVzTa4RF8EsSU4wa9,"[{'trait_type': 'background', 'value': 'hot-pink'}, {'trait_type': 'tshirt', 'value': 'plain-white'}, {'trait_type': 'skin', 'value': 'white'}, {'trait_type': 'mask', 'value': 'ice'}, {'trait_type': 'accessory', 'value': 'lasers'}]","{'category': 'image', 'creators': [{'address': 'FDfhQ9t7Nq8U4Y2xXynmd9bQW8HMdgbVS5PggeuAaff3', 'share': 100}], 'files': [{'uri': 'https://www.arweave.net/tToVC9usOUFhEwhF0RbWtkv452pcp1_3SHw49bEV8bk?ext=png', 'type': 'image/png'}]}",1,prC6wjf6Qu3ZgBxMdpTcknReCberDnRitqkEHhG59yv,1,{},False,"{'auctionHouseKey': 'E8cU1WiRWjanGxmn96ewBgk9vPTcL6AEZ1t6F6fkgUWe', 'sellerReferral': 'autMW8SgBkVYeBgqYiTuJZnkvDZMVU2MHJh9Jh7CSQ2', 'expiry': -1}","{'moonrank': {'rank': 77}, 'howrare': {'rank': 97}}"
28,CwGNfKc4gMSketGzzc4Lnk4L1rgRCmd37BXe7iGwyA8u,666.0,7XRTXSHr7Rped7Vi6YgX9oQHuWppo2koehnCfFstvjM8,HfJVP3DD9F82j3L15cM9jmdv64Zvi7WQQsK25AWGsc1c,888_anon_club,The Anon Club™,https://www.arweave.net/iKxicL15xh4zz6LFm-RnHU-EAUaCkGw-dPVuaLBMOjg?ext=png,888AC #276,888 Unique 2D Pixel Anons which represent membership into The 888 Anon Club™,image,"[{'address': '7JZbDVec4dViXTsMgYudpBppVdVAzZYjUuX985wZCK8B', 'verified': 1, 'share': 0}, {'address': 'FDfhQ9t7Nq8U4Y2xXynmd9bQW8HMdgbVS5PggeuAaff3', 'verified': 0, 'share': 100}]",500,FG2eNnyrkvsWGrZiPbZLFmHupShyVudr65cTj3aiGBrX,"[{'trait_type': 'background', 'value': 'purple'}, {'trait_type': 'tshirt', 'value': 'skull-red'}, {'trait_type': 'skin', 'value': 'black'}, {'trait_type': 'mask', 'value': 'crimson'}, {'trait_type': 'accessory', 'value': 'devil'}]","{'category': 'image', 'creators': [{'address': 'FDfhQ9t7Nq8U4Y2xXynmd9bQW8HMdgbVS5PggeuAaff3', 'share': 100}], 'files': [{'uri': 'https://www.arweave.net/iKxicL15xh4zz6LFm-RnHU-EAUaCkGw-dPVuaLBMOjg?ext=png', 'type': 'image/png'}]}",1,prC6wjf6Qu3ZgBxMdpTcknReCberDnRitqkEHhG59yv,1,{},False,"{'auctionHouseKey': 'E8cU1WiRWjanGxmn96ewBgk9vPTcL6AEZ1t6F6fkgUWe', 'sellerReferral': 'autMW8SgBkVYeBgqYiTuJZnkvDZMVU2MHJh9Jh7CSQ2', 'expiry': -1}","{'moonrank': {'rank': 136}, 'howrare': {'rank': 168}}"
29,9paZ618QG1PNFCUPuFdPHJthTdBR68UB5tvU38bEpRse,90.0,kpasH7Vz78H7HFakM9hnA4XUVqfadV9eam923DkyFBF,4taLnHTAshpjx7mkts3iW2Moi7xokB7i9jLUC1WGksnj,888_anon_club,The Anon Club™,https://www.arweave.net/K0S09Ir1SOoYB1r3MPr5VZkuSk0JQ4hoDB_FQPCU5-g?ext=png,888AC #813,888 Unique 2D Pixel Anons which represent membership into The 888 Anon Club™,image,"[{'address': '7JZbDVec4dViXTsMgYudpBppVdVAzZYjUuX985wZCK8B', 'verified': 1, 'share': 0}, {'address': 'FDfhQ9t7Nq8U4Y2xXynmd9bQW8HMdgbVS5PggeuAaff3', 'verified': 0, 'share': 100}]",500,A8XxZMzsBdJmm8ixsxFA8nB8bNsHnLK46Y4d5NxxRbWW,"[{'trait_type': 'background', 'value': 'orange'}, {'trait_type': 'tshirt', 'value': 'logo2-blue'}, {'trait_type': 'skin', 'value': 'dusk'}, {'trait_type': 'mask', 'value': 'forest'}, {'trait_type': 'accessory', 'value': 'devil'}]","{'category': 'image', 'creators': [{'address': 'FDfhQ9t7Nq8U4Y2xXynmd9bQW8HMdgbVS5PggeuAaff3', 'share': 100}], 'files': [{'uri': 'https://www.arweave.net/K0S09Ir1SOoYB1r3MPr5VZkuSk0JQ4hoDB_FQPCU5-g?ext=png', 'type': 'image/png'}]}",1,prC6wjf6Qu3ZgBxMdpTcknReCberDnRitqkEHhG59yv,1,{},False,"{'auctionHouseKey': 'E8cU1WiRWjanGxmn96ewBgk9vPTcL6AEZ1t6F6fkgUWe', 'sellerReferral': 'autMW8SgBkVYeBgqYiTuJZnkvDZMVU2MHJh9Jh7CSQ2', 'expiry': -1}","{'moonrank': {'rank': 208}, 'howrare': {'rank': 233}}"
30,Ce3QXLKTJBJS2URgGHACF9TxChcYLnEyQT6YA7nZqGhe,96.0,6eYErF5f369ieXP1sw8beK5X6XKabrrj8kJpSZ3C89rw,ESq4fAKWsxWxTbwjfHnjESvQQh6THvSt5jJiUudpBEhK,888_anon_club,The Anon Club™,https://www.arweave.net/BIxk0kAPxKy2-HNxnj-SLY84wSGeZT_PF74SAcK-PXk?ext=png,888AC #796,888 Unique 2D Pixel Anons which represent membership into The 888 Anon Club™,image,"[{'address': '7JZbDVec4dViXTsMgYudpBppVdVAzZYjUuX985wZCK8B', 'verified': 1, 'share': 0}, {'address': 'FDfhQ9t7Nq8U4Y2xXynmd9bQW8HMdgbVS5PggeuAaff3', 'verified': 0, 'share': 100}]",500,Ese244Btht5U49wstySeTvC3MmbyJx8JDgXFYiWKZiR3,"[{'trait_type': 'background', 'value': 'old-grey'}, {'trait_type': 'tshirt', 'value': 'logo1-purple'}, {'trait_type': 'skin', 'value': 'pink'}, {'trait_type': 'mask', 'value': 'grey'}, {'trait_type': 'accessory', 'value': 'bandana'}]","{'category': 'image', 'creators': [{'address': 'FDfhQ9t7Nq8U4Y2xXynmd9bQW8HMdgbVS5PggeuAaff3', 'share': 100}], 'files': [{'uri': 'https://www.arweave.net/BIxk0kAPxKy2-HNxnj-SLY84wSGeZT_PF74SAcK-PXk?ext=png', 'type': 'image/png'}]}",1,prC6wjf6Qu3ZgBxMdpTcknReCberDnRitqkEHhG59yv,1,{},False,"{'auctionHouseKey': 'E8cU1WiRWjanGxmn96ewBgk9vPTcL6AEZ1t6F6fkgUWe', 'sellerReferral': 'autMW8SgBkVYeBgqYiTuJZnkvDZMVU2MHJh9Jh7CSQ2', 'expiry': -1}","{'moonrank': {'rank': 325}, 'howrare': {'rank': 350}}"
31,CKa8ZWdD68UgGTUDMJiw3xkDUy4Dm4c1P85L5dGTUHzC,100.0,3Ge5SSe3v5PUNqUnNiLLfwbnUdycTo6NHYv7vTkujSXG,4taLnHTAshpjx7mkts3iW2Moi7xokB7i9jLUC1WGksnj,888_anon_club,The Anon Club™,https://www.arweave.net/z3Cyim8ZfbE2ITYyUaRJbd2SCF5c5tGjnmTKbg8DbLw?ext=png,888AC #241,888 Unique 2D Pixel Anons which represent membership into The 888 Anon Club™,image,"[{'address': '7JZbDVec4dViXTsMgYudpBppVdVAzZYjUuX985wZCK8B', 'verified': 1, 'share': 0}, {'address': 'FDfhQ9t7Nq8U4Y2xXynmd9bQW8HMdgbVS5PggeuAaff3', 'verified': 0, 'share': 100}]",500,2LjjMeR7yUR6FV6cGqjSVBFeXZ2wrMuvdgxKzyKZtHhD,"[{'trait_type': 'background', 'value': 'royal'}, {'trait_type': 'tshirt', 'value': 'leather-jacket'}, {'trait_type': 'skin', 'value': 'grey'}, {'trait_type': 'mask', 'value': 'beige'}, {'trait_type': 'accessory', 'value': 'gold-chain'}]","{'category': 'image', 'creators': [{'address': 'FDfhQ9t7Nq8U4Y2xXynmd9bQW8HMdgbVS5PggeuAaff3', 'share': 100}], 'files': [{'uri': 'https://www.arweave.net/z3Cyim8ZfbE2ITYyUaRJbd2SCF5c5tGjnmTKbg8DbLw?ext=png', 'type': 'image/png'}]}",1,prC6wjf6Qu3ZgBxMdpTcknReCberDnRitqkEHhG59yv,1,{},False,"{'auctionHouseKey': 'E8cU1WiRWjanGxmn96ewBgk9vPTcL6AEZ1t6F6fkgUWe', 'sellerReferral': 'autMW8SgBkVYeBgqYiTuJZnkvDZMVU2MHJh9Jh7CSQ2', 'expiry': -1}","{'moonrank': {'rank': 90}, 'howrare': {'rank': 119}}"
32,6rA9ueStnq3u9RrBxZLGpNGxwHmB33Yf9t5xvUMy7SHe,100.0,394zxt1QYAnsfDAiq3esr4eTqEZxCkFQkzWyVAWyiW4D,E62Aq9dKX2YiujojCYG7J6aSMy8Kp7KUafoAMVAa5pRZ,888_anon_club,The Anon Club™,https://www.arweave.net/Ph1irtsqHwWOTBCXHDMzCVjnPn_41wsrjrK5ePB93RM?ext=png,888AC #100,888 Unique 2D Pixel Anons which represent membership into The 888 Anon Club™,image,"[{'address': '7JZbDVec4dViXTsMgYudpBppVdVAzZYjUuX985wZCK8B', 'verified': 1, 'share': 0}, {'address': 'FDfhQ9t7Nq8U4Y2xXynmd9bQW8HMdgbVS5PggeuAaff3', 'verified': 0, 'share': 100}]",500,Fn9wPjVHwPvKy8Vxm2zZgQAVgDQ2W8wV4yuaLzPsQFJc,"[{'trait_type': 'background', 'value': 'black'}, {'trait_type': 'tshirt', 'value': 'logo-coral'}, {'trait_type': 'skin', 'value': 'crimson'}, {'trait_type': 'mask', 'value': 'neon'}, {'trait_type': 'accessory', 'value': 'halo'}]","{'category': 'image', 'creators': [{'address': 'FDfhQ9t7Nq8U4Y2xXynmd9bQW8HMdgbVS5PggeuAaff3', 'share': 100}], 'files': [{'uri': 'https://www.arweave.net/Ph1irtsqHwWOTBCXHDMzCVjnPn_41wsrjrK5ePB93RM?ext=png', 'type': 'image/png'}]}",1,prC6wjf6Qu3ZgBxMdpTcknReCberDnRitqkEHhG59yv,1,{},False,"{'auctionHouseKey': 'E8cU1WiRWjanGxmn96ewBgk9vPTcL6AEZ1t6F6fkgUWe', 'sellerReferral': 'autMW8SgBkVYeBgqYiTuJZnkvDZMVU2MHJh9Jh7CSQ2', 'expiry': -1}",
33,BWGTH6ci1BHqG1ikLSfiP8DAGjNDx1KdNDxo1vjyHHn2,100.888,BNQCxBQX69AXwKz9g2pZoy6X2CPjz1JeLnFfN6o6ScMk,4MmdAMeqLuY43q97LixdUH4A98E3k5nNSf8LihfAAQAQ,888_anon_club,The Anon Club™,https://www.arweave.net/mAcwe5IUa3U6nFVCMyp8BP4J-w_WJNoh8VAc1xZ6aAI?ext=png,888AC #459,888 Unique 2D Pixel Anons which represent membership into The 888 Anon Club™,image,"[{'address': '7JZbDVec4dViXTsMgYudpBppVdVAzZYjUuX985wZCK8B', 'verified': 1, 'share': 0}, {'address': 'FDfhQ9t7Nq8U4Y2xXynmd9bQW8HMdgbVS5PggeuAaff3', 'verified': 0, 'share': 100}]",500,6fwKw4btSt3VSYfXnzcFbywa1XJGVRDBGEf38NTLBhmh,"[{'trait_type': 'background', 'value': 'black'}, {'trait_type': 'tshirt', 'value': 'skull-navy'}, {'trait_type': 'skin', 'value': 'orange'}, {'trait_type': 'mask', 'value': 'charcoal'}, {'trait_type': 'accessory', 'value': 'ski-mask'}]","{'category': 'image', 'creators': [{'address': 'FDfhQ9t7Nq8U4Y2xXynmd9bQW8HMdgbVS5PggeuAaff3', 'share': 100}], 'files': [{'uri': 'https://www.arweave.net/mAcwe5IUa3U6nFVCMyp8BP4J-w_WJNoh8VAc1xZ6aAI?ext=png', 'type': 'image/png'}]}",1,prC6wjf6Qu3ZgBxMdpTcknReCberDnRitqkEHhG59yv,1,{},False,"{'auctionHouseKey': 'E8cU1WiRWjanGxmn96ewBgk9vPTcL6AEZ1t6F6fkgUWe', 'sellerReferral': 'autMW8SgBkVYeBgqYiTuJZnkvDZMVU2MHJh9Jh7CSQ2', 'expiry': -1}","{'moonrank': {'rank': 35}, 'howrare': {'rank': 27}}"
34,A27DzZxcSzqdaXUXWAqskjx4dptrTDQSS3CrqTVEPwn1,121.0,8RAftPQR5svJ8YHFAkErtgaguJS4cHuB6TVhda9zZZkR,ESq4fAKWsxWxTbwjfHnjESvQQh6THvSt5jJiUudpBEhK,888_anon_club,The Anon Club™,https://www.arweave.net/_VuhmeH5p502xrxm5wJh49kyk-01QZ-c8q5P1igyL9g?ext=png,888AC #528,888 Unique 2D Pixel Anons which represent membership into The 888 Anon Club™,image,"[{'address': '7JZbDVec4dViXTsMgYudpBppVdVAzZYjUuX985wZCK8B', 'verified': 1, 'share': 0}, {'address': 'FDfhQ9t7Nq8U4Y2xXynmd9bQW8HMdgbVS5PggeuAaff3', 'verified': 0, 'share': 100}]",500,BugwYxxbBbmyotmpn6F9r8yX88PL5yK3drwQUm7tXb98,"[{'trait_type': 'background', 'value': 'fuscia'}, {'trait_type': 'tshirt', 'value': 'skull-black'}, {'trait_type': 'skin', 'value': 'blue'}, {'trait_type': 'mask', 'value': 'charcoal'}, {'trait_type': 'accessory', 'value': 'police-shades'}]","{'category': 'image', 'creators': [{'address': 'FDfhQ9t7Nq8U4Y2xXynmd9bQW8HMdgbVS5PggeuAaff3', 'share': 100}], 'files': [{'uri': 'https://www.arweave.net/_VuhmeH5p502xrxm5wJh49kyk-01QZ-c8q5P1igyL9g?ext=png', 'type': 'image/png'}]}",1,prC6wjf6Qu3ZgBxMdpTcknReCberDnRitqkEHhG59yv,1,{},False,"{'auctionHouseKey': 'E8cU1WiRWjanGxmn96ewBgk9vPTcL6AEZ1t6F6fkgUWe', 'sellerReferral': 'autMW8SgBkVYeBgqYiTuJZnkvDZMVU2MHJh9Jh7CSQ2', 'expiry': -1}","{'moonrank': {'rank': 111}, 'howrare': {'rank': 137}}"
35,BZpRbjsxN7SJXsvoctyq2RFGpLSGZtFDacC9QuVk3dPr,135.0,5m2gnyCfkZZeg7HAAvkQb8jLLRB94cNGdz4vzHfYmPyv,ESq4fAKWsxWxTbwjfHnjESvQQh6THvSt5jJiUudpBEhK,888_anon_club,The Anon Club™,https://www.arweave.net/FbV1s9zlVyLtM3J4AMF3WYTjq-hB8_O1wMCfj0DQjpI?ext=png,888AC #338,888 Unique 2D Pixel Anons which represent membership into The 888 Anon Club™,image,"[{'address': '7JZbDVec4dViXTsMgYudpBppVdVAzZYjUuX985wZCK8B', 'verified': 1, 'share': 0}, {'address': 'FDfhQ9t7Nq8U4Y2xXynmd9bQW8HMdgbVS5PggeuAaff3', 'verified': 0, 'share': 100}]",500,HT4w7BREiGStLys8Tuyp6QCBjtBUnCrJg52fgD5pZQvo,"[{'trait_type': 'background', 'value': 'candy-red'}, {'trait_type': 'tshirt', 'value': 'plain-black'}, {'trait_type': 'skin', 'value': 'candy-red'}, {'trait_type': 'mask', 'value': 'beige'}, {'trait_type': 'accessory', 'value': 'grin'}]","{'category': 'image', 'creators': [{'address': 'FDfhQ9t7Nq8U4Y2xXynmd9bQW8HMdgbVS5PggeuAaff3', 'share': 100}], 'files': [{'uri': 'https://www.arweave.net/FbV1s9zlVyLtM3J4AMF3WYTjq-hB8_O1wMCfj0DQjpI?ext=png', 'type': 'image/png'}]}",1,prC6wjf6Qu3ZgBxMdpTcknReCberDnRitqkEHhG59yv,1,{},False,"{'auctionHouseKey': 'E8cU1WiRWjanGxmn96ewBgk9vPTcL6AEZ1t6F6fkgUWe', 'sellerReferral': 'autMW8SgBkVYeBgqYiTuJZnkvDZMVU2MHJh9Jh7CSQ2', 'expiry': -1}",
36,CwenC35iYKHTwsTF6gtb9PNGKtyYt2cZGsPbsBcKQmGv,888.0,A28aB5z2T9ABR3HYz3ogzRKyiw2Eb95zRkfFTjxbBVrr,ESq4fAKWsxWxTbwjfHnjESvQQh6THvSt5jJiUudpBEhK,888_anon_club,The Anon Club™,https://www.arweave.net/Yk4YyimuTeRFJHu5JN2P_MkKKsxTb43Op9kZAFWpYOo?ext=png,888AC #511,888 Unique 2D Pixel Anons which represent membership into The 888 Anon Club™,image,"[{'address': '7JZbDVec4dViXTsMgYudpBppVdVAzZYjUuX985wZCK8B', 'verified': 1, 'share': 0}, {'address': 'FDfhQ9t7Nq8U4Y2xXynmd9bQW8HMdgbVS5PggeuAaff3', 'verified': 0, 'share': 100}]",500,GMnARJrymborcbnj5TY7vxWZZ5pAZLXXLMw4rXQGCftG,"[{'trait_type': 'background', 'value': 'black'}, {'trait_type': 'tshirt', 'value': 'tree-tshirt'}, {'trait_type': 'skin', 'value': 'black'}, {'trait_type': 'mask', 'value': 'mauve'}, {'trait_type': 'accessory', 'value': 'crown'}]","{'category': 'image', 'creators': [{'address': 'FDfhQ9t7Nq8U4Y2xXynmd9bQW8HMdgbVS5PggeuAaff3', 'share': 100}], 'files': [{'uri': 'https://www.arweave.net/Yk4YyimuTeRFJHu5JN2P_MkKKsxTb43Op9kZAFWpYOo?ext=png', 'type': 'image/png'}]}",1,prC6wjf6Qu3ZgBxMdpTcknReCberDnRitqkEHhG59yv,1,{},False,"{'auctionHouseKey': 'E8cU1WiRWjanGxmn96ewBgk9vPTcL6AEZ1t6F6fkgUWe', 'sellerReferral': 'autMW8SgBkVYeBgqYiTuJZnkvDZMVU2MHJh9Jh7CSQ2', 'expiry': -1}","{'howrare': {'rank': 7}, 'moonrank': {'rank': 3}}"
