,id,price,escrowPubkey,owner,collectionName,collectionTitle,img,title,content,externalURL,propertyCategory,creators,sellerFeeBasisPoints,mintAddress,attributes,properties,supply,updateAuthority,primarySaleHappened,onChainCollection,tokenDelegateValid,v2,rarity
0,Cpaz2pSA7NA7pyFhGWgLLQZihU1cSrcbEXKQfVYF3M6v,213.0,EBSg1v2qJ4TjEueztJuPL2VPQUgv6nhtEixpcrzwk9JA,8oTMHvMtPTjWhaS7vnVPz2b42yAA5E7QRXU3HTQXVS9X,boryoku_dragonz,Boryoku Dragonz,https://arweave.net/PMM8tYtApmY6xJk59uRX7x5QjYDAJxpEFsKYpArPEjk?ext=png,Boryoku Dragonz #534,"Bōryoku Dragonz is an exclusive collection of 1,111 Dragon NFTs on the Solana blockchain.",https://boryokudragonz.io,image,"[{'address': 'DRGNjvBvnXNiQz9dTppGk1tAsVxtJsvhEmojEfBU3ezf', 'verified': 1, 'share': 100}]",500,9q3TtHRTxX9NqbTjhQreHkEFDWGRCw4zFjTB5TN45MY9,"[{'trait_type': 'Generation', 'value': 'Genesis'}, {'trait_type': 'Type', 'value': 'Cosmic Green'}, {'trait_type': 'Head', 'value': 'None'}, {'trait_type': 'Eyes', 'value': 'Synthwave Shades'}, {'trait_type': 'Mouth', 'value': 'None'}, {'trait_type': 'Neck', 'value': 'Collar'}, {'trait_type': 'Background', 'value': 'Nuclear Plant'}]","{'files': [{'uri': 'https://arweave.net/PMM8tYtApmY6xJk59uRX7x5QjYDAJxpEFsKYpArPEjk?ext=png', 'type': 'image/png'}], 'category': 'image', 'creators': [{'address': 'DRGNjvBvnXNiQz9dTppGktAsVxtJsvhEmojEfBU3ezf', 'share': 100}]}",1,DRGNjvBvnXNiQz9dTppGk1tAsVxtJsvhEmojEfBU3ezf,1,{},False,"{'auctionHouseKey': 'E8cU1WiRWjanGxmn96ewBgk9vPTcL6AEZ1t6F6fkgUWe', 'sellerReferral': 'autMW8SgBkVYeBgqYiTuJZnkvDZMVU2MHJh9Jh7CSQ2', 'expiry': -1}","{'moonrank': {'rank': 758}, 'howrare': {'rank': 904}}"
1,C4GcXkSScqcTpFGWkKjxqfFdEjbT6nwa7Be2u4KoFKf8,214.0,3csJcXQtQgaPiSBGrqzu4gzzpWiaCVNzPuNrMukGRsVD,ESeEb7zaep7zg5woEjPXw82qTZJvpkzSkBCFf7n3RboA,boryoku_dragonz,Boryoku Dragonz,https://arweave.net/5Rm_6QL2fVM5erLf4zz4ZJ-HKnIWCh8LymHgQSpgYu8?ext=png,Boryoku Dragonz #425,"Bōryoku Dragonz is an exclusive collection of 1,111 Dragon NFTs on the Solana blockchain.",https://boryokudragonz.io,image,"[{'address': 'DRGNjvBvnXNiQz9dTppGk1tAsVxtJsvhEmojEfBU3ezf', 'verified': 1, 'share': 100}]",500,8TeRL94UTYDRtyE2JJSb7h7KGwUJLFvsNne4c5qAHyUa,"[{'trait_type': 'Generation', 'value': 'Genesis'}, {'trait_type': 'Type', 'value': 'Diamond Purple'}, {'trait_type': 'Head', 'value': 'None'}, {'trait_type': 'Eyes', 'value': 'Tracker'}, {'trait_type': 'Mouth', 'value': 'None'}, {'trait_type': 'Neck', 'value': 'Golden Chain'}, {'trait_type': 'Background', 'value': 'Teal'}]","{'files': [{'uri': 'https://arweave.net/5Rm_6QL2fVM5erLf4zz4ZJ-HKnIWCh8LymHgQSpgYu8?ext=png', 'type': 'image/png'}], 'category': 'image', 'creators': [{'address': 'DRGNjvBvnXNiQz9dTppGktAsVxtJsvhEmojEfBU3ezf', 'share': 100}]}",1,DRGNjvBvnXNiQz9dTppGk1tAsVxtJsvhEmojEfBU3ezf,1,{},False,"{'auctionHouseKey': 'E8cU1WiRWjanGxmn96ewBgk9vPTcL6AEZ1t6F6fkgUWe', 'sellerReferral': 'autMW8SgBkVYeBgqYiTuJZnkvDZMVU2MHJh9Jh7CSQ2', 'expiry': -1}","{'howrare': {'rank': 956}, 'moonrank': {'rank': 863}}"
2,FCb5WU5PDfnRyC2LBrw6YrAfvWgKo8Z8RQkgiVzVtVbj,215.0,9ogyPt6xkA6BbGCumz14dMHj4mQh4XRWuBhfLUGGD6mH,8t6BxNBe7pM8YwvG4JUQxi1W9PYfuphrYcUiJF99oWsP,boryoku_dragonz,Boryoku Dragonz,https://arweave.net/TaYso0-VXttic-yUvbBbagRQ8rt3uvWxjehil3479Uw?ext=png,Boryoku Dragonz #964,"Bōryoku Dragonz is an exclusive collection of 1,111 Dragon NFTs on the Solana blockchain.",https://boryokudragonz.io,image,"[{'address': 'DRGNjvBvnXNiQz9dTppGk1tAsVxtJsvhEmojEfBU3ezf', 'verified': 1, 'share': 100}]",500,DCHqWdTxy4Vqj4a5yJqVPS2hcgKFzKxxbQurHGGPDARe,"[{'trait_type': 'Generation', 'value': 'Genesis'}, {'trait_type': 'Type', 'value': 'Iron Grey'}, {'trait_type': 'Head', 'value': 'Octopus'}, {'trait_type': 'Eyes', 'value': 'Red Eyes'}, {'trait_type': 'Mouth', 'value': 'None'}, {'trait_type': 'Neck', 'value': 'Silver Chain'}, {'trait_type': 'Background', 'value': 'Tron'}]","{'files': [{'uri': 'https://arweave.net/TaYso0-VXttic-yUvbBbagRQ8rt3uvWxjehil3479Uw?ext=png', 'type': 'image/png'}], 'category': 'image', 'creators': [{'address': 'DRGNjvBvnXNiQz9dTppGktAsVxtJsvhEmojEfBU3ezf', 'share': 100}]}",1,DRGNjvBvnXNiQz9dTppGk1tAsVxtJsvhEmojEfBU3ezf,1,{},False,"{'auctionHouseKey': 'E8cU1WiRWjanGxmn96ewBgk9vPTcL6AEZ1t6F6fkgUWe', 'sellerReferral': 'autMW8SgBkVYeBgqYiTuJZnkvDZMVU2MHJh9Jh7CSQ2', 'expiry': -1}","{'moonrank': {'rank': 110}, 'howrare': {'rank': 250}}"
3,EqfTeTc9QUaTBtACgJvGdREYSFDCAYzjBpPhEu26FXTy,219.0,3yPbZv9hp3oVx55woWptpZehjQPa5UR2VLwSvchZzPPW,7n1sPN7ZAtLqHkN5xzgriKuGhvsEeYHQkAZVLBFqeyLS,boryoku_dragonz,Boryoku Dragonz,https://arweave.net/ffy4vPsyDlDudpN4xL0W3tEOxpOJYzDOFLg4amqMh8o?ext=png,Boryoku Dragonz #656,"Bōryoku Dragonz is an exclusive collection of 1,111 Dragon NFTs on the Solana blockchain.",https://boryokudragonz.io,image,"[{'address': 'DRGNjvBvnXNiQz9dTppGk1tAsVxtJsvhEmojEfBU3ezf', 'verified': 1, 'share': 100}]",500,BXmC2ezmnnpwwCwkfVvePNQPx5fbnB58BTcYBTg5WM1,"[{'trait_type': 'Generation', 'value': 'Genesis'}, {'trait_type': 'Type', 'value': 'Diamond Purple'}, {'trait_type': 'Head', 'value': 'Fireball'}, {'trait_type': 'Eyes', 'value': 'Snake Eyes'}, {'trait_type': 'Mouth', 'value': 'None'}, {'trait_type': 'Neck', 'value': 'Golden Chain'}, {'trait_type': 'Background', 'value': 'Town'}]","{'files': [{'uri': 'https://arweave.net/ffy4vPsyDlDudpN4xL0W3tEOxpOJYzDOFLg4amqMh8o?ext=png', 'type': 'image/png'}], 'category': 'image', 'creators': [{'address': 'DRGNjvBvnXNiQz9dTppGktAsVxtJsvhEmojEfBU3ezf', 'share': 100}]}",1,DRGNjvBvnXNiQz9dTppGk1tAsVxtJsvhEmojEfBU3ezf,1,{},False,"{'auctionHouseKey': 'E8cU1WiRWjanGxmn96ewBgk9vPTcL6AEZ1t6F6fkgUWe', 'sellerReferral': 'autMW8SgBkVYeBgqYiTuJZnkvDZMVU2MHJh9Jh7CSQ2', 'expiry': -1}","{'moonrank': {'rank': 197}, 'howrare': {'rank': 314}}"
4,EgUei4Mj4hvdgEa3ZKPvho4nLxbhHhESjGHQfHZeAdq6,220.0,FH9uu1R96DrNTqHEvAYpFxnYfpqum4B5vcyhta978nrz,6nq7PWx9EbCP461Qvey1kri95qaGLdDAov8u3FYEm3NE,boryoku_dragonz,Boryoku Dragonz,https://arweave.net/h1CsbR6C7DMdE-6tzTwdDyaY43LqJCYpSpPN_CClaA4?ext=png,Boryoku Dragonz #996,"Bōryoku Dragonz is an exclusive collection of 1,111 Dragon NFTs on the Solana blockchain.",https://boryokudragonz.io,image,"[{'address': 'DRGNjvBvnXNiQz9dTppGk1tAsVxtJsvhEmojEfBU3ezf', 'verified': 1, 'share': 100}]",500,4KemokAyagEkj4nruQBZ3AUHGBBwhyrRioJf6Hsa2ZbJ,"[{'trait_type': 'Generation', 'value': 'Genesis'}, {'trait_type': 'Type', 'value': 'Iron Yellow'}, {'trait_type': 'Head', 'value': 'Fireball'}, {'trait_type': 'Eyes', 'value': 'Synthwave Shades'}, {'trait_type': 'Mouth', 'value': 'Rainbow Puke'}, {'trait_type': 'Neck', 'value': 'None'}, {'trait_type': 'Background', 'value': 'Nuclear Plant'}]","{'files': [{'uri': 'https://arweave.net/h1CsbR6C7DMdE-6tzTwdDyaY43LqJCYpSpPN_CClaA4?ext=png', 'type': 'image/png'}], 'category': 'image', 'creators': [{'address': 'DRGNjvBvnXNiQz9dTppGktAsVxtJsvhEmojEfBU3ezf', 'share': 100}]}",1,DRGNjvBvnXNiQz9dTppGk1tAsVxtJsvhEmojEfBU3ezf,1,{},False,"{'auctionHouseKey': 'E8cU1WiRWjanGxmn96ewBgk9vPTcL6AEZ1t6F6fkgUWe', 'sellerReferral': 'autMW8SgBkVYeBgqYiTuJZnkvDZMVU2MHJh9Jh7CSQ2', 'expiry': -1}","{'howrare': {'rank': 589}, 'moonrank': {'rank': 280}}"
5,4JBMBd9mrT6o34U3QEbviTehyoBQ1Fq5G4mZZBA6vDLZ,220.0,5itKx8Zg7Lm99jsLq3eqwQmUqZL7TVNezBauYhxiHN7f,J8cGmKMRNaW9AZztGhiNySJAMAk5Jp6s1zXJNb7hahiR,boryoku_dragonz,Boryoku Dragonz,https://arweave.net/1cbmlvbKwEpK2ClDCv7NIbfvad7lKsYHLm5tdpzB_6g?ext=png,Boryoku Dragonz #317,"Bōryoku Dragonz is an exclusive collection of 1,111 Dragon NFTs on the Solana blockchain.",https://boryokudragonz.io,image,"[{'address': 'DRGNjvBvnXNiQz9dTppGk1tAsVxtJsvhEmojEfBU3ezf', 'verified': 1, 'share': 100}]",500,HmXi3ZCR25NDx3RSNrb51i58kkgigcEiC3qNXZNWn74x,"[{'trait_type': 'Generation', 'value': 'Genesis'}, {'trait_type': 'Type', 'value': 'Diamond Blue'}, {'trait_type': 'Head', 'value': 'Croc'}, {'trait_type': 'Eyes', 'value': '3D Glasses'}, {'trait_type': 'Mouth', 'value': 'None'}, {'trait_type': 'Neck', 'value': 'None'}, {'trait_type': 'Background', 'value': 'Pink'}]","{'files': [{'uri': 'https://arweave.net/1cbmlvbKwEpK2ClDCv7NIbfvad7lKsYHLm5tdpzB_6g?ext=png', 'type': 'image/png'}], 'category': 'image', 'creators': [{'address': 'DRGNjvBvnXNiQz9dTppGktAsVxtJsvhEmojEfBU3ezf', 'share': 100}]}",1,DRGNjvBvnXNiQz9dTppGk1tAsVxtJsvhEmojEfBU3ezf,1,{},False,"{'auctionHouseKey': 'E8cU1WiRWjanGxmn96ewBgk9vPTcL6AEZ1t6F6fkgUWe', 'sellerReferral': 'autMW8SgBkVYeBgqYiTuJZnkvDZMVU2MHJh9Jh7CSQ2', 'expiry': -1}","{'moonrank': {'rank': 603}, 'howrare': {'rank': 739}}"
6,8P5VFBoAXuVhyT3nVumqtNLdUzDTFF7DD1f7GH1pppno,221.0,5EtHLPx8ZWHW1m3JAATRNimydsfod4E6ZeXtGwiY4pUr,CGBgUkHm8GNPgFNVaKPUMkFsnGm3kapkkJEcJEao9TG5,boryoku_dragonz,Boryoku Dragonz,https://arweave.net/PCWBMVwjfreyE0HiNtUg_Wk3423EjysFFzgNKnIo6YE?ext=png,Boryoku Dragonz #521,"Bōryoku Dragonz is an exclusive collection of 1,111 Dragon NFTs on the Solana blockchain.",https://boryokudragonz.io,image,"[{'address': 'DRGNjvBvnXNiQz9dTppGk1tAsVxtJsvhEmojEfBU3ezf', 'verified': 1, 'share': 100}]",500,4kJtK7xaZ8YoNfYCso67uBNTnnHJ8vrXBaUFS1SP7nN2,"[{'trait_type': 'Generation', 'value': 'Genesis'}, {'trait_type': 'Type', 'value': 'Zombie Green'}, {'trait_type': 'Head', 'value': 'None'}, {'trait_type': 'Eyes', 'value': 'Golden Shades'}, {'trait_type': 'Mouth', 'value': 'Electro'}, {'trait_type': 'Neck', 'value': 'Golden Chain'}, {'trait_type': 'Background', 'value': 'Teal'}]","{'files': [{'uri': 'https://arweave.net/PCWBMVwjfreyE0HiNtUg_Wk3423EjysFFzgNKnIo6YE?ext=png', 'type': 'image/png'}], 'category': 'image', 'creators': [{'address': 'DRGNjvBvnXNiQz9dTppGktAsVxtJsvhEmojEfBU3ezf', 'share': 100}]}",1,DRGNjvBvnXNiQz9dTppGk1tAsVxtJsvhEmojEfBU3ezf,1,{},False,"{'auctionHouseKey': 'E8cU1WiRWjanGxmn96ewBgk9vPTcL6AEZ1t6F6fkgUWe', 'sellerReferral': 'autMW8SgBkVYeBgqYiTuJZnkvDZMVU2MHJh9Jh7CSQ2', 'expiry': -1}","{'howrare': {'rank': 190}, 'moonrank': {'rank': 306}}"
7,rWnNoNthU3WhGs8uXpxq5fgziMwJWTENc7q4QoAGkx9,221.0,8C8BrTVTP6s2dLXEbzFfLrSnPt6fRaDWp9hXJMEn8yGz,CGBgUkHm8GNPgFNVaKPUMkFsnGm3kapkkJEcJEao9TG5,boryoku_dragonz,Boryoku Dragonz,https://arweave.net/9rbXYJzSR2y7CP9yWHWi6jzgQOLUaaTxpMbQbszqk14?ext=png,Boryoku Dragonz #132,"Bōryoku Dragonz is an exclusive collection of 1,111 Dragon NFTs on the Solana blockchain.",https://boryokudragonz.io,image,"[{'address': 'DRGNjvBvnXNiQz9dTppGk1tAsVxtJsvhEmojEfBU3ezf', 'verified': 1, 'share': 100}]",500,4gHvVtJ12sUwFGC7Qpjzo6Say7NTNYPMxYL5yVNu2zX7,"[{'trait_type': 'Generation', 'value': 'Genesis'}, {'trait_type': 'Type', 'value': 'Diamond Blue'}, {'trait_type': 'Head', 'value': 'None'}, {'trait_type': 'Eyes', 'value': 'Golden Shades'}, {'trait_type': 'Mouth', 'value': 'None'}, {'trait_type': 'Neck', 'value': 'None'}, {'trait_type': 'Background', 'value': 'Teal'}]","{'files': [{'uri': 'https://arweave.net/9rbXYJzSR2y7CP9yWHWi6jzgQOLUaaTxpMbQbszqk14?ext=png', 'type': 'image/png'}], 'category': 'image', 'creators': [{'address': 'DRGNjvBvnXNiQz9dTppGktAsVxtJsvhEmojEfBU3ezf', 'share': 100}]}",1,DRGNjvBvnXNiQz9dTppGk1tAsVxtJsvhEmojEfBU3ezf,1,{},False,"{'auctionHouseKey': 'E8cU1WiRWjanGxmn96ewBgk9vPTcL6AEZ1t6F6fkgUWe', 'sellerReferral': 'autMW8SgBkVYeBgqYiTuJZnkvDZMVU2MHJh9Jh7CSQ2', 'expiry': -1}","{'moonrank': {'rank': 1105}, 'howrare': {'rank': 1054}}"
8,EYCUVFkkZTGP96h3cLqRMJgN4AfJG5NUWE9wrP4pkw2Y,225.0,EvTuM9opZdnkTJCfEkJBuKYFyHhiivDPiUjFF1LLAB3P,F16ZP415tUeV6xsLiQ3h2dFhR8iaMUPLSh8hp8jTCni6,boryoku_dragonz,Boryoku Dragonz,https://arweave.net/izD88xfoxt3kJgkuW6sLPS84kIzLEy3RG212_4aF6Zw?ext=png,Boryoku Dragonz #467,"Bōryoku Dragonz is an exclusive collection of 1,111 Dragon NFTs on the Solana blockchain.",https://boryokudragonz.io,image,"[{'address': 'DRGNjvBvnXNiQz9dTppGk1tAsVxtJsvhEmojEfBU3ezf', 'verified': 1, 'share': 100}]",500,5vGHWSE8U1NjtxejTU6ds8zo2jYgtStugirKya1gtjeD,"[{'trait_type': 'Generation', 'value': 'Genesis'}, {'trait_type': 'Type', 'value': 'Diamond Purple'}, {'trait_type': 'Head', 'value': 'Monkey'}, {'trait_type': 'Eyes', 'value': 'Vipers'}, {'trait_type': 'Mouth', 'value': 'None'}, {'trait_type': 'Neck', 'value': 'None'}, {'trait_type': 'Background', 'value': 'Teal'}]","{'files': [{'uri': 'https://arweave.net/izD88xfoxt3kJgkuW6sLPS84kIzLEy3RG212_4aF6Zw?ext=png', 'type': 'image/png'}], 'category': 'image', 'creators': [{'address': 'DRGNjvBvnXNiQz9dTppGktAsVxtJsvhEmojEfBU3ezf', 'share': 100}]}",1,DRGNjvBvnXNiQz9dTppGk1tAsVxtJsvhEmojEfBU3ezf,1,{},False,"{'auctionHouseKey': 'E8cU1WiRWjanGxmn96ewBgk9vPTcL6AEZ1t6F6fkgUWe', 'sellerReferral': 'autMW8SgBkVYeBgqYiTuJZnkvDZMVU2MHJh9Jh7CSQ2', 'expiry': -1}","{'howrare': {'rank': 400}, 'moonrank': {'rank': 516}}"
9,4V9ui6LyVy8LJU6rsthBQs8PfzKSZWTaAf1MNsXDyFHo,225.0,i63DbKjkAsBZg1qEXNWVYWJJVh4NfvvaddpFgjeLnWw,CMPLs8p7AwTzhwja2fZdb3CUsrqhT9rb2U1i86U5ro6M,boryoku_dragonz,Boryoku Dragonz,https://arweave.net/Tjw7A7wOJoEdGMzNph0fBXyOWWrzlW1Nh0GChHw8Ceo?ext=png,Boryoku Dragonz #213,"Bōryoku Dragonz is an exclusive collection of 1,111 Dragon NFTs on the Solana blockchain.",https://boryokudragonz.io,image,"[{'address': 'DRGNjvBvnXNiQz9dTppGk1tAsVxtJsvhEmojEfBU3ezf', 'verified': 1, 'share': 100}]",500,7gpWx9JgiHdYNWbPkXp58H94DcgJZuJdg5fd8Go5sxCg,"[{'trait_type': 'Generation', 'value': 'Genesis'}, {'trait_type': 'Type', 'value': 'Iron Yellow'}, {'trait_type': 'Head', 'value': 'Fireball'}, {'trait_type': 'Eyes', 'value': 'Golden Shades'}, {'trait_type': 'Mouth', 'value': 'Acid'}, {'trait_type': 'Neck', 'value': 'None'}, {'trait_type': 'Background', 'value': 'Yellow'}]","{'files': [{'uri': 'https://arweave.net/Tjw7A7wOJoEdGMzNph0fBXyOWWrzlW1Nh0GChHw8Ceo?ext=png', 'type': 'image/png'}], 'category': 'image', 'creators': [{'address': 'DRGNjvBvnXNiQz9dTppGktAsVxtJsvhEmojEfBU3ezf', 'share': 100}]}",1,DRGNjvBvnXNiQz9dTppGk1tAsVxtJsvhEmojEfBU3ezf,1,{},False,"{'auctionHouseKey': 'E8cU1WiRWjanGxmn96ewBgk9vPTcL6AEZ1t6F6fkgUWe', 'sellerReferral': 'autMW8SgBkVYeBgqYiTuJZnkvDZMVU2MHJh9Jh7CSQ2', 'expiry': -1}","{'moonrank': {'rank': 586}, 'howrare': {'rank': 948}}"
10,BoS89DnVng98yVyyXY8Sy1fcT59iVk716nkfFBeJMP8V,239.0,EKxtS9aZejUiNRTM8jQ1ncbWkdrc8yc1KXwoT3ynaicb,ARfYfTVWKSU4twaRcTedQPK3MZ4QLL7uuiPKvX2MjRyg,boryoku_dragonz,Boryoku Dragonz,https://arweave.net/l7DzirWWhoJeBKSsiUjSWFdwqgW9fljcStDH2qWCUtM?ext=png,Boryoku Dragonz #1010,"Bōryoku Dragonz is an exclusive collection of 1,111 Dragon NFTs on the Solana blockchain.",https://boryokudragonz.io,image,"[{'address': 'DRGNjvBvnXNiQz9dTppGk1tAsVxtJsvhEmojEfBU3ezf', 'verified': 1, 'share': 100}]",500,G9g2GxYDS49yehnPvzGvFFwBbcUTQrcycD5UPNkiFkir,"[{'trait_type': 'Generation', 'value': 'Genesis'}, {'trait_type': 'Type', 'value': 'Diamond Purple'}, {'trait_type': 'Head', 'value': 'None'}, {'trait_type': 'Eyes', 'value': 'Red Eyes'}, {'trait_type': 'Mouth', 'value': 'None'}, {'trait_type': 'Neck', 'value': 'Collar'}, {'trait_type': 'Background', 'value': 'Yellow'}]","{'files': [{'uri': 'https://arweave.net/l7DzirWWhoJeBKSsiUjSWFdwqgW9fljcStDH2qWCUtM?ext=png', 'type': 'image/png'}], 'category': 'image', 'creators': [{'address': 'DRGNjvBvnXNiQz9dTppGktAsVxtJsvhEmojEfBU3ezf', 'share': 100}]}",1,DRGNjvBvnXNiQz9dTppGk1tAsVxtJsvhEmojEfBU3ezf,1,{},False,"{'auctionHouseKey': 'E8cU1WiRWjanGxmn96ewBgk9vPTcL6AEZ1t6F6fkgUWe', 'sellerReferral': 'autMW8SgBkVYeBgqYiTuJZnkvDZMVU2MHJh9Jh7CSQ2', 'expiry': -1}","{'moonrank': {'rank': 722}, 'howrare': {'rank': 889}}"
11,CeyiFkha7fAWzf617ifhYZQ4FwY9b6K1CC8XL34r5Ddq,240.0,8yf48jLBX2jGSuygMArp46cNqVFZVhcAgb9QF6gVoSXA,CGBgUkHm8GNPgFNVaKPUMkFsnGm3kapkkJEcJEao9TG5,boryoku_dragonz,Boryoku Dragonz,https://arweave.net/F4I0FtBO-Kf9Xt0597orESfZ6wkBUN9RN7_5MqpNIOY?ext=png,Boryoku Dragonz #872,"Bōryoku Dragonz is an exclusive collection of 1,111 Dragon NFTs on the Solana blockchain.",https://boryokudragonz.io,image,"[{'address': 'DRGNjvBvnXNiQz9dTppGk1tAsVxtJsvhEmojEfBU3ezf', 'verified': 1, 'share': 100}]",500,7e82TRrHtENzvysri6LmK687Bm3oRaJbgUB3VrpGNS3u,"[{'trait_type': 'Generation', 'value': 'Genesis'}, {'trait_type': 'Type', 'value': 'Cosmic Green'}, {'trait_type': 'Head', 'value': 'Slug'}, {'trait_type': 'Eyes', 'value': 'Golden Shades'}, {'trait_type': 'Mouth', 'value': 'None'}, {'trait_type': 'Neck', 'value': 'None'}, {'trait_type': 'Background', 'value': 'Beige'}]","{'files': [{'uri': 'https://arweave.net/F4I0FtBO-Kf9Xt0597orESfZ6wkBUN9RN7_5MqpNIOY?ext=png', 'type': 'image/png'}], 'category': 'image', 'creators': [{'address': 'DRGNjvBvnXNiQz9dTppGktAsVxtJsvhEmojEfBU3ezf', 'share': 100}]}",1,DRGNjvBvnXNiQz9dTppGk1tAsVxtJsvhEmojEfBU3ezf,1,{},False,"{'auctionHouseKey': 'E8cU1WiRWjanGxmn96ewBgk9vPTcL6AEZ1t6F6fkgUWe', 'sellerReferral': 'autMW8SgBkVYeBgqYiTuJZnkvDZMVU2MHJh9Jh7CSQ2', 'expiry': -1}","{'moonrank': {'rank': 738}, 'howrare': {'rank': 693}}"
12,6xEU56b1A4QBUpPzV3TNgoKSqxYKnYZaxFsEdTntGfZr,240.0,ARCHRVLG77KfABC2ANJ5NusBeSjdH5B4mfh4ddQ8fnAS,CGBgUkHm8GNPgFNVaKPUMkFsnGm3kapkkJEcJEao9TG5,boryoku_dragonz,Boryoku Dragonz,https://arweave.net/jZpK1qWHgUjaJNtXMXAzcKtW4U3P_KGvWIl5AjEru0g?ext=png,Boryoku Dragonz #887,"Bōryoku Dragonz is an exclusive collection of 1,111 Dragon NFTs on the Solana blockchain.",https://boryokudragonz.io,image,"[{'address': 'DRGNjvBvnXNiQz9dTppGk1tAsVxtJsvhEmojEfBU3ezf', 'verified': 1, 'share': 100}]",500,BWpcjbKBKePcapHACpusdtfWxAz5FvPrK6vE8M3uprBK,"[{'trait_type': 'Generation', 'value': 'Genesis'}, {'trait_type': 'Type', 'value': 'Neon Blue'}, {'trait_type': 'Head', 'value': 'None'}, {'trait_type': 'Eyes', 'value': 'Golden Shades'}, {'trait_type': 'Mouth', 'value': 'Icecream'}, {'trait_type': 'Neck', 'value': 'None'}, {'trait_type': 'Background', 'value': 'Grey'}]","{'files': [{'uri': 'https://arweave.net/jZpK1qWHgUjaJNtXMXAzcKtW4U3P_KGvWIl5AjEru0g?ext=png', 'type': 'image/png'}], 'category': 'image', 'creators': [{'address': 'DRGNjvBvnXNiQz9dTppGktAsVxtJsvhEmojEfBU3ezf', 'share': 100}]}",1,DRGNjvBvnXNiQz9dTppGk1tAsVxtJsvhEmojEfBU3ezf,1,{},False,"{'auctionHouseKey': 'E8cU1WiRWjanGxmn96ewBgk9vPTcL6AEZ1t6F6fkgUWe', 'sellerReferral': 'autMW8SgBkVYeBgqYiTuJZnkvDZMVU2MHJh9Jh7CSQ2', 'expiry': -1}","{'moonrank': {'rank': 821}, 'howrare': {'rank': 575}}"
13,6amCuwq9yyjEhhuYABXZ7fGih5zdP4kiXdVY7U8bUzgb,240.0,E3Qt4vtabbLU3DGUnwc8MZr9CpQ9TSw3YZZiGK8Rpz3h,CGBgUkHm8GNPgFNVaKPUMkFsnGm3kapkkJEcJEao9TG5,boryoku_dragonz,Boryoku Dragonz,https://arweave.net/y50trcWBXUlhKFQTG_1bqDh7kgC7ilOPA3d9KDTP3k4?ext=png,Boryoku Dragonz #461,"Bōryoku Dragonz is an exclusive collection of 1,111 Dragon NFTs on the Solana blockchain.",https://boryokudragonz.io,image,"[{'address': 'DRGNjvBvnXNiQz9dTppGk1tAsVxtJsvhEmojEfBU3ezf', 'verified': 1, 'share': 100}]",500,2GqmmfK4tDUC1pu3keeFjk5d9HtjMmwJ49zxDrTsryxc,"[{'trait_type': 'Generation', 'value': 'Genesis'}, {'trait_type': 'Type', 'value': 'Cyber Blue'}, {'trait_type': 'Head', 'value': 'None'}, {'trait_type': 'Eyes', 'value': 'Golden Shades'}, {'trait_type': 'Mouth', 'value': 'Laser Ray'}, {'trait_type': 'Neck', 'value': 'None'}, {'trait_type': 'Background', 'value': 'Beige'}]","{'files': [{'uri': 'https://arweave.net/y50trcWBXUlhKFQTG_1bqDh7kgC7ilOPA3d9KDTP3k4?ext=png', 'type': 'image/png'}], 'category': 'image', 'creators': [{'address': 'DRGNjvBvnXNiQz9dTppGktAsVxtJsvhEmojEfBU3ezf', 'share': 100}]}",1,DRGNjvBvnXNiQz9dTppGk1tAsVxtJsvhEmojEfBU3ezf,1,{},False,"{'auctionHouseKey': 'E8cU1WiRWjanGxmn96ewBgk9vPTcL6AEZ1t6F6fkgUWe', 'sellerReferral': 'autMW8SgBkVYeBgqYiTuJZnkvDZMVU2MHJh9Jh7CSQ2', 'expiry': -1}","{'howrare': {'rank': 506}, 'moonrank': {'rank': 803}}"
14,36e7hF5UzwduScMxXQ9DYvuA91MsDCcaqWfgFK9hdQ6K,245.0,Bv6YgUT3Vu2N3RNNZNKQwXyNqjpEMepC3KqAdznXasXQ,CGBgUkHm8GNPgFNVaKPUMkFsnGm3kapkkJEcJEao9TG5,boryoku_dragonz,Boryoku Dragonz,https://arweave.net/exN5vMyyloPMZIQ8wraoahXh6aThVEPWY0Ra0STAiKk?ext=png,Boryoku Dragonz #151,"Bōryoku Dragonz is an exclusive collection of 1,111 Dragon NFTs on the Solana blockchain.",https://boryokudragonz.io,image,"[{'address': 'DRGNjvBvnXNiQz9dTppGk1tAsVxtJsvhEmojEfBU3ezf', 'verified': 1, 'share': 100}]",500,7YnL26xuxkTk1e4hMVSKr1FnAUnnGyDQdWmrhrkY3FDZ,"[{'trait_type': 'Generation', 'value': 'Genesis'}, {'trait_type': 'Type', 'value': 'Iron Grey'}, {'trait_type': 'Head', 'value': 'None'}, {'trait_type': 'Eyes', 'value': '3D Glasses'}, {'trait_type': 'Mouth', 'value': 'None'}, {'trait_type': 'Neck', 'value': 'Golden Chain'}, {'trait_type': 'Background', 'value': 'Lavender'}]","{'files': [{'uri': 'https://arweave.net/exN5vMyyloPMZIQ8wraoahXh6aThVEPWY0Ra0STAiKk?ext=png', 'type': 'image/png'}], 'category': 'image', 'creators': [{'address': 'DRGNjvBvnXNiQz9dTppGktAsVxtJsvhEmojEfBU3ezf', 'share': 100}]}",1,DRGNjvBvnXNiQz9dTppGk1tAsVxtJsvhEmojEfBU3ezf,1,{},False,"{'auctionHouseKey': 'E8cU1WiRWjanGxmn96ewBgk9vPTcL6AEZ1t6F6fkgUWe', 'sellerReferral': 'autMW8SgBkVYeBgqYiTuJZnkvDZMVU2MHJh9Jh7CSQ2', 'expiry': -1}","{'moonrank': {'rank': 901}, 'howrare': {'rank': 942}}"
15,8e6wUxQjC169nGZBDXeZeKAVVoMeP8WndeQDsn1XsPst,245.0,AkwKQPEdT7rKLyxNY6SXwun6YbeCFBSYJJfnxTK4pnSd,CGBgUkHm8GNPgFNVaKPUMkFsnGm3kapkkJEcJEao9TG5,boryoku_dragonz,Boryoku Dragonz,https://arweave.net/rzHAwFLBG74sXOquaWBvG_8xbCLVIfxxmf-NyFdtuO0?ext=png,Boryoku Dragonz #320,"Bōryoku Dragonz is an exclusive collection of 1,111 Dragon NFTs on the Solana blockchain.",https://boryokudragonz.io,image,"[{'address': 'DRGNjvBvnXNiQz9dTppGk1tAsVxtJsvhEmojEfBU3ezf', 'verified': 1, 'share': 100}]",500,8bF4bymCzC8Crqtvp73d1sWfPoHBahrfK7zLPfSSYNCJ,"[{'trait_type': 'Generation', 'value': 'Genesis'}, {'trait_type': 'Type', 'value': 'Diamond Purple'}, {'trait_type': 'Head', 'value': 'None'}, {'trait_type': 'Eyes', 'value': 'Golden Shades'}, {'trait_type': 'Mouth', 'value': 'None'}, {'trait_type': 'Neck', 'value': 'Collar'}, {'trait_type': 'Background', 'value': 'Blue'}]","{'files': [{'uri': 'https://arweave.net/rzHAwFLBG74sXOquaWBvG_8xbCLVIfxxmf-NyFdtuO0?ext=png', 'type': 'image/png'}], 'category': 'image', 'creators': [{'address': 'DRGNjvBvnXNiQz9dTppGktAsVxtJsvhEmojEfBU3ezf', 'share': 100}]}",1,DRGNjvBvnXNiQz9dTppGk1tAsVxtJsvhEmojEfBU3ezf,1,{},False,"{'auctionHouseKey': 'E8cU1WiRWjanGxmn96ewBgk9vPTcL6AEZ1t6F6fkgUWe', 'sellerReferral': 'autMW8SgBkVYeBgqYiTuJZnkvDZMVU2MHJh9Jh7CSQ2', 'expiry': -1}","{'moonrank': {'rank': 900}, 'howrare': {'rank': 992}}"
16,9AybuJgTn9mqx6czN7mZgeySXF5aXkmT3RnjybNRs5wP,245.0,7U9BkppwqKP4Tz4wsqadVXjGNABjiaCiuubr6cKjjpNS,CGBgUkHm8GNPgFNVaKPUMkFsnGm3kapkkJEcJEao9TG5,boryoku_dragonz,Boryoku Dragonz,https://arweave.net/Xjm3RbqiNxrdfm1S03_EzGnfCKsS3yrrjiN0dh7cr_E?ext=png,Boryoku Dragonz #384,"Bōryoku Dragonz is an exclusive collection of 1,111 Dragon NFTs on the Solana blockchain.",https://boryokudragonz.io,image,"[{'address': 'DRGNjvBvnXNiQz9dTppGk1tAsVxtJsvhEmojEfBU3ezf', 'verified': 1, 'share': 100}]",500,5J47WxhZAPavYV2FFqjbmXPYNG4EkkxTvxUSSsP3ry57,"[{'trait_type': 'Generation', 'value': 'Genesis'}, {'trait_type': 'Type', 'value': 'Cyber Blue'}, {'trait_type': 'Head', 'value': 'None'}, {'trait_type': 'Eyes', 'value': 'Snake Eyes'}, {'trait_type': 'Mouth', 'value': 'Electro'}, {'trait_type': 'Neck', 'value': 'None'}, {'trait_type': 'Background', 'value': 'Blue'}]","{'files': [{'uri': 'https://arweave.net/Xjm3RbqiNxrdfm1S03_EzGnfCKsS3yrrjiN0dh7cr_E?ext=png', 'type': 'image/png'}], 'category': 'image', 'creators': [{'address': 'DRGNjvBvnXNiQz9dTppGktAsVxtJsvhEmojEfBU3ezf', 'share': 100}]}",1,DRGNjvBvnXNiQz9dTppGk1tAsVxtJsvhEmojEfBU3ezf,1,{},False,"{'auctionHouseKey': 'E8cU1WiRWjanGxmn96ewBgk9vPTcL6AEZ1t6F6fkgUWe', 'sellerReferral': 'autMW8SgBkVYeBgqYiTuJZnkvDZMVU2MHJh9Jh7CSQ2', 'expiry': -1}","{'moonrank': {'rank': 330}, 'howrare': {'rank': 160}}"
17,DrPuhEYsgb6N2syFcTJhy4JUjHyd3dvQdQprbCyHvFdV,249.0,EfwhjTVrk1bWrp1g9D1BDCWt6TsM8WqEhSSCcF2iSUiT,9vNvhCQXWBKL4T36bxrmzWv6FEa8xmxYes1bj7zHp6kB,boryoku_dragonz,Boryoku Dragonz,https://arweave.net/DQylN8A94QGrDYtjdTCgMWiG_mLO7TLyUIhnxDRKtZ8?ext=png,Boryoku Dragonz #160,"Bōryoku Dragonz is an exclusive collection of 1,111 Dragon NFTs on the Solana blockchain.",https://boryokudragonz.io,image,"[{'address': 'DRGNjvBvnXNiQz9dTppGk1tAsVxtJsvhEmojEfBU3ezf', 'verified': 1, 'share': 100}]",500,9LeHbyYJCoSMvcV85Btf5zL638Qe2DeGXn9gDypvBnpQ,"[{'trait_type': 'Generation', 'value': 'Genesis'}, {'trait_type': 'Type', 'value': 'Zombie Green'}, {'trait_type': 'Head', 'value': 'None'}, {'trait_type': 'Eyes', 'value': 'Laser Eyes'}, {'trait_type': 'Mouth', 'value': 'Rainbow Puke'}, {'trait_type': 'Neck', 'value': 'None'}, {'trait_type': 'Background', 'value': 'Blue'}]","{'files': [{'uri': 'https://arweave.net/DQylN8A94QGrDYtjdTCgMWiG_mLO7TLyUIhnxDRKtZ8?ext=png', 'type': 'image/png'}], 'category': 'image', 'creators': [{'address': 'DRGNjvBvnXNiQz9dTppGktAsVxtJsvhEmojEfBU3ezf', 'share': 100}]}",1,DRGNjvBvnXNiQz9dTppGk1tAsVxtJsvhEmojEfBU3ezf,1,{},False,"{'auctionHouseKey': 'E8cU1WiRWjanGxmn96ewBgk9vPTcL6AEZ1t6F6fkgUWe', 'sellerReferral': 'autMW8SgBkVYeBgqYiTuJZnkvDZMVU2MHJh9Jh7CSQ2', 'expiry': -1}","{'moonrank': {'rank': 308}, 'howrare': {'rank': 156}}"
18,Br3RA4a7riAEEQWVdj8Ggi8r715wbktzU4BmSzcY3MxW,250.0,2amBB2jLQik6uQQYxA2Gqm9kQ7cMqDW6pVJv2upwaEK4,CCoCNDy6GMGY2ZYKGzT27Use8sB2AAiL7Kqd7ctuyCMG,boryoku_dragonz,Boryoku Dragonz,https://arweave.net/HplWYAGZqlIncqhCResgFDVhOpTKeiBdqci0hPA_YPU?ext=png,Boryoku Dragonz #923,"Bōryoku Dragonz is an exclusive collection of 1,111 Dragon NFTs on the Solana blockchain.",https://boryokudragonz.io,image,"[{'address': 'DRGNjvBvnXNiQz9dTppGk1tAsVxtJsvhEmojEfBU3ezf', 'verified': 1, 'share': 100}]",500,8jRWtmoaSUoEbBFD898JviemoM8Mb38tPM3HRYVrf1YF,"[{'trait_type': 'Generation', 'value': 'Genesis'}, {'trait_type': 'Type', 'value': 'Iron Yellow'}, {'trait_type': 'Head', 'value': 'Fireball'}, {'trait_type': 'Eyes', 'value': 'White Eyes'}, {'trait_type': 'Mouth', 'value': 'None'}, {'trait_type': 'Neck', 'value': 'Golden Chain'}, {'trait_type': 'Background', 'value': 'Grey'}]","{'files': [{'uri': 'https://arweave.net/HplWYAGZqlIncqhCResgFDVhOpTKeiBdqci0hPA_YPU?ext=png', 'type': 'image/png'}], 'category': 'image', 'creators': [{'address': 'DRGNjvBvnXNiQz9dTppGktAsVxtJsvhEmojEfBU3ezf', 'share': 100}]}",1,DRGNjvBvnXNiQz9dTppGk1tAsVxtJsvhEmojEfBU3ezf,1,{},False,"{'auctionHouseKey': 'E8cU1WiRWjanGxmn96ewBgk9vPTcL6AEZ1t6F6fkgUWe', 'sellerReferral': 'autMW8SgBkVYeBgqYiTuJZnkvDZMVU2MHJh9Jh7CSQ2', 'expiry': -1}","{'moonrank': {'rank': 396}, 'howrare': {'rank': 842}}"
19,AaCqPHxVFFPWhiKpi6QdY4t9msT5YdmQpenGthqHHHdc,219.9,4Z3MYPgcxUCXfd67QxynGHboXU2zxAyJSGFggJ1Qfcda,BKB1jnXY8FxuawuThVfaSYdvQK2xSwYS79PftVAoKPLC,boryoku_dragonz,Boryoku Dragonz,https://arweave.net/cmKMtF1TUsmvrMqqfpJYldlDOq1x1XWyz8Wa06xOjME?ext=png,Boryoku Dragonz #907,"Bōryoku Dragonz is an exclusive collection of 1,111 Dragon NFTs on the Solana blockchain.",https://boryokudragonz.io,image,"[{'address': 'DRGNjvBvnXNiQz9dTppGk1tAsVxtJsvhEmojEfBU3ezf', 'verified': 1, 'share': 100}]",500,AWZSEvGFXGvmTgCdQjZrLHJMocetvomub2HDrEMoWgy4,"[{'trait_type': 'Generation', 'value': 'Genesis'}, {'trait_type': 'Type', 'value': 'Cyber Black'}, {'trait_type': 'Head', 'value': 'None'}, {'trait_type': 'Eyes', 'value': 'Classic Eyes'}, {'trait_type': 'Mouth', 'value': 'Cigar'}, {'trait_type': 'Neck', 'value': 'None'}, {'trait_type': 'Background', 'value': 'Beige'}]","{'files': [{'uri': 'https://arweave.net/cmKMtF1TUsmvrMqqfpJYldlDOq1x1XWyz8Wa06xOjME?ext=png', 'type': 'image/png'}], 'category': 'image', 'creators': [{'address': 'DRGNjvBvnXNiQz9dTppGktAsVxtJsvhEmojEfBU3ezf', 'share': 100}]}",1,DRGNjvBvnXNiQz9dTppGk1tAsVxtJsvhEmojEfBU3ezf,1,{},False,"{'auctionHouseKey': 'E8cU1WiRWjanGxmn96ewBgk9vPTcL6AEZ1t6F6fkgUWe', 'sellerReferral': 'autMW8SgBkVYeBgqYiTuJZnkvDZMVU2MHJh9Jh7CSQ2', 'expiry': -1}","{'moonrank': {'rank': 363}, 'howrare': {'rank': 208}}"
20,7sjpAXXeNPNGsYfGD9zaMFiJAkUGkcbcQdZHCJMcjthk,270.0,DLBC1yAL5K1TFRQNrDLetaWnWP6e3FKRMB4aMSe27mpJ,6VrGJHzYnWwiMmkuqFejbA6A2evimde31AFRnATLMYQa,boryoku_dragonz,Boryoku Dragonz,https://arweave.net/uqPqERxXLdygKCyfDS-SxmgKKaaA1WlUCr097grT4zk?ext=png,Boryoku Dragonz #643,"Bōryoku Dragonz is an exclusive collection of 1,111 Dragon NFTs on the Solana blockchain.",https://boryokudragonz.io,image,"[{'address': 'DRGNjvBvnXNiQz9dTppGk1tAsVxtJsvhEmojEfBU3ezf', 'verified': 1, 'share': 100}]",500,yR11WVbpimc5hga8NoidQfF7diwk82LNgftiKaynVdZ,"[{'trait_type': 'Generation', 'value': 'Genesis'}, {'trait_type': 'Type', 'value': 'Skeleton Golden'}, {'trait_type': 'Head', 'value': 'None'}, {'trait_type': 'Eyes', 'value': 'Vipers'}, {'trait_type': 'Mouth', 'value': 'None'}, {'trait_type': 'Neck', 'value': 'Golden Chain'}, {'trait_type': 'Background', 'value': 'Blue'}]","{'files': [{'uri': 'https://arweave.net/uqPqERxXLdygKCyfDS-SxmgKKaaA1WlUCr097grT4zk?ext=png', 'type': 'image/png'}], 'category': 'image', 'creators': [{'address': 'DRGNjvBvnXNiQz9dTppGktAsVxtJsvhEmojEfBU3ezf', 'share': 100}]}",1,DRGNjvBvnXNiQz9dTppGk1tAsVxtJsvhEmojEfBU3ezf,1,{},False,"{'auctionHouseKey': 'E8cU1WiRWjanGxmn96ewBgk9vPTcL6AEZ1t6F6fkgUWe', 'sellerReferral': 'autMW8SgBkVYeBgqYiTuJZnkvDZMVU2MHJh9Jh7CSQ2', 'expiry': -1}","{'moonrank': {'rank': 926}, 'howrare': {'rank': 989}}"
21,BPdP5sYoo3jsGGBd7NF11cV4bDE8soS47rkk7C7YNJ86,280.0,75eem4EKS3ZpsGNZ9uLrnsbGduLZABMvY1JFnN4w5saA,ANDCJLx7EZYoiBWWk2B87tQo6WC5jjDLcsB1pTSkNnYq,boryoku_dragonz,Boryoku Dragonz,https://arweave.net/P8PRjPj2B2Dqrn1O4Xwv5E5oB-Oa4wJIds49DXVawoQ?ext=png,Boryoku Dragonz #937,"Bōryoku Dragonz is an exclusive collection of 1,111 Dragon NFTs on the Solana blockchain.",https://boryokudragonz.io,image,"[{'address': 'DRGNjvBvnXNiQz9dTppGk1tAsVxtJsvhEmojEfBU3ezf', 'verified': 1, 'share': 100}]",500,4n9W15kc7d8Us6zWK3qBaB2b9tJTehuz5o75UzqcJ5mv,"[{'trait_type': 'Generation', 'value': 'Genesis'}, {'trait_type': 'Type', 'value': 'Zombie Golden'}, {'trait_type': 'Head', 'value': 'None'}, {'trait_type': 'Eyes', 'value': 'Blue Eyes'}, {'trait_type': 'Mouth', 'value': 'Ice Breath'}, {'trait_type': 'Neck', 'value': 'Collar'}, {'trait_type': 'Background', 'value': 'Yellow'}]","{'files': [{'uri': 'https://arweave.net/P8PRjPj2B2Dqrn1O4Xwv5E5oB-Oa4wJIds49DXVawoQ?ext=png', 'type': 'image/png'}], 'category': 'image', 'creators': [{'address': 'DRGNjvBvnXNiQz9dTppGktAsVxtJsvhEmojEfBU3ezf', 'share': 100}]}",1,DRGNjvBvnXNiQz9dTppGk1tAsVxtJsvhEmojEfBU3ezf,1,{},False,"{'auctionHouseKey': 'E8cU1WiRWjanGxmn96ewBgk9vPTcL6AEZ1t6F6fkgUWe', 'sellerReferral': 'autMW8SgBkVYeBgqYiTuJZnkvDZMVU2MHJh9Jh7CSQ2', 'expiry': -1}","{'moonrank': {'rank': 190}, 'howrare': {'rank': 385}}"
22,27iu8uNQ1BCAcLzcHkHmHvDaQqqbGYx6u3bnjRdjeXY5,305.0,MBuXTV4GGYLhCtwXzTGQkK7BGHVRpDTUeCwLTqiMmHn,GrQPAPCUtVaqWifSCzVfPHKfomFdtmRE2sAha4MzVRJ7,boryoku_dragonz,Boryoku Dragonz,https://arweave.net/giM4hk2Iv34xJ1OhrgGGyC0f7YX_eaFdNsFqpMi_Kd8?ext=png,Boryoku Dragonz #588,"Bōryoku Dragonz is an exclusive collection of 1,111 Dragon NFTs on the Solana blockchain.",https://boryokudragonz.io,image,"[{'address': 'DRGNjvBvnXNiQz9dTppGk1tAsVxtJsvhEmojEfBU3ezf', 'verified': 1, 'share': 100}]",500,CsmQzzBA1jnPru356j3XkErZhFq2jpHV8GWAtxURibmM,"[{'trait_type': 'Generation', 'value': 'Genesis'}, {'trait_type': 'Type', 'value': 'Diamond Purple'}, {'trait_type': 'Head', 'value': 'None'}, {'trait_type': 'Eyes', 'value': 'Tracker'}, {'trait_type': 'Mouth', 'value': 'Flame'}, {'trait_type': 'Neck', 'value': 'None'}, {'trait_type': 'Background', 'value': 'Nuclear Plant'}]","{'files': [{'uri': 'https://arweave.net/giM4hk2Iv34xJ1OhrgGGyC0f7YX_eaFdNsFqpMi_Kd8?ext=png', 'type': 'image/png'}], 'category': 'image', 'creators': [{'address': 'DRGNjvBvnXNiQz9dTppGktAsVxtJsvhEmojEfBU3ezf', 'share': 100}]}",1,DRGNjvBvnXNiQz9dTppGk1tAsVxtJsvhEmojEfBU3ezf,1,{},False,"{'auctionHouseKey': 'E8cU1WiRWjanGxmn96ewBgk9vPTcL6AEZ1t6F6fkgUWe', 'sellerReferral': 'autMW8SgBkVYeBgqYiTuJZnkvDZMVU2MHJh9Jh7CSQ2', 'expiry': -1}","{'howrare': {'rank': 188}, 'moonrank': {'rank': 369}}"
23,6jwRNoZC4Z2HRoBhWYuVjqpLXuT9tfsfmpfnYvEoDbNm,325.0,E2PZuqaSL9FsP12Hw94ZnCY88pC7wRQH7qkUuWtCKth4,6ZGqcQ81SYheHasDw6HGQfGcxj3BhjwjMApuUTWv1tXy,boryoku_dragonz,Boryoku Dragonz,https://arweave.net/uNS0DLvC4RnbjYLC3P7fgZUMb3CWjzAqbXFFSOditnM?ext=png,Boryoku Dragonz #691,"Bōryoku Dragonz is an exclusive collection of 1,111 Dragon NFTs on the Solana blockchain.",https://boryokudragonz.io,image,"[{'address': 'DRGNjvBvnXNiQz9dTppGk1tAsVxtJsvhEmojEfBU3ezf', 'verified': 1, 'share': 100}]",500,DhodoW4GnVNBQphEwpV18rwxLrRKcn9qNf2JEqmXMz1Q,"[{'trait_type': 'Generation', 'value': 'Genesis'}, {'trait_type': 'Type', 'value': 'Inferno Purple'}, {'trait_type': 'Head', 'value': 'Croc'}, {'trait_type': 'Eyes', 'value': 'White Eyes'}, {'trait_type': 'Mouth', 'value': 'Ice Breath'}, {'trait_type': 'Neck', 'value': 'None'}, {'trait_type': 'Background', 'value': 'Lavender'}]","{'files': [{'uri': 'https://arweave.net/uNS0DLvC4RnbjYLC3P7fgZUMb3CWjzAqbXFFSOditnM?ext=png', 'type': 'image/png'}], 'category': 'image', 'creators': [{'address': 'DRGNjvBvnXNiQz9dTppGktAsVxtJsvhEmojEfBU3ezf', 'share': 100}]}",1,DRGNjvBvnXNiQz9dTppGk1tAsVxtJsvhEmojEfBU3ezf,1,{},False,"{'auctionHouseKey': 'E8cU1WiRWjanGxmn96ewBgk9vPTcL6AEZ1t6F6fkgUWe', 'sellerReferral': 'autMW8SgBkVYeBgqYiTuJZnkvDZMVU2MHJh9Jh7CSQ2', 'expiry': -1}","{'moonrank': {'rank': 62}, 'howrare': {'rank': 51}}"
24,BwjypKVr15eEubNv3k9rjJiRZfRNMR4P4yAJ3uzkw4Yq,332.0,9WB5gfkoTM3gA6uh1USoF81nHX7m31g6JdcvUBs61GoW,DL2GaFrWxQPJQWXxC4UXYuK4nXzBSu2cEWmzCN2kfYyd,boryoku_dragonz,Boryoku Dragonz,https://arweave.net/ugqpwM09Fm30V0s7cbSl5wJK7-hsPkaTefDoxO5OLI4?ext=png,Boryoku Dragonz #504,"Bōryoku Dragonz is an exclusive collection of 1,111 Dragon NFTs on the Solana blockchain.",https://boryokudragonz.io,image,"[{'address': 'DRGNjvBvnXNiQz9dTppGk1tAsVxtJsvhEmojEfBU3ezf', 'verified': 1, 'share': 100}]",500,DsA6cRSgHWcNy9sc1JipDuYApWX1JUV3kgntU4sUSHJo,"[{'trait_type': 'Generation', 'value': 'Genesis'}, {'trait_type': 'Type', 'value': 'Zombie Blue'}, {'trait_type': 'Head', 'value': 'None'}, {'trait_type': 'Eyes', 'value': 'Vipers'}, {'trait_type': 'Mouth', 'value': 'Pacifier'}, {'trait_type': 'Neck', 'value': 'Golden Chain'}, {'trait_type': 'Background', 'value': 'Beige'}]","{'files': [{'uri': 'https://arweave.net/ugqpwM09Fm30V0s7cbSl5wJK7-hsPkaTefDoxO5OLI4?ext=png', 'type': 'image/png'}], 'category': 'image', 'creators': [{'address': 'DRGNjvBvnXNiQz9dTppGktAsVxtJsvhEmojEfBU3ezf', 'share': 100}]}",1,DRGNjvBvnXNiQz9dTppGk1tAsVxtJsvhEmojEfBU3ezf,1,{},False,"{'auctionHouseKey': 'E8cU1WiRWjanGxmn96ewBgk9vPTcL6AEZ1t6F6fkgUWe', 'sellerReferral': 'autMW8SgBkVYeBgqYiTuJZnkvDZMVU2MHJh9Jh7CSQ2', 'expiry': -1}","{'moonrank': {'rank': 400}, 'howrare': {'rank': 573}}"
25,8R7nAPTkxorGCd3ktL9ab4NKtaQNWqgDNAKzFsKf2cai,350.0,AvF8i1mSZHrMtdNnjnSVdwjXPv4kJhmt93TjrEzW9sK8,6qLmWN2AP3eTfFQBSfAY1xYBZvuQbMMVScVRzpeWvdKD,boryoku_dragonz,Boryoku Dragonz,https://arweave.net/P_R_Yv_ZMPfDArFTh-hpx5xpdTHowXg0kHk7kiwtTbY?ext=png,Boryoku Dragonz #647,"Bōryoku Dragonz is an exclusive collection of 1,111 Dragon NFTs on the Solana blockchain.",https://boryokudragonz.io,image,"[{'address': 'DRGNjvBvnXNiQz9dTppGk1tAsVxtJsvhEmojEfBU3ezf', 'verified': 1, 'share': 100}]",500,DiSvxB7DzaMr4sGtzjx9UJ24RzGZQ7VBdtccbmhsRW6J,"[{'trait_type': 'Generation', 'value': 'Genesis'}, {'trait_type': 'Type', 'value': 'Cosmic Blue'}, {'trait_type': 'Head', 'value': 'Eye'}, {'trait_type': 'Eyes', 'value': 'Golden Shades'}, {'trait_type': 'Mouth', 'value': 'None'}, {'trait_type': 'Neck', 'value': 'Collar'}, {'trait_type': 'Background', 'value': 'Yellow'}]","{'files': [{'uri': 'https://arweave.net/P_R_Yv_ZMPfDArFTh-hpx5xpdTHowXg0kHk7kiwtTbY?ext=png', 'type': 'image/png'}], 'category': 'image', 'creators': [{'address': 'DRGNjvBvnXNiQz9dTppGktAsVxtJsvhEmojEfBU3ezf', 'share': 100}]}",1,DRGNjvBvnXNiQz9dTppGk1tAsVxtJsvhEmojEfBU3ezf,1,{},False,"{'auctionHouseKey': 'E8cU1WiRWjanGxmn96ewBgk9vPTcL6AEZ1t6F6fkgUWe', 'sellerReferral': 'autMW8SgBkVYeBgqYiTuJZnkvDZMVU2MHJh9Jh7CSQ2', 'expiry': -1}","{'moonrank': {'rank': 131}, 'howrare': {'rank': 73}}"
26,vxHjGQkFPMEcmwN7gRFyXvBmsx1vv7yK6dNK8pUVENS,500.0,2ysshaerhr1U6NEiHZSSDvUhbA9cvTxVNuuku35ELeEu,Aw9k6NNnB8oqeY7nDjhA9pppnpsdwGNo9qNXSNmYzqR3,boryoku_dragonz,Boryoku Dragonz,https://arweave.net/TEUMstkNaSrS4mR0tzJbMYw5niZkhe1hZj07uAl2sCI?ext=png,Boryoku Dragonz #114,"Bōryoku Dragonz is an exclusive collection of 1,111 Dragon NFTs on the Solana blockchain.",https://boryokudragonz.io,image,"[{'address': 'DRGNjvBvnXNiQz9dTppGk1tAsVxtJsvhEmojEfBU3ezf', 'verified': 1, 'share': 100}]",500,GmwNMfrdjhoGaBhWBJgs8QFjS2wbjznwjBKRtnT2LPyj,"[{'trait_type': 'Generation', 'value': 'Genesis'}, {'trait_type': 'Type', 'value': 'Cyber Black'}, {'trait_type': 'Head', 'value': 'None'}, {'trait_type': 'Eyes', 'value': 'Golden Shades'}, {'trait_type': 'Mouth', 'value': 'Pacifier'}, {'trait_type': 'Neck', 'value': 'None'}, {'trait_type': 'Background', 'value': 'Yellow'}]","{'files': [{'uri': 'https://arweave.net/TEUMstkNaSrS4mR0tzJbMYw5niZkhe1hZj07uAl2sCI?ext=png', 'type': 'image/png'}], 'category': 'image', 'creators': [{'address': 'DRGNjvBvnXNiQz9dTppGktAsVxtJsvhEmojEfBU3ezf', 'share': 100}]}",1,DRGNjvBvnXNiQz9dTppGk1tAsVxtJsvhEmojEfBU3ezf,1,{},False,,"{'moonrank': {'rank': 923}, 'howrare': {'rank': 770}}"
27,E9ci91xEtw1S7k6mhuWrmPNq5iQHTaTLRmByorrQieZq,4200.0,4AVK3uZxAzgqyk41x4RCxegcvgjDgody66e7RmxKd8ob,2E65eUa1RzvtGZViR2ouStmdEF71WSw8eM3J3UavsSg3,boryoku_dragonz,Boryoku Dragonz,https://arweave.net/Vp8zQ06OrA8uqyekuqWCvgxlDz3Sa3-XEZSFld7PEjg,The Astro,"Bōryoku Dragonz is an exclusive collection of 1,111 Dragon NFTs on the Solana blockchain.",https://boryokudragonz.io,image,"[{'address': 'DRGNjvBvnXNiQz9dTppGk1tAsVxtJsvhEmojEfBU3ezf', 'verified': 1, 'share': 100}]",500,GtnSWiLiQzdUneKahGscFd4uEVkRFG1wU6nXcjDHk2Ex,"[{'trait_type': 'Generation', 'value': 'Genesis'}, {'trait_type': 'Legendary', 'value': 'The Astro'}]","{'files': [{'uri': 'https://arweave.net/Vp8zQ06OrA8uqyekuqWCvgxlDz3Sa3-XEZSFld7PEjg', 'type': 'image/gif'}], 'category': 'image', 'creators': [{'address': 'DRGNjvBvnXNiQz9dTppGk1tAsVxtJsvhEmojEfBU3ezf', 'share': 100}]}",1,DRGNjvBvnXNiQz9dTppGk1tAsVxtJsvhEmojEfBU3ezf,1,{},False,"{'auctionHouseKey': 'E8cU1WiRWjanGxmn96ewBgk9vPTcL6AEZ1t6F6fkgUWe', 'sellerReferral': 'autMW8SgBkVYeBgqYiTuJZnkvDZMVU2MHJh9Jh7CSQ2', 'expiry': -1}",{'moonrank': {'rank': 3}}
