,id,price,escrowPubkey,owner,collectionName,collectionTitle,img,title,content,externalURL,propertyCategory,creators,sellerFeeBasisPoints,mintAddress,attributes,properties,supply,updateAuthority,primarySaleHappened,onChainCollection,tokenDelegateValid,v2,rarity
0,CB9JG7giNFSohjDtnSwWykgmYQuYrAw5UQehWC6znQvc,100,6xdGSeyqdywLS1NBuHDmnTL22RDb3zbesZNay2rjUgom,41DfWHaNeWgakTZPbr5SKcpNuA4ykrkcfc4PE1NCVLn4,mindfolk,Mindfolk,https://www.arweave.net/OZ9Hu-4VKOysyhlu-EKgnzSWO82PPhvGZFUdEGIzO0I?ext=png,Mindfolk Founders #448,777 Unique explorations of well traveled Mindfolk,https://mindfolk.art,image,"[{'address': '4wTTi885HkQ6awqRGQkHAdXXzE46DyqLNXtfo1uz5ub3', 'verified': 1, 'share': 0}, {'address': '8hTYASw98ZCZJwuEF9apPhmQTW7TYaoh9AnJfeV2X5tx', 'verified': 0, 'share': 100}, {'address': '6wkWFzpPEWRa5tnWi9FHLGe8XABnZBVXMENgydpmMGgg', 'verified': 0, 'share': 0}]",500,9PhbbQSVWDreoGKSRX72ywvfuGs6sQ7QXsw8dytA2yLF,"[{'trait_type': 'Background', 'value': 'Cashmere'}, {'trait_type': 'Body', 'value': 'Garden gear'}, {'trait_type': 'Face', 'value': 'Ryan'}, {'trait_type': 'Hat', 'value': 'Rock pool'}, {'trait_type': 'Pipe', 'value': 'Reading'}, {'trait_type': 'Skill', 'value': 'Carpenter'}]","{'category': 'image', 'files': [{'uri': 'https://www.arweave.net/OZ9Hu-4VKOysyhlu-EKgnzSWO82PPhvGZFUdEGIzO0I?ext=png', 'type': 'image/png'}], 'creators': [{'address': '8hTYASw98ZCZJwuEF9apPhmQTW7TYaoh9AnJfeV2X5tx', 'share': 100}]}",1,7hYkx2CNGRB8JE7X7GefX1ak1dqe7GxgYKbpfj9moE9D,1,{},False,"{'auctionHouseKey': 'E8cU1WiRWjanGxmn96ewBgk9vPTcL6AEZ1t6F6fkgUWe', 'sellerReferral': 'autMW8SgBkVYeBgqYiTuJZnkvDZMVU2MHJh9Jh7CSQ2', 'expiry': -1}","{'moonrank': {'rank': 389}, 'howrare': {'rank': 361}}"
1,G5tHD5HYJGespcg4NDVJuzBTXqDUnaHT1YoivyG8bH5y,103,3h4J9oBeF1eMiG1tiZdbq66MJRuHPQiioCCWYHVHN6hz,HsCdwFWaiypZLHJGcnNGgLgDYqLtNvBSQ27GjrYRKm2g,mindfolk,Mindfolk,https://www.arweave.net/iy8LTXApN6DjpW-DlxWByIAZYdcWDgmgKEHX9_ZeCA0?ext=png,Mindfolk Founders #167,777 Unique explorations of well traveled Mindfolk,https://mindfolk.art,image,"[{'address': '4wTTi885HkQ6awqRGQkHAdXXzE46DyqLNXtfo1uz5ub3', 'verified': 1, 'share': 0}, {'address': '8hTYASw98ZCZJwuEF9apPhmQTW7TYaoh9AnJfeV2X5tx', 'verified': 0, 'share': 100}, {'address': '6wkWFzpPEWRa5tnWi9FHLGe8XABnZBVXMENgydpmMGgg', 'verified': 0, 'share': 0}]",500,9Z4rBYBaz5MrRFSomwypxNqaeSoEwg2f3uEg6dHpWugH,"[{'trait_type': 'Background', 'value': 'Smalt Blue'}, {'trait_type': 'Body', 'value': 'Garden gear'}, {'trait_type': 'Face', 'value': 'Tank'}, {'trait_type': 'Hat', 'value': 'Cloud fishing'}, {'trait_type': 'Pipe', 'value': 'Reading'}, {'trait_type': 'Skill', 'value': 'Carpenter'}]","{'category': 'image', 'files': [{'uri': 'https://www.arweave.net/iy8LTXApN6DjpW-DlxWByIAZYdcWDgmgKEHX9_ZeCA0?ext=png', 'type': 'image/png'}], 'creators': [{'address': '8hTYASw98ZCZJwuEF9apPhmQTW7TYaoh9AnJfeV2X5tx', 'share': 100}]}",1,7hYkx2CNGRB8JE7X7GefX1ak1dqe7GxgYKbpfj9moE9D,1,{},False,"{'auctionHouseKey': 'E8cU1WiRWjanGxmn96ewBgk9vPTcL6AEZ1t6F6fkgUWe', 'sellerReferral': 'autMW8SgBkVYeBgqYiTuJZnkvDZMVU2MHJh9Jh7CSQ2', 'expiry': -1}","{'moonrank': {'rank': 663}, 'howrare': {'rank': 689}}"
2,4pBtMTjyAEu4qui8hHD7dKLE3TnmheBJoBci6QRnZywa,105,38Mqngm4xFwQZ1eb1aKD8ax8oCjFiZYJLK4nUx7ZFTuD,4xAsTWmYTmjHHNtEd4rDdaWuF82au2PnjVHLAYHycsDf,mindfolk,Mindfolk,https://www.arweave.net/akKgjQhmpU8eJKPZY8vkMDz8DX3yHxfJuWL5wA-Ewd8?ext=png,Mindfolk Founders #654,777 Unique explorations of well traveled Mindfolk,https://mindfolk.art,image,"[{'address': '4wTTi885HkQ6awqRGQkHAdXXzE46DyqLNXtfo1uz5ub3', 'verified': 1, 'share': 0}, {'address': '8hTYASw98ZCZJwuEF9apPhmQTW7TYaoh9AnJfeV2X5tx', 'verified': 0, 'share': 100}, {'address': '6wkWFzpPEWRa5tnWi9FHLGe8XABnZBVXMENgydpmMGgg', 'verified': 0, 'share': 0}]",500,9ZqW3Xm7Pwb6oTyQUtZ6e2kXApdkLgf72QGsyg9tiDJL,"[{'trait_type': 'Background', 'value': 'Olive'}, {'trait_type': 'Body', 'value': 'Garden gear'}, {'trait_type': 'Face', 'value': 'Pico'}, {'trait_type': 'Hat', 'value': 'So where to'}, {'trait_type': 'Pipe', 'value': 'Poker'}, {'trait_type': 'Skill', 'value': 'Lumberjack'}]","{'category': 'image', 'files': [{'uri': 'https://www.arweave.net/akKgjQhmpU8eJKPZY8vkMDz8DX3yHxfJuWL5wA-Ewd8?ext=png', 'type': 'image/png'}], 'creators': [{'address': '8hTYASw98ZCZJwuEF9apPhmQTW7TYaoh9AnJfeV2X5tx', 'share': 100}]}",1,7hYkx2CNGRB8JE7X7GefX1ak1dqe7GxgYKbpfj9moE9D,1,{},False,"{'auctionHouseKey': 'E8cU1WiRWjanGxmn96ewBgk9vPTcL6AEZ1t6F6fkgUWe', 'sellerReferral': 'autMW8SgBkVYeBgqYiTuJZnkvDZMVU2MHJh9Jh7CSQ2', 'expiry': -1}","{'moonrank': {'rank': 276}, 'howrare': {'rank': 182}}"
3,2wqUrd81zoS3fzjAnEoVDMthvHniFCLLBRZrBgFzzZTB,110,HcRdXpV5dLoekSoF23RPWBresspG64MWbhBDRqobR5Q7,2DK81wJ11htLgEYeRi6VzxMib5cXQUNcdWZkz4CedGx6,mindfolk,Mindfolk,https://www.arweave.net/7Qlwb8hu6rMwrGABOT2n-GwSmt50w2-Ku_Vp5ehp9oA?ext=png,Mindfolk Founders #292,777 Unique explorations of well traveled Mindfolk,https://mindfolk.art,image,"[{'address': '4wTTi885HkQ6awqRGQkHAdXXzE46DyqLNXtfo1uz5ub3', 'verified': 1, 'share': 0}, {'address': '8hTYASw98ZCZJwuEF9apPhmQTW7TYaoh9AnJfeV2X5tx', 'verified': 0, 'share': 100}, {'address': '6wkWFzpPEWRa5tnWi9FHLGe8XABnZBVXMENgydpmMGgg', 'verified': 0, 'share': 0}]",500,HToaTjDkfnkAgLp4KrBY53KdPo6FRfQbynLCHqcu2UfY,"[{'trait_type': 'Background', 'value': 'Carrot Orange'}, {'trait_type': 'Body', 'value': 'Salty dungarees'}, {'trait_type': 'Face', 'value': 'Cob'}, {'trait_type': 'Hat', 'value': 'Camp out'}, {'trait_type': 'Pipe', 'value': 'Poker'}, {'trait_type': 'Skill', 'value': 'Carpenter'}]","{'category': 'image', 'files': [{'uri': 'https://www.arweave.net/7Qlwb8hu6rMwrGABOT2n-GwSmt50w2-Ku_Vp5ehp9oA?ext=png', 'type': 'image/png'}], 'creators': [{'address': '8hTYASw98ZCZJwuEF9apPhmQTW7TYaoh9AnJfeV2X5tx', 'share': 100}]}",1,7hYkx2CNGRB8JE7X7GefX1ak1dqe7GxgYKbpfj9moE9D,1,{},False,"{'auctionHouseKey': 'E8cU1WiRWjanGxmn96ewBgk9vPTcL6AEZ1t6F6fkgUWe', 'sellerReferral': 'autMW8SgBkVYeBgqYiTuJZnkvDZMVU2MHJh9Jh7CSQ2', 'expiry': -1}","{'moonrank': {'rank': 744}, 'howrare': {'rank': 737}}"
4,CYNEXeMToSuEHc8B2DipJit59wMkGX5VqknH2FYVZAJM,120,HeYMC62hUQadVGZrQrRpegJ7YX9jsD2z438Z6rvaYmPF,A193S2yEGSL3M8HGDUjYdpuMsfJ19Wj27xcwUyfZ6w5q,mindfolk,Mindfolk,https://www.arweave.net/7DVskPsBpwLceo_WArBQlmsAgNmFs7Sbwtw69qGaLgU?ext=png,Mindfolk Founders #646,777 Unique explorations of well traveled Mindfolk,https://mindfolk.art,image,"[{'address': '4wTTi885HkQ6awqRGQkHAdXXzE46DyqLNXtfo1uz5ub3', 'verified': 1, 'share': 0}, {'address': '8hTYASw98ZCZJwuEF9apPhmQTW7TYaoh9AnJfeV2X5tx', 'verified': 0, 'share': 100}, {'address': '6wkWFzpPEWRa5tnWi9FHLGe8XABnZBVXMENgydpmMGgg', 'verified': 0, 'share': 0}]",500,C3TvxoGbmF4maPPRzm9vrpr9ZeTmK7smFiyvARjYZQzH,"[{'trait_type': 'Background', 'value': 'Cashmere'}, {'trait_type': 'Body', 'value': 'Salty dungarees'}, {'trait_type': 'Face', 'value': 'Ringo'}, {'trait_type': 'Hat', 'value': 'Camp out'}, {'trait_type': 'Pipe', 'value': 'Reading'}, {'trait_type': 'Skill', 'value': 'Lumberjack'}]","{'category': 'image', 'files': [{'uri': 'https://www.arweave.net/7DVskPsBpwLceo_WArBQlmsAgNmFs7Sbwtw69qGaLgU?ext=png', 'type': 'image/png'}], 'creators': [{'address': '8hTYASw98ZCZJwuEF9apPhmQTW7TYaoh9AnJfeV2X5tx', 'share': 100}]}",1,7hYkx2CNGRB8JE7X7GefX1ak1dqe7GxgYKbpfj9moE9D,1,{},False,"{'auctionHouseKey': 'E8cU1WiRWjanGxmn96ewBgk9vPTcL6AEZ1t6F6fkgUWe', 'sellerReferral': 'autMW8SgBkVYeBgqYiTuJZnkvDZMVU2MHJh9Jh7CSQ2', 'expiry': -1}","{'moonrank': {'rank': 502}, 'howrare': {'rank': 536}}"
