,id,price,escrowPubkey,owner,collectionName,collectionTitle,img,title,content,propertyCategory,creators,sellerFeeBasisPoints,mintAddress,attributes,properties,supply,updateAuthority,primarySaleHappened,onChainCollection,tokenDelegateValid,v2,rarity
0,HueoVaRse48nVdLboGE4mASe7bS8roAztGB91K4oi7aC,8.7,4ZeVxn1cxv43gwGeUCjxUcFzuTXSZ2ERyQXFQyeCC43X,HSUkdxNmvMGCC91unrbsoTXeAL2fvU75EcesYSDhdpLS,sea_shanties,Sea Shanties,https://arweave.net/FI7JObd_3Tou-x4NCyUL2fskoQVlEoqSFiNDBE5rdaA,Sea Shanties #455,The first Underwater Metaverse on the Solana Blockchain,image,"[{'address': '6CjUgT4zYdjEnXeL2YRxBr8BE1Na5nUZBt1WLxE3T9nB', 'verified': 1, 'share': 0}, {'address': '994Gi3gWBWPHjxAqH4j43dbrSvnEDGP2erLGYHnjkXMR', 'verified': 0, 'share': 100}]",800,2jvd5Gs2ao19sqtonzNyFByvtY65pefpSd4xEerHtwB3,"[{'trait_type': 'Base', 'value': 'Trap House'}, {'trait_type': 'Trait 1', 'value': 'Barred Window'}, {'trait_type': 'Door', 'value': 'Wood'}, {'trait_type': 'Trait 2', 'value': 'None'}, {'trait_type': 'Roof', 'value': 'Drainage Pipe'}, {'trait_type': 'Background ', 'value': 'Outskirts'}]","{'files': [{'type': 'image/png', 'uri': 'https://arweave.net/FI7JObd_3Tou-x4NCyUL2fskoQVlEoqSFiNDBE5rdaA'}], 'category': 'image', 'creators': [{'share': 100, 'address': '994Gi3gWBWPHjxAqH4j43dbrSvnEDGP2erLGYHnjkXMR'}]}",1,4MpjH3ZyU4Hgvds848ApPQXWLRpoVQ3W92EPzpgQexe7,1,{},False,"{'auctionHouseKey': 'E8cU1WiRWjanGxmn96ewBgk9vPTcL6AEZ1t6F6fkgUWe', 'sellerReferral': 'autMW8SgBkVYeBgqYiTuJZnkvDZMVU2MHJh9Jh7CSQ2', 'expiry': -1}",{'moonrank': {'rank': 3153}}
1,3KnoCGr9swLaqUwWv7osNfkk5Eet58zrUdesbx1ACxpJ,8.87,6cvdTNtZZH7W9XPjxNWW2UnNNDyJ5meDWYzQKVntV788,Ek8J9shSQogmiDcbzTEbAjFkWY1YM5tFt5emG8JTkKGX,sea_shanties,Sea Shanties,https://arweave.net/4929lE4NdklQn-rG8U_tZd7hBk4lI3X3I3gUQVHwZEc,Sea Shanties #951,The first Underwater Metaverse on the Solana Blockchain,image,"[{'address': '6CjUgT4zYdjEnXeL2YRxBr8BE1Na5nUZBt1WLxE3T9nB', 'verified': 1, 'share': 0}, {'address': '994Gi3gWBWPHjxAqH4j43dbrSvnEDGP2erLGYHnjkXMR', 'verified': 0, 'share': 100}]",800,BKXX4SawzVnisuXPSgqqtCxFrX4vQbRL2H8Pz6kQTSyC,"[{'trait_type': 'Door', 'value': 'Wooden'}, {'trait_type': 'Roof', 'value': 'None'}, {'trait_type': 'Base', 'value': 'Toxic Waste Barrel'}, {'trait_type': 'Trait 1', 'value': 'Glowing Light'}, {'trait_type': 'Background ', 'value': 'Go to Shill City'}, {'trait_type': 'Trait 2', 'value': 'None'}]","{'files': [{'type': 'image/png', 'uri': 'https://arweave.net/4929lE4NdklQn-rG8U_tZd7hBk4lI3X3I3gUQVHwZEc'}], 'category': 'image', 'creators': [{'share': 100, 'address': '994Gi3gWBWPHjxAqH4j43dbrSvnEDGP2erLGYHnjkXMR'}]}",1,4MpjH3ZyU4Hgvds848ApPQXWLRpoVQ3W92EPzpgQexe7,1,{},False,"{'auctionHouseKey': 'E8cU1WiRWjanGxmn96ewBgk9vPTcL6AEZ1t6F6fkgUWe', 'sellerReferral': 'autMW8SgBkVYeBgqYiTuJZnkvDZMVU2MHJh9Jh7CSQ2', 'expiry': -1}",{'moonrank': {'rank': 3076}}
2,mvaEceaauptyLDDFkUzXNw2wnkPFQ1vrPDTATzo5qNC,8.89,4EriX2srCF1Sre4tGAN8FQf2Q7rXwLRCXBMTYB8cFzDo,FH9j2o4pj6o7f44t3qjjow4BAa3Gis3iU3SgHNLWHe4s,sea_shanties,Sea Shanties,https://arweave.net/sFAiOQj90BXDmVSz2zBFWPgp6UwuAy3oz0ztRV26yZs,Sea Shanties #157,The first Underwater Metaverse on the Solana Blockchain,image,"[{'address': '6CjUgT4zYdjEnXeL2YRxBr8BE1Na5nUZBt1WLxE3T9nB', 'verified': 1, 'share': 0}, {'address': '994Gi3gWBWPHjxAqH4j43dbrSvnEDGP2erLGYHnjkXMR', 'verified': 0, 'share': 100}]",800,BmrvsMCmj3PXZX5praikysRHdiibFJPAkJ3PLRrGdnUa,"[{'trait_type': 'Trait 1', 'value': 'None'}, {'trait_type': 'Base', 'value': 'Fancy Bucket'}, {'trait_type': 'Background ', 'value': 'Go to Shill City'}, {'trait_type': 'Door', 'value': 'Pest'}, {'trait_type': 'Trait 2', 'value': 'Glowing Barred Window'}, {'trait_type': 'Roof', 'value': 'Siren'}, {'trait_type': 'Trait 3', 'value': 'Green Window'}]","{'files': [{'type': 'image/png', 'uri': 'https://arweave.net/sFAiOQj90BXDmVSz2zBFWPgp6UwuAy3oz0ztRV26yZs'}], 'category': 'image', 'creators': [{'share': 100, 'address': '994Gi3gWBWPHjxAqH4j43dbrSvnEDGP2erLGYHnjkXMR'}]}",1,4MpjH3ZyU4Hgvds848ApPQXWLRpoVQ3W92EPzpgQexe7,1,{},False,"{'auctionHouseKey': 'E8cU1WiRWjanGxmn96ewBgk9vPTcL6AEZ1t6F6fkgUWe', 'sellerReferral': 'autMW8SgBkVYeBgqYiTuJZnkvDZMVU2MHJh9Jh7CSQ2', 'expiry': -1}",{'moonrank': {'rank': 1550}}
3,Fv3sG4fqxiTRjsTQmiSNwvpeWLvALsYbW6PLyWn3V7s6,8.9,8eNRyZ2yu1yRWJD7a468AapF592QYjd7EtQ5rqrRwZpC,GgahJvsZDTmXVfkQBrjNxdL7M8zXnF6bFk2mHAEqBs74,sea_shanties,Sea Shanties,https://arweave.net/jvngqTvUD4zsInCkeOAYK50T07XylMWFH5l0pBgXIeE,Sea Shanties #468,The first Underwater Metaverse on the Solana Blockchain,image,"[{'address': '6CjUgT4zYdjEnXeL2YRxBr8BE1Na5nUZBt1WLxE3T9nB', 'verified': 1, 'share': 0}, {'address': '994Gi3gWBWPHjxAqH4j43dbrSvnEDGP2erLGYHnjkXMR', 'verified': 0, 'share': 100}]",800,8YkgNWwUJVzms5f96vkNvB9sL825kGGPjQrYJN5oWxnw,"[{'trait_type': 'Door', 'value': 'Open'}, {'trait_type': 'Trait 2', 'value': 'None'}, {'trait_type': 'Trait 1', 'value': 'Amethyst Window'}, {'trait_type': 'Base', 'value': 'Trap House'}, {'trait_type': 'Background ', 'value': 'Outskirts'}, {'trait_type': 'Roof', 'value': 'Drainage Pipe'}]","{'files': [{'type': 'image/png', 'uri': 'https://arweave.net/jvngqTvUD4zsInCkeOAYK50T07XylMWFH5l0pBgXIeE'}], 'category': 'image', 'creators': [{'share': 100, 'address': '994Gi3gWBWPHjxAqH4j43dbrSvnEDGP2erLGYHnjkXMR'}]}",1,4MpjH3ZyU4Hgvds848ApPQXWLRpoVQ3W92EPzpgQexe7,1,{},False,"{'auctionHouseKey': 'E8cU1WiRWjanGxmn96ewBgk9vPTcL6AEZ1t6F6fkgUWe', 'sellerReferral': 'autMW8SgBkVYeBgqYiTuJZnkvDZMVU2MHJh9Jh7CSQ2', 'expiry': -1}",{'moonrank': {'rank': 3100}}
4,GhaneZeCdpnjNrVGbg4WUZVwWiBX8ANt5CFfdoEtntjV,8.98,G7fkmjpRrUJNjm5Q4wvvKo1S5jzdnA1HTbNYHBrDRtZ1,DdDQgaEV2CNzkAuykyVwTDjt3t5wcMg2LU4NHr18huVK,sea_shanties,Sea Shanties,https://arweave.net/V6yN8nWe1nI8ydv5i3c2e948scLCxkaxXVBP_5yXsic,Sea Shanties #518,The first Underwater Metaverse on the Solana Blockchain,image,"[{'address': '6CjUgT4zYdjEnXeL2YRxBr8BE1Na5nUZBt1WLxE3T9nB', 'verified': 1, 'share': 0}, {'address': '994Gi3gWBWPHjxAqH4j43dbrSvnEDGP2erLGYHnjkXMR', 'verified': 0, 'share': 100}]",800,313tknooJDRSduADneSLUyMGa1qUD46CvnFKZCQjUDg1,"[{'trait_type': 'Trait 2', 'value': 'Duck Foot'}, {'trait_type': 'Door', 'value': 'Wood'}, {'trait_type': 'Base', 'value': 'Fancy Reinforced Trap House'}, {'trait_type': 'Background ', 'value': 'Go to Shill City'}, {'trait_type': 'Roof', 'value': 'Telescope'}, {'trait_type': 'Trait 1', 'value': 'Barred Window'}]","{'files': [{'type': 'image/png', 'uri': 'https://arweave.net/V6yN8nWe1nI8ydv5i3c2e948scLCxkaxXVBP_5yXsic'}], 'category': 'image', 'creators': [{'share': 100, 'address': '994Gi3gWBWPHjxAqH4j43dbrSvnEDGP2erLGYHnjkXMR'}]}",1,4MpjH3ZyU4Hgvds848ApPQXWLRpoVQ3W92EPzpgQexe7,1,{},False,"{'auctionHouseKey': 'E8cU1WiRWjanGxmn96ewBgk9vPTcL6AEZ1t6F6fkgUWe', 'sellerReferral': 'autMW8SgBkVYeBgqYiTuJZnkvDZMVU2MHJh9Jh7CSQ2', 'expiry': -1}",{'moonrank': {'rank': 2371}}
5,Brm9P9kMpqzVAnWyRXeGBeesoLkAv8a5bgacjecBF5Xg,8.99,AQgLqMPXYHTtFA1tR8g54d2J1Caovcmb7NmWyzimaEx,6JJY9QUjoNcpsb1WFcDfb7JVMLoLXXQKaN2TcZDHARPr,sea_shanties,Sea Shanties,https://arweave.net/o0MJT47TKJc3CIm_QfbL7LF-sTVmM2004o6LeeQT9uk,Sea Shanties #2143,The first Underwater Metaverse on the Solana Blockchain,image,"[{'address': '6CjUgT4zYdjEnXeL2YRxBr8BE1Na5nUZBt1WLxE3T9nB', 'verified': 1, 'share': 0}, {'address': '994Gi3gWBWPHjxAqH4j43dbrSvnEDGP2erLGYHnjkXMR', 'verified': 0, 'share': 100}]",800,GCWkehbSqjh45oHAUi7r4QdEU3VASjuRUHBtL6jWY9wD,"[{'trait_type': 'Roof', 'value': 'None'}, {'trait_type': 'Trait 1', 'value': 'None'}, {'trait_type': 'Base', 'value': 'Submarine'}, {'trait_type': 'Trait 3', 'value': 'Red Light'}, {'trait_type': 'Background', 'value': 'Shill City Metro'}, {'trait_type': 'Trait 2', 'value': 'None'}, {'trait_type': 'Door', 'value': 'Pest'}]","{'files': [{'type': 'image/png', 'uri': 'https://arweave.net/o0MJT47TKJc3CIm_QfbL7LF-sTVmM2004o6LeeQT9uk'}], 'category': 'image', 'creators': [{'share': 100, 'address': '994Gi3gWBWPHjxAqH4j43dbrSvnEDGP2erLGYHnjkXMR'}]}",1,4MpjH3ZyU4Hgvds848ApPQXWLRpoVQ3W92EPzpgQexe7,1,{},False,"{'auctionHouseKey': 'E8cU1WiRWjanGxmn96ewBgk9vPTcL6AEZ1t6F6fkgUWe', 'sellerReferral': 'autMW8SgBkVYeBgqYiTuJZnkvDZMVU2MHJh9Jh7CSQ2', 'expiry': -1}",{'moonrank': {'rank': 2989}}
6,5A6utEzg6itZ8nJ5YEimrjVj8ZLmvJQbFQ4STfPkcqgj,8.99,8nnE3KTXSzC7V6VDEzzzmBBU7tLi5Gc9CGXeMQPoJpeG,EqUTcCAcnipTBrW3oqv251pJuaCqfMTX4WfHYLuEgfXx,sea_shanties,Sea Shanties,https://arweave.net/wpj72FKxhbnT_ewzA7_-jI23NBvwTWVFcVOAWy_HAzQ,Sea Shanties #2389,The first Underwater Metaverse on the Solana Blockchain,image,"[{'address': '6CjUgT4zYdjEnXeL2YRxBr8BE1Na5nUZBt1WLxE3T9nB', 'verified': 1, 'share': 0}, {'address': '994Gi3gWBWPHjxAqH4j43dbrSvnEDGP2erLGYHnjkXMR', 'verified': 0, 'share': 100}]",800,4X4fEEc7Jzi6rxCoR2x62474JXbPMjskbLrXeFqBAWVP,"[{'trait_type': 'Door', 'value': 'Pest'}, {'trait_type': 'Base', 'value': 'Submarine Watchtower'}, {'trait_type': 'Background', 'value': 'Shill City Ghetto'}, {'trait_type': 'Trait 2', 'value': 'Drainage Pipe'}, {'trait_type': 'Trait 3', 'value': 'Green Light'}, {'trait_type': 'Trait 1', 'value': 'Window'}, {'trait_type': 'Roof', 'value': 'None'}]","{'files': [{'type': 'image/png', 'uri': 'https://arweave.net/wpj72FKxhbnT_ewzA7_-jI23NBvwTWVFcVOAWy_HAzQ'}], 'category': 'image', 'creators': [{'share': 100, 'address': '994Gi3gWBWPHjxAqH4j43dbrSvnEDGP2erLGYHnjkXMR'}]}",1,4MpjH3ZyU4Hgvds848ApPQXWLRpoVQ3W92EPzpgQexe7,1,{},False,"{'auctionHouseKey': 'E8cU1WiRWjanGxmn96ewBgk9vPTcL6AEZ1t6F6fkgUWe', 'sellerReferral': 'autMW8SgBkVYeBgqYiTuJZnkvDZMVU2MHJh9Jh7CSQ2', 'expiry': -1}",{'moonrank': {'rank': 1911}}
7,4zsctUxDYXD1iJCSEBrGEFdp6HeKPn99SA23Din5VsyS,9.0,ReAaE2MsUANiBon427Vx43KrX1dKNYArXv7m98roSmS,NUeeAbQ177SCkcW7JGPMgY8GVpmu9VX585wjrXS23YX,sea_shanties,Sea Shanties,https://arweave.net/zxWoHE9hqLN7OLY0q_u8iPphBSgb5AmC7s85M70bGaI,Sea Shanties #2959,The first Underwater Metaverse on the Solana Blockchain,image,"[{'address': '6CjUgT4zYdjEnXeL2YRxBr8BE1Na5nUZBt1WLxE3T9nB', 'verified': 1, 'share': 0}, {'address': '994Gi3gWBWPHjxAqH4j43dbrSvnEDGP2erLGYHnjkXMR', 'verified': 0, 'share': 100}]",800,HadoG2KNkdrpGJpv8JV8RsfdZCpYyEh9U9JT4oRoAu7W,"[{'trait_type': 'Roof', 'value': 'Drain Pipe'}, {'trait_type': 'Door', 'value': 'Steel'}, {'trait_type': 'Base', 'value': 'Chest 2'}, {'trait_type': 'Chest Trait 1', 'value': 'Black Jack'}, {'trait_type': 'Chest Trait 3', 'value': 'Blue Window'}, {'trait_type': 'Background', 'value': 'Shill City Ghetto'}, {'trait_type': 'Chest Trait 2', 'value': 'Blue Window'}]","{'files': [{'type': 'image/png', 'uri': 'https://arweave.net/zxWoHE9hqLN7OLY0q_u8iPphBSgb5AmC7s85M70bGaI'}], 'category': 'image', 'creators': [{'share': 100, 'address': '994Gi3gWBWPHjxAqH4j43dbrSvnEDGP2erLGYHnjkXMR'}]}",1,4MpjH3ZyU4Hgvds848ApPQXWLRpoVQ3W92EPzpgQexe7,1,{},False,"{'auctionHouseKey': 'E8cU1WiRWjanGxmn96ewBgk9vPTcL6AEZ1t6F6fkgUWe', 'sellerReferral': 'autMW8SgBkVYeBgqYiTuJZnkvDZMVU2MHJh9Jh7CSQ2', 'expiry': -1}",{'moonrank': {'rank': 849}}
8,FBMTPuvinZWgoZebnBHsb8tN64h5KagC6C9a9xEe9LX9,9.0,64vUXw6hDnhkgJmFwFNYoQn1VQAYLUGwicohX7tMsgYC,HJZdFSYg37rD5jCqad136sykdAoxm5CLAfwUeZyD5Gj7,sea_shanties,Sea Shanties,https://arweave.net/mC7Ck4XIr2jex_ZanameVdIHVrhW1EgQKhh1R4c1iPs,Sea Shanties #3207,The first Underwater Metaverse on the Solana Blockchain,image,"[{'address': 'Dc3hBwXPkhpzbGTs28k2FrgrTndE7GsHpBkWrdSMhLX5', 'verified': 1, 'share': 0}, {'address': '994Gi3gWBWPHjxAqH4j43dbrSvnEDGP2erLGYHnjkXMR', 'verified': 0, 'share': 100}]",800,EGNcGyi5Sm2ADwdQvstTjqxaD46Rc1SvahDE81mAqEvq,"[{'trait_type': 'Trait 2', 'value': 'Glowing Barred Window'}, {'trait_type': 'Base', 'value': 'Fancy Bucket'}, {'trait_type': 'Trait 1', 'value': 'Scrap Drainage Pipe'}, {'trait_type': 'Background ', 'value': 'Go to Shill City'}, {'trait_type': 'Door', 'value': 'Hatch'}, {'trait_type': 'Roof', 'value': 'Pot Lid'}, {'trait_type': 'Trait 3', 'value': 'Green Barred Window'}]","{'files': [{'type': 'image/png', 'uri': 'https://arweave.net/mC7Ck4XIr2jex_ZanameVdIHVrhW1EgQKhh1R4c1iPs'}], 'category': 'image', 'creators': [{'share': 100, 'address': '994Gi3gWBWPHjxAqH4j43dbrSvnEDGP2erLGYHnjkXMR'}]}",1,4MpjH3ZyU4Hgvds848ApPQXWLRpoVQ3W92EPzpgQexe7,1,{},False,"{'auctionHouseKey': 'E8cU1WiRWjanGxmn96ewBgk9vPTcL6AEZ1t6F6fkgUWe', 'sellerReferral': 'autMW8SgBkVYeBgqYiTuJZnkvDZMVU2MHJh9Jh7CSQ2', 'expiry': -1}",{'moonrank': {'rank': 802}}
9,UgCYP5wsrEJagRS5hxtGHBb1qRHx8NrhGDjBoVoCfsX,9.2,ADDJZmcCW3V8vsqqcvemMsUSrLGkPCredRKUYmZvksS1,4kSJCUv75nvUY5a8R9MHhmRjQxwTf9qV4QSEPUwmY5pt,sea_shanties,Sea Shanties,https://arweave.net/-uYw6SYPipko_1XGA46vT7AVvaLaTYlZfzgmPgr7SqU,Sea Shanties #3019,The first Underwater Metaverse on the Solana Blockchain,image,"[{'address': '6CjUgT4zYdjEnXeL2YRxBr8BE1Na5nUZBt1WLxE3T9nB', 'verified': 1, 'share': 0}, {'address': '994Gi3gWBWPHjxAqH4j43dbrSvnEDGP2erLGYHnjkXMR', 'verified': 0, 'share': 100}]",800,2iP2X12oqmWDnYtNQAfJfH4heu8zA3mBWdQjeXUAmrYD,"[{'trait_type': 'Door', 'value': 'Fine'}, {'trait_type': 'Roof', 'value': 'Chimney'}, {'trait_type': 'Chest Trait 1', 'value': 'Black Jack'}, {'trait_type': 'Background', 'value': 'Shill City Metro'}, {'trait_type': 'Base', 'value': 'Chest'}, {'trait_type': 'Chest Trait 2', 'value': 'None'}, {'trait_type': 'Chest Trait 3', 'value': 'Barred Window'}]","{'files': [{'type': 'image/png', 'uri': 'https://arweave.net/-uYw6SYPipko_1XGA46vT7AVvaLaTYlZfzgmPgr7SqU'}], 'category': 'image', 'creators': [{'share': 100, 'address': '994Gi3gWBWPHjxAqH4j43dbrSvnEDGP2erLGYHnjkXMR'}]}",1,4MpjH3ZyU4Hgvds848ApPQXWLRpoVQ3W92EPzpgQexe7,1,{},False,"{'auctionHouseKey': 'E8cU1WiRWjanGxmn96ewBgk9vPTcL6AEZ1t6F6fkgUWe', 'sellerReferral': 'autMW8SgBkVYeBgqYiTuJZnkvDZMVU2MHJh9Jh7CSQ2', 'expiry': -1}",{'moonrank': {'rank': 326}}
10,FbFVp6cRFksvXrfwfv3EA6T29Rg2hNdvM3U7ct5uXdpj,9.333,619xFtSQ2b2c87HpPpD2UNeRQWZQXz89c8jw3Hz59ocK,AGxXTnwvJmM34ikBVLrgFvsU9zU7GFWV4AaodnGV2gnX,sea_shanties,Sea Shanties,https://arweave.net/j0xvtWf7Q8SPDtN7I939SIJBG8YIDrgSiW2MnkLPbko,Sea Shanties #2896,The first Underwater Metaverse on the Solana Blockchain,image,"[{'address': '6CjUgT4zYdjEnXeL2YRxBr8BE1Na5nUZBt1WLxE3T9nB', 'verified': 1, 'share': 0}, {'address': '994Gi3gWBWPHjxAqH4j43dbrSvnEDGP2erLGYHnjkXMR', 'verified': 0, 'share': 100}]",800,G2YqSxYaR1zpjveYmm2ezkVHd7FsaUfbGcDGjom25Ryg,"[{'trait_type': 'Background', 'value': 'Shill City Metro'}, {'trait_type': 'Chest Trait 3', 'value': 'Barred Window'}, {'trait_type': 'Chest Trait 1', 'value': 'Restaurant'}, {'trait_type': 'Door', 'value': 'Steel'}, {'trait_type': 'Roof', 'value': 'Drain Pipe'}, {'trait_type': 'Base', 'value': 'Chest 2'}, {'trait_type': 'Chest Trait 2', 'value': 'Pub Window'}]","{'files': [{'type': 'image/png', 'uri': 'https://arweave.net/j0xvtWf7Q8SPDtN7I939SIJBG8YIDrgSiW2MnkLPbko'}], 'category': 'image', 'creators': [{'share': 100, 'address': '994Gi3gWBWPHjxAqH4j43dbrSvnEDGP2erLGYHnjkXMR'}]}",1,4MpjH3ZyU4Hgvds848ApPQXWLRpoVQ3W92EPzpgQexe7,1,{},False,"{'auctionHouseKey': 'E8cU1WiRWjanGxmn96ewBgk9vPTcL6AEZ1t6F6fkgUWe', 'sellerReferral': 'autMW8SgBkVYeBgqYiTuJZnkvDZMVU2MHJh9Jh7CSQ2', 'expiry': -1}",{'moonrank': {'rank': 607}}
11,4YCW2VVRvHsWJwqcyGKcW79TwQ6V2AzzKUXaSgoPaXQF,9.4,571TstLW6hBHG3hjJqZEQakAFz6u5JKQeptA5T9RDCTE,B63MAqb6HQVWNkFUbU9icbKJ1pYDuDpCm9gUyMHPefb1,sea_shanties,Sea Shanties,https://arweave.net/lOpYJwy3MBib2X2CloWlr2-_QsWoRxsUSznoTJ-f6Es,Sea Shanties #572,The first Underwater Metaverse on the Solana Blockchain,image,"[{'address': '6CjUgT4zYdjEnXeL2YRxBr8BE1Na5nUZBt1WLxE3T9nB', 'verified': 1, 'share': 0}, {'address': '994Gi3gWBWPHjxAqH4j43dbrSvnEDGP2erLGYHnjkXMR', 'verified': 0, 'share': 100}]",800,DCnB6oogrHxe5ZmXPuHZMfyycXvPpg721s1byS4Pjk3B,"[{'trait_type': 'Door', 'value': 'Open'}, {'trait_type': 'Trait 2', 'value': 'None'}, {'trait_type': 'Trait 1', 'value': 'Barred Window'}, {'trait_type': 'Roof', 'value': 'Telescope'}, {'trait_type': 'Base', 'value': 'Fancy Trap House'}, {'trait_type': 'Background ', 'value': 'Outskirts'}]","{'files': [{'type': 'image/png', 'uri': 'https://arweave.net/lOpYJwy3MBib2X2CloWlr2-_QsWoRxsUSznoTJ-f6Es'}], 'category': 'image', 'creators': [{'share': 100, 'address': '994Gi3gWBWPHjxAqH4j43dbrSvnEDGP2erLGYHnjkXMR'}]}",1,4MpjH3ZyU4Hgvds848ApPQXWLRpoVQ3W92EPzpgQexe7,1,{},False,"{'auctionHouseKey': 'E8cU1WiRWjanGxmn96ewBgk9vPTcL6AEZ1t6F6fkgUWe', 'sellerReferral': 'autMW8SgBkVYeBgqYiTuJZnkvDZMVU2MHJh9Jh7CSQ2', 'expiry': -1}",{'moonrank': {'rank': 3207}}
12,76qZZD4ngy3LaJR777bxBv1s62BM2kLo72bkbr3QQeCc,9.4,3g6DxXDE5KQJAKaokmnoGJF3vvvQ5JejA9icPdVwEks5,F5yzjz7iViBnzf8BYc37pJWmFJberLSSyt7UjnTkBmBA,sea_shanties,Sea Shanties,https://arweave.net/h-2xL226DyQHOFsj9QZwV-TyQ_zNR01uoDmzhPWavyM,Sea Shanties #27,The first Underwater Metaverse on the Solana Blockchain,image,"[{'address': '6CjUgT4zYdjEnXeL2YRxBr8BE1Na5nUZBt1WLxE3T9nB', 'verified': 1, 'share': 0}, {'address': '994Gi3gWBWPHjxAqH4j43dbrSvnEDGP2erLGYHnjkXMR', 'verified': 0, 'share': 100}]",800,GsrqVYbDFBkU3EBPVhopFYPTAXrbU549SVYpvnEYAteg,"[{'trait_type': 'Trait 3', 'value': 'Green Window'}, {'trait_type': 'Door', 'value': 'Steel'}, {'trait_type': 'Trait 2', 'value': 'Glowing Barred Window'}, {'trait_type': 'Roof', 'value': 'Steel Chimney'}, {'trait_type': 'Background ', 'value': 'Outskirts'}, {'trait_type': 'Trait 1', 'value': 'Green Light'}, {'trait_type': 'Base', 'value': 'Bucket'}]","{'files': [{'type': 'image/png', 'uri': 'https://arweave.net/h-2xL226DyQHOFsj9QZwV-TyQ_zNR01uoDmzhPWavyM'}], 'category': 'image', 'creators': [{'share': 100, 'address': '994Gi3gWBWPHjxAqH4j43dbrSvnEDGP2erLGYHnjkXMR'}]}",1,4MpjH3ZyU4Hgvds848ApPQXWLRpoVQ3W92EPzpgQexe7,1,{},False,"{'auctionHouseKey': 'E8cU1WiRWjanGxmn96ewBgk9vPTcL6AEZ1t6F6fkgUWe', 'sellerReferral': 'autMW8SgBkVYeBgqYiTuJZnkvDZMVU2MHJh9Jh7CSQ2', 'expiry': -1}",{'moonrank': {'rank': 860}}
13,CTKqvn7iaTdokJ3j5VjRsuM88AC82o3Dkon8jR2XSESy,9.4,HNaDshwL213ibGB1gJx9GyuUfuRZ4QK7J4boLHD5J4EY,F5yzjz7iViBnzf8BYc37pJWmFJberLSSyt7UjnTkBmBA,sea_shanties,Sea Shanties,https://arweave.net/F62oFy0t68mLbJXtmd61oXQeLgcU_oouvxRyJHi9Ol4,Sea Shanties #798,The first Underwater Metaverse on the Solana Blockchain,image,"[{'address': '6CjUgT4zYdjEnXeL2YRxBr8BE1Na5nUZBt1WLxE3T9nB', 'verified': 1, 'share': 0}, {'address': '994Gi3gWBWPHjxAqH4j43dbrSvnEDGP2erLGYHnjkXMR', 'verified': 0, 'share': 100}]",800,9KydCCP7jg5AAZPQy4SCuq4Bk3yFA53Rd4jGorTSmWvB,"[{'trait_type': 'Trait 2', 'value': 'Vent'}, {'trait_type': 'Background ', 'value': 'Outskirts'}, {'trait_type': 'Base', 'value': 'Toxic Waste Barrel'}, {'trait_type': 'Door', 'value': 'Wooden'}, {'trait_type': 'Trait 1', 'value': 'Pest'}, {'trait_type': 'Roof', 'value': 'None'}]","{'files': [{'type': 'image/png', 'uri': 'https://arweave.net/F62oFy0t68mLbJXtmd61oXQeLgcU_oouvxRyJHi9Ol4'}], 'category': 'image', 'creators': [{'share': 100, 'address': '994Gi3gWBWPHjxAqH4j43dbrSvnEDGP2erLGYHnjkXMR'}]}",1,4MpjH3ZyU4Hgvds848ApPQXWLRpoVQ3W92EPzpgQexe7,1,{},False,"{'auctionHouseKey': 'E8cU1WiRWjanGxmn96ewBgk9vPTcL6AEZ1t6F6fkgUWe', 'sellerReferral': 'autMW8SgBkVYeBgqYiTuJZnkvDZMVU2MHJh9Jh7CSQ2', 'expiry': -1}",{'moonrank': {'rank': 2444}}
14,8yzvrDxy95DpGMsd2t7uG5spv8nzpqyB7YrhXdjZdCEk,9.4,5yK6GxkXbFTWZ7MQJTqgms5ovbJcX7xa7QTyiLKuwCzT,F5yzjz7iViBnzf8BYc37pJWmFJberLSSyt7UjnTkBmBA,sea_shanties,Sea Shanties,https://arweave.net/pu8at-bVkGaVlJRbflZqARjVxIZu-MU0EiSvCNTdZWQ,Sea Shanties #968,The first Underwater Metaverse on the Solana Blockchain,image,"[{'address': '6CjUgT4zYdjEnXeL2YRxBr8BE1Na5nUZBt1WLxE3T9nB', 'verified': 1, 'share': 0}, {'address': '994Gi3gWBWPHjxAqH4j43dbrSvnEDGP2erLGYHnjkXMR', 'verified': 0, 'share': 100}]",800,7uNFq6rrJiAoKnHoVaKrfcEha6nhJBzDhqJ5hje8Qqpi,"[{'trait_type': 'Trait 1', 'value': 'None'}, {'trait_type': 'Trait 2', 'value': 'Vent'}, {'trait_type': 'Roof', 'value': 'Vent'}, {'trait_type': 'Door', 'value': 'Wooden'}, {'trait_type': 'Background ', 'value': 'Outskirts'}, {'trait_type': 'Base', 'value': 'Toxic Waste Site'}]","{'files': [{'type': 'image/png', 'uri': 'https://arweave.net/pu8at-bVkGaVlJRbflZqARjVxIZu-MU0EiSvCNTdZWQ'}], 'category': 'image', 'creators': [{'share': 100, 'address': '994Gi3gWBWPHjxAqH4j43dbrSvnEDGP2erLGYHnjkXMR'}]}",1,4MpjH3ZyU4Hgvds848ApPQXWLRpoVQ3W92EPzpgQexe7,1,{},False,"{'auctionHouseKey': 'E8cU1WiRWjanGxmn96ewBgk9vPTcL6AEZ1t6F6fkgUWe', 'sellerReferral': 'autMW8SgBkVYeBgqYiTuJZnkvDZMVU2MHJh9Jh7CSQ2', 'expiry': -1}",{'moonrank': {'rank': 2630}}
15,9MTGczGD6PRpZWqKVRAMF9xEZ1sfPXRkAY3kqYp2KFuK,9.4,HvmPbBGeZHfXBJztVw6n1y2m122A3kTwQ4xMEpRZeVXg,4CVSZ75pJC8cuuU4JWuB3QhUw5GWvq369oVku7gdXJsG,sea_shanties,Sea Shanties,https://arweave.net/M92u8PkfqRYiMTIrEpE3ukcfq2NxJfkRkZr1e71AAiU,Sea Shanties #977,The first Underwater Metaverse on the Solana Blockchain,image,"[{'address': '6CjUgT4zYdjEnXeL2YRxBr8BE1Na5nUZBt1WLxE3T9nB', 'verified': 1, 'share': 0}, {'address': '994Gi3gWBWPHjxAqH4j43dbrSvnEDGP2erLGYHnjkXMR', 'verified': 0, 'share': 100}]",800,7JNABnfvKR7dUm19AteVpMZEF1DbCzkHvg5KcFSubqU5,"[{'trait_type': 'Door', 'value': 'Open'}, {'trait_type': 'Base', 'value': 'Crushed Toxic Waste Barrel'}, {'trait_type': 'Background ', 'value': 'Go to Shill City'}, {'trait_type': 'Trait 2', 'value': 'None'}, {'trait_type': 'Trait 1', 'value': 'None'}, {'trait_type': 'Roof', 'value': 'Scrap Chimney'}]","{'files': [{'type': 'image/png', 'uri': 'https://arweave.net/M92u8PkfqRYiMTIrEpE3ukcfq2NxJfkRkZr1e71AAiU'}], 'category': 'image', 'creators': [{'share': 100, 'address': '994Gi3gWBWPHjxAqH4j43dbrSvnEDGP2erLGYHnjkXMR'}]}",1,4MpjH3ZyU4Hgvds848ApPQXWLRpoVQ3W92EPzpgQexe7,1,{},False,"{'auctionHouseKey': 'E8cU1WiRWjanGxmn96ewBgk9vPTcL6AEZ1t6F6fkgUWe', 'sellerReferral': 'autMW8SgBkVYeBgqYiTuJZnkvDZMVU2MHJh9Jh7CSQ2', 'expiry': -1}",{'moonrank': {'rank': 3074}}
16,HyXHBDqLWpcUT8ojy9gugNumQBDbg1FwVmpEXAeRNHTe,9.899,7qQkwo6AqyAGZdCRsbTdjuQqTvLAHNLbG9wiWxLnPkcC,D4NtT8T1GHc6UmSkxuAQPdQVs2vffmWyJetbbTHypaFB,sea_shanties,Sea Shanties,https://arweave.net/OxynthrmfgD13XGdOhBszoO3nOOlPgpTnQS2JeVfGU0,Sea Shanties #2716,The first Underwater Metaverse on the Solana Blockchain,image,"[{'address': '6CjUgT4zYdjEnXeL2YRxBr8BE1Na5nUZBt1WLxE3T9nB', 'verified': 1, 'share': 0}, {'address': '994Gi3gWBWPHjxAqH4j43dbrSvnEDGP2erLGYHnjkXMR', 'verified': 0, 'share': 100}]",800,CarmCfxitYE9RdxFY2rLJfr1n9EYKFNDJRb8N9zWPEaX,"[{'trait_type': 'Roof', 'value': 'Capped Roof'}, {'trait_type': 'Trait 2', 'value': 'Dive Bar Sign'}, {'trait_type': 'Trait 1', 'value': 'Driftwood Roof'}, {'trait_type': 'Base', 'value': 'Fine Scrap House'}, {'trait_type': 'Door', 'value': 'Hatch'}, {'trait_type': 'Background', 'value': 'Shill City Ghetto'}]","{'files': [{'type': 'image/png', 'uri': 'https://arweave.net/OxynthrmfgD13XGdOhBszoO3nOOlPgpTnQS2JeVfGU0'}], 'category': 'image', 'creators': [{'share': 100, 'address': '994Gi3gWBWPHjxAqH4j43dbrSvnEDGP2erLGYHnjkXMR'}]}",1,4MpjH3ZyU4Hgvds848ApPQXWLRpoVQ3W92EPzpgQexe7,1,{},False,"{'auctionHouseKey': 'E8cU1WiRWjanGxmn96ewBgk9vPTcL6AEZ1t6F6fkgUWe', 'sellerReferral': 'autMW8SgBkVYeBgqYiTuJZnkvDZMVU2MHJh9Jh7CSQ2', 'expiry': -1}",{'moonrank': {'rank': 2191}}
17,DTzWWSKy4EUnPZdXqqv8DuDcGt3R5XN5qyt7mTPKtZDH,9.93,EkjFT9hchv2YDbCW4dY5FP7ztTETnddqU5LXaCSSKdQ8,5x8MfNiy32uaMrcz2fkcTQWeZFqqMYnPUuGsBPgDRZyG,sea_shanties,Sea Shanties,https://arweave.net/KStBnm5l7TwnNTeEfPCX3z3ZLxM7OXcUr-1WmD7Noz4,Sea Shanties #2515,The first Underwater Metaverse on the Solana Blockchain,image,"[{'address': '6CjUgT4zYdjEnXeL2YRxBr8BE1Na5nUZBt1WLxE3T9nB', 'verified': 1, 'share': 0}, {'address': '994Gi3gWBWPHjxAqH4j43dbrSvnEDGP2erLGYHnjkXMR', 'verified': 0, 'share': 100}]",800,4c2ABqSJQuq9CuUbZN7eTGMLoMdk63jmRvYjYGDJjS1B,"[{'trait_type': 'Base', 'value': 'Fine Scrap House'}, {'trait_type': 'Trait 1', 'value': 'Turtle Shell Roof'}, {'trait_type': 'Door', 'value': 'Green'}, {'trait_type': 'Background', 'value': 'Shill City Ghetto'}, {'trait_type': 'Trait 2', 'value': 'None'}, {'trait_type': 'Roof', 'value': 'Pot Lid'}]","{'files': [{'type': 'image/png', 'uri': 'https://arweave.net/KStBnm5l7TwnNTeEfPCX3z3ZLxM7OXcUr-1WmD7Noz4'}], 'category': 'image', 'creators': [{'share': 100, 'address': '994Gi3gWBWPHjxAqH4j43dbrSvnEDGP2erLGYHnjkXMR'}]}",1,4MpjH3ZyU4Hgvds848ApPQXWLRpoVQ3W92EPzpgQexe7,1,{},False,"{'auctionHouseKey': 'E8cU1WiRWjanGxmn96ewBgk9vPTcL6AEZ1t6F6fkgUWe', 'sellerReferral': 'autMW8SgBkVYeBgqYiTuJZnkvDZMVU2MHJh9Jh7CSQ2', 'expiry': -1}",{'moonrank': {'rank': 2657}}
18,gjboUe7VZZRHAwMb6zZvWghrZSt16objouSkbyZdWe3,10.0,3BCxu5UsZBYmSiYzKFyVQCPVrfoB6wf39NhbobjGcYc1,4H7k6Y3nRq7mpRAMwLBK7ZxMt5m31UDaRd6U3rGEyCUT,sea_shanties,Sea Shanties,https://arweave.net/gGf1R4eiB--QZeraDxJXkf7iyy3ans7SvJah9nQEd-g,Sea Shanties #2936,The first Underwater Metaverse on the Solana Blockchain,image,"[{'address': '6CjUgT4zYdjEnXeL2YRxBr8BE1Na5nUZBt1WLxE3T9nB', 'verified': 1, 'share': 0}, {'address': '994Gi3gWBWPHjxAqH4j43dbrSvnEDGP2erLGYHnjkXMR', 'verified': 0, 'share': 100}]",800,ygjsj29USt4KRAYXQB2wj15rnY2Dj9CfJ7PCfCTgTHW,"[{'trait_type': 'Chest Trait 3', 'value': 'Green Window'}, {'trait_type': 'Background', 'value': 'Shill City Metro'}, {'trait_type': 'Door', 'value': 'Hatch'}, {'trait_type': 'Chest Trait 1', 'value': 'Saloon'}, {'trait_type': 'Roof', 'value': 'Telescope'}, {'trait_type': 'Chest Trait 2', 'value': 'Green Window'}, {'trait_type': 'Base', 'value': 'Chest'}]","{'files': [{'type': 'image/png', 'uri': 'https://arweave.net/gGf1R4eiB--QZeraDxJXkf7iyy3ans7SvJah9nQEd-g'}], 'category': 'image', 'creators': [{'share': 100, 'address': '994Gi3gWBWPHjxAqH4j43dbrSvnEDGP2erLGYHnjkXMR'}]}",1,4MpjH3ZyU4Hgvds848ApPQXWLRpoVQ3W92EPzpgQexe7,1,{},False,"{'auctionHouseKey': 'E8cU1WiRWjanGxmn96ewBgk9vPTcL6AEZ1t6F6fkgUWe', 'sellerReferral': 'autMW8SgBkVYeBgqYiTuJZnkvDZMVU2MHJh9Jh7CSQ2', 'expiry': -1}",{'moonrank': {'rank': 728}}
19,B6UoabMa7SogLZ1VfyfUczLVrBFRGks8XE8hRfeXK9xC,10.0,3Bdh6W45ALmGvDdkWeiXK6pSp4zJQgosZf4wAWHqzhqg,RizX3SGkPk2W66KdPu6UAatcRNb3Uob2qEd2SDCsAbZ,sea_shanties,Sea Shanties,https://arweave.net/aimNvKLXKvZ_eocN8HDZZi-n_XozlFkZHDY2qJ_feUQ,Sea Shanties #229,The first Underwater Metaverse on the Solana Blockchain,image,"[{'address': '6CjUgT4zYdjEnXeL2YRxBr8BE1Na5nUZBt1WLxE3T9nB', 'verified': 1, 'share': 0}, {'address': '994Gi3gWBWPHjxAqH4j43dbrSvnEDGP2erLGYHnjkXMR', 'verified': 0, 'share': 100}]",800,Gkt1Br4BtZeF73EygxbxL4sheYmhVrXxgdXXFZ8s6pUV,"[{'trait_type': 'Base', 'value': 'Fine Bucket'}, {'trait_type': 'Background ', 'value': 'Outskirts'}, {'trait_type': 'Trait 2', 'value': 'Glowing Window'}, {'trait_type': 'Door', 'value': 'Hatch'}, {'trait_type': 'Roof', 'value': 'Steel Chimney'}, {'trait_type': 'Trait 1', 'value': 'None'}, {'trait_type': 'Trait 3', 'value': 'Green Window'}]","{'files': [{'type': 'image/png', 'uri': 'https://arweave.net/aimNvKLXKvZ_eocN8HDZZi-n_XozlFkZHDY2qJ_feUQ'}], 'category': 'image', 'creators': [{'share': 100, 'address': '994Gi3gWBWPHjxAqH4j43dbrSvnEDGP2erLGYHnjkXMR'}]}",1,4MpjH3ZyU4Hgvds848ApPQXWLRpoVQ3W92EPzpgQexe7,1,{},False,"{'auctionHouseKey': 'E8cU1WiRWjanGxmn96ewBgk9vPTcL6AEZ1t6F6fkgUWe', 'sellerReferral': 'autMW8SgBkVYeBgqYiTuJZnkvDZMVU2MHJh9Jh7CSQ2', 'expiry': -1}",{'moonrank': {'rank': 1571}}
20,9yQErnrvE54JC2ZVkWdZgJJEEoje9Mxu7uzPa9rk6xw6,10.2,EUqkAKjvSXufj6BjCyqRhxarF8WzLcXTetBYQjadUr2M,51NFy2TPGcaScnRs6VXNpYzWQyrSU4EzVQSq5Q1thzpb,sea_shanties,Sea Shanties,https://arweave.net/V2QaO-HLhI9eOvAfs6x2VQ3P9kjF9X79jcyIM4UKDJc,Sea Shanties #499,The first Underwater Metaverse on the Solana Blockchain,image,"[{'address': '6CjUgT4zYdjEnXeL2YRxBr8BE1Na5nUZBt1WLxE3T9nB', 'verified': 1, 'share': 0}, {'address': '994Gi3gWBWPHjxAqH4j43dbrSvnEDGP2erLGYHnjkXMR', 'verified': 0, 'share': 100}]",800,8dEYQdgU3yZA8aCBvU1X7deFhn4eMVf3k8HNXSqPK8sg,"[{'trait_type': 'Door', 'value': 'Swinging Doors'}, {'trait_type': 'Roof', 'value': 'Pest'}, {'trait_type': 'Trait 2', 'value': 'None'}, {'trait_type': 'Base', 'value': 'Trap House'}, {'trait_type': 'Background ', 'value': 'Go to Shill City'}, {'trait_type': 'Trait 1', 'value': 'Amethyst Window'}]","{'files': [{'type': 'image/png', 'uri': 'https://arweave.net/V2QaO-HLhI9eOvAfs6x2VQ3P9kjF9X79jcyIM4UKDJc'}], 'category': 'image', 'creators': [{'share': 100, 'address': '994Gi3gWBWPHjxAqH4j43dbrSvnEDGP2erLGYHnjkXMR'}]}",1,4MpjH3ZyU4Hgvds848ApPQXWLRpoVQ3W92EPzpgQexe7,1,{},False,"{'auctionHouseKey': 'E8cU1WiRWjanGxmn96ewBgk9vPTcL6AEZ1t6F6fkgUWe', 'sellerReferral': 'autMW8SgBkVYeBgqYiTuJZnkvDZMVU2MHJh9Jh7CSQ2', 'expiry': -1}",{'moonrank': {'rank': 2392}}
21,7qTVf6HqWMzhRTq6qT5FtU8sMtn3tZqvDEddXF6Bs7Em,10.2,Hc7V5YLwAu1gNZjcpyJGMW6gURqUezMvZNsPDqnBDCSu,51NFy2TPGcaScnRs6VXNpYzWQyrSU4EzVQSq5Q1thzpb,sea_shanties,Sea Shanties,https://arweave.net/auot2g9kWIvND5VTK-pACUefTgLImiUpgrobMjeGB8c,Sea Shanties #453,The first Underwater Metaverse on the Solana Blockchain,image,"[{'address': '6CjUgT4zYdjEnXeL2YRxBr8BE1Na5nUZBt1WLxE3T9nB', 'verified': 1, 'share': 0}, {'address': '994Gi3gWBWPHjxAqH4j43dbrSvnEDGP2erLGYHnjkXMR', 'verified': 0, 'share': 100}]",800,9qiNCDnpDyL7RocAkBHV4zn4eFa3sWvKcG9hpH9zvTtb,"[{'trait_type': 'Trait 2', 'value': 'None'}, {'trait_type': 'Trait 1', 'value': 'Barred Window'}, {'trait_type': 'Door', 'value': 'Open'}, {'trait_type': 'Roof', 'value': 'None'}, {'trait_type': 'Background ', 'value': 'Outskirts'}, {'trait_type': 'Base', 'value': 'Reinforced Trap House'}]","{'files': [{'type': 'image/png', 'uri': 'https://arweave.net/auot2g9kWIvND5VTK-pACUefTgLImiUpgrobMjeGB8c'}], 'category': 'image', 'creators': [{'share': 100, 'address': '994Gi3gWBWPHjxAqH4j43dbrSvnEDGP2erLGYHnjkXMR'}]}",1,4MpjH3ZyU4Hgvds848ApPQXWLRpoVQ3W92EPzpgQexe7,1,{},False,"{'auctionHouseKey': 'E8cU1WiRWjanGxmn96ewBgk9vPTcL6AEZ1t6F6fkgUWe', 'sellerReferral': 'autMW8SgBkVYeBgqYiTuJZnkvDZMVU2MHJh9Jh7CSQ2', 'expiry': -1}",{'moonrank': {'rank': 3243}}
22,d1wq3PXXmPai4nbeSrEaCujM2skZyaMjd8JAm4fqeiX,10.2,3bRm4bmDLPUN9pUuMDfiapcFCksjsgLazwkkxtHfDJLZ,51NFy2TPGcaScnRs6VXNpYzWQyrSU4EzVQSq5Q1thzpb,sea_shanties,Sea Shanties,https://arweave.net/MnF_soeq8Ar5Hk3wn9N_Z3tsic6x83DiPcG8CPV9uqM,Sea Shanties #44,The first Underwater Metaverse on the Solana Blockchain,image,"[{'address': '6CjUgT4zYdjEnXeL2YRxBr8BE1Na5nUZBt1WLxE3T9nB', 'verified': 1, 'share': 0}, {'address': '994Gi3gWBWPHjxAqH4j43dbrSvnEDGP2erLGYHnjkXMR', 'verified': 0, 'share': 100}]",800,HNc7gxoAXHHWuro4cZvDDW9BHYGGBzAQW4RCHtao57Jr,"[{'trait_type': 'Trait 2', 'value': 'None'}, {'trait_type': 'Base', 'value': 'Fancy Bucket'}, {'trait_type': 'Trait 3', 'value': 'None'}, {'trait_type': 'Trait 1', 'value': 'None'}, {'trait_type': 'Background ', 'value': 'Go to Shill City'}, {'trait_type': 'Roof', 'value': 'None'}, {'trait_type': 'Door', 'value': 'Watcher'}]","{'files': [{'type': 'image/png', 'uri': 'https://arweave.net/MnF_soeq8Ar5Hk3wn9N_Z3tsic6x83DiPcG8CPV9uqM'}], 'category': 'image', 'creators': [{'share': 100, 'address': '994Gi3gWBWPHjxAqH4j43dbrSvnEDGP2erLGYHnjkXMR'}]}",1,4MpjH3ZyU4Hgvds848ApPQXWLRpoVQ3W92EPzpgQexe7,1,{},False,"{'auctionHouseKey': 'E8cU1WiRWjanGxmn96ewBgk9vPTcL6AEZ1t6F6fkgUWe', 'sellerReferral': 'autMW8SgBkVYeBgqYiTuJZnkvDZMVU2MHJh9Jh7CSQ2', 'expiry': -1}",{'moonrank': {'rank': 2756}}
23,3nyJDEnitKgQBGKWJJE5zVaubU4SCETwviHnWfGxUHca,10.222,Bx9Ze38ScrAFwqFMUNqdgytP97P943yxvZGLFP7T95QZ,2g6LedDbdbywPRwRZ3qwoXJLx5PsqcrqX7spH4VHENaL,sea_shanties,Sea Shanties,https://arweave.net/wksdbpf5Ki59beueg3AGzeRMTOZmRH6epMzyXs5EX3I,Sea Shanties #222,The first Underwater Metaverse on the Solana Blockchain,image,"[{'address': '6CjUgT4zYdjEnXeL2YRxBr8BE1Na5nUZBt1WLxE3T9nB', 'verified': 1, 'share': 0}, {'address': '994Gi3gWBWPHjxAqH4j43dbrSvnEDGP2erLGYHnjkXMR', 'verified': 0, 'share': 100}]",800,76LFQTfFEbtj7c9ym9hcUVB8sLAfP8Fc4j5TY4drs1U1,"[{'trait_type': 'Roof', 'value': 'Steel Chimney'}, {'trait_type': 'Trait 3', 'value': 'Green Barred Window'}, {'trait_type': 'Base', 'value': 'Bucket'}, {'trait_type': 'Background ', 'value': 'Go to Shill City'}, {'trait_type': 'Door', 'value': 'Watcher'}, {'trait_type': 'Trait 2', 'value': 'Glowing Window'}, {'trait_type': 'Trait 1', 'value': 'Duck foot'}]","{'files': [{'type': 'image/png', 'uri': 'https://arweave.net/wksdbpf5Ki59beueg3AGzeRMTOZmRH6epMzyXs5EX3I'}], 'category': 'image', 'creators': [{'share': 100, 'address': '994Gi3gWBWPHjxAqH4j43dbrSvnEDGP2erLGYHnjkXMR'}]}",1,4MpjH3ZyU4Hgvds848ApPQXWLRpoVQ3W92EPzpgQexe7,1,{},False,"{'auctionHouseKey': 'E8cU1WiRWjanGxmn96ewBgk9vPTcL6AEZ1t6F6fkgUWe', 'sellerReferral': 'autMW8SgBkVYeBgqYiTuJZnkvDZMVU2MHJh9Jh7CSQ2', 'expiry': -1}",{'moonrank': {'rank': 446}}
24,6hiVH2tb9j9aHF61sHki1ReUJh6KixHP85CwxuUUuXni,10.5,LzeWADUtPUN5yFwNVCfUeQcpULMnAutQSJ1U71BK6vR,G7QHYERzzd2zUvpiBVQhA4okdjF4RX7rQScqAubQgjJL,sea_shanties,Sea Shanties,https://arweave.net/Tdfj9jb2C5u3e5d0eLPmyYxlMbRoImEn1ZQoFBEx5vE,Sea Shanties #522,The first Underwater Metaverse on the Solana Blockchain,image,"[{'address': '6CjUgT4zYdjEnXeL2YRxBr8BE1Na5nUZBt1WLxE3T9nB', 'verified': 1, 'share': 0}, {'address': '994Gi3gWBWPHjxAqH4j43dbrSvnEDGP2erLGYHnjkXMR', 'verified': 0, 'share': 100}]",800,EfwVZgMUSpFQyz3br5CZ7kyUFsr85rUrT6GHuEUKDPAQ,"[{'trait_type': 'Base', 'value': 'Trap House'}, {'trait_type': 'Roof', 'value': 'Telescope'}, {'trait_type': 'Trait 1', 'value': 'None'}, {'trait_type': 'Trait 2', 'value': 'Plumbing'}, {'trait_type': 'Door', 'value': 'Wood'}, {'trait_type': 'Background ', 'value': 'Go to Shill City'}]","{'files': [{'type': 'image/png', 'uri': 'https://arweave.net/Tdfj9jb2C5u3e5d0eLPmyYxlMbRoImEn1ZQoFBEx5vE'}], 'category': 'image', 'creators': [{'share': 100, 'address': '994Gi3gWBWPHjxAqH4j43dbrSvnEDGP2erLGYHnjkXMR'}]}",1,4MpjH3ZyU4Hgvds848ApPQXWLRpoVQ3W92EPzpgQexe7,1,{},False,"{'auctionHouseKey': 'E8cU1WiRWjanGxmn96ewBgk9vPTcL6AEZ1t6F6fkgUWe', 'sellerReferral': 'autMW8SgBkVYeBgqYiTuJZnkvDZMVU2MHJh9Jh7CSQ2', 'expiry': -1}",{'moonrank': {'rank': 3080}}
25,DwRxkHZ2fT6owMJgYmFfEHgFU7dTfRMttHXmus7Am86G,10.65,AHcPvey2V6j4socSGAaA36kFqNMjrhN2uCWtNFaDgJmR,EqUTcCAcnipTBrW3oqv251pJuaCqfMTX4WfHYLuEgfXx,sea_shanties,Sea Shanties,https://arweave.net/HFaWK7nCbNSh42W4W6drzcQHOUeqImBNMmNl9lHOhWk,Sea Shanties #2622,The first Underwater Metaverse on the Solana Blockchain,image,"[{'address': '6CjUgT4zYdjEnXeL2YRxBr8BE1Na5nUZBt1WLxE3T9nB', 'verified': 1, 'share': 0}, {'address': '994Gi3gWBWPHjxAqH4j43dbrSvnEDGP2erLGYHnjkXMR', 'verified': 0, 'share': 100}]",800,HW7WLEn6i2yPWH2b13vE1zMyrRaX9duqMs2HaKzmprBB,"[{'trait_type': 'Base', 'value': 'Scrap House'}, {'trait_type': 'Door', 'value': 'Steel'}, {'trait_type': 'Trait 1', 'value': 'Fancy Roof'}, {'trait_type': 'Roof', 'value': 'Balcony'}, {'trait_type': 'Background', 'value': 'Shill City Metro'}, {'trait_type': 'Trait 2', 'value': 'None'}]","{'files': [{'type': 'image/png', 'uri': 'https://arweave.net/HFaWK7nCbNSh42W4W6drzcQHOUeqImBNMmNl9lHOhWk'}], 'category': 'image', 'creators': [{'share': 100, 'address': '994Gi3gWBWPHjxAqH4j43dbrSvnEDGP2erLGYHnjkXMR'}]}",1,4MpjH3ZyU4Hgvds848ApPQXWLRpoVQ3W92EPzpgQexe7,1,{},False,"{'auctionHouseKey': 'E8cU1WiRWjanGxmn96ewBgk9vPTcL6AEZ1t6F6fkgUWe', 'sellerReferral': 'autMW8SgBkVYeBgqYiTuJZnkvDZMVU2MHJh9Jh7CSQ2', 'expiry': -1}",{'moonrank': {'rank': 3157}}
26,9S7H123DcZsVLcA7JpK3Dn9ksP3VGzLZuWqdWq3LppYW,11.0,6RgEVPp6s1rmckGgrffTr4Hb8sfXtHsQ85NyYtg5MTj3,51NFy2TPGcaScnRs6VXNpYzWQyrSU4EzVQSq5Q1thzpb,sea_shanties,Sea Shanties,https://arweave.net/gUTXH30LVsEaQckssZVcal1YAUU5FdHNzKTMiSGbSVg,Sea Shanties #2374,The first Underwater Metaverse on the Solana Blockchain,image,"[{'address': '6CjUgT4zYdjEnXeL2YRxBr8BE1Na5nUZBt1WLxE3T9nB', 'verified': 1, 'share': 0}, {'address': '994Gi3gWBWPHjxAqH4j43dbrSvnEDGP2erLGYHnjkXMR', 'verified': 0, 'share': 100}]",800,GvNkkH1eQzu4cgzs3U3zsKsUQT9hBMvytYx4u9bHPoVd,"[{'trait_type': 'Roof', 'value': 'Drainage Pipe'}, {'trait_type': 'Trait 3', 'value': 'Red Light'}, {'trait_type': 'Background', 'value': 'Shill City Ghetto'}, {'trait_type': 'Base', 'value': 'Submarine'}, {'trait_type': 'Door', 'value': 'Bubble'}, {'trait_type': 'Trait 2', 'value': 'Chimney'}, {'trait_type': 'Trait 1', 'value': 'Barred Window'}]","{'files': [{'type': 'image/png', 'uri': 'https://arweave.net/gUTXH30LVsEaQckssZVcal1YAUU5FdHNzKTMiSGbSVg'}], 'category': 'image', 'creators': [{'share': 100, 'address': '994Gi3gWBWPHjxAqH4j43dbrSvnEDGP2erLGYHnjkXMR'}]}",1,4MpjH3ZyU4Hgvds848ApPQXWLRpoVQ3W92EPzpgQexe7,1,{},False,"{'auctionHouseKey': 'E8cU1WiRWjanGxmn96ewBgk9vPTcL6AEZ1t6F6fkgUWe', 'sellerReferral': 'autMW8SgBkVYeBgqYiTuJZnkvDZMVU2MHJh9Jh7CSQ2', 'expiry': -1}",{'moonrank': {'rank': 1015}}
27,6FNxYfY7PAKmEXrz1wzyDvyNdmgy41xYhBVDvk39b4in,11.0,AR5PHUnrFPkokJj8dDCWwc5eB9e5JW3hgieTPSfthAhv,7Rd4JcAVtfTVGc2XqhrVxjvTxsd3esrN3mKd6mje6nLx,sea_shanties,Sea Shanties,https://arweave.net/8oVNrgKjQRWeeO4LVZAxmU2RzwHJI7txiJueCDakNY8,Sea Shanties #785,The first Underwater Metaverse on the Solana Blockchain,image,"[{'address': '6CjUgT4zYdjEnXeL2YRxBr8BE1Na5nUZBt1WLxE3T9nB', 'verified': 1, 'share': 0}, {'address': '994Gi3gWBWPHjxAqH4j43dbrSvnEDGP2erLGYHnjkXMR', 'verified': 0, 'share': 100}]",800,3jzxZcF3mkiJbZbbYKmLK294K9Ndajq41WuxQ2votk2d,"[{'trait_type': 'Trait 2', 'value': 'Vent'}, {'trait_type': 'Trait 1', 'value': 'Glowing Window'}, {'trait_type': 'Roof', 'value': 'Roof Vent'}, {'trait_type': 'Base', 'value': 'Toxic Waste Barrel'}, {'trait_type': 'Background ', 'value': 'Go to Shill City'}, {'trait_type': 'Door', 'value': 'Open'}]","{'files': [{'type': 'image/png', 'uri': 'https://arweave.net/8oVNrgKjQRWeeO4LVZAxmU2RzwHJI7txiJueCDakNY8'}], 'category': 'image', 'creators': [{'share': 100, 'address': '994Gi3gWBWPHjxAqH4j43dbrSvnEDGP2erLGYHnjkXMR'}]}",1,4MpjH3ZyU4Hgvds848ApPQXWLRpoVQ3W92EPzpgQexe7,1,{},False,"{'auctionHouseKey': 'E8cU1WiRWjanGxmn96ewBgk9vPTcL6AEZ1t6F6fkgUWe', 'sellerReferral': 'autMW8SgBkVYeBgqYiTuJZnkvDZMVU2MHJh9Jh7CSQ2', 'expiry': -1}",{'moonrank': {'rank': 2063}}
28,FaGBHdfDMGVXRzrU9mFVhiZYfL4ZUsS55NtSHut2U745,11.85,DMBo4KvQFCkizr7TWp4TT4cK3CdVzhjiPGTGwW8MoxF4,2g6LedDbdbywPRwRZ3qwoXJLx5PsqcrqX7spH4VHENaL,sea_shanties,Sea Shanties,https://arweave.net/KDsqoY9D9xzFDFCT9BJ_-gNKQgV1qvKdJqvCjpJNJcg,Sea Shanties #1185,The first Underwater Metaverse on the Solana Blockchain,image,"[{'address': '6CjUgT4zYdjEnXeL2YRxBr8BE1Na5nUZBt1WLxE3T9nB', 'verified': 1, 'share': 0}, {'address': '994Gi3gWBWPHjxAqH4j43dbrSvnEDGP2erLGYHnjkXMR', 'verified': 0, 'share': 100}]",800,jgHkxeXAu528bwDjaavVsXF81uxLyzkV3dtidirsqup,"[{'trait_type': 'Door', 'value': 'Open'}, {'trait_type': 'Window', 'value': 'Yellow Window'}, {'trait_type': 'Chimney', 'value': 'Scrap'}, {'trait_type': 'Background', 'value': 'The Back Wall'}, {'trait_type': 'Base', 'value': 'Coral Shroom Top'}, {'trait_type': 'Walls', 'value': 'Purple'}]","{'files': [{'type': 'image/png', 'uri': 'https://arweave.net/KDsqoY9D9xzFDFCT9BJ_-gNKQgV1qvKdJqvCjpJNJcg'}], 'category': 'image', 'creators': [{'share': '100', 'address': '994Gi3gWBWPHjxAqH4j43dbrSvnEDGP2erLGYHnjkXMR'}]}",1,4MpjH3ZyU4Hgvds848ApPQXWLRpoVQ3W92EPzpgQexe7,1,{},False,"{'auctionHouseKey': 'E8cU1WiRWjanGxmn96ewBgk9vPTcL6AEZ1t6F6fkgUWe', 'sellerReferral': 'autMW8SgBkVYeBgqYiTuJZnkvDZMVU2MHJh9Jh7CSQ2', 'expiry': -1}",{'moonrank': {'rank': 1216}}
29,613Q7dLzpJj6Z5VKty5bwiHVKt24p39DXG59TUJYsPsX,12.0,3idaCaa3K8MnJdFWoieHRjZ5pfi21RTaynGZf1SRAUGu,8pMfz7dW2FvL5XRwEmrBknDGa1Fwx7BjqbLGPAEHH9ba,sea_shanties,Sea Shanties,https://arweave.net/pwfVPnsTzQ6KWM-fSnbhR3x4N-2Dw7SDNtEBveI0WsY,Sea Shanties #1223,The first Underwater Metaverse on the Solana Blockchain,image,"[{'address': '6CjUgT4zYdjEnXeL2YRxBr8BE1Na5nUZBt1WLxE3T9nB', 'verified': 1, 'share': 0}, {'address': '994Gi3gWBWPHjxAqH4j43dbrSvnEDGP2erLGYHnjkXMR', 'verified': 0, 'share': 100}]",800,H1aVnY9iefqHPViXC9MaoLtvgSGzsSvxy9dt7WCxvrL6,"[{'trait_type': 'Background', 'value': 'City View'}, {'trait_type': 'Walls', 'value': 'Blue'}, {'trait_type': 'Window', 'value': 'Yellow Window'}, {'trait_type': 'Base', 'value': 'Coral Shroom Top'}, {'trait_type': 'Door', 'value': 'Red'}, {'trait_type': 'Chimney', 'value': 'None'}]","{'files': [{'type': 'image/png', 'uri': 'https://arweave.net/pwfVPnsTzQ6KWM-fSnbhR3x4N-2Dw7SDNtEBveI0WsY'}], 'category': 'image', 'creators': [{'share': '100', 'address': '994Gi3gWBWPHjxAqH4j43dbrSvnEDGP2erLGYHnjkXMR'}]}",1,4MpjH3ZyU4Hgvds848ApPQXWLRpoVQ3W92EPzpgQexe7,1,{},False,"{'auctionHouseKey': 'E8cU1WiRWjanGxmn96ewBgk9vPTcL6AEZ1t6F6fkgUWe', 'sellerReferral': 'autMW8SgBkVYeBgqYiTuJZnkvDZMVU2MHJh9Jh7CSQ2', 'expiry': -1}",{'moonrank': {'rank': 892}}
30,Fas8eJm91HSsguW6STG8DRjcxWUjXK8CjUzWcpyE7h8w,12.49,HgMTQwvkF5gqgdXFrjkUNcikgGxVWGzyHpR2bL1HFxEV,97wamyWhVT9D8pVkmnLiEp87WtwG8xZjzjBCQ1QhwyFX,sea_shanties,Sea Shanties,https://arweave.net/Dkyl7Oa0LXOEDr8HbHDeBq33a3z1L3h5Qp3pu10xpUk,Sea Shanties #1858,The first Underwater Metaverse on the Solana Blockchain,image,"[{'address': '6CjUgT4zYdjEnXeL2YRxBr8BE1Na5nUZBt1WLxE3T9nB', 'verified': 1, 'share': 0}, {'address': '994Gi3gWBWPHjxAqH4j43dbrSvnEDGP2erLGYHnjkXMR', 'verified': 0, 'share': 100}]",800,EM6pYu28pnqkH16NXGmNVdSWTtYhZ2dkd29NQ8zZhPQ5,"[{'trait_type': 'Door', 'value': 'Festive'}, {'trait_type': 'Background', 'value': 'City View'}, {'trait_type': 'Walls', 'value': 'Purple'}, {'trait_type': 'Base', 'value': ""The King's Crown Pineapple""}, {'trait_type': 'Chimney', 'value': 'None'}, {'trait_type': 'Window', 'value': 'Eyes'}]","{'files': [{'type': 'image/png', 'uri': 'https://arweave.net/Dkyl7Oa0LXOEDr8HbHDeBq33a3z1L3h5Qp3pu10xpUk'}], 'category': 'image', 'creators': [{'share': 100, 'address': '994Gi3gWBWPHjxAqH4j43dbrSvnEDGP2erLGYHnjkXMR'}]}",1,4MpjH3ZyU4Hgvds848ApPQXWLRpoVQ3W92EPzpgQexe7,1,{},False,"{'auctionHouseKey': 'E8cU1WiRWjanGxmn96ewBgk9vPTcL6AEZ1t6F6fkgUWe', 'sellerReferral': 'autMW8SgBkVYeBgqYiTuJZnkvDZMVU2MHJh9Jh7CSQ2', 'expiry': -1}",{'moonrank': {'rank': 613}}
31,6upvJwGzJ3ii7ssFS94bnLYwcjJYFqx724LHJFEM4vg3,12.5,DyWeA7E17csXUYcaajPvoKdSLyXtqDEcUDKH4txkQfMk,7NZsUKu6BgMkyLzM5ees7WheNF1iErCq7iBBhFAGDYED,sea_shanties,Sea Shanties,https://arweave.net/OdoQrMCkAbNog5U-JxRLmx6lttka2HlynqGPO-IYYKg,Sea Shanties #1640,The first Underwater Metaverse on the Solana Blockchain,image,"[{'address': '6CjUgT4zYdjEnXeL2YRxBr8BE1Na5nUZBt1WLxE3T9nB', 'verified': 1, 'share': 0}, {'address': '994Gi3gWBWPHjxAqH4j43dbrSvnEDGP2erLGYHnjkXMR', 'verified': 0, 'share': 100}]",800,6AsrXxWTdTUjRPTTusX7g2MguQN37scjeV6EJaZvJEdV,"[{'trait_type': 'Easter Head Base', 'value': 'Crested Slate Head'}, {'trait_type': 'Windows', 'value': 'Green'}, {'trait_type': 'Wall', 'value': 'None'}, {'trait_type': 'Door', 'value': 'Pest'}, {'trait_type': 'Background', 'value': 'City View'}, {'trait_type': 'Easter Head Nose', 'value': 'Jade Thick'}]","{'files': [{'type': 'image/png', 'uri': 'https://arweave.net/OdoQrMCkAbNog5U-JxRLmx6lttka2HlynqGPO-IYYKg'}], 'category': 'image', 'creators': [{'share': 100, 'address': '994Gi3gWBWPHjxAqH4j43dbrSvnEDGP2erLGYHnjkXMR'}]}",1,4MpjH3ZyU4Hgvds848ApPQXWLRpoVQ3W92EPzpgQexe7,1,{},False,"{'auctionHouseKey': 'E8cU1WiRWjanGxmn96ewBgk9vPTcL6AEZ1t6F6fkgUWe', 'sellerReferral': 'autMW8SgBkVYeBgqYiTuJZnkvDZMVU2MHJh9Jh7CSQ2', 'expiry': -1}",{'moonrank': {'rank': 427}}
32,BABcnAYPJBpke5k9WdL8NbE7Ut7PEUXG9s4i3LhtLLoT,12.5,EsVfBdj63qcqdp5sbJCtcqsaNy9QbxmhaY8ZSd8pzvv3,ENub2p5KGMje2LF8JStxLNFHNqpaBwhaPUArVZ3fjcgc,sea_shanties,Sea Shanties,https://arweave.net/VPq3y4B56sXboHBE6Kea2Ut5ZcwXRIMFT6mP10ZErC4,Sea Shanties #1012,The first Underwater Metaverse on the Solana Blockchain,image,"[{'address': '6CjUgT4zYdjEnXeL2YRxBr8BE1Na5nUZBt1WLxE3T9nB', 'verified': 1, 'share': 0}, {'address': '994Gi3gWBWPHjxAqH4j43dbrSvnEDGP2erLGYHnjkXMR', 'verified': 0, 'share': 100}]",800,E6KhPsGC81mJoS2VZfaBXPyBBX2aF4GYmQgVR1QnykHb,"[{'trait_type': 'Trait 1', 'value': 'Glowing Window'}, {'trait_type': 'Door', 'value': 'Hatch'}, {'trait_type': 'Roof', 'value': 'Vent'}, {'trait_type': 'Background ', 'value': 'Outskirts'}, {'trait_type': 'Base', 'value': 'Toxic Waste Site'}, {'trait_type': 'Trait 2', 'value': 'Glowing Light'}]","{'files': [{'type': 'image/png', 'uri': 'https://arweave.net/VPq3y4B56sXboHBE6Kea2Ut5ZcwXRIMFT6mP10ZErC4'}], 'category': 'image', 'creators': [{'share': 100, 'address': '994Gi3gWBWPHjxAqH4j43dbrSvnEDGP2erLGYHnjkXMR'}]}",1,4MpjH3ZyU4Hgvds848ApPQXWLRpoVQ3W92EPzpgQexe7,1,{},False,"{'auctionHouseKey': 'E8cU1WiRWjanGxmn96ewBgk9vPTcL6AEZ1t6F6fkgUWe', 'sellerReferral': 'autMW8SgBkVYeBgqYiTuJZnkvDZMVU2MHJh9Jh7CSQ2', 'expiry': -1}",{'moonrank': {'rank': 2498}}
33,DZZ8J85JM75jvAhgdPfHUWeiZSUQ2tya5BFxiDeL5nWg,13.0,7K71JgKfL134ufTDPy7nqg9D6QCKmQP6EbkLVpMDuYCK,57q5xc1SarzRBWUEaUibisZru2TvCD3fYQidYKyzCxGf,sea_shanties,Sea Shanties,https://arweave.net/i9-2yQRykdTCasP4boZUTraCQGTJamriheHm5Tddi6o,Sea Shanties #1958,The first Underwater Metaverse on the Solana Blockchain,image,"[{'address': '6CjUgT4zYdjEnXeL2YRxBr8BE1Na5nUZBt1WLxE3T9nB', 'verified': 1, 'share': 0}, {'address': '994Gi3gWBWPHjxAqH4j43dbrSvnEDGP2erLGYHnjkXMR', 'verified': 0, 'share': 100}]",800,5St5gACC5tBK3KFG3qp5aA4eLKfVvWQK7Dp11tNsfPfq,"[{'trait_type': 'Window', 'value': 'Right Eye'}, {'trait_type': 'Background', 'value': 'Long Valley Nights'}, {'trait_type': 'Door', 'value': 'Pest'}, {'trait_type': 'Base', 'value': 'Bare Pineapple'}, {'trait_type': 'Chimney', 'value': 'Steel'}, {'trait_type': 'Walls', 'value': 'Purple'}]","{'files': [{'type': 'image/png', 'uri': 'https://arweave.net/i9-2yQRykdTCasP4boZUTraCQGTJamriheHm5Tddi6o'}], 'category': 'image', 'creators': [{'share': 100, 'address': '994Gi3gWBWPHjxAqH4j43dbrSvnEDGP2erLGYHnjkXMR'}]}",1,4MpjH3ZyU4Hgvds848ApPQXWLRpoVQ3W92EPzpgQexe7,1,{},False,"{'auctionHouseKey': 'E8cU1WiRWjanGxmn96ewBgk9vPTcL6AEZ1t6F6fkgUWe', 'sellerReferral': 'autMW8SgBkVYeBgqYiTuJZnkvDZMVU2MHJh9Jh7CSQ2', 'expiry': -1}",{'moonrank': {'rank': 1807}}
34,2UxgdhyNzWJ9swgeVBnVgYYXyUcEsWxKypmdLP2GJTe8,13.5,4p5VqDFqufopRxGibGALi6nPC2JbchHD24d5cdXAx8gg,4H7k6Y3nRq7mpRAMwLBK7ZxMt5m31UDaRd6U3rGEyCUT,sea_shanties,Sea Shanties,https://arweave.net/SC0RKCUqYgGHyi0T4BsCmnFEBoV1ssh2i3gwUYAR7e4,Sea Shanties #1505,The first Underwater Metaverse on the Solana Blockchain,image,"[{'address': '6CjUgT4zYdjEnXeL2YRxBr8BE1Na5nUZBt1WLxE3T9nB', 'verified': 1, 'share': 0}, {'address': '994Gi3gWBWPHjxAqH4j43dbrSvnEDGP2erLGYHnjkXMR', 'verified': 0, 'share': 100}]",800,GNndkRirJTpW52BSByXBs5tJRZSMYLZdtKfF9vzZAnmr,"[{'trait_type': 'Easter Head Nose', 'value': 'Jade'}, {'trait_type': 'Easter Head Base', 'value': 'Crested Jade'}, {'trait_type': 'Wall', 'value': 'Purple'}, {'trait_type': 'Door', 'value': 'Red Door'}, {'trait_type': 'Background', 'value': 'City View'}, {'trait_type': 'Windows', 'value': 'Red'}]","{'files': [{'type': 'image/png', 'uri': 'https://arweave.net/SC0RKCUqYgGHyi0T4BsCmnFEBoV1ssh2i3gwUYAR7e4'}], 'category': 'image', 'creators': [{'share': 100, 'address': '994Gi3gWBWPHjxAqH4j43dbrSvnEDGP2erLGYHnjkXMR'}]}",1,4MpjH3ZyU4Hgvds848ApPQXWLRpoVQ3W92EPzpgQexe7,1,{},False,"{'auctionHouseKey': 'E8cU1WiRWjanGxmn96ewBgk9vPTcL6AEZ1t6F6fkgUWe', 'sellerReferral': 'autMW8SgBkVYeBgqYiTuJZnkvDZMVU2MHJh9Jh7CSQ2', 'expiry': -1}",{'moonrank': {'rank': 239}}
35,tbMPRcJKqhxsrjnxp2obh8AR2LRGqYno5veosfecpKZ,13.9,HAfwWSkz1cStk84kkC1yxjnPCoc1ZQMzsLjrc6Ud7kE8,oDkTq9H95J1YUvX3orRac2yxGmysRhDDVX4nxTDxkJL,sea_shanties,Sea Shanties,https://arweave.net/IF2CvPG_TPy72SE7s3wrfkFyZRBLCZQcnOW0mVHealU,Sea Shanties #1770,The first Underwater Metaverse on the Solana Blockchain,image,"[{'address': '6CjUgT4zYdjEnXeL2YRxBr8BE1Na5nUZBt1WLxE3T9nB', 'verified': 1, 'share': 0}, {'address': '994Gi3gWBWPHjxAqH4j43dbrSvnEDGP2erLGYHnjkXMR', 'verified': 0, 'share': 100}]",800,3uQHbyR5wh5fC64j3oYqCdbfEW9qvKHBot93KUbGcNMZ,"[{'trait_type': 'Windows', 'value': 'Red'}, {'trait_type': 'Background', 'value': 'City View'}, {'trait_type': 'Easter Head Base', 'value': 'Crested Jade'}, {'trait_type': 'Door', 'value': 'Red Door'}, {'trait_type': 'Easter Head Nose', 'value': 'Slate'}, {'trait_type': 'Wall', 'value': 'None'}]","{'files': [{'type': 'image/png', 'uri': 'https://arweave.net/IF2CvPG_TPy72SE7s3wrfkFyZRBLCZQcnOW0mVHealU'}], 'category': 'image', 'creators': [{'share': 100, 'address': '994Gi3gWBWPHjxAqH4j43dbrSvnEDGP2erLGYHnjkXMR'}]}",1,4MpjH3ZyU4Hgvds848ApPQXWLRpoVQ3W92EPzpgQexe7,1,{},False,"{'auctionHouseKey': 'E8cU1WiRWjanGxmn96ewBgk9vPTcL6AEZ1t6F6fkgUWe', 'sellerReferral': 'autMW8SgBkVYeBgqYiTuJZnkvDZMVU2MHJh9Jh7CSQ2', 'expiry': -1}",{'moonrank': {'rank': 261}}
36,9gktYLdsw1xEBSHZqMzkJaQzZj4qpUFf6ed5yHnSgYPG,16.85,8StX9XcByKPpnatujSFvYmRxeenTJ7hpPxBcPYyMV9CP,HQMAgMzHpp8Xr2HtygzUPLdfnuL5ZQxFQP3J1jmcChqV,sea_shanties,Sea Shanties,https://arweave.net/8ejf2dCilKQSFuz3n3KqzL6ECMl0jREyU_9wjklbINg,Sea Shanties #3257,The first Underwater Metaverse on the Solana Blockchain,image,"[{'address': 'Dc3hBwXPkhpzbGTs28k2FrgrTndE7GsHpBkWrdSMhLX5', 'verified': 1, 'share': 0}, {'address': '994Gi3gWBWPHjxAqH4j43dbrSvnEDGP2erLGYHnjkXMR', 'verified': 0, 'share': 100}]",800,Eu2M6W5UL9ne2S2T3WJqXFujP4A7ajqUiLp9F4Nnn867,"[{'trait_type': 'Background', 'value': 'The Back Wall'}, {'trait_type': 'Base', 'value': 'Coral Bare'}, {'trait_type': 'Chimney', 'value': 'Scrap'}, {'trait_type': 'Window', 'value': 'Blue Invader'}, {'trait_type': 'Walls', 'value': 'None'}, {'trait_type': 'Door', 'value': 'Wood'}]","{'files': [{'type': 'image/png', 'uri': 'https://arweave.net/8ejf2dCilKQSFuz3n3KqzL6ECMl0jREyU_9wjklbINg'}], 'category': 'image', 'creators': [{'share': '100', 'address': '994Gi3gWBWPHjxAqH4j43dbrSvnEDGP2erLGYHnjkXMR'}]}",1,4MpjH3ZyU4Hgvds848ApPQXWLRpoVQ3W92EPzpgQexe7,1,{},False,"{'auctionHouseKey': 'E8cU1WiRWjanGxmn96ewBgk9vPTcL6AEZ1t6F6fkgUWe', 'sellerReferral': 'autMW8SgBkVYeBgqYiTuJZnkvDZMVU2MHJh9Jh7CSQ2', 'expiry': -1}",{'moonrank': {'rank': 1027}}
37,1mJeSwX7s8YjGLc6X6oR5dsPmQYuMcGC5nDaUyPfMkf,17.0,6gdDcqFn6ytunWD7xuoFji2k4hyFmg9H5ktR1tfZhKp1,4uY3rRxMeNADwHAHLLUJC8Gy3Y9BxC6kpcKqMEVP1RUn,sea_shanties,Sea Shanties,https://arweave.net/1jNYT8PWCEuzf4A3T1Y6rmDqkbpRXbbuQ1U-lQ9wNoE,Sea Shanties #1469,The first Underwater Metaverse on the Solana Blockchain,image,"[{'address': '6CjUgT4zYdjEnXeL2YRxBr8BE1Na5nUZBt1WLxE3T9nB', 'verified': 1, 'share': 0}, {'address': '994Gi3gWBWPHjxAqH4j43dbrSvnEDGP2erLGYHnjkXMR', 'verified': 0, 'share': 100}]",800,2oigdZKredz4YPLdipHNEd2hW6GANG6Nmi8v1C9nPqtZ,"[{'trait_type': 'Wall', 'value': 'None'}, {'trait_type': 'Easter Head Nose', 'value': 'Topaz'}, {'trait_type': 'Easter Head Base', 'value': 'Crested Jade'}, {'trait_type': 'Windows', 'value': 'Purple'}, {'trait_type': 'Door', 'value': 'Open Red Door'}, {'trait_type': 'Background', 'value': 'The Back Wall'}]","{'files': [{'type': 'image/png', 'uri': 'https://arweave.net/1jNYT8PWCEuzf4A3T1Y6rmDqkbpRXbbuQ1U-lQ9wNoE'}], 'category': 'image', 'creators': [{'share': 100, 'address': '994Gi3gWBWPHjxAqH4j43dbrSvnEDGP2erLGYHnjkXMR'}]}",1,4MpjH3ZyU4Hgvds848ApPQXWLRpoVQ3W92EPzpgQexe7,1,{},False,"{'auctionHouseKey': 'E8cU1WiRWjanGxmn96ewBgk9vPTcL6AEZ1t6F6fkgUWe', 'sellerReferral': 'autMW8SgBkVYeBgqYiTuJZnkvDZMVU2MHJh9Jh7CSQ2', 'expiry': -1}",{'moonrank': {'rank': 139}}
38,9Yzy5L8VFh2oFWv8iHV8hndteS1RJBHfWCyu1hRLf1jb,19.0,3AKb6PPwhWgdUfCRwSygTFFeZmukxPuQiHrzx8Ppcyzp,8U4iqM68bYtt17nUii98LfB7Y7Hot4v6VTpfGuAtzXSp,sea_shanties,Sea Shanties,https://arweave.net/ZwVbOUSM_5N1Pslgl1KVdJh-Z4JtOlHumhG4oJDQRYk,Sea Shanties #1930,The first Underwater Metaverse on the Solana Blockchain,image,"[{'address': '6CjUgT4zYdjEnXeL2YRxBr8BE1Na5nUZBt1WLxE3T9nB', 'verified': 1, 'share': 0}, {'address': '994Gi3gWBWPHjxAqH4j43dbrSvnEDGP2erLGYHnjkXMR', 'verified': 0, 'share': 100}]",800,BJF28rmQNavc1M4zxYM9cjHNjs3JmZWqXb5ypdxy3Dbt,"[{'trait_type': 'Background', 'value': 'City View'}, {'trait_type': 'Door', 'value': 'Pest'}, {'trait_type': 'Base', 'value': 'Bare Pineapple'}, {'trait_type': 'Chimney', 'value': 'Rust'}, {'trait_type': 'Walls', 'value': 'Purple'}, {'trait_type': 'Window', 'value': 'Eyes'}]","{'files': [{'type': 'image/png', 'uri': 'https://arweave.net/ZwVbOUSM_5N1Pslgl1KVdJh-Z4JtOlHumhG4oJDQRYk'}], 'category': 'image', 'creators': [{'share': 100, 'address': '994Gi3gWBWPHjxAqH4j43dbrSvnEDGP2erLGYHnjkXMR'}]}",1,4MpjH3ZyU4Hgvds848ApPQXWLRpoVQ3W92EPzpgQexe7,1,{},False,"{'auctionHouseKey': 'E8cU1WiRWjanGxmn96ewBgk9vPTcL6AEZ1t6F6fkgUWe', 'sellerReferral': 'autMW8SgBkVYeBgqYiTuJZnkvDZMVU2MHJh9Jh7CSQ2', 'expiry': -1}",{'moonrank': {'rank': 1386}}
39,4EZdkW87kiMrWbFCi2poJZJpZSF53VYiY3Tbrgqb7kSe,19.0,7z7fLgKrDrmsjCXxGa7NzmUEbF5b5JDZRRZLBnByHSwY,6Qy1PoH5J5MxrHrApF8RK2vMrLdrDL5r9Z2NUyxVQFet,sea_shanties,Sea Shanties,https://arweave.net/2LQG82td3WFtEb5t9VCSqpZMlNdn7Unk-YlfOd9_el0,Sea Shanties #3333,The first Underwater Metaverse on the Solana Blockchain,image,"[{'address': 'Dc3hBwXPkhpzbGTs28k2FrgrTndE7GsHpBkWrdSMhLX5', 'verified': 1, 'share': 0}, {'address': '994Gi3gWBWPHjxAqH4j43dbrSvnEDGP2erLGYHnjkXMR', 'verified': 0, 'share': 100}]",800,H1NtCaUGGFiiwKfW2HoejaEAiSNsiWW8ecF5LcjhNcVW,"[{'trait_type': 'Door', 'value': 'Wooden'}, {'trait_type': 'Trait 2', 'value': 'Glowing Light'}, {'trait_type': 'Roof', 'value': 'Scrap Chimney'}, {'trait_type': 'Trait 1', 'value': 'Vent'}, {'trait_type': 'Background ', 'value': 'Go to Shill City'}, {'trait_type': 'Base', 'value': 'Toxic Waste Site'}]","{'files': [{'type': 'image/png', 'uri': 'https://arweave.net/2LQG82td3WFtEb5t9VCSqpZMlNdn7Unk-YlfOd9_el0'}], 'category': 'image', 'creators': [{'share': 100, 'address': '994Gi3gWBWPHjxAqH4j43dbrSvnEDGP2erLGYHnjkXMR'}]}",1,4MpjH3ZyU4Hgvds848ApPQXWLRpoVQ3W92EPzpgQexe7,1,{},False,,{'moonrank': {'rank': 2017}}
40,5YFwMf6z7bynq65BsoLT6cXue6dPYRaQVExNjuZqtFeL,19.3,3ojvqMtgDCPrF5MtzujByEocoEhkHbCHQzLmihgZht9m,E8MEEBBvQzCoDkVRCfGRKtsrrb9R4WYqv3rB2emR8zbj,sea_shanties,Sea Shanties,https://arweave.net/dfSftlZY3LZsWp2I-95od2ihMWWKTnNbCgzjdaiwm4o,Sea Shanties #1424,The first Underwater Metaverse on the Solana Blockchain,image,"[{'address': '6CjUgT4zYdjEnXeL2YRxBr8BE1Na5nUZBt1WLxE3T9nB', 'verified': 1, 'share': 0}, {'address': '994Gi3gWBWPHjxAqH4j43dbrSvnEDGP2erLGYHnjkXMR', 'verified': 0, 'share': 100}]",800,JARAQRMjyfV3YfrZnL216ZfdZShLxhkixi9pW6n7aJME,"[{'trait_type': 'Wall', 'value': 'Purple'}, {'trait_type': 'Background', 'value': 'City View'}, {'trait_type': 'Easter Head Nose', 'value': 'Volcanic'}, {'trait_type': 'Windows', 'value': 'Green'}, {'trait_type': 'Easter Head Base', 'value': 'Crested Jade'}, {'trait_type': 'Door', 'value': 'Open Blue Door'}]","{'files': [{'type': 'image/png', 'uri': 'https://arweave.net/dfSftlZY3LZsWp2I-95od2ihMWWKTnNbCgzjdaiwm4o'}], 'category': 'image', 'creators': [{'share': 100, 'address': '994Gi3gWBWPHjxAqH4j43dbrSvnEDGP2erLGYHnjkXMR'}]}",1,4MpjH3ZyU4Hgvds848ApPQXWLRpoVQ3W92EPzpgQexe7,1,{},False,"{'auctionHouseKey': 'E8cU1WiRWjanGxmn96ewBgk9vPTcL6AEZ1t6F6fkgUWe', 'sellerReferral': 'autMW8SgBkVYeBgqYiTuJZnkvDZMVU2MHJh9Jh7CSQ2', 'expiry': -1}",{'moonrank': {'rank': 160}}
41,H5g5duvzaDx77xWsJLJN8v1CSLMn4YgxB2p1ma2aLxoF,20.0,8BvwV8JCZiREL59Aa7zHyN9s2Pw5ViLQHAWTSCrTH4m1,3QRJSt2n2nfuegTgkXKJ6iKgHCtQKTj7f3po5z26xqsk,sea_shanties,Sea Shanties,https://arweave.net/drejrt4DBTXpFzZAehQNyQeuI7QE8Y2SZ2p6KJmUnFA,Sea Shanties #926,The first Underwater Metaverse on the Solana Blockchain,image,"[{'address': '6CjUgT4zYdjEnXeL2YRxBr8BE1Na5nUZBt1WLxE3T9nB', 'verified': 1, 'share': 0}, {'address': '994Gi3gWBWPHjxAqH4j43dbrSvnEDGP2erLGYHnjkXMR', 'verified': 0, 'share': 100}]",800,38Jr4C3wvNRkpkwnP3twqQaQ91bTgt8JsA19QH25S4iM,"[{'trait_type': 'Trait 1', 'value': 'None'}, {'trait_type': 'Background ', 'value': 'Outskirts'}, {'trait_type': 'Roof', 'value': 'None'}, {'trait_type': 'Trait 2', 'value': 'Glowing Light'}, {'trait_type': 'Door', 'value': 'Wooden'}, {'trait_type': 'Base', 'value': 'Crushed Toxic Waste Barrel'}]","{'files': [{'type': 'image/png', 'uri': 'https://arweave.net/drejrt4DBTXpFzZAehQNyQeuI7QE8Y2SZ2p6KJmUnFA'}], 'category': 'image', 'creators': [{'share': 100, 'address': '994Gi3gWBWPHjxAqH4j43dbrSvnEDGP2erLGYHnjkXMR'}]}",1,4MpjH3ZyU4Hgvds848ApPQXWLRpoVQ3W92EPzpgQexe7,1,{},False,"{'auctionHouseKey': 'E8cU1WiRWjanGxmn96ewBgk9vPTcL6AEZ1t6F6fkgUWe', 'sellerReferral': 'autMW8SgBkVYeBgqYiTuJZnkvDZMVU2MHJh9Jh7CSQ2', 'expiry': -1}",{'moonrank': {'rank': 3172}}
42,AddciMDAvuyXnSM18wAXzGDMo3GAfYRBsMNzVUTydeX2,20.0,J7CC88A9W5x4hbytmcGPjre87K7g3jnLCcruFUacq2dK,95ptU8VX5EayedS15cbEyEbeFdgu4Bf6rf7XXQKBtchz,sea_shanties,Sea Shanties,https://arweave.net/L1Sxer2xNJRGtg9oejNozYUnfkD_dyGGaUszR0jFdhc,Sea Shanties #746,The first Underwater Metaverse on the Solana Blockchain,image,"[{'address': '6CjUgT4zYdjEnXeL2YRxBr8BE1Na5nUZBt1WLxE3T9nB', 'verified': 1, 'share': 0}, {'address': '994Gi3gWBWPHjxAqH4j43dbrSvnEDGP2erLGYHnjkXMR', 'verified': 0, 'share': 100}]",800,D3VRjwsFH5v3hY2TGCnMg16jZAhqeiQAvTYAqqubDAo5,"[{'trait_type': 'Roof', 'value': 'Scrap Chimney'}, {'trait_type': 'Trait 1', 'value': 'Vent'}, {'trait_type': 'Base', 'value': 'Toxic Waste Barrel'}, {'trait_type': 'Trait 2', 'value': 'None'}, {'trait_type': 'Background ', 'value': 'Outskirts'}, {'trait_type': 'Door', 'value': 'Wooden'}]","{'files': [{'type': 'image/png', 'uri': 'https://arweave.net/L1Sxer2xNJRGtg9oejNozYUnfkD_dyGGaUszR0jFdhc'}], 'category': 'image', 'creators': [{'share': 100, 'address': '994Gi3gWBWPHjxAqH4j43dbrSvnEDGP2erLGYHnjkXMR'}]}",1,4MpjH3ZyU4Hgvds848ApPQXWLRpoVQ3W92EPzpgQexe7,1,{},False,,{'moonrank': {'rank': 2393}}
43,9yEkWXhGg9qWbCogGxM6KfFPHdrc9YPu6KzS4cuHobmD,20.0,6Ljji4awoeq7Bbc18QrWopM28hCR6aZSvF2PerGPoNWP,95ptU8VX5EayedS15cbEyEbeFdgu4Bf6rf7XXQKBtchz,sea_shanties,Sea Shanties,https://arweave.net/w9jfx8fR7Xj5vLyr1MBv4pJZ_o3G0EPK9mfPMNrvQNI,Sea Shanties #1981,The first Underwater Metaverse on the Solana Blockchain,image,"[{'address': '6CjUgT4zYdjEnXeL2YRxBr8BE1Na5nUZBt1WLxE3T9nB', 'verified': 1, 'share': 0}, {'address': '994Gi3gWBWPHjxAqH4j43dbrSvnEDGP2erLGYHnjkXMR', 'verified': 0, 'share': 100}]",800,9tPVxD6tgDhXWXW3QDCFmeiKQmeByQ24HMcxaH16oSV3,"[{'trait_type': 'Walls', 'value': 'None'}, {'trait_type': 'Window', 'value': 'Single Eye'}, {'trait_type': 'Door', 'value': 'Wooden'}, {'trait_type': 'Chimney', 'value': 'Steel'}, {'trait_type': 'Background', 'value': 'City View'}, {'trait_type': 'Base', 'value': 'Bare Pineapple'}]","{'files': [{'type': 'image/png', 'uri': 'https://arweave.net/w9jfx8fR7Xj5vLyr1MBv4pJZ_o3G0EPK9mfPMNrvQNI'}], 'category': 'image', 'creators': [{'share': 100, 'address': '994Gi3gWBWPHjxAqH4j43dbrSvnEDGP2erLGYHnjkXMR'}]}",1,4MpjH3ZyU4Hgvds848ApPQXWLRpoVQ3W92EPzpgQexe7,1,{},False,,{'moonrank': {'rank': 1273}}
