,id,price,escrowPubkey,owner,collectionName,collectionTitle,img,title,content,propertyCategory,creators,sellerFeeBasisPoints,mintAddress,attributes,properties,supply,updateAuthority,primarySaleHappened,onChainCollection,tokenDelegateValid,v2,rarity
0,EQkrCDJEruNWQyvn2Db97hNi38HMayCvZkEFDP4aXUcM,38.5,B3EEVS2Ctbe9FCfqVu7xHeP9WAtaSVnU1pCKan9KDrcY,Boh51TFHoJzNk1nHG3ctNmFiUNhN3Bu7N3pjWRESxtgS,taiyo_infants_incubators,Taiyo Infants/Incubators,https://arweave.net/8v1NL6aYmiwrCCdFkaaVRpG2BTVdArbnoe7PCtQVelM,TYR-Infant-0447,Taiyo infant hatched after 30 days of Incubation,image,"[{'address': 'AH3s6T27K49REsRg3jjvHP8eUpnT2jMnUhLU4RW7oxxR', 'verified': 1, 'share': 0}, {'address': 'CDgbhX61QFADQAeeYKP5BQ7nnzDyMkkR3NEhYF2ETn1k', 'verified': 0, 'share': 100}]",500,8WKTeppZdbXM6QPW2DSLCYA1eWKkFV7AkLSPfVxzQZAu,"[{'trait_type': 'Background', 'value': 'Insepushon'}, {'trait_type': 'Breastplate', 'value': 'Sureto'}, {'trait_type': 'Energy-source', 'value': 'Kame'}, {'trait_type': 'Head', 'value': 'Kyojin'}, {'trait_type': 'Shoulder', 'value': 'Subarashi'}, {'trait_type': 'Visor', 'value': 'Gurinrantan'}]","{'files': [{'uri': 'https://arweave.net/8v1NL6aYmiwrCCdFkaaVRpG2BTVdArbnoe7PCtQVelM', 'type': 'image/png'}], 'category': 'image', 'creators': [{'address': 'CDgbhX61QFADQAeeYKP5BQ7nnzDyMkkR3NEhYF2ETn1k', 'share': 100}]}",1,CDgbhX61QFADQAeeYKP5BQ7nnzDyMkkR3NEhYF2ETn1k,1,{},False,"{'auctionHouseKey': 'E8cU1WiRWjanGxmn96ewBgk9vPTcL6AEZ1t6F6fkgUWe', 'sellerReferral': 'autMW8SgBkVYeBgqYiTuJZnkvDZMVU2MHJh9Jh7CSQ2', 'expiry': -1}",{}
1,ArogheZgW7Ez7TqMv1SVVEANLgAdFUMjjqXgdb3ANjt5,38.75,B2r5wb5FA8AbWzZ8FqGrC614G4eWshTpdv237Fu3cSb8,dnxDLsoUmTYjNpTM7dmgVfhg8Q4PXroaP722zT2Jxks,taiyo_infants_incubators,Taiyo Infants/Incubators,https://arweave.net/ChqTRPhexasxpWtspHGPlZZiOOAHPNE3L76KgJbbQqc,TYR-Infant-0587,Taiyo infant hatched after 30 days of Incubation,image,"[{'address': 'AH3s6T27K49REsRg3jjvHP8eUpnT2jMnUhLU4RW7oxxR', 'verified': 1, 'share': 0}, {'address': 'CDgbhX61QFADQAeeYKP5BQ7nnzDyMkkR3NEhYF2ETn1k', 'verified': 0, 'share': 100}]",500,BCyMuCFApSabrZMqC9XQwS8eaJ4LcZ6GvcAU48nwDN2X,"[{'trait_type': 'Background', 'value': 'Zugaikotsu'}, {'trait_type': 'Breastplate', 'value': 'Erito'}, {'trait_type': 'Energy-source', 'value': 'Shi'}, {'trait_type': 'Head', 'value': 'Aoi'}, {'trait_type': 'Shoulder', 'value': 'Kenkyo'}, {'trait_type': 'Visor', 'value': 'Sekigan'}]","{'files': [{'uri': 'https://arweave.net/ChqTRPhexasxpWtspHGPlZZiOOAHPNE3L76KgJbbQqc', 'type': 'image/png'}], 'category': 'image', 'creators': [{'address': 'CDgbhX61QFADQAeeYKP5BQ7nnzDyMkkR3NEhYF2ETn1k', 'share': 100}]}",1,CDgbhX61QFADQAeeYKP5BQ7nnzDyMkkR3NEhYF2ETn1k,1,{},False,"{'auctionHouseKey': 'E8cU1WiRWjanGxmn96ewBgk9vPTcL6AEZ1t6F6fkgUWe', 'sellerReferral': 'autMW8SgBkVYeBgqYiTuJZnkvDZMVU2MHJh9Jh7CSQ2', 'expiry': -1}",{}
2,GnWTVuP6wohWc1XpamWH4bfB6a2FDDvAmD81v8pRztkB,38.9,4sW8KQuAUZQZ7CkMyVZ5h5rHjppsoEMFfR54b39pEtCf,5c5n66BQnF3TVr9AC7zMxN2krzJQoRySbvdwkuboBDXb,taiyo_infants_incubators,Taiyo Infants/Incubators,https://taiyoinfants.s3.us-east-2.amazonaws.com/images_b/incubator.gif,TYR-Incubator-0804,"An incubator that spawns an infant Taiyo after 30 days, the more rare the parents the more chance of the spawn being rare. To find out how much time the incubator will take to spawn into a infant and who the parents are please head to http://incubation.taiyorobotics.com/ and type the NFT name into the Incubator Explorer",image,"[{'address': 'AH3s6T27K49REsRg3jjvHP8eUpnT2jMnUhLU4RW7oxxR', 'verified': 1, 'share': 0}, {'address': 'CDgbhX61QFADQAeeYKP5BQ7nnzDyMkkR3NEhYF2ETn1k', 'verified': 0, 'share': 100}]",500,3CHZMNqbRttoB3SmLYLrMj9bwJUr1NDw6LjUwRYC11uX,"[{'trait_type': 'Type', 'value': 'Incubator'}]","{'files': [{'uri': 'https://taiyoinfants.s3.us-east-2.amazonaws.com/images_b/incubator.gif', 'type': 'image/gif'}], 'category': 'image', 'creators': [{'address': 'CDgbhX61QFADQAeeYKP5BQ7nnzDyMkkR3NEhYF2ETn1k', 'share': 100}]}",1,CDgbhX61QFADQAeeYKP5BQ7nnzDyMkkR3NEhYF2ETn1k,1,{},False,"{'auctionHouseKey': 'E8cU1WiRWjanGxmn96ewBgk9vPTcL6AEZ1t6F6fkgUWe', 'sellerReferral': 'autMW8SgBkVYeBgqYiTuJZnkvDZMVU2MHJh9Jh7CSQ2', 'expiry': -1}",{}
3,FMz5aF5U4wGE7UjeGSq9iyfKGRu6w4zgM3d4wC7JgyBA,39.0,G7w4t9EKjJ9n2oZ3sAuXHyhPp8RuohZbnuewtTeXSB2W,DfAra3qDA5bmgteTWxUzuFkw9ovSwKVeUhPQkaVxwPvF,taiyo_infants_incubators,Taiyo Infants/Incubators,https://arweave.net/Bk0YRhU5TZKUmwoYzEdaer_pBSNxjgueUAjj0OhW6K8,TYR-Infant-0162,Taiyo infant hatched after 30 days of Incubation,image,"[{'address': 'AH3s6T27K49REsRg3jjvHP8eUpnT2jMnUhLU4RW7oxxR', 'verified': 1, 'share': 0}, {'address': 'CDgbhX61QFADQAeeYKP5BQ7nnzDyMkkR3NEhYF2ETn1k', 'verified': 0, 'share': 100}]",500,6xBiptNnUZ92KviHQeqJF2Y1YzxLcK6cynVeBPAiywnu,"[{'trait_type': 'Background', 'value': 'Zugaikotsu'}, {'trait_type': 'Breastplate', 'value': 'Kirei'}, {'trait_type': 'Energy-source', 'value': 'Kori'}, {'trait_type': 'Head', 'value': 'Aoi'}, {'trait_type': 'Shoulder', 'value': 'Buruza'}, {'trait_type': 'Visor', 'value': 'Gurinrantan'}]","{'files': [{'uri': 'https://arweave.net/Bk0YRhU5TZKUmwoYzEdaer_pBSNxjgueUAjj0OhW6K8', 'type': 'image/png'}], 'category': 'image', 'creators': [{'address': 'CDgbhX61QFADQAeeYKP5BQ7nnzDyMkkR3NEhYF2ETn1k', 'share': 100}]}",1,CDgbhX61QFADQAeeYKP5BQ7nnzDyMkkR3NEhYF2ETn1k,1,{},False,"{'auctionHouseKey': 'E8cU1WiRWjanGxmn96ewBgk9vPTcL6AEZ1t6F6fkgUWe', 'sellerReferral': 'autMW8SgBkVYeBgqYiTuJZnkvDZMVU2MHJh9Jh7CSQ2', 'expiry': -1}",{}
4,7dozAo43ajZBzJgig7GLhdYMNb8EajaSsiNvJKrch2nK,39.98,CvzW7ned8MwkTUcPgBgB7TXYGn5tz78YQvhq7CwDqfWL,5S9Yk6GjFko24jCJ98MWjBszbRJhoqFd2vJCB1cnmn3e,taiyo_infants_incubators,Taiyo Infants/Incubators,https://arweave.net/5m9dMII7G-qmQuJTY3JBNLNCdsC1vWxe2qpKxNOCr2Q,TYR-Infant-0133,Taiyo infant hatched after 30 days of Incubation,image,"[{'address': 'AH3s6T27K49REsRg3jjvHP8eUpnT2jMnUhLU4RW7oxxR', 'verified': 1, 'share': 0}, {'address': 'CDgbhX61QFADQAeeYKP5BQ7nnzDyMkkR3NEhYF2ETn1k', 'verified': 0, 'share': 100}]",500,9783EVpRejLSG6DWrvGJjHYoDujYtgiekkwfhif3BbUL,"[{'trait_type': 'Background', 'value': 'Reizo'}, {'trait_type': 'Breastplate', 'value': 'Sureto'}, {'trait_type': 'Energy-source', 'value': 'Shi'}, {'trait_type': 'Head', 'value': 'Tomu'}, {'trait_type': 'Shoulder', 'value': 'Heitai'}, {'trait_type': 'Visor', 'value': 'Hensei-ki'}]","{'files': [{'uri': 'https://arweave.net/5m9dMII7G-qmQuJTY3JBNLNCdsC1vWxe2qpKxNOCr2Q', 'type': 'image/png'}], 'category': 'image', 'creators': [{'address': 'CDgbhX61QFADQAeeYKP5BQ7nnzDyMkkR3NEhYF2ETn1k', 'share': 100}]}",1,CDgbhX61QFADQAeeYKP5BQ7nnzDyMkkR3NEhYF2ETn1k,1,{},False,"{'auctionHouseKey': 'E8cU1WiRWjanGxmn96ewBgk9vPTcL6AEZ1t6F6fkgUWe', 'sellerReferral': 'autMW8SgBkVYeBgqYiTuJZnkvDZMVU2MHJh9Jh7CSQ2', 'expiry': -1}",{}
5,3GD2Rcr9SAk3zxM6rUqFUMFVoRkGtMwy9TEwnyf9HgcN,39.99,GrDLiJxU9mjRz2Kg6sex1HLy5MSQQ8izSwyxR9BsaxAX,Bs4fSG7Gnzi7iYkEA8Q18psztCrHPvB3QCNvbgXP67sB,taiyo_infants_incubators,Taiyo Infants/Incubators,https://arweave.net/MPuOQLjAVTO64qNuSqTulJnFEjMmnm_I8kP-SgOwIoE,TYR-Infant-0485,Taiyo infant hatched after 30 days of Incubation,image,"[{'address': 'AH3s6T27K49REsRg3jjvHP8eUpnT2jMnUhLU4RW7oxxR', 'verified': 1, 'share': 0}, {'address': 'CDgbhX61QFADQAeeYKP5BQ7nnzDyMkkR3NEhYF2ETn1k', 'verified': 0, 'share': 100}]",500,42m2xrpev8E4vrHPbmMKgEjxPGdzWjSE54iqjbu8jNBg,"[{'trait_type': 'Background', 'value': 'Konaria'}, {'trait_type': 'Breastplate', 'value': 'Nafu'}, {'trait_type': 'Energy-source', 'value': 'Itoshi Teru'}, {'trait_type': 'Head', 'value': 'Gin'}, {'trait_type': 'Shoulder', 'value': ""Yukan'na""}, {'trait_type': 'Visor', 'value': 'Hensei-ki'}]","{'files': [{'uri': 'https://arweave.net/MPuOQLjAVTO64qNuSqTulJnFEjMmnm_I8kP-SgOwIoE', 'type': 'image/png'}], 'category': 'image', 'creators': [{'address': 'CDgbhX61QFADQAeeYKP5BQ7nnzDyMkkR3NEhYF2ETn1k', 'share': 100}]}",1,CDgbhX61QFADQAeeYKP5BQ7nnzDyMkkR3NEhYF2ETn1k,1,{},False,"{'auctionHouseKey': 'E8cU1WiRWjanGxmn96ewBgk9vPTcL6AEZ1t6F6fkgUWe', 'sellerReferral': 'autMW8SgBkVYeBgqYiTuJZnkvDZMVU2MHJh9Jh7CSQ2', 'expiry': -1}",{}
6,v5DnR73NYwHRUAqWS76UBaP7ej41yDushuPe99H88dW,40.0,9rY1U5HBjdmx7WPZKRFbthoZ35ATERmFF4StmEGbgA3j,2HRkGbZzTuqvLhhKHNAHnosH1H6BuNfkWHvVkiw7rusP,taiyo_infants_incubators,Taiyo Infants/Incubators,https://taiyoinfants.s3.us-east-2.amazonaws.com/images_b/incubator.gif,TYR-Incubator-0810,"An incubator that spawns an infant Taiyo after 30 days, the more rare the parents the more chance of the spawn being rare. To find out how much time the incubator will take to spawn into a infant and who the parents are please head to http://incubation.taiyorobotics.com/ and type the NFT name into the Incubator Explorer",image,"[{'address': 'AH3s6T27K49REsRg3jjvHP8eUpnT2jMnUhLU4RW7oxxR', 'verified': 1, 'share': 0}, {'address': 'CDgbhX61QFADQAeeYKP5BQ7nnzDyMkkR3NEhYF2ETn1k', 'verified': 0, 'share': 100}]",500,3LH1Mi52LXiHMNE33EtxHvfRJXyHtyUKSjmKawCavbmC,"[{'trait_type': 'Type', 'value': 'Incubator'}]","{'files': [{'uri': 'https://taiyoinfants.s3.us-east-2.amazonaws.com/images_b/incubator.gif', 'type': 'image/gif'}], 'category': 'image', 'creators': [{'address': 'CDgbhX61QFADQAeeYKP5BQ7nnzDyMkkR3NEhYF2ETn1k', 'share': 100}]}",1,CDgbhX61QFADQAeeYKP5BQ7nnzDyMkkR3NEhYF2ETn1k,1,{},False,"{'auctionHouseKey': 'E8cU1WiRWjanGxmn96ewBgk9vPTcL6AEZ1t6F6fkgUWe', 'sellerReferral': 'autMW8SgBkVYeBgqYiTuJZnkvDZMVU2MHJh9Jh7CSQ2', 'expiry': -1}",{}
7,HuWkmHDoCEkvLe95wMz6YaEmRoaDGQiXBHArvHPZdKGF,40.0,EpYgPNkDikzUiqMEQ1q3ACn2omKnBvxY5pk2qNQkgCQD,3pg7TAWzCGB1xoRNrN9duDTLr1Art2Z2vtSmy5GWVnHc,taiyo_infants_incubators,Taiyo Infants/Incubators,https://arweave.net/A96mzqxhyQy2CcdSpXcM34mbdRCoCGZx1ell1u19E20,TYR-Infant-0165,Taiyo infant hatched after 30 days of Incubation,image,"[{'address': 'AH3s6T27K49REsRg3jjvHP8eUpnT2jMnUhLU4RW7oxxR', 'verified': 1, 'share': 0}, {'address': 'CDgbhX61QFADQAeeYKP5BQ7nnzDyMkkR3NEhYF2ETn1k', 'verified': 0, 'share': 100}]",500,4sf4h3xXM2EStgWdiFtet49fGTq9g5DtmbyqCSEYAo48,"[{'trait_type': 'Background', 'value': 'Insepushon'}, {'trait_type': 'Breastplate', 'value': 'Erito'}, {'trait_type': 'Energy-source', 'value': 'Kori'}, {'trait_type': 'Head', 'value': 'Shirei-kan'}, {'trait_type': 'Shoulder', 'value': 'Buruza'}, {'trait_type': 'Visor', 'value': 'Supaidaai'}]","{'files': [{'uri': 'https://arweave.net/A96mzqxhyQy2CcdSpXcM34mbdRCoCGZx1ell1u19E20', 'type': 'image/png'}], 'category': 'image', 'creators': [{'address': 'CDgbhX61QFADQAeeYKP5BQ7nnzDyMkkR3NEhYF2ETn1k', 'share': 100}]}",1,CDgbhX61QFADQAeeYKP5BQ7nnzDyMkkR3NEhYF2ETn1k,1,{},False,"{'auctionHouseKey': 'E8cU1WiRWjanGxmn96ewBgk9vPTcL6AEZ1t6F6fkgUWe', 'sellerReferral': 'autMW8SgBkVYeBgqYiTuJZnkvDZMVU2MHJh9Jh7CSQ2', 'expiry': -1}",{}
8,2wRKQvHrzWFkD8abDDXktGmjcjtSnU65n6Hk8UxyPpsw,40.5,3wKLkk2g5FCUkbBcwQcrruhFoL7cU5aEqdnT5jvh1EW9,HW8arkg5ibsjhBbidJYmoakSDXi94NQrjqbFK4UWrEaR,taiyo_infants_incubators,Taiyo Infants/Incubators,https://taiyoinfants.s3.us-east-2.amazonaws.com/images_b/incubator.gif,TYR-Incubator-0799,"An incubator that spawns an infant Taiyo after 30 days, the more rare the parents the more chance of the spawn being rare. To find out how much time the incubator will take to spawn into a infant and who the parents are please head to http://incubation.taiyorobotics.com/ and type the NFT name into the Incubator Explorer",image,"[{'address': 'AH3s6T27K49REsRg3jjvHP8eUpnT2jMnUhLU4RW7oxxR', 'verified': 1, 'share': 0}, {'address': 'CDgbhX61QFADQAeeYKP5BQ7nnzDyMkkR3NEhYF2ETn1k', 'verified': 0, 'share': 100}]",500,8jTgvLDqhwQJG9PQcFrsvvj4MH4Ksk8FXirH2s5RxZxX,"[{'trait_type': 'Type', 'value': 'Incubator'}]","{'files': [{'uri': 'https://taiyoinfants.s3.us-east-2.amazonaws.com/images_b/incubator.gif', 'type': 'image/gif'}], 'category': 'image', 'creators': [{'address': 'CDgbhX61QFADQAeeYKP5BQ7nnzDyMkkR3NEhYF2ETn1k', 'share': 100}]}",1,CDgbhX61QFADQAeeYKP5BQ7nnzDyMkkR3NEhYF2ETn1k,1,{},False,"{'auctionHouseKey': 'E8cU1WiRWjanGxmn96ewBgk9vPTcL6AEZ1t6F6fkgUWe', 'sellerReferral': 'autMW8SgBkVYeBgqYiTuJZnkvDZMVU2MHJh9Jh7CSQ2', 'expiry': -1}",{}
9,6NER173w7nyRufPgWMpychu39YHMJNuPsDKpo9bur4e3,41.0,GdpygV1DWx3PzVnwLn5SGpXYfEveat4HthPBKJnSbujp,CbeAvMGGr2MEuKkNiXJwNscGZDMSYpQGLmfCaUqFdNab,taiyo_infants_incubators,Taiyo Infants/Incubators,https://arweave.net/NascWOB7OV74TrhSb_ERKQ3CfcEBeYd9xKEkJWgCp4Q,TYR-Infant-0068,Taiyo infant hatched after 30 days of Incubation,image,"[{'address': 'AH3s6T27K49REsRg3jjvHP8eUpnT2jMnUhLU4RW7oxxR', 'verified': 1, 'share': 0}, {'address': 'CDgbhX61QFADQAeeYKP5BQ7nnzDyMkkR3NEhYF2ETn1k', 'verified': 0, 'share': 100}]",500,C96qmDsMwYcyMoffbeJK5FRyBsb4cWZiHqBm5RvQsk9C,"[{'trait_type': 'Background', 'value': 'Konaria'}, {'trait_type': 'Breastplate', 'value': 'Kirei'}, {'trait_type': 'Energy-source', 'value': 'Shi'}, {'trait_type': 'Head', 'value': 'Shirei-kan'}, {'trait_type': 'Shoulder', 'value': 'Kenkyo'}, {'trait_type': 'Visor', 'value': 'Sekigan'}]","{'files': [{'uri': 'https://arweave.net/NascWOB7OV74TrhSb_ERKQ3CfcEBeYd9xKEkJWgCp4Q', 'type': 'image/png'}], 'category': 'image', 'creators': [{'address': 'CDgbhX61QFADQAeeYKP5BQ7nnzDyMkkR3NEhYF2ETn1k', 'share': 100}]}",1,CDgbhX61QFADQAeeYKP5BQ7nnzDyMkkR3NEhYF2ETn1k,1,{},False,"{'auctionHouseKey': 'E8cU1WiRWjanGxmn96ewBgk9vPTcL6AEZ1t6F6fkgUWe', 'sellerReferral': 'autMW8SgBkVYeBgqYiTuJZnkvDZMVU2MHJh9Jh7CSQ2', 'expiry': -1}",{}
10,8tDUCgxALJpEk5y9AmpcV64rYtYiURrqGcZB6FXKwKaQ,42.0,G3pPU4hSkcd6EMcbgvUomeFpqPHj3posG9wTZQn2iCnH,3Fv9YppPQ8Z1p3j3vDT8TGhVqmdNnREmQsW94Wvhg8nh,taiyo_infants_incubators,Taiyo Infants/Incubators,https://arweave.net/oAWLypPRenF7tcpR2_vcR7lNZOBwM1sBxOEy4GOJq7M,TYR-Infant-0429,Taiyo infant hatched after 30 days of Incubation,image,"[{'address': 'AH3s6T27K49REsRg3jjvHP8eUpnT2jMnUhLU4RW7oxxR', 'verified': 1, 'share': 0}, {'address': 'CDgbhX61QFADQAeeYKP5BQ7nnzDyMkkR3NEhYF2ETn1k', 'verified': 0, 'share': 100}]",500,2RjUD29iPwEhcz9mp5MN2tRxyazj4b9fQ64WMpz2g7Zj,"[{'trait_type': 'Background', 'value': 'Retoro'}, {'trait_type': 'Breastplate', 'value': 'Nafu'}, {'trait_type': 'Energy-source', 'value': 'Tsuki'}, {'trait_type': 'Head', 'value': 'Kurosobon'}, {'trait_type': 'Shoulder', 'value': 'Bafu'}, {'trait_type': 'Visor', 'value': 'Supaidaai'}]","{'files': [{'uri': 'https://arweave.net/oAWLypPRenF7tcpR2_vcR7lNZOBwM1sBxOEy4GOJq7M', 'type': 'image/png'}], 'category': 'image', 'creators': [{'address': 'CDgbhX61QFADQAeeYKP5BQ7nnzDyMkkR3NEhYF2ETn1k', 'share': 100}]}",1,CDgbhX61QFADQAeeYKP5BQ7nnzDyMkkR3NEhYF2ETn1k,1,{},False,"{'auctionHouseKey': 'E8cU1WiRWjanGxmn96ewBgk9vPTcL6AEZ1t6F6fkgUWe', 'sellerReferral': 'autMW8SgBkVYeBgqYiTuJZnkvDZMVU2MHJh9Jh7CSQ2', 'expiry': -1}",{}
11,VCqb99vZpLKuUh9Y7pJU5JKz6oHAYRgD78w9VGFsjXx,43.5,CVTsV79LJkD74Cd2LizT5aoynfb9FowbKUd135xtzqsd,99eCE7Po2wQ1UouCBKkrj1idHHvNHjVq8FaUzoRoe3WR,taiyo_infants_incubators,Taiyo Infants/Incubators,https://taiyoinfants.s3.us-east-2.amazonaws.com/images_b/incubator.gif,TYR-Incubator-0998,"An incubator that spawns an infant Taiyo after 30 days, the more rare the parents the more chance of the spawn being rare. To find out how much time the incubator will take to spawn into a infant and who the parents are please head to http://incubation.taiyorobotics.com/ and type the NFT name into the Incubator Explorer",image,"[{'address': 'AH3s6T27K49REsRg3jjvHP8eUpnT2jMnUhLU4RW7oxxR', 'verified': 1, 'share': 0}, {'address': 'CDgbhX61QFADQAeeYKP5BQ7nnzDyMkkR3NEhYF2ETn1k', 'verified': 0, 'share': 100}]",500,C99ZJj6rggWYfYdpa8jLW9PTXCCHRKVWJuMxTCZEsvam,"[{'trait_type': 'Type', 'value': 'Incubator'}]","{'files': [{'uri': 'https://taiyoinfants.s3.us-east-2.amazonaws.com/images_b/incubator.gif', 'type': 'image/gif'}], 'category': 'image', 'creators': [{'address': 'CDgbhX61QFADQAeeYKP5BQ7nnzDyMkkR3NEhYF2ETn1k', 'share': 100}]}",1,CDgbhX61QFADQAeeYKP5BQ7nnzDyMkkR3NEhYF2ETn1k,1,{},False,"{'auctionHouseKey': 'E8cU1WiRWjanGxmn96ewBgk9vPTcL6AEZ1t6F6fkgUWe', 'sellerReferral': 'autMW8SgBkVYeBgqYiTuJZnkvDZMVU2MHJh9Jh7CSQ2', 'expiry': -1}",{}
12,D5NkfokKecWWLbGV11cSQ52nJGB4dwJejmTsV6YaZ17A,44.0,93VXbXVYpawavnR7VR3cS3PhsHGJM84vuY4iPAhF79N5,CF3N26CmBPvMZ8oBz77xMaEort47YQfXjWaE4RphHVpe,taiyo_infants_incubators,Taiyo Infants/Incubators,https://taiyoinfants.s3.us-east-2.amazonaws.com/images_b/incubator.gif,TYR-Incubator-0689,"An incubator that spawns an infant Taiyo after 30 days, the more rare the parents the more chance of the spawn being rare. To find out how much time the incubator will take to spawn into a infant and who the parents are please head to http://incubation.taiyorobotics.com/ and type the NFT name into the Incubator Explorer",image,"[{'address': 'AH3s6T27K49REsRg3jjvHP8eUpnT2jMnUhLU4RW7oxxR', 'verified': 1, 'share': 0}, {'address': 'CDgbhX61QFADQAeeYKP5BQ7nnzDyMkkR3NEhYF2ETn1k', 'verified': 0, 'share': 100}]",500,BoTmbRdh6jHxSVJFqMaZ1zyQTc74MrraiA2FLCKBJvsw,"[{'trait_type': 'Type', 'value': 'Incubator'}]","{'files': [{'uri': 'https://taiyoinfants.s3.us-east-2.amazonaws.com/images_b/incubator.gif', 'type': 'image/gif'}], 'category': 'image', 'creators': [{'address': 'CDgbhX61QFADQAeeYKP5BQ7nnzDyMkkR3NEhYF2ETn1k', 'share': 100}]}",1,CDgbhX61QFADQAeeYKP5BQ7nnzDyMkkR3NEhYF2ETn1k,1,{},False,"{'auctionHouseKey': 'E8cU1WiRWjanGxmn96ewBgk9vPTcL6AEZ1t6F6fkgUWe', 'sellerReferral': 'autMW8SgBkVYeBgqYiTuJZnkvDZMVU2MHJh9Jh7CSQ2', 'expiry': -1}",{}
13,GGWPds3gqVydp4DSDP3FQ1kWKeJnxmyu1pR9V8P5HhSg,44.0,4fkN7DSYJAqHNiyWj8R45Se2f7CgXrQkEgAuwJxmHhyC,Poc3F21LL6fiHG1Eg9StxqHcLQ9BYreAhzXfRjY2Am7,taiyo_infants_incubators,Taiyo Infants/Incubators,https://arweave.net/R__DCjmv-In509tQfsjO8i1drNiLAL7ge17wG5Jf_ww,TYR-Infant-0477,Taiyo infant hatched after 30 days of Incubation,image,"[{'address': 'AH3s6T27K49REsRg3jjvHP8eUpnT2jMnUhLU4RW7oxxR', 'verified': 1, 'share': 0}, {'address': 'CDgbhX61QFADQAeeYKP5BQ7nnzDyMkkR3NEhYF2ETn1k', 'verified': 0, 'share': 100}]",500,sgH7sqPoGpu17jeZ1DsGJ2WDoJ23jXtSxPAuo2fVL9M,"[{'trait_type': 'Background', 'value': 'Reizo'}, {'trait_type': 'Breastplate', 'value': 'Kumo'}, {'trait_type': 'Energy-source', 'value': 'Ying Yang'}, {'trait_type': 'Head', 'value': 'Kyojin'}, {'trait_type': 'Shoulder', 'value': ""Yukan'na""}, {'trait_type': 'Visor', 'value': 'Gurinrantan'}]","{'files': [{'uri': 'https://arweave.net/R__DCjmv-In509tQfsjO8i1drNiLAL7ge17wG5Jf_ww', 'type': 'image/png'}], 'category': 'image', 'creators': [{'address': 'CDgbhX61QFADQAeeYKP5BQ7nnzDyMkkR3NEhYF2ETn1k', 'share': 100}]}",1,CDgbhX61QFADQAeeYKP5BQ7nnzDyMkkR3NEhYF2ETn1k,1,{},False,"{'auctionHouseKey': 'E8cU1WiRWjanGxmn96ewBgk9vPTcL6AEZ1t6F6fkgUWe', 'sellerReferral': 'autMW8SgBkVYeBgqYiTuJZnkvDZMVU2MHJh9Jh7CSQ2', 'expiry': -1}",{}
14,3cMQWBziG2CojhNMGtqjV6SsUbxNb14CBz8qCDabnSK1,44.99,Csps9d6nkWTT25rJHz9YcAiaDCJeLmE46jd1CJxAeusV,HQiuDw6omZv1DcXw3WGgM3SFrcWUU1vBRBFaxMcwcR7J,taiyo_infants_incubators,Taiyo Infants/Incubators,https://arweave.net/mHDUj2i-IVxyxBF6_cpvCz-6pHVsH-eHBg1mIE1L1nU,TYR-Infant-0507,Taiyo infant hatched after 30 days of Incubation,image,"[{'address': 'AH3s6T27K49REsRg3jjvHP8eUpnT2jMnUhLU4RW7oxxR', 'verified': 1, 'share': 0}, {'address': 'CDgbhX61QFADQAeeYKP5BQ7nnzDyMkkR3NEhYF2ETn1k', 'verified': 0, 'share': 100}]",500,9JGFMmDUf6TNnqTBNQqJGa7g5S4yASWebT6JTpA577Po,"[{'trait_type': 'Background', 'value': 'Dosei'}, {'trait_type': 'Breastplate', 'value': 'Aoi Kori'}, {'trait_type': 'Energy-source', 'value': 'Jonetsu'}, {'trait_type': 'Head', 'value': 'Aoi'}, {'trait_type': 'Shoulder', 'value': 'Bafu'}, {'trait_type': 'Visor', 'value': 'Shuchu'}]","{'files': [{'uri': 'https://arweave.net/mHDUj2i-IVxyxBF6_cpvCz-6pHVsH-eHBg1mIE1L1nU', 'type': 'image/png'}], 'category': 'image', 'creators': [{'address': 'CDgbhX61QFADQAeeYKP5BQ7nnzDyMkkR3NEhYF2ETn1k', 'share': 100}]}",1,CDgbhX61QFADQAeeYKP5BQ7nnzDyMkkR3NEhYF2ETn1k,1,{},False,"{'auctionHouseKey': 'E8cU1WiRWjanGxmn96ewBgk9vPTcL6AEZ1t6F6fkgUWe', 'sellerReferral': 'autMW8SgBkVYeBgqYiTuJZnkvDZMVU2MHJh9Jh7CSQ2', 'expiry': -1}",{}
15,4zdfPRydN5MecPPDPQkF48QjmhLFH1Y2TDPfQpbw9xsi,45.0,GJyHAyajZGrLQrA8gU5RMh4Nbo6nZ2xEAzcCvyPYvFFB,9d1AQ2ATHcmRhE5Dw9S8nvpbFMBQcxsQhNbiJhVYmNNB,taiyo_infants_incubators,Taiyo Infants/Incubators,https://taiyoinfants.s3.us-east-2.amazonaws.com/images_b/incubator.gif,TYR-Incubator-1013,"An incubator that spawns an infant Taiyo after 30 days, the more rare the parents the more chance of the spawn being rare. To find out how much time the incubator will take to spawn into a infant and who the parents are please head to http://incubation.taiyorobotics.com/ and type the NFT name into the Incubator Explorer",image,"[{'address': 'AH3s6T27K49REsRg3jjvHP8eUpnT2jMnUhLU4RW7oxxR', 'verified': 1, 'share': 0}, {'address': 'CDgbhX61QFADQAeeYKP5BQ7nnzDyMkkR3NEhYF2ETn1k', 'verified': 0, 'share': 100}]",500,BJgnebvrxnvRmhyZ2YFvuej6WSRRzKmoStzW7M3ncvix,"[{'trait_type': 'Type', 'value': 'Incubator'}]","{'files': [{'uri': 'https://taiyoinfants.s3.us-east-2.amazonaws.com/images_b/incubator.gif', 'type': 'image/gif'}], 'category': 'image', 'creators': [{'address': 'CDgbhX61QFADQAeeYKP5BQ7nnzDyMkkR3NEhYF2ETn1k', 'share': 100}]}",1,CDgbhX61QFADQAeeYKP5BQ7nnzDyMkkR3NEhYF2ETn1k,1,{},False,"{'auctionHouseKey': 'E8cU1WiRWjanGxmn96ewBgk9vPTcL6AEZ1t6F6fkgUWe', 'sellerReferral': 'autMW8SgBkVYeBgqYiTuJZnkvDZMVU2MHJh9Jh7CSQ2', 'expiry': -1}",{}
16,3gMaaZeWDMAT2gL21JUyvdQm6Us2aNAwugPit5MDevdP,45.0,GjJ2b2FoSvosNsnGWCVkgvUrLw22kDdeqDZ7JGChBwtg,Fh1paxr1fBXUgWgUXXRPoxFmtb8LaEvSq4Lsfcf1suKT,taiyo_infants_incubators,Taiyo Infants/Incubators,https://arweave.net/bXzqyawJm2JEoJ3Ch4iq0BKMA3jIC2FwamZ2EYN7TQI,TYR-Infant-0112,Taiyo infant hatched after 30 days of Incubation,image,"[{'address': 'AH3s6T27K49REsRg3jjvHP8eUpnT2jMnUhLU4RW7oxxR', 'verified': 1, 'share': 0}, {'address': 'CDgbhX61QFADQAeeYKP5BQ7nnzDyMkkR3NEhYF2ETn1k', 'verified': 0, 'share': 100}]",500,2UFBi7pLZhJkVtFemmrRkA79DHtsTm3H5WDg77xHoNfu,"[{'trait_type': 'Background', 'value': 'Zugaikotsu'}, {'trait_type': 'Breastplate', 'value': 'Aoi Kori'}, {'trait_type': 'Energy-source', 'value': 'Tsuki'}, {'trait_type': 'Head', 'value': 'Shirei-kan'}, {'trait_type': 'Shoulder', 'value': 'Heitai'}, {'trait_type': 'Visor', 'value': 'Kishi'}]","{'files': [{'uri': 'https://arweave.net/bXzqyawJm2JEoJ3Ch4iq0BKMA3jIC2FwamZ2EYN7TQI', 'type': 'image/png'}], 'category': 'image', 'creators': [{'address': 'CDgbhX61QFADQAeeYKP5BQ7nnzDyMkkR3NEhYF2ETn1k', 'share': 100}]}",1,CDgbhX61QFADQAeeYKP5BQ7nnzDyMkkR3NEhYF2ETn1k,1,{},False,"{'auctionHouseKey': 'E8cU1WiRWjanGxmn96ewBgk9vPTcL6AEZ1t6F6fkgUWe', 'sellerReferral': 'autMW8SgBkVYeBgqYiTuJZnkvDZMVU2MHJh9Jh7CSQ2', 'expiry': -1}",{}
17,CSQRcFF9XG3TdVG5RB4dnWQ1ACuguPkktcZ5awd12zqQ,45.0,HH3anALVGasVmPErcuMGg2Z1ZxBghzNut6Tko8qxFpJj,6BU421Afxkx7sxwoAQP7mqyLKSSh9EU9EYFvQtm7z3ve,taiyo_infants_incubators,Taiyo Infants/Incubators,https://arweave.net/6Un9zFN_WZKPjhJzYKgJJDlTeq2dN8f8BHMLsyC6UdU,TYR-Infant-0536,Taiyo infant hatched after 30 days of Incubation,image,"[{'address': 'AH3s6T27K49REsRg3jjvHP8eUpnT2jMnUhLU4RW7oxxR', 'verified': 1, 'share': 0}, {'address': 'CDgbhX61QFADQAeeYKP5BQ7nnzDyMkkR3NEhYF2ETn1k', 'verified': 0, 'share': 100}]",500,AtTFXjWvEvWpfg86rphr6V8eoATm7FsFrmkqPghSrDgU,"[{'trait_type': 'Background', 'value': 'Insepushon'}, {'trait_type': 'Breastplate', 'value': 'Nafu'}, {'trait_type': 'Energy-source', 'value': 'Itoshi Teru'}, {'trait_type': 'Head', 'value': 'Kyojin'}, {'trait_type': 'Shoulder', 'value': 'Heitai'}, {'trait_type': 'Visor', 'value': 'Gurinrantan'}]","{'files': [{'uri': 'https://arweave.net/6Un9zFN_WZKPjhJzYKgJJDlTeq2dN8f8BHMLsyC6UdU', 'type': 'image/png'}], 'category': 'image', 'creators': [{'address': 'CDgbhX61QFADQAeeYKP5BQ7nnzDyMkkR3NEhYF2ETn1k', 'share': 100}]}",1,CDgbhX61QFADQAeeYKP5BQ7nnzDyMkkR3NEhYF2ETn1k,1,{},False,"{'auctionHouseKey': 'E8cU1WiRWjanGxmn96ewBgk9vPTcL6AEZ1t6F6fkgUWe', 'sellerReferral': 'autMW8SgBkVYeBgqYiTuJZnkvDZMVU2MHJh9Jh7CSQ2', 'expiry': -1}",{}
18,6b7Gt1PRaehrCefQVBnqzbzgVVp79NLTjhox44Vh3hE1,46.0,A2epjqGiHLJ5JnVz5TqnsUsmVapLhzPsjAjFDQYxGuc7,CF3N26CmBPvMZ8oBz77xMaEort47YQfXjWaE4RphHVpe,taiyo_infants_incubators,Taiyo Infants/Incubators,https://taiyoinfants.s3.us-east-2.amazonaws.com/images_b/incubator.gif,TYR-Incubator-1003,"An incubator that spawns an infant Taiyo after 30 days, the more rare the parents the more chance of the spawn being rare. To find out how much time the incubator will take to spawn into a infant and who the parents are please head to http://incubation.taiyorobotics.com/ and type the NFT name into the Incubator Explorer",image,"[{'address': 'AH3s6T27K49REsRg3jjvHP8eUpnT2jMnUhLU4RW7oxxR', 'verified': 1, 'share': 0}, {'address': 'CDgbhX61QFADQAeeYKP5BQ7nnzDyMkkR3NEhYF2ETn1k', 'verified': 0, 'share': 100}]",500,HLJgeESkbF575zkh2wGCf2PoM7EQRchmrvZdsGGUSjbe,"[{'trait_type': 'Type', 'value': 'Incubator'}]","{'files': [{'uri': 'https://taiyoinfants.s3.us-east-2.amazonaws.com/images_b/incubator.gif', 'type': 'image/gif'}], 'category': 'image', 'creators': [{'address': 'CDgbhX61QFADQAeeYKP5BQ7nnzDyMkkR3NEhYF2ETn1k', 'share': 100}]}",1,CDgbhX61QFADQAeeYKP5BQ7nnzDyMkkR3NEhYF2ETn1k,1,{},False,"{'auctionHouseKey': 'E8cU1WiRWjanGxmn96ewBgk9vPTcL6AEZ1t6F6fkgUWe', 'sellerReferral': 'autMW8SgBkVYeBgqYiTuJZnkvDZMVU2MHJh9Jh7CSQ2', 'expiry': -1}",{}
19,81FjQL6ncopCT2UtNmRJSDDc1vNmftwtgxhzaS4ZS3gY,48.99,2wQtEupEhJ1jpqx9cSvpcfYJG26dJAAj7ZFCpbZNthy6,Ap7t8CQisEtJNjubYBEA2NV4Rb4RFtS9BPALX7bz5yiY,taiyo_infants_incubators,Taiyo Infants/Incubators,https://taiyoinfants.s3.us-east-2.amazonaws.com/images_b/incubator.gif,TYR-Incubator-0993,"An incubator that spawns an infant Taiyo after 30 days, the more rare the parents the more chance of the spawn being rare. To find out how much time the incubator will take to spawn into a infant and who the parents are please head to http://incubation.taiyorobotics.com/ and type the NFT name into the Incubator Explorer",image,"[{'address': 'AH3s6T27K49REsRg3jjvHP8eUpnT2jMnUhLU4RW7oxxR', 'verified': 1, 'share': 0}, {'address': 'CDgbhX61QFADQAeeYKP5BQ7nnzDyMkkR3NEhYF2ETn1k', 'verified': 0, 'share': 100}]",500,DYcbwoETiWVtF36NaehS17pobcCiy8Jp1en6w2czvZmy,"[{'trait_type': 'Type', 'value': 'Incubator'}]","{'files': [{'uri': 'https://taiyoinfants.s3.us-east-2.amazonaws.com/images_b/incubator.gif', 'type': 'image/gif'}], 'category': 'image', 'creators': [{'address': 'CDgbhX61QFADQAeeYKP5BQ7nnzDyMkkR3NEhYF2ETn1k', 'share': 100}]}",1,CDgbhX61QFADQAeeYKP5BQ7nnzDyMkkR3NEhYF2ETn1k,1,{},False,"{'auctionHouseKey': 'E8cU1WiRWjanGxmn96ewBgk9vPTcL6AEZ1t6F6fkgUWe', 'sellerReferral': 'autMW8SgBkVYeBgqYiTuJZnkvDZMVU2MHJh9Jh7CSQ2', 'expiry': -1}",{}
20,AUd3xKyrzEg68Kq54bjpNM6yfC6GamEcCKYfj2iFF19R,49.0,7VgPNg9LFZfZ1Mg6AhZPiFNfN9HSQBPEatSbTWcQk5vY,FkNnWC7fJeYz8vFMg5P3j5p5BDfqMQudiXmTU6u8Ey4s,taiyo_infants_incubators,Taiyo Infants/Incubators,https://arweave.net/HiC-i69p4N63CitfTjRkLAjz51nXK-RIlL49iKSPWnk,TYR-Infant-0006,Taiyo infant hatched after 30 days of Incubation,image,"[{'address': 'AH3s6T27K49REsRg3jjvHP8eUpnT2jMnUhLU4RW7oxxR', 'verified': 1, 'share': 0}, {'address': 'CDgbhX61QFADQAeeYKP5BQ7nnzDyMkkR3NEhYF2ETn1k', 'verified': 0, 'share': 100}]",500,EEcBHg9CSvn4Tkwgb4C7MK3Udv5fM7W7U9ZsK9fLQqnj,"[{'trait_type': 'Background', 'value': 'Reizo'}, {'trait_type': 'Breastplate', 'value': 'Aoi Kori'}, {'trait_type': 'Energy-source', 'value': 'Itoshi Teru'}, {'trait_type': 'Head', 'value': 'Kyojin'}, {'trait_type': 'Shoulder', 'value': 'Kenkyo'}, {'trait_type': 'Visor', 'value': 'Supaidaai'}]","{'files': [{'uri': 'https://arweave.net/HiC-i69p4N63CitfTjRkLAjz51nXK-RIlL49iKSPWnk', 'type': 'image/png'}], 'category': 'image', 'creators': [{'address': 'CDgbhX61QFADQAeeYKP5BQ7nnzDyMkkR3NEhYF2ETn1k', 'share': 100}]}",1,CDgbhX61QFADQAeeYKP5BQ7nnzDyMkkR3NEhYF2ETn1k,1,{},False,"{'auctionHouseKey': 'E8cU1WiRWjanGxmn96ewBgk9vPTcL6AEZ1t6F6fkgUWe', 'sellerReferral': 'autMW8SgBkVYeBgqYiTuJZnkvDZMVU2MHJh9Jh7CSQ2', 'expiry': -1}",{}
21,8BpyqjncE8EcpfN9MXpYAAYK4UF7mn7sKbbHZsvVNEKy,50.0,5DuBCesjPpimaMcAtBdgMNf5D1RwkB3jDu5oKNkiGgyZ,Efqx76Nyn9cnfWEGpfhUVPA9gYyttYWh95GiBDhp1GE4,taiyo_infants_incubators,Taiyo Infants/Incubators,https://arweave.net/5fKCkV0PCL5hXPJTz7J_wnifDKDfNxh4lNDgNR0mOWQ,TYR-Infant-0452,Taiyo infant hatched after 30 days of Incubation,image,"[{'address': 'AH3s6T27K49REsRg3jjvHP8eUpnT2jMnUhLU4RW7oxxR', 'verified': 1, 'share': 0}, {'address': 'CDgbhX61QFADQAeeYKP5BQ7nnzDyMkkR3NEhYF2ETn1k', 'verified': 0, 'share': 100}]",500,8E2xuxwee5ukEdrT684pBLDzpf1Ywedvs9WEwRtmHg4Z,"[{'trait_type': 'Background', 'value': 'Taiyo'}, {'trait_type': 'Breastplate', 'value': 'Burupakku'}, {'trait_type': 'Energy-source', 'value': 'Jonetsu'}, {'trait_type': 'Head', 'value': 'Kurosobon'}, {'trait_type': 'Shoulder', 'value': 'Bafu'}, {'trait_type': 'Visor', 'value': 'Gurinrantan'}]","{'files': [{'uri': 'https://arweave.net/5fKCkV0PCL5hXPJTz7J_wnifDKDfNxh4lNDgNR0mOWQ', 'type': 'image/png'}], 'category': 'image', 'creators': [{'address': 'CDgbhX61QFADQAeeYKP5BQ7nnzDyMkkR3NEhYF2ETn1k', 'share': 100}]}",1,CDgbhX61QFADQAeeYKP5BQ7nnzDyMkkR3NEhYF2ETn1k,1,{},False,"{'auctionHouseKey': 'E8cU1WiRWjanGxmn96ewBgk9vPTcL6AEZ1t6F6fkgUWe', 'sellerReferral': 'autMW8SgBkVYeBgqYiTuJZnkvDZMVU2MHJh9Jh7CSQ2', 'expiry': -1}",{}
22,44zsgqcmQm7FJuF86vCcYWSjw7MxWkpdFqW9Fi9LKn1N,50.0,gXkUkmGVoV9qAktKTe7Wo8iLueYrjS9HMkbBA3qWSrR,CF3N26CmBPvMZ8oBz77xMaEort47YQfXjWaE4RphHVpe,taiyo_infants_incubators,Taiyo Infants/Incubators,https://taiyoinfants.s3.us-east-2.amazonaws.com/images_b/incubator.gif,TYR-Incubator-0961,"An incubator that spawns an infant Taiyo after 30 days, the more rare the parents the more chance of the spawn being rare. To find out how much time the incubator will take to spawn into a infant and who the parents are please head to http://incubation.taiyorobotics.com/ and type the NFT name into the Incubator Explorer",image,"[{'address': 'AH3s6T27K49REsRg3jjvHP8eUpnT2jMnUhLU4RW7oxxR', 'verified': 1, 'share': 0}, {'address': 'CDgbhX61QFADQAeeYKP5BQ7nnzDyMkkR3NEhYF2ETn1k', 'verified': 0, 'share': 100}]",500,HwN9Rc6ffSCxMh4FU81RrfCqpaS3dC5A8tNWGVmjhf7K,"[{'trait_type': 'Type', 'value': 'Incubator'}]","{'files': [{'uri': 'https://taiyoinfants.s3.us-east-2.amazonaws.com/images_b/incubator.gif', 'type': 'image/gif'}], 'category': 'image', 'creators': [{'address': 'CDgbhX61QFADQAeeYKP5BQ7nnzDyMkkR3NEhYF2ETn1k', 'share': 100}]}",1,CDgbhX61QFADQAeeYKP5BQ7nnzDyMkkR3NEhYF2ETn1k,1,{},False,"{'auctionHouseKey': 'E8cU1WiRWjanGxmn96ewBgk9vPTcL6AEZ1t6F6fkgUWe', 'sellerReferral': 'autMW8SgBkVYeBgqYiTuJZnkvDZMVU2MHJh9Jh7CSQ2', 'expiry': -1}",{}
23,Gv3yLwm4YY67fdhtpqMmYiruEshY8BCGysoFa6ZLf7Eb,54.0,GdJUb3PBmPxcRXmkiuZpgDQ6pYtpZx7mkay5ZF7iQjKo,5c5n66BQnF3TVr9AC7zMxN2krzJQoRySbvdwkuboBDXb,taiyo_infants_incubators,Taiyo Infants/Incubators,https://taiyoinfants.s3.us-east-2.amazonaws.com/images_b/incubator.gif,TYR-Incubator-0750,"An incubator that spawns an infant Taiyo after 30 days, the more rare the parents the more chance of the spawn being rare. To find out how much time the incubator will take to spawn into a infant and who the parents are please head to http://incubation.taiyorobotics.com/ and type the NFT name into the Incubator Explorer",image,"[{'address': 'AH3s6T27K49REsRg3jjvHP8eUpnT2jMnUhLU4RW7oxxR', 'verified': 1, 'share': 0}, {'address': 'CDgbhX61QFADQAeeYKP5BQ7nnzDyMkkR3NEhYF2ETn1k', 'verified': 0, 'share': 100}]",500,7ZMiMjg1RjKPojGsZMhvALGyWshstDvYydnskMMMgmNT,"[{'trait_type': 'Type', 'value': 'Incubator'}]","{'files': [{'uri': 'https://taiyoinfants.s3.us-east-2.amazonaws.com/images_b/incubator.gif', 'type': 'image/gif'}], 'category': 'image', 'creators': [{'address': 'CDgbhX61QFADQAeeYKP5BQ7nnzDyMkkR3NEhYF2ETn1k', 'share': 100}]}",1,CDgbhX61QFADQAeeYKP5BQ7nnzDyMkkR3NEhYF2ETn1k,1,{},False,"{'auctionHouseKey': 'E8cU1WiRWjanGxmn96ewBgk9vPTcL6AEZ1t6F6fkgUWe', 'sellerReferral': 'autMW8SgBkVYeBgqYiTuJZnkvDZMVU2MHJh9Jh7CSQ2', 'expiry': -1}",{}
24,2FGDSNFJtme5mGcZkafGPrfPyHjU7cjaZdjda2DbFYNW,55.0,ACm9Jo6f9k2opq3NwbJDDznTt6LyENgCTJgZCjK12stE,2DK81wJ11htLgEYeRi6VzxMib5cXQUNcdWZkz4CedGx6,taiyo_infants_incubators,Taiyo Infants/Incubators,https://taiyoinfants.s3.us-east-2.amazonaws.com/images_b/incubator.gif,TYR-Incubator-0830,"An incubator that spawns an infant Taiyo after 30 days, the more rare the parents the more chance of the spawn being rare. To find out how much time the incubator will take to spawn into a infant and who the parents are please head to http://incubation.taiyorobotics.com/ and type the NFT name into the Incubator Explorer",image,"[{'address': 'AH3s6T27K49REsRg3jjvHP8eUpnT2jMnUhLU4RW7oxxR', 'verified': 1, 'share': 0}, {'address': 'CDgbhX61QFADQAeeYKP5BQ7nnzDyMkkR3NEhYF2ETn1k', 'verified': 0, 'share': 100}]",500,2KmTXgYKt1VkxaHDsh7uZZyrkhS8Hdt9VS4y1kLZ6b5z,"[{'trait_type': 'Type', 'value': 'Incubator'}]","{'files': [{'uri': 'https://taiyoinfants.s3.us-east-2.amazonaws.com/images_b/incubator.gif', 'type': 'image/gif'}], 'category': 'image', 'creators': [{'address': 'CDgbhX61QFADQAeeYKP5BQ7nnzDyMkkR3NEhYF2ETn1k', 'share': 100}]}",1,CDgbhX61QFADQAeeYKP5BQ7nnzDyMkkR3NEhYF2ETn1k,1,{},False,"{'auctionHouseKey': 'E8cU1WiRWjanGxmn96ewBgk9vPTcL6AEZ1t6F6fkgUWe', 'sellerReferral': 'autMW8SgBkVYeBgqYiTuJZnkvDZMVU2MHJh9Jh7CSQ2', 'expiry': -1}",{}
25,zkTqfLwnpfycEX9Mo8eSAgTJd4jRUZApSBCWf3ZZpe2,55.69,A6YaXioYPEtzBwTKPHTLGoqkbvhZiXtvQSngtG3ETFmw,AG88dVyfRoytjBW5G4sfCCsnTa95bJCsvVtv44PhPz2G,taiyo_infants_incubators,Taiyo Infants/Incubators,https://arweave.net/5I4xREF4F37IVoXPSmvyiV2BGtHnFMvVR0HeAAc-kC4,TYR-Infant-0158,Taiyo infant hatched after 30 days of Incubation,image,"[{'address': 'AH3s6T27K49REsRg3jjvHP8eUpnT2jMnUhLU4RW7oxxR', 'verified': 1, 'share': 0}, {'address': 'CDgbhX61QFADQAeeYKP5BQ7nnzDyMkkR3NEhYF2ETn1k', 'verified': 0, 'share': 100}]",500,AukBvghKhBFa1ELHRUvz13g88EjYjNhxjtf1ZdmkXRX8,"[{'trait_type': 'Background', 'value': 'Konaria'}, {'trait_type': 'Breastplate', 'value': 'Kirei'}, {'trait_type': 'Energy-source', 'value': 'Ying Yang'}, {'trait_type': 'Head', 'value': 'Shirei-kan'}, {'trait_type': 'Shoulder', 'value': 'Bafu'}, {'trait_type': 'Visor', 'value': 'Musuko'}]","{'files': [{'uri': 'https://arweave.net/5I4xREF4F37IVoXPSmvyiV2BGtHnFMvVR0HeAAc-kC4', 'type': 'image/png'}], 'category': 'image', 'creators': [{'address': 'CDgbhX61QFADQAeeYKP5BQ7nnzDyMkkR3NEhYF2ETn1k', 'share': 100}]}",1,CDgbhX61QFADQAeeYKP5BQ7nnzDyMkkR3NEhYF2ETn1k,1,{},False,"{'auctionHouseKey': 'E8cU1WiRWjanGxmn96ewBgk9vPTcL6AEZ1t6F6fkgUWe', 'sellerReferral': 'autMW8SgBkVYeBgqYiTuJZnkvDZMVU2MHJh9Jh7CSQ2', 'expiry': -1}",{}
26,QRC1PuNmYZeva9bYcRS4zYdUuU81L3yC6eujx7pgtzq,56.9,EULVuR3eUjm3xuqXW6LUtWBg9JdmxVMqwTASk8YFt4V8,3cfYHAVCHdQmjrXDnTGtg3XN9f4DwL6SturDbwsyJ5cE,taiyo_infants_incubators,Taiyo Infants/Incubators,https://arweave.net/3WIjUo1eqSJX9wxqGAFibQSE2623M_YC5dSOLzSZYVo,TYR-Infant-0246,Taiyo infant hatched after 30 days of Incubation,image,"[{'address': 'AH3s6T27K49REsRg3jjvHP8eUpnT2jMnUhLU4RW7oxxR', 'verified': 1, 'share': 0}, {'address': 'CDgbhX61QFADQAeeYKP5BQ7nnzDyMkkR3NEhYF2ETn1k', 'verified': 0, 'share': 100}]",500,GFNyq55HbuL1CJk2wvmpa4NTEok2Zb8STws5Vy3kkAQR,"[{'trait_type': 'Background', 'value': 'Reizo'}, {'trait_type': 'Breastplate', 'value': 'Kumo'}, {'trait_type': 'Energy-source', 'value': 'Tsuki'}, {'trait_type': 'Head', 'value': 'Kyojin'}, {'trait_type': 'Shoulder', 'value': 'Hiro'}, {'trait_type': 'Visor', 'value': 'Gurinrantan'}]","{'files': [{'uri': 'https://arweave.net/3WIjUo1eqSJX9wxqGAFibQSE2623M_YC5dSOLzSZYVo', 'type': 'image/png'}], 'category': 'image', 'creators': [{'address': 'CDgbhX61QFADQAeeYKP5BQ7nnzDyMkkR3NEhYF2ETn1k', 'share': 100}]}",1,CDgbhX61QFADQAeeYKP5BQ7nnzDyMkkR3NEhYF2ETn1k,1,{},False,"{'auctionHouseKey': 'E8cU1WiRWjanGxmn96ewBgk9vPTcL6AEZ1t6F6fkgUWe', 'sellerReferral': 'autMW8SgBkVYeBgqYiTuJZnkvDZMVU2MHJh9Jh7CSQ2', 'expiry': -1}",{}
27,DDnqe7W9PYuK9J4zosb2xHVru9exkAiFoNELZCyhvBTq,59.41,9jdC5Y6ZrebrtvmMiitZZnbF6QuKqixMRgyNr32zj3yv,6sCXibbXfEA9dvNGZjYCyCWLbZer8VMQsZjM9WdZxLHQ,taiyo_infants_incubators,Taiyo Infants/Incubators,https://taiyoinfants.s3.us-east-2.amazonaws.com/images_b/incubator.gif,TYR-Incubator-0814,"An incubator that spawns an infant Taiyo after 30 days, the more rare the parents the more chance of the spawn being rare. To find out how much time the incubator will take to spawn into a infant and who the parents are please head to http://incubation.taiyorobotics.com/ and type the NFT name into the Incubator Explorer",image,"[{'address': 'AH3s6T27K49REsRg3jjvHP8eUpnT2jMnUhLU4RW7oxxR', 'verified': 1, 'share': 0}, {'address': 'CDgbhX61QFADQAeeYKP5BQ7nnzDyMkkR3NEhYF2ETn1k', 'verified': 0, 'share': 100}]",500,BNQueR5UmudGcZbDiBT7BYrkDKMzZ8NbLT9n4HzuetUL,"[{'trait_type': 'Type', 'value': 'Incubator'}]","{'files': [{'uri': 'https://taiyoinfants.s3.us-east-2.amazonaws.com/images_b/incubator.gif', 'type': 'image/gif'}], 'category': 'image', 'creators': [{'address': 'CDgbhX61QFADQAeeYKP5BQ7nnzDyMkkR3NEhYF2ETn1k', 'share': 100}]}",1,CDgbhX61QFADQAeeYKP5BQ7nnzDyMkkR3NEhYF2ETn1k,1,{},False,"{'auctionHouseKey': 'E8cU1WiRWjanGxmn96ewBgk9vPTcL6AEZ1t6F6fkgUWe', 'sellerReferral': 'autMW8SgBkVYeBgqYiTuJZnkvDZMVU2MHJh9Jh7CSQ2', 'expiry': -1}",{}
28,AVaLrchrSgY4gfU8tXAkyMML6pVnLs4e48Zj6MyPykpE,59.69,HC2u4MpYStq3g24f5z8AyZ198dMJP2AtYnJzakZRXe1d,ADeKRMU8Wi4nxog88qXA3NzSb6ussBJvd7uAJSwyvJnZ,taiyo_infants_incubators,Taiyo Infants/Incubators,https://arweave.net/E_ckYZfxKvYCxy4QgaMDxceUuo2HMxupY19o6KizGuE,TYR-Infant-0266,Taiyo infant hatched after 30 days of Incubation,image,"[{'address': 'AH3s6T27K49REsRg3jjvHP8eUpnT2jMnUhLU4RW7oxxR', 'verified': 1, 'share': 0}, {'address': 'CDgbhX61QFADQAeeYKP5BQ7nnzDyMkkR3NEhYF2ETn1k', 'verified': 0, 'share': 100}]",500,7FqTLxizxVunYFtkB7Xw2nQSQi2ZJ88q571HSWNhFawM,"[{'trait_type': 'Background', 'value': 'Zugaikotsu'}, {'trait_type': 'Breastplate', 'value': 'Sureto'}, {'trait_type': 'Energy-source', 'value': 'Kori'}, {'trait_type': 'Head', 'value': 'Tomu'}, {'trait_type': 'Shoulder', 'value': 'Hiro'}, {'trait_type': 'Visor', 'value': 'Musuko'}]","{'files': [{'uri': 'https://arweave.net/E_ckYZfxKvYCxy4QgaMDxceUuo2HMxupY19o6KizGuE', 'type': 'image/png'}], 'category': 'image', 'creators': [{'address': 'CDgbhX61QFADQAeeYKP5BQ7nnzDyMkkR3NEhYF2ETn1k', 'share': 100}]}",1,CDgbhX61QFADQAeeYKP5BQ7nnzDyMkkR3NEhYF2ETn1k,1,{},False,"{'auctionHouseKey': 'E8cU1WiRWjanGxmn96ewBgk9vPTcL6AEZ1t6F6fkgUWe', 'sellerReferral': 'autMW8SgBkVYeBgqYiTuJZnkvDZMVU2MHJh9Jh7CSQ2', 'expiry': -1}",{}
29,CBpbjQDqoVkzKM89UTN6MD61wY23zxBtq9BPpGSAPSk1,60.0,F4WX8rydqzDLYk22udZmhiyASEeqALznCBHgWjqNdsgp,4KUEt4JXLHohmuEZUTkwwtd5ywmd86wD1gV5C2uXZmYQ,taiyo_infants_incubators,Taiyo Infants/Incubators,https://taiyoinfants.s3.us-east-2.amazonaws.com/images_b/incubator.gif,TYR-Incubator-0742,"An incubator that spawns an infant Taiyo after 30 days, the more rare the parents the more chance of the spawn being rare. To find out how much time the incubator will take to spawn into a infant and who the parents are please head to http://incubation.taiyorobotics.com/ and type the NFT name into the Incubator Explorer",image,"[{'address': 'AH3s6T27K49REsRg3jjvHP8eUpnT2jMnUhLU4RW7oxxR', 'verified': 1, 'share': 0}, {'address': 'CDgbhX61QFADQAeeYKP5BQ7nnzDyMkkR3NEhYF2ETn1k', 'verified': 0, 'share': 100}]",500,35QwBHFgX8PTjK5i4sz1PhyyK3j64XyYPmHXfrrKx6P8,"[{'trait_type': 'Type', 'value': 'Incubator'}]","{'files': [{'uri': 'https://taiyoinfants.s3.us-east-2.amazonaws.com/images_b/incubator.gif', 'type': 'image/gif'}], 'category': 'image', 'creators': [{'address': 'CDgbhX61QFADQAeeYKP5BQ7nnzDyMkkR3NEhYF2ETn1k', 'share': 100}]}",1,CDgbhX61QFADQAeeYKP5BQ7nnzDyMkkR3NEhYF2ETn1k,1,{},False,"{'auctionHouseKey': 'E8cU1WiRWjanGxmn96ewBgk9vPTcL6AEZ1t6F6fkgUWe', 'sellerReferral': 'autMW8SgBkVYeBgqYiTuJZnkvDZMVU2MHJh9Jh7CSQ2', 'expiry': -1}",{}
30,8H7R9aQ57cFxzzNhSQM7FzFcvZzo5MPK8vtbJGJAyogi,69.0,5uE2iu746v6d2pybCc2QFgk5rBFcgov9nsAj1czsrSkt,3QpDqgCk4CvhG5hBcp6Gq6RGk2VM22cK5WW3KVe8opW8,taiyo_infants_incubators,Taiyo Infants/Incubators,https://arweave.net/LGRAgKf80RpNZeU9MaXOqiUzItzpqYz9AGoL_qcokGg,TYR-Infant-0268,Taiyo infant hatched after 30 days of Incubation,image,"[{'address': 'AH3s6T27K49REsRg3jjvHP8eUpnT2jMnUhLU4RW7oxxR', 'verified': 1, 'share': 0}, {'address': 'CDgbhX61QFADQAeeYKP5BQ7nnzDyMkkR3NEhYF2ETn1k', 'verified': 0, 'share': 100}]",500,8WZAK6TDcX8h9ioc5MsxjNwz9T5jpe9c3dNtSxVpDojn,"[{'trait_type': 'Background', 'value': 'Retoro'}, {'trait_type': 'Breastplate', 'value': 'Aoi Kori'}, {'trait_type': 'Energy-source', 'value': 'Konsoru'}, {'trait_type': 'Head', 'value': 'Tatakai'}, {'trait_type': 'Shoulder', 'value': 'Subarashi'}, {'trait_type': 'Visor', 'value': 'Supaidaai'}]","{'files': [{'uri': 'https://arweave.net/LGRAgKf80RpNZeU9MaXOqiUzItzpqYz9AGoL_qcokGg', 'type': 'image/png'}], 'category': 'image', 'creators': [{'address': 'CDgbhX61QFADQAeeYKP5BQ7nnzDyMkkR3NEhYF2ETn1k', 'share': 100}]}",1,CDgbhX61QFADQAeeYKP5BQ7nnzDyMkkR3NEhYF2ETn1k,1,{},False,"{'auctionHouseKey': 'E8cU1WiRWjanGxmn96ewBgk9vPTcL6AEZ1t6F6fkgUWe', 'sellerReferral': 'autMW8SgBkVYeBgqYiTuJZnkvDZMVU2MHJh9Jh7CSQ2', 'expiry': -1}",{}
31,BXS3ydHriTWRmbrpnQBVXWDuXkAEubLrtscXmaPNos2y,75.0,GFDuv3Cbi3uvAqUXmCuYN7RTFW1a3NdUhf3xtdzyu4ZU,3QpDqgCk4CvhG5hBcp6Gq6RGk2VM22cK5WW3KVe8opW8,taiyo_infants_incubators,Taiyo Infants/Incubators,https://arweave.net/jIV39xDfN6ZtxqczeVt3t2FnYKh8Tfv7MUm7WOogf44,TYR-Infant-0274,Taiyo infant hatched after 30 days of Incubation,image,"[{'address': 'AH3s6T27K49REsRg3jjvHP8eUpnT2jMnUhLU4RW7oxxR', 'verified': 1, 'share': 0}, {'address': 'CDgbhX61QFADQAeeYKP5BQ7nnzDyMkkR3NEhYF2ETn1k', 'verified': 0, 'share': 100}]",500,8ob4uDmTxg5mcySocjbdVAtpiyaCM35DU5Bzx28uchqs,"[{'trait_type': 'Background', 'value': 'Retoro'}, {'trait_type': 'Breastplate', 'value': 'Nafu'}, {'trait_type': 'Energy-source', 'value': 'Kame'}, {'trait_type': 'Head', 'value': 'Kurosobon'}, {'trait_type': 'Shoulder', 'value': 'Kenkyo'}, {'trait_type': 'Visor', 'value': 'Sekigan'}]","{'files': [{'uri': 'https://arweave.net/jIV39xDfN6ZtxqczeVt3t2FnYKh8Tfv7MUm7WOogf44', 'type': 'image/png'}], 'category': 'image', 'creators': [{'address': 'CDgbhX61QFADQAeeYKP5BQ7nnzDyMkkR3NEhYF2ETn1k', 'share': 100}]}",1,CDgbhX61QFADQAeeYKP5BQ7nnzDyMkkR3NEhYF2ETn1k,1,{},False,"{'auctionHouseKey': 'E8cU1WiRWjanGxmn96ewBgk9vPTcL6AEZ1t6F6fkgUWe', 'sellerReferral': 'autMW8SgBkVYeBgqYiTuJZnkvDZMVU2MHJh9Jh7CSQ2', 'expiry': -1}",{}
32,2rMEhx4EooxSBcyZPLg2sJvwTHWrz2rQCek6Jntu17JS,77.0,5YLtspB9xcpbb1LQF12xJGcYEKZUoQVkvVoPgDsDvZeh,51g1GuQueuQodk9S9DFqSu2Y1ii8tDzYTZmsq2iKcAE2,taiyo_infants_incubators,Taiyo Infants/Incubators,https://arweave.net/ehT5MrLtAwSbOb2mqK0x4kzXq3n7thMxpF4DO44NFZA,TYR-Infant-0361,Taiyo infant hatched after 30 days of Incubation,image,"[{'address': 'AH3s6T27K49REsRg3jjvHP8eUpnT2jMnUhLU4RW7oxxR', 'verified': 1, 'share': 0}, {'address': 'CDgbhX61QFADQAeeYKP5BQ7nnzDyMkkR3NEhYF2ETn1k', 'verified': 0, 'share': 100}]",500,Aeo3k9zz1gjKckEQZjSCcTsfEd1RbTrymGEa1brxibM2,"[{'trait_type': 'Background', 'value': 'Fukai Kido'}, {'trait_type': 'Breastplate', 'value': 'Aoi Kori'}, {'trait_type': 'Energy-source', 'value': 'Jonetsu'}, {'trait_type': 'Head', 'value': 'Aoi'}, {'trait_type': 'Shoulder', 'value': 'Panissha'}, {'trait_type': 'Visor', 'value': 'Shuchu'}]","{'files': [{'uri': 'https://arweave.net/ehT5MrLtAwSbOb2mqK0x4kzXq3n7thMxpF4DO44NFZA', 'type': 'image/png'}], 'category': 'image', 'creators': [{'address': 'CDgbhX61QFADQAeeYKP5BQ7nnzDyMkkR3NEhYF2ETn1k', 'share': 100}]}",1,CDgbhX61QFADQAeeYKP5BQ7nnzDyMkkR3NEhYF2ETn1k,1,{},False,"{'auctionHouseKey': 'E8cU1WiRWjanGxmn96ewBgk9vPTcL6AEZ1t6F6fkgUWe', 'sellerReferral': 'autMW8SgBkVYeBgqYiTuJZnkvDZMVU2MHJh9Jh7CSQ2', 'expiry': -1}",
33,3oUdu4YjFG5CjyJbDzGncFXFeeefbMGtKVh1yNx7vBcm,85.0,GP7BmEuBiqgYTnAMxrhvneiGSppdDBcnjhoYuQ3NA8Wi,BqnLL5YnHzaHHKRZuc2QKiXMKpVB8idTPot9KQsp6MkK,taiyo_infants_incubators,Taiyo Infants/Incubators,https://arweave.net/Sqy20squuiusUzoP4uE4qT7-jcX_4tpXEWFYWUkleUU,TYR-Infant-0434,Taiyo infant hatched after 30 days of Incubation,image,"[{'address': 'AH3s6T27K49REsRg3jjvHP8eUpnT2jMnUhLU4RW7oxxR', 'verified': 1, 'share': 0}, {'address': 'CDgbhX61QFADQAeeYKP5BQ7nnzDyMkkR3NEhYF2ETn1k', 'verified': 0, 'share': 100}]",500,HVVxWmjhEakca8nH5CXVhetqnNEGhNCSgSnTLbH2DiFY,"[{'trait_type': 'Background', 'value': 'Fukai Kido'}, {'trait_type': 'Breastplate', 'value': 'Yakuin'}, {'trait_type': 'Energy-source', 'value': 'Itoshi Teru'}, {'trait_type': 'Head', 'value': 'Tomu'}, {'trait_type': 'Shoulder', 'value': 'Hiro'}, {'trait_type': 'Visor', 'value': 'Gurinrantan'}]","{'files': [{'uri': 'https://arweave.net/Sqy20squuiusUzoP4uE4qT7-jcX_4tpXEWFYWUkleUU', 'type': 'image/png'}], 'category': 'image', 'creators': [{'address': 'CDgbhX61QFADQAeeYKP5BQ7nnzDyMkkR3NEhYF2ETn1k', 'share': 100}]}",1,CDgbhX61QFADQAeeYKP5BQ7nnzDyMkkR3NEhYF2ETn1k,1,{},False,"{'auctionHouseKey': 'E8cU1WiRWjanGxmn96ewBgk9vPTcL6AEZ1t6F6fkgUWe', 'sellerReferral': 'autMW8SgBkVYeBgqYiTuJZnkvDZMVU2MHJh9Jh7CSQ2', 'expiry': -1}",{}
34,CtcySjnpZNqcQr6yngV8tZRa9Qoi8zUAGoupGgpNuCew,60.0,2DxoHiWyvGqvXf295nkmdqcNs69uPjG8kMaDpxifPeNL,FgFhRLjgVhYmHzKrZGFDAGVGoQDN971YWEAcLrChy6pE,taiyo_infants_incubators,Taiyo Infants/Incubators,https://arweave.net/YWYLDuHc5Yl314CNBwSgx_exWz7gem7uKfrRy_ye1Fw,TYR-Infant-0264,Taiyo infant hatched after 30 days of Incubation,image,"[{'address': 'AH3s6T27K49REsRg3jjvHP8eUpnT2jMnUhLU4RW7oxxR', 'verified': 1, 'share': 0}, {'address': 'CDgbhX61QFADQAeeYKP5BQ7nnzDyMkkR3NEhYF2ETn1k', 'verified': 0, 'share': 100}]",500,hTCm9AScd1VSYtLVKntbXTugCG5sm57qw7Ej4QseWRM,"[{'trait_type': 'Background', 'value': 'Taiyo'}, {'trait_type': 'Breastplate', 'value': 'Kirei'}, {'trait_type': 'Energy-source', 'value': 'Yogan'}, {'trait_type': 'Head', 'value': 'Tomu'}, {'trait_type': 'Shoulder', 'value': 'Subarashi'}, {'trait_type': 'Visor', 'value': 'Supaidaai'}]","{'files': [{'uri': 'https://arweave.net/YWYLDuHc5Yl314CNBwSgx_exWz7gem7uKfrRy_ye1Fw', 'type': 'image/png'}], 'category': 'image', 'creators': [{'address': 'CDgbhX61QFADQAeeYKP5BQ7nnzDyMkkR3NEhYF2ETn1k', 'share': 100}]}",1,CDgbhX61QFADQAeeYKP5BQ7nnzDyMkkR3NEhYF2ETn1k,1,{},False,"{'auctionHouseKey': 'E8cU1WiRWjanGxmn96ewBgk9vPTcL6AEZ1t6F6fkgUWe', 'sellerReferral': 'autMW8SgBkVYeBgqYiTuJZnkvDZMVU2MHJh9Jh7CSQ2', 'expiry': -1}",{}
35,EqHE1x2yjYNicbx8PhacSyaDq7n7Et6LZVZMNTq9quJ4,90.0,GnCdWgpcgKpXJSDSrCNEpVSkmbjAfiKWroX7MuoxeHRX,GsaRC9jvFgUMYSq1dux61MD4sCtyNUQpkuTszZAi78Ub,taiyo_infants_incubators,Taiyo Infants/Incubators,https://arweave.net/8yMAccf8Hjb9SLw21LmVI-Z5Hos_YfjsT8OzdAgdZUM,TYR-Infant-0439,Taiyo infant hatched after 30 days of Incubation,image,"[{'address': 'AH3s6T27K49REsRg3jjvHP8eUpnT2jMnUhLU4RW7oxxR', 'verified': 1, 'share': 0}, {'address': 'CDgbhX61QFADQAeeYKP5BQ7nnzDyMkkR3NEhYF2ETn1k', 'verified': 0, 'share': 100}]",500,HnwSjk7soW4NoFPvDkoWerXaHYobBN4LjHU9X4qSuP9p,"[{'trait_type': 'Background', 'value': 'Fukai Kido'}, {'trait_type': 'Breastplate', 'value': 'Sureto'}, {'trait_type': 'Energy-source', 'value': 'Konsoru'}, {'trait_type': 'Head', 'value': 'Gin'}, {'trait_type': 'Shoulder', 'value': 'Hiro'}, {'trait_type': 'Visor', 'value': 'Musuko'}]","{'files': [{'uri': 'https://arweave.net/8yMAccf8Hjb9SLw21LmVI-Z5Hos_YfjsT8OzdAgdZUM', 'type': 'image/png'}], 'category': 'image', 'creators': [{'address': 'CDgbhX61QFADQAeeYKP5BQ7nnzDyMkkR3NEhYF2ETn1k', 'share': 100}]}",1,CDgbhX61QFADQAeeYKP5BQ7nnzDyMkkR3NEhYF2ETn1k,1,{},False,"{'auctionHouseKey': 'E8cU1WiRWjanGxmn96ewBgk9vPTcL6AEZ1t6F6fkgUWe', 'sellerReferral': 'autMW8SgBkVYeBgqYiTuJZnkvDZMVU2MHJh9Jh7CSQ2', 'expiry': -1}",
36,7r2yY7jp2DktjVqVC5JvkCL2CSeyJZXd7XuPr2JUnMyC,290.0,Btb4aJUpmvNjk9pThpt12Vr9fJJirhAa4RSPqG9XSwZ6,J6M3qpiUzx2LPFCNn1HFQSueLN83nScsmwgjaL1h4MLW,taiyo_infants_incubators,Taiyo Infants/Incubators,https://taiyoinfants.s3.us-east-2.amazonaws.com/images_b/incubator.gif,TYR-Incubator-0771,"An incubator that spawns an infant Taiyo after 30 days, the more rare the parents the more chance of the spawn being rare. To find out how much time the incubator will take to spawn into a infant and who the parents are please head to http://incubation.taiyorobotics.com/ and type the NFT name into the Incubator Explorer",image,"[{'address': 'AH3s6T27K49REsRg3jjvHP8eUpnT2jMnUhLU4RW7oxxR', 'verified': 1, 'share': 0}, {'address': 'CDgbhX61QFADQAeeYKP5BQ7nnzDyMkkR3NEhYF2ETn1k', 'verified': 0, 'share': 100}]",500,HWHHrL5oqA238expPSAgooDaDA3uC2aMi5RcruQF8qe3,"[{'trait_type': 'Type', 'value': 'Incubator'}]","{'files': [{'uri': 'https://taiyoinfants.s3.us-east-2.amazonaws.com/images_b/incubator.gif', 'type': 'image/gif'}], 'category': 'image', 'creators': [{'address': 'CDgbhX61QFADQAeeYKP5BQ7nnzDyMkkR3NEhYF2ETn1k', 'share': 100}]}",1,CDgbhX61QFADQAeeYKP5BQ7nnzDyMkkR3NEhYF2ETn1k,1,{},False,"{'auctionHouseKey': 'E8cU1WiRWjanGxmn96ewBgk9vPTcL6AEZ1t6F6fkgUWe', 'sellerReferral': 'autMW8SgBkVYeBgqYiTuJZnkvDZMVU2MHJh9Jh7CSQ2', 'expiry': -1}",{}
37,HWXW6TMhxiK5Sebe9A3GHRCBQd1AAuDtKSQWXTdmKq9L,700.0,CJjdMAT6gSR7QexGFNLyTgEQtYd7RvrFb33m6M9gefjB,J9BNavBj8nvMYSx8YLNdVAiYdqhFWBi28aKYsJLBNgTa,taiyo_infants_incubators,Taiyo Infants/Incubators,https://taiyoinfants.s3.us-east-2.amazonaws.com/images_b/incubator.gif,TYR-Incubator-0722,"An incubator that spawns an infant Taiyo after 30 days, the more rare the parents the more chance of the spawn being rare. To find out how much time the incubator will take to spawn into a infant and who the parents are please head to http://incubation.taiyorobotics.com/ and type the NFT name into the Incubator Explorer",image,"[{'address': 'AH3s6T27K49REsRg3jjvHP8eUpnT2jMnUhLU4RW7oxxR', 'verified': 1, 'share': 0}, {'address': 'CDgbhX61QFADQAeeYKP5BQ7nnzDyMkkR3NEhYF2ETn1k', 'verified': 0, 'share': 100}]",500,GXZjDc4pdmYPvAYHrt4s6AXnamaNFZbTmQZEHkQJHbEa,"[{'trait_type': 'Type', 'value': 'Incubator'}]","{'files': [{'uri': 'https://taiyoinfants.s3.us-east-2.amazonaws.com/images_b/incubator.gif', 'type': 'image/gif'}], 'category': 'image', 'creators': [{'address': 'CDgbhX61QFADQAeeYKP5BQ7nnzDyMkkR3NEhYF2ETn1k', 'share': 100}]}",1,CDgbhX61QFADQAeeYKP5BQ7nnzDyMkkR3NEhYF2ETn1k,1,{},False,"{'auctionHouseKey': 'E8cU1WiRWjanGxmn96ewBgk9vPTcL6AEZ1t6F6fkgUWe', 'sellerReferral': 'autMW8SgBkVYeBgqYiTuJZnkvDZMVU2MHJh9Jh7CSQ2', 'expiry': -1}",{}
38,8ULpw41aNnnTUYdooWtpmREVkAfN1pQCv5oG9ZZUTv1i,1000.0,D59XN5GfUhsihYthzjTTXpfgxFjMYf85UFDfkqEHt1cA,5oNEcuaStTnJjwUGdW3t2RN2AW6FJW2znD3okXxoh58r,taiyo_infants_incubators,Taiyo Infants/Incubators,https://taiyoinfants.s3.us-east-2.amazonaws.com/images_b/incubator.gif,TYR-Incubator-1000,"An incubator that spawns an infant Taiyo after 30 days, the more rare the parents the more chance of the spawn being rare. To find out how much time the incubator will take to spawn into a infant and who the parents are please head to http://incubation.taiyorobotics.com/ and type the NFT name into the Incubator Explorer",image,"[{'address': 'AH3s6T27K49REsRg3jjvHP8eUpnT2jMnUhLU4RW7oxxR', 'verified': 1, 'share': 0}, {'address': 'CDgbhX61QFADQAeeYKP5BQ7nnzDyMkkR3NEhYF2ETn1k', 'verified': 0, 'share': 100}]",500,5N7WSGa6fyQxrjg5ZMD1VfyW5idcpvkvzngbGMkRV9Y6,"[{'trait_type': 'Type', 'value': 'Incubator'}]","{'files': [{'uri': 'https://taiyoinfants.s3.us-east-2.amazonaws.com/images_b/incubator.gif', 'type': 'image/gif'}], 'category': 'image', 'creators': [{'address': 'CDgbhX61QFADQAeeYKP5BQ7nnzDyMkkR3NEhYF2ETn1k', 'share': 100}]}",1,CDgbhX61QFADQAeeYKP5BQ7nnzDyMkkR3NEhYF2ETn1k,1,{},False,"{'auctionHouseKey': 'E8cU1WiRWjanGxmn96ewBgk9vPTcL6AEZ1t6F6fkgUWe', 'sellerReferral': 'autMW8SgBkVYeBgqYiTuJZnkvDZMVU2MHJh9Jh7CSQ2', 'expiry': -1}",{}
