,id,price,escrowPubkey,owner,collectionName,collectionTitle,img,title,content,animationURL,propertyCategory,creators,sellerFeeBasisPoints,mintAddress,attributes,properties,supply,updateAuthority,primarySaleHappened,onChainCollection,tokenDelegateValid,v2,rarity
0,AVkiCWi2H2hvAbLQuP8bK8MA6Mb4FZLxEHGNZbDBMNLZ,28.5,2V6Tn5aqXg4svDeg35rdEWKSkY6cwwArrHGTJZAFXLMA,9d8PWYLKdo41tPzbQVggWk3aJ8pa5of3pmudENoHUaat,visionary_studios,Visionary Studios,https://arweave.net/liJYoNwv6oHlxnZzV4K8Du8QTsHwD0mexOwKkwfjm8I,Visionary Studios #339,777 Genesis Membership NFT's for Visionary Studios.,https://arweave.net/OYfAVDKA85OY6zEnrR6_GD4nzqvtsht86GPJptUqw-s,video,"[{'address': '6oNpLuaME2HbAgUK4aPvLoPof5VnUXxJPL1eGa6zAKk8', 'verified': 1, 'share': 0}, {'address': '3Vp72o1PD3pxz4Uwtc7uaRf6RZ6LBrKEv1AgT4MsbTc5', 'verified': 0, 'share': 5}, {'address': 'XKuNQ5Nanm9hMi52yVvA8RhxgKXy6ZTthJK2QgSnntJ', 'verified': 0, 'share': 95}]",1111,24dkTUfjWxgEDnoLuXudLZXhZWQruAWmDfnXjpQAVHSQ,"[{'trait_type': 'Visionary Studios', 'value': 'Genesis Membership'}]","{'files': [{'uri': 'https://arweave.net/OYfAVDKA85OY6zEnrR6_GD4nzqvtsht86GPJptUqw-s', 'type': 'video/mp4'}], 'category': 'video', 'creators': [{'address': '3Vp72o1PD3pxz4Uwtc7uaRf6RZ6LBrKEv1AgT4MsbTc5', 'share': 5}, {'address': 'XKuNQ5Nanm9hMi52yVvA8RhxgKXy6ZTthJK2QgSnntJ', 'share': 95}]}",1,XKuNQ5Nanm9hMi52yVvA8RhxgKXy6ZTthJK2QgSnntJ,1,{},False,"{'auctionHouseKey': 'E8cU1WiRWjanGxmn96ewBgk9vPTcL6AEZ1t6F6fkgUWe', 'sellerReferral': 'autMW8SgBkVYeBgqYiTuJZnkvDZMVU2MHJh9Jh7CSQ2', 'expiry': -1}",{}
1,Gdy8YLgb6NdWKbopJueJKxE3UN5TjW9RJhBWwXQnUQyX,29.0,ysN54ZkbtZhfQA4McAP1CecsfBEBQMnR1BpFVKQKXVC,DWepp5VCrMSKAy7oxUZkxdCS1vRFfsEkkyZg9FQ38ixQ,visionary_studios,Visionary Studios,https://arweave.net/liJYoNwv6oHlxnZzV4K8Du8QTsHwD0mexOwKkwfjm8I,Visionary Studios #583,777 Genesis Membership NFT's for Visionary Studios.,https://arweave.net/OYfAVDKA85OY6zEnrR6_GD4nzqvtsht86GPJptUqw-s,video,"[{'address': '6oNpLuaME2HbAgUK4aPvLoPof5VnUXxJPL1eGa6zAKk8', 'verified': 1, 'share': 0}, {'address': '3Vp72o1PD3pxz4Uwtc7uaRf6RZ6LBrKEv1AgT4MsbTc5', 'verified': 0, 'share': 5}, {'address': 'XKuNQ5Nanm9hMi52yVvA8RhxgKXy6ZTthJK2QgSnntJ', 'verified': 0, 'share': 95}]",1111,AfDBr3WCqViUU1CsqFb2hQTZf36pRRYnrNv51n1ULVaV,"[{'trait_type': 'Visionary Studios', 'value': 'Genesis Membership'}]","{'files': [{'uri': 'https://arweave.net/OYfAVDKA85OY6zEnrR6_GD4nzqvtsht86GPJptUqw-s', 'type': 'video/mp4'}], 'category': 'video', 'creators': [{'address': '3Vp72o1PD3pxz4Uwtc7uaRf6RZ6LBrKEv1AgT4MsbTc5', 'share': 5}, {'address': 'XKuNQ5Nanm9hMi52yVvA8RhxgKXy6ZTthJK2QgSnntJ', 'share': 95}]}",1,XKuNQ5Nanm9hMi52yVvA8RhxgKXy6ZTthJK2QgSnntJ,1,{},False,"{'auctionHouseKey': 'E8cU1WiRWjanGxmn96ewBgk9vPTcL6AEZ1t6F6fkgUWe', 'sellerReferral': 'autMW8SgBkVYeBgqYiTuJZnkvDZMVU2MHJh9Jh7CSQ2', 'expiry': -1}",{}
2,9fTUphcSesMWd9JBgya1BhAA8z6xTd2GH2QNqJ83uS3,29.99,2Jvb9xhyRxqFRrzx4M3XXVC3oCLRpEubuDNJjEmHAtrt,2YL8kwf9WvoZWKAXWX18jodL6xcJmr6o6gLUnkPWJA9L,visionary_studios,Visionary Studios,https://arweave.net/liJYoNwv6oHlxnZzV4K8Du8QTsHwD0mexOwKkwfjm8I,Visionary Studios #767,777 Genesis Membership NFT's for Visionary Studios.,https://arweave.net/OYfAVDKA85OY6zEnrR6_GD4nzqvtsht86GPJptUqw-s,video,"[{'address': '6oNpLuaME2HbAgUK4aPvLoPof5VnUXxJPL1eGa6zAKk8', 'verified': 1, 'share': 0}, {'address': '3Vp72o1PD3pxz4Uwtc7uaRf6RZ6LBrKEv1AgT4MsbTc5', 'verified': 0, 'share': 5}, {'address': 'XKuNQ5Nanm9hMi52yVvA8RhxgKXy6ZTthJK2QgSnntJ', 'verified': 0, 'share': 95}]",1111,6FeSfpuU7yY2ZyK1hAZ25HaJ91CpToyw5wCjf8dxpVU7,"[{'trait_type': 'Visionary Studios', 'value': 'Genesis Membership'}]","{'files': [{'uri': 'https://arweave.net/OYfAVDKA85OY6zEnrR6_GD4nzqvtsht86GPJptUqw-s', 'type': 'video/mp4'}], 'category': 'video', 'creators': [{'address': '3Vp72o1PD3pxz4Uwtc7uaRf6RZ6LBrKEv1AgT4MsbTc5', 'share': 5}, {'address': 'XKuNQ5Nanm9hMi52yVvA8RhxgKXy6ZTthJK2QgSnntJ', 'share': 95}]}",1,XKuNQ5Nanm9hMi52yVvA8RhxgKXy6ZTthJK2QgSnntJ,1,{},False,"{'auctionHouseKey': 'E8cU1WiRWjanGxmn96ewBgk9vPTcL6AEZ1t6F6fkgUWe', 'sellerReferral': 'autMW8SgBkVYeBgqYiTuJZnkvDZMVU2MHJh9Jh7CSQ2', 'expiry': -1}",{}
3,DtcaM5TLxfnXQXa5U79Q6GTLKaVZF9mbZxB8QKiMQW1B,30.0,GeVxLuKHEBJsfLbQazsYjzMcPUm7YofaWyzTn69nTomn,AEqhqiQZBBa3dPTY1GwGsZJJnf5vzRKJpdXv6xzakfx8,visionary_studios,Visionary Studios,https://arweave.net/liJYoNwv6oHlxnZzV4K8Du8QTsHwD0mexOwKkwfjm8I,Visionary Studios #291,777 Genesis Membership NFT's for Visionary Studios.,https://arweave.net/OYfAVDKA85OY6zEnrR6_GD4nzqvtsht86GPJptUqw-s,video,"[{'address': '6oNpLuaME2HbAgUK4aPvLoPof5VnUXxJPL1eGa6zAKk8', 'verified': 1, 'share': 0}, {'address': '3Vp72o1PD3pxz4Uwtc7uaRf6RZ6LBrKEv1AgT4MsbTc5', 'verified': 0, 'share': 5}, {'address': 'XKuNQ5Nanm9hMi52yVvA8RhxgKXy6ZTthJK2QgSnntJ', 'verified': 0, 'share': 95}]",1111,BiaSa3ZrPN6bd7d3PhgJ855mJC7ESMHgcxwEiuJHKc18,"[{'trait_type': 'Visionary Studios', 'value': 'Genesis Membership'}]","{'files': [{'uri': 'https://arweave.net/OYfAVDKA85OY6zEnrR6_GD4nzqvtsht86GPJptUqw-s', 'type': 'video/mp4'}], 'category': 'video', 'creators': [{'address': '3Vp72o1PD3pxz4Uwtc7uaRf6RZ6LBrKEv1AgT4MsbTc5', 'share': 5}, {'address': 'XKuNQ5Nanm9hMi52yVvA8RhxgKXy6ZTthJK2QgSnntJ', 'share': 95}]}",1,XKuNQ5Nanm9hMi52yVvA8RhxgKXy6ZTthJK2QgSnntJ,1,{},False,"{'auctionHouseKey': 'E8cU1WiRWjanGxmn96ewBgk9vPTcL6AEZ1t6F6fkgUWe', 'sellerReferral': 'autMW8SgBkVYeBgqYiTuJZnkvDZMVU2MHJh9Jh7CSQ2', 'expiry': -1}",{}
4,5JRumJJNTiZN4W1FmkGCgcuCP5wYUgNTyWdRLCKiBTCj,31.0,128wQbTXbXLiR2AvgKpxuKAQyD3WxnYDPPhPsNodj5qc,6mexoymsp8mtdjmZT7yLxfijFwCmDutgMJ38PMtncQGh,visionary_studios,Visionary Studios,https://arweave.net/liJYoNwv6oHlxnZzV4K8Du8QTsHwD0mexOwKkwfjm8I,Visionary Studios #469,777 Genesis Membership NFT's for Visionary Studios.,https://arweave.net/OYfAVDKA85OY6zEnrR6_GD4nzqvtsht86GPJptUqw-s,video,"[{'address': '6oNpLuaME2HbAgUK4aPvLoPof5VnUXxJPL1eGa6zAKk8', 'verified': 1, 'share': 0}, {'address': '3Vp72o1PD3pxz4Uwtc7uaRf6RZ6LBrKEv1AgT4MsbTc5', 'verified': 0, 'share': 5}, {'address': 'XKuNQ5Nanm9hMi52yVvA8RhxgKXy6ZTthJK2QgSnntJ', 'verified': 0, 'share': 95}]",1111,EKRaYr4ZF2eLbAbdJk2rmP8o3cMuXigXFVZ8Q36HRfij,"[{'trait_type': 'Visionary Studios', 'value': 'Genesis Membership'}]","{'files': [{'uri': 'https://arweave.net/OYfAVDKA85OY6zEnrR6_GD4nzqvtsht86GPJptUqw-s', 'type': 'video/mp4'}], 'category': 'video', 'creators': [{'address': '3Vp72o1PD3pxz4Uwtc7uaRf6RZ6LBrKEv1AgT4MsbTc5', 'share': 5}, {'address': 'XKuNQ5Nanm9hMi52yVvA8RhxgKXy6ZTthJK2QgSnntJ', 'share': 95}]}",1,XKuNQ5Nanm9hMi52yVvA8RhxgKXy6ZTthJK2QgSnntJ,1,{},False,"{'auctionHouseKey': 'E8cU1WiRWjanGxmn96ewBgk9vPTcL6AEZ1t6F6fkgUWe', 'sellerReferral': 'autMW8SgBkVYeBgqYiTuJZnkvDZMVU2MHJh9Jh7CSQ2', 'expiry': -1}",{}
5,2CHMoHWuxR2BTTciwg6DoCBTJBc1JG6qAW2yxSirEDEQ,33.0,EdBsBrzzeLpcdN3DDC5sEdGZgWYAkC8pp69vu8WhhpVc,8CVbjMJQ3MtEMorjNkaveFh33jDX1q4xZxZLzpj7g5Kx,visionary_studios,Visionary Studios,https://arweave.net/liJYoNwv6oHlxnZzV4K8Du8QTsHwD0mexOwKkwfjm8I,Visionary Studios #293,777 Genesis Membership NFT's for Visionary Studios.,https://arweave.net/OYfAVDKA85OY6zEnrR6_GD4nzqvtsht86GPJptUqw-s,video,"[{'address': '6oNpLuaME2HbAgUK4aPvLoPof5VnUXxJPL1eGa6zAKk8', 'verified': 1, 'share': 0}, {'address': '3Vp72o1PD3pxz4Uwtc7uaRf6RZ6LBrKEv1AgT4MsbTc5', 'verified': 0, 'share': 5}, {'address': 'XKuNQ5Nanm9hMi52yVvA8RhxgKXy6ZTthJK2QgSnntJ', 'verified': 0, 'share': 95}]",1111,8azsBppTQxZWrunp3Wsj9k2igwzW74cWP7dnqbgX6jMp,"[{'trait_type': 'Visionary Studios', 'value': 'Genesis Membership'}]","{'files': [{'uri': 'https://arweave.net/OYfAVDKA85OY6zEnrR6_GD4nzqvtsht86GPJptUqw-s', 'type': 'video/mp4'}], 'category': 'video', 'creators': [{'address': '3Vp72o1PD3pxz4Uwtc7uaRf6RZ6LBrKEv1AgT4MsbTc5', 'share': 5}, {'address': 'XKuNQ5Nanm9hMi52yVvA8RhxgKXy6ZTthJK2QgSnntJ', 'share': 95}]}",1,XKuNQ5Nanm9hMi52yVvA8RhxgKXy6ZTthJK2QgSnntJ,1,{},False,"{'auctionHouseKey': 'E8cU1WiRWjanGxmn96ewBgk9vPTcL6AEZ1t6F6fkgUWe', 'sellerReferral': 'autMW8SgBkVYeBgqYiTuJZnkvDZMVU2MHJh9Jh7CSQ2', 'expiry': -1}",{}
6,83m72Poshgm3eqcFvGtyiA52jjKSR6rquc54h5BPCA4c,33.3,5iNs1W8yEDEGiHVdfyBrtwnyisMexMTUjz48RvQhZGSi,AHtF8UD3SPAUpiTrwZXLxmJcsgdhDtSryKguyF3auZpS,visionary_studios,Visionary Studios,https://arweave.net/liJYoNwv6oHlxnZzV4K8Du8QTsHwD0mexOwKkwfjm8I,Visionary Studios #392,777 Genesis Membership NFT's for Visionary Studios.,https://arweave.net/OYfAVDKA85OY6zEnrR6_GD4nzqvtsht86GPJptUqw-s,video,"[{'address': '6oNpLuaME2HbAgUK4aPvLoPof5VnUXxJPL1eGa6zAKk8', 'verified': 1, 'share': 0}, {'address': '3Vp72o1PD3pxz4Uwtc7uaRf6RZ6LBrKEv1AgT4MsbTc5', 'verified': 0, 'share': 5}, {'address': 'XKuNQ5Nanm9hMi52yVvA8RhxgKXy6ZTthJK2QgSnntJ', 'verified': 0, 'share': 95}]",1111,GcMkoBiemWjp6Gy5fx1Vi8p9aqGzsAYnyP3pM4TEQWdR,"[{'trait_type': 'Visionary Studios', 'value': 'Genesis Membership'}]","{'files': [{'uri': 'https://arweave.net/OYfAVDKA85OY6zEnrR6_GD4nzqvtsht86GPJptUqw-s', 'type': 'video/mp4'}], 'category': 'video', 'creators': [{'address': '3Vp72o1PD3pxz4Uwtc7uaRf6RZ6LBrKEv1AgT4MsbTc5', 'share': 5}, {'address': 'XKuNQ5Nanm9hMi52yVvA8RhxgKXy6ZTthJK2QgSnntJ', 'share': 95}]}",1,XKuNQ5Nanm9hMi52yVvA8RhxgKXy6ZTthJK2QgSnntJ,1,{},False,"{'auctionHouseKey': 'E8cU1WiRWjanGxmn96ewBgk9vPTcL6AEZ1t6F6fkgUWe', 'sellerReferral': 'autMW8SgBkVYeBgqYiTuJZnkvDZMVU2MHJh9Jh7CSQ2', 'expiry': -1}",{}
7,7RASaGFyfSfib16R3fJDAuKAycbZXkBe7nwTntj6KjW2,38.0,CqLZSQ3pv9fjq7MzRj8MzQNz7SR9EAbio9Fkz4jo2BJ9,EV8xmhvMDSXQWqb6kbaCKLXsB29hhkYpvqmSEXD83mUi,visionary_studios,Visionary Studios,https://arweave.net/liJYoNwv6oHlxnZzV4K8Du8QTsHwD0mexOwKkwfjm8I,Visionary Studios #741,777 Genesis Membership NFT's for Visionary Studios.,https://arweave.net/OYfAVDKA85OY6zEnrR6_GD4nzqvtsht86GPJptUqw-s,video,"[{'address': '6oNpLuaME2HbAgUK4aPvLoPof5VnUXxJPL1eGa6zAKk8', 'verified': 1, 'share': 0}, {'address': '3Vp72o1PD3pxz4Uwtc7uaRf6RZ6LBrKEv1AgT4MsbTc5', 'verified': 0, 'share': 5}, {'address': 'XKuNQ5Nanm9hMi52yVvA8RhxgKXy6ZTthJK2QgSnntJ', 'verified': 0, 'share': 95}]",1111,H5RXV83FEfwaWnEcTok3VGTPLq7tYiGp1Pdbbp5yaPPm,"[{'trait_type': 'Visionary Studios', 'value': 'Genesis Membership'}]","{'files': [{'uri': 'https://arweave.net/OYfAVDKA85OY6zEnrR6_GD4nzqvtsht86GPJptUqw-s', 'type': 'video/mp4'}], 'category': 'video', 'creators': [{'address': '3Vp72o1PD3pxz4Uwtc7uaRf6RZ6LBrKEv1AgT4MsbTc5', 'share': 5}, {'address': 'XKuNQ5Nanm9hMi52yVvA8RhxgKXy6ZTthJK2QgSnntJ', 'share': 95}]}",1,XKuNQ5Nanm9hMi52yVvA8RhxgKXy6ZTthJK2QgSnntJ,1,{},False,"{'auctionHouseKey': 'E8cU1WiRWjanGxmn96ewBgk9vPTcL6AEZ1t6F6fkgUWe', 'sellerReferral': 'autMW8SgBkVYeBgqYiTuJZnkvDZMVU2MHJh9Jh7CSQ2', 'expiry': -1}",{}
8,83BXfdDwZsz4KT4qKPD3Z1Wew77JeLsDj6myvyBT77Cj,30.0,2KddcMggJhxjbuDTd43zcShw8bhSTUCjLdQbxYbuDLkQ,EjawQWmh94JamZAYHFxrLZzfiqn2yTUAeGT8eGZNxkr4,visionary_studios,Visionary Studios,https://arweave.net/liJYoNwv6oHlxnZzV4K8Du8QTsHwD0mexOwKkwfjm8I,Visionary Studios #86,777 Genesis Membership NFT's for Visionary Studios.,https://arweave.net/OYfAVDKA85OY6zEnrR6_GD4nzqvtsht86GPJptUqw-s,video,"[{'address': '6oNpLuaME2HbAgUK4aPvLoPof5VnUXxJPL1eGa6zAKk8', 'verified': 1, 'share': 0}, {'address': '3Vp72o1PD3pxz4Uwtc7uaRf6RZ6LBrKEv1AgT4MsbTc5', 'verified': 0, 'share': 5}, {'address': 'XKuNQ5Nanm9hMi52yVvA8RhxgKXy6ZTthJK2QgSnntJ', 'verified': 0, 'share': 95}]",1111,8eVGHET1Yv1jX1y8qJLcSJ6h71njdH3PBinCcf7cqCBt,"[{'trait_type': 'Visionary Studios', 'value': 'Genesis Membership'}]","{'files': [{'uri': 'https://arweave.net/OYfAVDKA85OY6zEnrR6_GD4nzqvtsht86GPJptUqw-s', 'type': 'video/mp4'}], 'category': 'video', 'creators': [{'address': '3Vp72o1PD3pxz4Uwtc7uaRf6RZ6LBrKEv1AgT4MsbTc5', 'share': 5}, {'address': 'XKuNQ5Nanm9hMi52yVvA8RhxgKXy6ZTthJK2QgSnntJ', 'share': 95}]}",1,XKuNQ5Nanm9hMi52yVvA8RhxgKXy6ZTthJK2QgSnntJ,1,{},False,"{'auctionHouseKey': 'E8cU1WiRWjanGxmn96ewBgk9vPTcL6AEZ1t6F6fkgUWe', 'sellerReferral': 'autMW8SgBkVYeBgqYiTuJZnkvDZMVU2MHJh9Jh7CSQ2', 'expiry': -1}",{}
9,Bdy3PEtTK1Z75CKWbKRpo5AHhPEtVFH5YLQZNG6EYgmd,40.0,BvdRg6MUN6dHfz6qveHqpgp1w6M9zRu4xnXdZx1ez3Kb,3iMNngRUK8W1Pfrsj3gAxbPuQXmcb3QJtHzDtdH811Qj,visionary_studios,Visionary Studios,https://arweave.net/liJYoNwv6oHlxnZzV4K8Du8QTsHwD0mexOwKkwfjm8I,Visionary Studios #92,777 Genesis Membership NFT's for Visionary Studios.,https://arweave.net/OYfAVDKA85OY6zEnrR6_GD4nzqvtsht86GPJptUqw-s,video,"[{'address': '6oNpLuaME2HbAgUK4aPvLoPof5VnUXxJPL1eGa6zAKk8', 'verified': 1, 'share': 0}, {'address': '3Vp72o1PD3pxz4Uwtc7uaRf6RZ6LBrKEv1AgT4MsbTc5', 'verified': 0, 'share': 5}, {'address': 'XKuNQ5Nanm9hMi52yVvA8RhxgKXy6ZTthJK2QgSnntJ', 'verified': 0, 'share': 95}]",1111,86w9ZwqDXCff3naz7bNpx7UAv4AjKspFGfnKSG8o5qRk,"[{'trait_type': 'Visionary Studios', 'value': 'Genesis Membership'}]","{'files': [{'uri': 'https://arweave.net/OYfAVDKA85OY6zEnrR6_GD4nzqvtsht86GPJptUqw-s', 'type': 'video/mp4'}], 'category': 'video', 'creators': [{'address': '3Vp72o1PD3pxz4Uwtc7uaRf6RZ6LBrKEv1AgT4MsbTc5', 'share': 5}, {'address': 'XKuNQ5Nanm9hMi52yVvA8RhxgKXy6ZTthJK2QgSnntJ', 'share': 95}]}",1,XKuNQ5Nanm9hMi52yVvA8RhxgKXy6ZTthJK2QgSnntJ,1,{},False,"{'auctionHouseKey': 'E8cU1WiRWjanGxmn96ewBgk9vPTcL6AEZ1t6F6fkgUWe', 'sellerReferral': 'autMW8SgBkVYeBgqYiTuJZnkvDZMVU2MHJh9Jh7CSQ2', 'expiry': -1}",{}
10,94bFYH2h1iPkATYQkw5cBvqckpaKXBW7YkyJmug6Sph1,40.0,D5QZiBz98ZUKasHTCQWjECUwpLvrbZTKjr3HhYtRfiyy,3iMNngRUK8W1Pfrsj3gAxbPuQXmcb3QJtHzDtdH811Qj,visionary_studios,Visionary Studios,https://arweave.net/liJYoNwv6oHlxnZzV4K8Du8QTsHwD0mexOwKkwfjm8I,Visionary Studios #261,777 Genesis Membership NFT's for Visionary Studios.,https://arweave.net/OYfAVDKA85OY6zEnrR6_GD4nzqvtsht86GPJptUqw-s,video,"[{'address': '6oNpLuaME2HbAgUK4aPvLoPof5VnUXxJPL1eGa6zAKk8', 'verified': 1, 'share': 0}, {'address': '3Vp72o1PD3pxz4Uwtc7uaRf6RZ6LBrKEv1AgT4MsbTc5', 'verified': 0, 'share': 5}, {'address': 'XKuNQ5Nanm9hMi52yVvA8RhxgKXy6ZTthJK2QgSnntJ', 'verified': 0, 'share': 95}]",1111,DADBZpuMfwvEizVKcPUEMruvZ6yPVi72zUUF2er4JtET,"[{'trait_type': 'Visionary Studios', 'value': 'Genesis Membership'}]","{'files': [{'uri': 'https://arweave.net/OYfAVDKA85OY6zEnrR6_GD4nzqvtsht86GPJptUqw-s', 'type': 'video/mp4'}], 'category': 'video', 'creators': [{'address': '3Vp72o1PD3pxz4Uwtc7uaRf6RZ6LBrKEv1AgT4MsbTc5', 'share': 5}, {'address': 'XKuNQ5Nanm9hMi52yVvA8RhxgKXy6ZTthJK2QgSnntJ', 'share': 95}]}",1,XKuNQ5Nanm9hMi52yVvA8RhxgKXy6ZTthJK2QgSnntJ,1,{},False,"{'auctionHouseKey': 'E8cU1WiRWjanGxmn96ewBgk9vPTcL6AEZ1t6F6fkgUWe', 'sellerReferral': 'autMW8SgBkVYeBgqYiTuJZnkvDZMVU2MHJh9Jh7CSQ2', 'expiry': -1}",{}
11,MaU2sbNVuLe2yWuVU5QpD7hvMpSxkMfrq16mHEXtRS3,40.0,Gqd91GZHhQzZ8496Bnchn6HnCUVeFefF9oe6Y8S3f2kr,5KYsrdS3RSNAM2JGNfaqmTgpXpKc5KXjhNMtAw6HJhgb,visionary_studios,Visionary Studios,https://arweave.net/liJYoNwv6oHlxnZzV4K8Du8QTsHwD0mexOwKkwfjm8I,Visionary Studios #747,777 Genesis Membership NFT's for Visionary Studios.,https://arweave.net/OYfAVDKA85OY6zEnrR6_GD4nzqvtsht86GPJptUqw-s,video,"[{'address': '6oNpLuaME2HbAgUK4aPvLoPof5VnUXxJPL1eGa6zAKk8', 'verified': 1, 'share': 0}, {'address': '3Vp72o1PD3pxz4Uwtc7uaRf6RZ6LBrKEv1AgT4MsbTc5', 'verified': 0, 'share': 5}, {'address': 'XKuNQ5Nanm9hMi52yVvA8RhxgKXy6ZTthJK2QgSnntJ', 'verified': 0, 'share': 95}]",1111,Hwjw16tbaaFNeCd1TPweGqKUzMXRA5duKprFh1GjuJ2g,"[{'trait_type': 'Visionary Studios', 'value': 'Genesis Membership'}]","{'files': [{'uri': 'https://arweave.net/OYfAVDKA85OY6zEnrR6_GD4nzqvtsht86GPJptUqw-s', 'type': 'video/mp4'}], 'category': 'video', 'creators': [{'address': '3Vp72o1PD3pxz4Uwtc7uaRf6RZ6LBrKEv1AgT4MsbTc5', 'share': 5}, {'address': 'XKuNQ5Nanm9hMi52yVvA8RhxgKXy6ZTthJK2QgSnntJ', 'share': 95}]}",1,XKuNQ5Nanm9hMi52yVvA8RhxgKXy6ZTthJK2QgSnntJ,1,{},False,"{'auctionHouseKey': 'E8cU1WiRWjanGxmn96ewBgk9vPTcL6AEZ1t6F6fkgUWe', 'sellerReferral': 'autMW8SgBkVYeBgqYiTuJZnkvDZMVU2MHJh9Jh7CSQ2', 'expiry': -1}",{}
12,DQBwRdVgAEMuACc9kgBNm3Um2haToF68gce9s3g3UCAp,40.0,CMaMMSZsRbdVKxpYdFkkhX1RbtRdeaiLDUuHaPHEiCw,8wvJpr8JG6gcU5X8Dni6RNdi4iBMH7UnRCvtNgvbgsWZ,visionary_studios,Visionary Studios,https://arweave.net/liJYoNwv6oHlxnZzV4K8Du8QTsHwD0mexOwKkwfjm8I,Visionary Studios #451,777 Genesis Membership NFT's for Visionary Studios.,https://arweave.net/OYfAVDKA85OY6zEnrR6_GD4nzqvtsht86GPJptUqw-s,video,"[{'address': '6oNpLuaME2HbAgUK4aPvLoPof5VnUXxJPL1eGa6zAKk8', 'verified': 1, 'share': 0}, {'address': '3Vp72o1PD3pxz4Uwtc7uaRf6RZ6LBrKEv1AgT4MsbTc5', 'verified': 0, 'share': 5}, {'address': 'XKuNQ5Nanm9hMi52yVvA8RhxgKXy6ZTthJK2QgSnntJ', 'verified': 0, 'share': 95}]",1111,RXisViwbRmasy5EhcPiVXWgZae6ugezyojxtvSCtd3m,"[{'trait_type': 'Visionary Studios', 'value': 'Genesis Membership'}]","{'files': [{'uri': 'https://arweave.net/OYfAVDKA85OY6zEnrR6_GD4nzqvtsht86GPJptUqw-s', 'type': 'video/mp4'}], 'category': 'video', 'creators': [{'address': '3Vp72o1PD3pxz4Uwtc7uaRf6RZ6LBrKEv1AgT4MsbTc5', 'share': 5}, {'address': 'XKuNQ5Nanm9hMi52yVvA8RhxgKXy6ZTthJK2QgSnntJ', 'share': 95}]}",1,XKuNQ5Nanm9hMi52yVvA8RhxgKXy6ZTthJK2QgSnntJ,1,{},False,"{'auctionHouseKey': 'E8cU1WiRWjanGxmn96ewBgk9vPTcL6AEZ1t6F6fkgUWe', 'sellerReferral': 'autMW8SgBkVYeBgqYiTuJZnkvDZMVU2MHJh9Jh7CSQ2', 'expiry': -1}",{}
13,CtGd3Empewd8ip8FsUJUk21hzEkiy2RjYsLfDkfSoZgr,43.5,BRYDcCt7HBaU17ofjMUTD4ZMd9dFiCAYF91iUFWJ8p5D,3WaHFhgk2oojwaD2xGQgLpV2ySjbQjD2BziBR7LfVj5C,visionary_studios,Visionary Studios,https://arweave.net/liJYoNwv6oHlxnZzV4K8Du8QTsHwD0mexOwKkwfjm8I,Visionary Studios #748,777 Genesis Membership NFT's for Visionary Studios.,https://arweave.net/OYfAVDKA85OY6zEnrR6_GD4nzqvtsht86GPJptUqw-s,video,"[{'address': '6oNpLuaME2HbAgUK4aPvLoPof5VnUXxJPL1eGa6zAKk8', 'verified': 1, 'share': 0}, {'address': '3Vp72o1PD3pxz4Uwtc7uaRf6RZ6LBrKEv1AgT4MsbTc5', 'verified': 0, 'share': 5}, {'address': 'XKuNQ5Nanm9hMi52yVvA8RhxgKXy6ZTthJK2QgSnntJ', 'verified': 0, 'share': 95}]",1111,7BaBdvuwMgSPhcgRFmytU5kEQNU1yXrstpSfJRc6ffKz,"[{'trait_type': 'Visionary Studios', 'value': 'Genesis Membership'}]","{'files': [{'uri': 'https://arweave.net/OYfAVDKA85OY6zEnrR6_GD4nzqvtsht86GPJptUqw-s', 'type': 'video/mp4'}], 'category': 'video', 'creators': [{'address': '3Vp72o1PD3pxz4Uwtc7uaRf6RZ6LBrKEv1AgT4MsbTc5', 'share': 5}, {'address': 'XKuNQ5Nanm9hMi52yVvA8RhxgKXy6ZTthJK2QgSnntJ', 'share': 95}]}",1,XKuNQ5Nanm9hMi52yVvA8RhxgKXy6ZTthJK2QgSnntJ,1,{},False,"{'auctionHouseKey': 'E8cU1WiRWjanGxmn96ewBgk9vPTcL6AEZ1t6F6fkgUWe', 'sellerReferral': 'autMW8SgBkVYeBgqYiTuJZnkvDZMVU2MHJh9Jh7CSQ2', 'expiry': -1}",{}
14,EWAM5ZDQgxdcBMve5MHah4ED5GKkHJHWtxSQFRGYWhX7,44.0,64VBic7RyyEzTjqG2NJLTSdLXCdgSDqtaTDRMNzFLmUs,EwongJ8HhxJFAtbAXjsBEX218PXzCTUc8tRNuwRgG62c,visionary_studios,Visionary Studios,https://arweave.net/liJYoNwv6oHlxnZzV4K8Du8QTsHwD0mexOwKkwfjm8I,Visionary Studios #623,777 Genesis Membership NFT's for Visionary Studios.,https://arweave.net/OYfAVDKA85OY6zEnrR6_GD4nzqvtsht86GPJptUqw-s,video,"[{'address': '6oNpLuaME2HbAgUK4aPvLoPof5VnUXxJPL1eGa6zAKk8', 'verified': 1, 'share': 0}, {'address': '3Vp72o1PD3pxz4Uwtc7uaRf6RZ6LBrKEv1AgT4MsbTc5', 'verified': 0, 'share': 5}, {'address': 'XKuNQ5Nanm9hMi52yVvA8RhxgKXy6ZTthJK2QgSnntJ', 'verified': 0, 'share': 95}]",1111,3XKYB44jV981yCoVnTQRDW1essrqyefrtsReYmMTBHFs,"[{'trait_type': 'Visionary Studios', 'value': 'Genesis Membership'}]","{'files': [{'uri': 'https://arweave.net/OYfAVDKA85OY6zEnrR6_GD4nzqvtsht86GPJptUqw-s', 'type': 'video/mp4'}], 'category': 'video', 'creators': [{'address': '3Vp72o1PD3pxz4Uwtc7uaRf6RZ6LBrKEv1AgT4MsbTc5', 'share': 5}, {'address': 'XKuNQ5Nanm9hMi52yVvA8RhxgKXy6ZTthJK2QgSnntJ', 'share': 95}]}",1,XKuNQ5Nanm9hMi52yVvA8RhxgKXy6ZTthJK2QgSnntJ,1,{},False,"{'auctionHouseKey': 'E8cU1WiRWjanGxmn96ewBgk9vPTcL6AEZ1t6F6fkgUWe', 'sellerReferral': 'autMW8SgBkVYeBgqYiTuJZnkvDZMVU2MHJh9Jh7CSQ2', 'expiry': -1}",{}
15,8RMaH9JEDN9U3jiiCdpDJohsYfNTopCm5kgoW1XnoqMR,44.3,F2TPiHTkrrJ8xPgvBkGB8Zo4H4neVydWv4RqUQa4nNSX,6wchbTbBjPwdGNwiHposssMtSV86M7ogyPWH7jvoyprV,visionary_studios,Visionary Studios,https://arweave.net/liJYoNwv6oHlxnZzV4K8Du8QTsHwD0mexOwKkwfjm8I,Visionary Studios #385,777 Genesis Membership NFT's for Visionary Studios.,https://arweave.net/OYfAVDKA85OY6zEnrR6_GD4nzqvtsht86GPJptUqw-s,video,"[{'address': '6oNpLuaME2HbAgUK4aPvLoPof5VnUXxJPL1eGa6zAKk8', 'verified': 1, 'share': 0}, {'address': '3Vp72o1PD3pxz4Uwtc7uaRf6RZ6LBrKEv1AgT4MsbTc5', 'verified': 0, 'share': 5}, {'address': 'XKuNQ5Nanm9hMi52yVvA8RhxgKXy6ZTthJK2QgSnntJ', 'verified': 0, 'share': 95}]",1111,J37YsMo9AsDW3cSex6caXQnZQuKM85BuWmkLAd3DF5dx,"[{'trait_type': 'Visionary Studios', 'value': 'Genesis Membership'}]","{'files': [{'uri': 'https://arweave.net/OYfAVDKA85OY6zEnrR6_GD4nzqvtsht86GPJptUqw-s', 'type': 'video/mp4'}], 'category': 'video', 'creators': [{'address': '3Vp72o1PD3pxz4Uwtc7uaRf6RZ6LBrKEv1AgT4MsbTc5', 'share': 5}, {'address': 'XKuNQ5Nanm9hMi52yVvA8RhxgKXy6ZTthJK2QgSnntJ', 'share': 95}]}",1,XKuNQ5Nanm9hMi52yVvA8RhxgKXy6ZTthJK2QgSnntJ,1,{},False,"{'auctionHouseKey': 'E8cU1WiRWjanGxmn96ewBgk9vPTcL6AEZ1t6F6fkgUWe', 'sellerReferral': 'autMW8SgBkVYeBgqYiTuJZnkvDZMVU2MHJh9Jh7CSQ2', 'expiry': -1}",{}
16,BtwBXRsLTnnMBChZ9tRFRUG1Snsur69wBwrj6EJBQSPd,44.5,8AhRyC6TvVGUvDHtrXtMCxxPNt4tsdDjxvq1b7hwvaKN,HsJ9Uh8DFmBtqS7pczyVVFJmPjVA1pTr3N2ZgUv69zCF,visionary_studios,Visionary Studios,https://arweave.net/liJYoNwv6oHlxnZzV4K8Du8QTsHwD0mexOwKkwfjm8I,Visionary Studios #343,777 Genesis Membership NFT's for Visionary Studios.,https://arweave.net/OYfAVDKA85OY6zEnrR6_GD4nzqvtsht86GPJptUqw-s,video,"[{'address': '6oNpLuaME2HbAgUK4aPvLoPof5VnUXxJPL1eGa6zAKk8', 'verified': 1, 'share': 0}, {'address': '3Vp72o1PD3pxz4Uwtc7uaRf6RZ6LBrKEv1AgT4MsbTc5', 'verified': 0, 'share': 5}, {'address': 'XKuNQ5Nanm9hMi52yVvA8RhxgKXy6ZTthJK2QgSnntJ', 'verified': 0, 'share': 95}]",1111,J7i9MBrD2pcMLX6PFzbYRAmkknzzYEReo1uRspDtCQEH,"[{'trait_type': 'Visionary Studios', 'value': 'Genesis Membership'}]","{'files': [{'uri': 'https://arweave.net/OYfAVDKA85OY6zEnrR6_GD4nzqvtsht86GPJptUqw-s', 'type': 'video/mp4'}], 'category': 'video', 'creators': [{'address': '3Vp72o1PD3pxz4Uwtc7uaRf6RZ6LBrKEv1AgT4MsbTc5', 'share': 5}, {'address': 'XKuNQ5Nanm9hMi52yVvA8RhxgKXy6ZTthJK2QgSnntJ', 'share': 95}]}",1,XKuNQ5Nanm9hMi52yVvA8RhxgKXy6ZTthJK2QgSnntJ,1,{},False,"{'auctionHouseKey': 'E8cU1WiRWjanGxmn96ewBgk9vPTcL6AEZ1t6F6fkgUWe', 'sellerReferral': 'autMW8SgBkVYeBgqYiTuJZnkvDZMVU2MHJh9Jh7CSQ2', 'expiry': -1}",{}
17,CmJbuw93ULiBj4cLYj1PHaFJiu5Xp5LUtJiHHYkUs6HT,45.0,7f77KosvAdVy6wuTtGBeSRkjhSnW3YPi3D4gdoZzncTv,G7No8SCSoBeccFk6ZLEPmoPcFGbe6hbJisinLTk8633o,visionary_studios,Visionary Studios,https://arweave.net/liJYoNwv6oHlxnZzV4K8Du8QTsHwD0mexOwKkwfjm8I,Visionary Studios #447,777 Genesis Membership NFT's for Visionary Studios.,https://arweave.net/OYfAVDKA85OY6zEnrR6_GD4nzqvtsht86GPJptUqw-s,video,"[{'address': '6oNpLuaME2HbAgUK4aPvLoPof5VnUXxJPL1eGa6zAKk8', 'verified': 1, 'share': 0}, {'address': '3Vp72o1PD3pxz4Uwtc7uaRf6RZ6LBrKEv1AgT4MsbTc5', 'verified': 0, 'share': 5}, {'address': 'XKuNQ5Nanm9hMi52yVvA8RhxgKXy6ZTthJK2QgSnntJ', 'verified': 0, 'share': 95}]",1111,4Q9pM3gM8VXjFheywjnbJc8Gto9vVbAjiHtRWX8fGE7t,"[{'trait_type': 'Visionary Studios', 'value': 'Genesis Membership'}]","{'files': [{'uri': 'https://arweave.net/OYfAVDKA85OY6zEnrR6_GD4nzqvtsht86GPJptUqw-s', 'type': 'video/mp4'}], 'category': 'video', 'creators': [{'address': '3Vp72o1PD3pxz4Uwtc7uaRf6RZ6LBrKEv1AgT4MsbTc5', 'share': 5}, {'address': 'XKuNQ5Nanm9hMi52yVvA8RhxgKXy6ZTthJK2QgSnntJ', 'share': 95}]}",1,XKuNQ5Nanm9hMi52yVvA8RhxgKXy6ZTthJK2QgSnntJ,1,{},False,"{'auctionHouseKey': 'E8cU1WiRWjanGxmn96ewBgk9vPTcL6AEZ1t6F6fkgUWe', 'sellerReferral': 'autMW8SgBkVYeBgqYiTuJZnkvDZMVU2MHJh9Jh7CSQ2', 'expiry': -1}",{}
18,BZhueDSjScho1b1rJ7J4ZP5vw1BAcxWQgYYVKakYKhzi,45.0,BGzymzFCShXFLvP4P8YB4vSXWFTcWuKXMtsPtf6nfG3M,Efr3g2u5VgxbLQbazxxnbgzkL55amaXfZJvjWLz9hcRR,visionary_studios,Visionary Studios,https://arweave.net/liJYoNwv6oHlxnZzV4K8Du8QTsHwD0mexOwKkwfjm8I,Visionary Studios #714,777 Genesis Membership NFT's for Visionary Studios.,https://arweave.net/OYfAVDKA85OY6zEnrR6_GD4nzqvtsht86GPJptUqw-s,video,"[{'address': '6oNpLuaME2HbAgUK4aPvLoPof5VnUXxJPL1eGa6zAKk8', 'verified': 1, 'share': 0}, {'address': '3Vp72o1PD3pxz4Uwtc7uaRf6RZ6LBrKEv1AgT4MsbTc5', 'verified': 0, 'share': 5}, {'address': 'XKuNQ5Nanm9hMi52yVvA8RhxgKXy6ZTthJK2QgSnntJ', 'verified': 0, 'share': 95}]",1111,GMFVLKGfvNaHaJn1zxLCxfmLHgrKy4rvF4p12SoqqHY7,"[{'trait_type': 'Visionary Studios', 'value': 'Genesis Membership'}]","{'files': [{'uri': 'https://arweave.net/OYfAVDKA85OY6zEnrR6_GD4nzqvtsht86GPJptUqw-s', 'type': 'video/mp4'}], 'category': 'video', 'creators': [{'address': '3Vp72o1PD3pxz4Uwtc7uaRf6RZ6LBrKEv1AgT4MsbTc5', 'share': 5}, {'address': 'XKuNQ5Nanm9hMi52yVvA8RhxgKXy6ZTthJK2QgSnntJ', 'share': 95}]}",1,XKuNQ5Nanm9hMi52yVvA8RhxgKXy6ZTthJK2QgSnntJ,1,{},False,"{'auctionHouseKey': 'E8cU1WiRWjanGxmn96ewBgk9vPTcL6AEZ1t6F6fkgUWe', 'sellerReferral': 'autMW8SgBkVYeBgqYiTuJZnkvDZMVU2MHJh9Jh7CSQ2', 'expiry': -1}",{}
19,F7VPqw1TjkQuh3yZbC7jgcWfh9xK7YfXxApJMazDfq8X,46.5,CANGQYztP5XXXvwCrcRrwcNW4Nr3PE1exZwdBbvZCogJ,HNyznfBZGJCc3HqzU8uFjxZKYW7wRHrB9jzN63mTF9e9,visionary_studios,Visionary Studios,https://arweave.net/liJYoNwv6oHlxnZzV4K8Du8QTsHwD0mexOwKkwfjm8I,Visionary Studios #439,777 Genesis Membership NFT's for Visionary Studios.,https://arweave.net/OYfAVDKA85OY6zEnrR6_GD4nzqvtsht86GPJptUqw-s,video,"[{'address': '6oNpLuaME2HbAgUK4aPvLoPof5VnUXxJPL1eGa6zAKk8', 'verified': 1, 'share': 0}, {'address': '3Vp72o1PD3pxz4Uwtc7uaRf6RZ6LBrKEv1AgT4MsbTc5', 'verified': 0, 'share': 5}, {'address': 'XKuNQ5Nanm9hMi52yVvA8RhxgKXy6ZTthJK2QgSnntJ', 'verified': 0, 'share': 95}]",1111,J3zZNNdgstHKFwfNH4yZG19Ci9GEHJDQjJHGhc6cTTGb,"[{'trait_type': 'Visionary Studios', 'value': 'Genesis Membership'}]","{'files': [{'uri': 'https://arweave.net/OYfAVDKA85OY6zEnrR6_GD4nzqvtsht86GPJptUqw-s', 'type': 'video/mp4'}], 'category': 'video', 'creators': [{'address': '3Vp72o1PD3pxz4Uwtc7uaRf6RZ6LBrKEv1AgT4MsbTc5', 'share': 5}, {'address': 'XKuNQ5Nanm9hMi52yVvA8RhxgKXy6ZTthJK2QgSnntJ', 'share': 95}]}",1,XKuNQ5Nanm9hMi52yVvA8RhxgKXy6ZTthJK2QgSnntJ,1,{},False,"{'auctionHouseKey': 'E8cU1WiRWjanGxmn96ewBgk9vPTcL6AEZ1t6F6fkgUWe', 'sellerReferral': 'autMW8SgBkVYeBgqYiTuJZnkvDZMVU2MHJh9Jh7CSQ2', 'expiry': -1}",{}
20,2YrF2XSuMBVqKgHXkx6ay6SwEisnBfzLSLN8dfSbjWG3,50.0,G7X49WmC2QXym66ej7zqczKCg6jdtPAQPoEnT9wfWbWV,4sp1eby3d4Cww4fj6AtrM2btZ3XP5MrJoJ8W61YqaWrS,visionary_studios,Visionary Studios,https://arweave.net/liJYoNwv6oHlxnZzV4K8Du8QTsHwD0mexOwKkwfjm8I,Visionary Studios #328,777 Genesis Membership NFT's for Visionary Studios.,https://arweave.net/OYfAVDKA85OY6zEnrR6_GD4nzqvtsht86GPJptUqw-s,video,"[{'address': '6oNpLuaME2HbAgUK4aPvLoPof5VnUXxJPL1eGa6zAKk8', 'verified': 1, 'share': 0}, {'address': '3Vp72o1PD3pxz4Uwtc7uaRf6RZ6LBrKEv1AgT4MsbTc5', 'verified': 0, 'share': 5}, {'address': 'XKuNQ5Nanm9hMi52yVvA8RhxgKXy6ZTthJK2QgSnntJ', 'verified': 0, 'share': 95}]",1111,5P8VgHZW8himhrF7j3HHMgRN318cf9bJ66SvVP5omZt1,"[{'trait_type': 'Visionary Studios', 'value': 'Genesis Membership'}]","{'files': [{'uri': 'https://arweave.net/OYfAVDKA85OY6zEnrR6_GD4nzqvtsht86GPJptUqw-s', 'type': 'video/mp4'}], 'category': 'video', 'creators': [{'address': '3Vp72o1PD3pxz4Uwtc7uaRf6RZ6LBrKEv1AgT4MsbTc5', 'share': 5}, {'address': 'XKuNQ5Nanm9hMi52yVvA8RhxgKXy6ZTthJK2QgSnntJ', 'share': 95}]}",1,XKuNQ5Nanm9hMi52yVvA8RhxgKXy6ZTthJK2QgSnntJ,1,{},False,"{'auctionHouseKey': 'E8cU1WiRWjanGxmn96ewBgk9vPTcL6AEZ1t6F6fkgUWe', 'sellerReferral': 'autMW8SgBkVYeBgqYiTuJZnkvDZMVU2MHJh9Jh7CSQ2', 'expiry': -1}",{}
21,HutBxXRrUbarqWWFm2kww5sEi9uUjFuNvB4vCWG5CjNE,50.0,HYSGnCSZ1Xnj7vToT2McMmpat5fNuaQS1eQVrfDuDhGs,3iMNngRUK8W1Pfrsj3gAxbPuQXmcb3QJtHzDtdH811Qj,visionary_studios,Visionary Studios,https://arweave.net/liJYoNwv6oHlxnZzV4K8Du8QTsHwD0mexOwKkwfjm8I,Visionary Studios #563,777 Genesis Membership NFT's for Visionary Studios.,https://arweave.net/OYfAVDKA85OY6zEnrR6_GD4nzqvtsht86GPJptUqw-s,video,"[{'address': '6oNpLuaME2HbAgUK4aPvLoPof5VnUXxJPL1eGa6zAKk8', 'verified': 1, 'share': 0}, {'address': '3Vp72o1PD3pxz4Uwtc7uaRf6RZ6LBrKEv1AgT4MsbTc5', 'verified': 0, 'share': 5}, {'address': 'XKuNQ5Nanm9hMi52yVvA8RhxgKXy6ZTthJK2QgSnntJ', 'verified': 0, 'share': 95}]",1111,BfrsNAzusFg72urmSVP1q1Qv8KbE3uBzCfavt5qkMU78,"[{'trait_type': 'Visionary Studios', 'value': 'Genesis Membership'}]","{'files': [{'uri': 'https://arweave.net/OYfAVDKA85OY6zEnrR6_GD4nzqvtsht86GPJptUqw-s', 'type': 'video/mp4'}], 'category': 'video', 'creators': [{'address': '3Vp72o1PD3pxz4Uwtc7uaRf6RZ6LBrKEv1AgT4MsbTc5', 'share': 5}, {'address': 'XKuNQ5Nanm9hMi52yVvA8RhxgKXy6ZTthJK2QgSnntJ', 'share': 95}]}",1,XKuNQ5Nanm9hMi52yVvA8RhxgKXy6ZTthJK2QgSnntJ,1,{},False,"{'auctionHouseKey': 'E8cU1WiRWjanGxmn96ewBgk9vPTcL6AEZ1t6F6fkgUWe', 'sellerReferral': 'autMW8SgBkVYeBgqYiTuJZnkvDZMVU2MHJh9Jh7CSQ2', 'expiry': -1}",{}
22,HNwwyxgEQbTNhpGTeQ6ZLTZ8vWUf7kpmQkQgkjQzMaZZ,50.0,9ZAGqKUzDLq6rZ2NkJ6iDgwXVEE2K9mdsG3jgnGgRNpe,3iMNngRUK8W1Pfrsj3gAxbPuQXmcb3QJtHzDtdH811Qj,visionary_studios,Visionary Studios,https://arweave.net/liJYoNwv6oHlxnZzV4K8Du8QTsHwD0mexOwKkwfjm8I,Visionary Studios #136,777 Genesis Membership NFT's for Visionary Studios.,https://arweave.net/OYfAVDKA85OY6zEnrR6_GD4nzqvtsht86GPJptUqw-s,video,"[{'address': '6oNpLuaME2HbAgUK4aPvLoPof5VnUXxJPL1eGa6zAKk8', 'verified': 1, 'share': 0}, {'address': '3Vp72o1PD3pxz4Uwtc7uaRf6RZ6LBrKEv1AgT4MsbTc5', 'verified': 0, 'share': 5}, {'address': 'XKuNQ5Nanm9hMi52yVvA8RhxgKXy6ZTthJK2QgSnntJ', 'verified': 0, 'share': 95}]",1111,4LmkUs279jTugWfoJFJxvb8EJqqosMGStaRVpKqxFyeW,"[{'trait_type': 'Visionary Studios', 'value': 'Genesis Membership'}]","{'files': [{'uri': 'https://arweave.net/OYfAVDKA85OY6zEnrR6_GD4nzqvtsht86GPJptUqw-s', 'type': 'video/mp4'}], 'category': 'video', 'creators': [{'address': '3Vp72o1PD3pxz4Uwtc7uaRf6RZ6LBrKEv1AgT4MsbTc5', 'share': 5}, {'address': 'XKuNQ5Nanm9hMi52yVvA8RhxgKXy6ZTthJK2QgSnntJ', 'share': 95}]}",1,XKuNQ5Nanm9hMi52yVvA8RhxgKXy6ZTthJK2QgSnntJ,1,{},False,"{'auctionHouseKey': 'E8cU1WiRWjanGxmn96ewBgk9vPTcL6AEZ1t6F6fkgUWe', 'sellerReferral': 'autMW8SgBkVYeBgqYiTuJZnkvDZMVU2MHJh9Jh7CSQ2', 'expiry': -1}",{}
23,HW7ow411ezYZuNDorjnY9rJzXxSepjvhCWiFyC5EfLKC,53.0,2ibzKLUmVp3iAHtnn4CRBPuSMssoWJ3mFdxYA9h16Znt,5V33JoovDe1Mzq1FeemKV74cefc6GBrXKg5ig51sxwNd,visionary_studios,Visionary Studios,https://arweave.net/liJYoNwv6oHlxnZzV4K8Du8QTsHwD0mexOwKkwfjm8I,Visionary Studios #196,777 Genesis Membership NFT's for Visionary Studios.,https://arweave.net/OYfAVDKA85OY6zEnrR6_GD4nzqvtsht86GPJptUqw-s,video,"[{'address': '6oNpLuaME2HbAgUK4aPvLoPof5VnUXxJPL1eGa6zAKk8', 'verified': 1, 'share': 0}, {'address': '3Vp72o1PD3pxz4Uwtc7uaRf6RZ6LBrKEv1AgT4MsbTc5', 'verified': 0, 'share': 5}, {'address': 'XKuNQ5Nanm9hMi52yVvA8RhxgKXy6ZTthJK2QgSnntJ', 'verified': 0, 'share': 95}]",1111,4qufFTKh8XYgFS1xmTXZ3jLBQP2XQTeEAP1WHzjju8Ns,"[{'trait_type': 'Visionary Studios', 'value': 'Genesis Membership'}]","{'files': [{'uri': 'https://arweave.net/OYfAVDKA85OY6zEnrR6_GD4nzqvtsht86GPJptUqw-s', 'type': 'video/mp4'}], 'category': 'video', 'creators': [{'address': '3Vp72o1PD3pxz4Uwtc7uaRf6RZ6LBrKEv1AgT4MsbTc5', 'share': 5}, {'address': 'XKuNQ5Nanm9hMi52yVvA8RhxgKXy6ZTthJK2QgSnntJ', 'share': 95}]}",1,XKuNQ5Nanm9hMi52yVvA8RhxgKXy6ZTthJK2QgSnntJ,1,{},False,"{'auctionHouseKey': 'E8cU1WiRWjanGxmn96ewBgk9vPTcL6AEZ1t6F6fkgUWe', 'sellerReferral': 'autMW8SgBkVYeBgqYiTuJZnkvDZMVU2MHJh9Jh7CSQ2', 'expiry': -1}",{}
24,HYxjn8JgCdxQjHqCVYoB4hQeq9XE7TgqeSvroiMF8nuY,60.0,HvyGtk1738T8WfzoynatmPYPaJosQh4FmH9jcpGJynoU,FFmg7mhHK6um6b892J4QVJ9hVpMUTg9NGM9NzBB46qzC,visionary_studios,Visionary Studios,https://arweave.net/liJYoNwv6oHlxnZzV4K8Du8QTsHwD0mexOwKkwfjm8I,Visionary Studios #422,777 Genesis Membership NFT's for Visionary Studios.,https://arweave.net/OYfAVDKA85OY6zEnrR6_GD4nzqvtsht86GPJptUqw-s,video,"[{'address': '6oNpLuaME2HbAgUK4aPvLoPof5VnUXxJPL1eGa6zAKk8', 'verified': 1, 'share': 0}, {'address': '3Vp72o1PD3pxz4Uwtc7uaRf6RZ6LBrKEv1AgT4MsbTc5', 'verified': 0, 'share': 5}, {'address': 'XKuNQ5Nanm9hMi52yVvA8RhxgKXy6ZTthJK2QgSnntJ', 'verified': 0, 'share': 95}]",1111,C95FBQRg7p64n5DpzCS3t9htR9qkAzRSarpDHudG9GkE,"[{'trait_type': 'Visionary Studios', 'value': 'Genesis Membership'}]","{'files': [{'uri': 'https://arweave.net/OYfAVDKA85OY6zEnrR6_GD4nzqvtsht86GPJptUqw-s', 'type': 'video/mp4'}], 'category': 'video', 'creators': [{'address': '3Vp72o1PD3pxz4Uwtc7uaRf6RZ6LBrKEv1AgT4MsbTc5', 'share': 5}, {'address': 'XKuNQ5Nanm9hMi52yVvA8RhxgKXy6ZTthJK2QgSnntJ', 'share': 95}]}",1,XKuNQ5Nanm9hMi52yVvA8RhxgKXy6ZTthJK2QgSnntJ,1,{},False,"{'auctionHouseKey': 'E8cU1WiRWjanGxmn96ewBgk9vPTcL6AEZ1t6F6fkgUWe', 'sellerReferral': 'autMW8SgBkVYeBgqYiTuJZnkvDZMVU2MHJh9Jh7CSQ2', 'expiry': -1}",{}
25,GThWm1NxuWYZxm36r9SwXUk1GRGCiQZnQPuZsFUPVDnx,60.0,513mHzN9MzQJUF8hcRphxTe3F6snXi3SR5FHXVzkj6kD,G4hQLzqpUYxR824aasN8safCPnuKvA82ktSzmvA1MYd4,visionary_studios,Visionary Studios,https://arweave.net/liJYoNwv6oHlxnZzV4K8Du8QTsHwD0mexOwKkwfjm8I,Visionary Studios #558,777 Genesis Membership NFT's for Visionary Studios.,https://arweave.net/OYfAVDKA85OY6zEnrR6_GD4nzqvtsht86GPJptUqw-s,video,"[{'address': '6oNpLuaME2HbAgUK4aPvLoPof5VnUXxJPL1eGa6zAKk8', 'verified': 1, 'share': 0}, {'address': '3Vp72o1PD3pxz4Uwtc7uaRf6RZ6LBrKEv1AgT4MsbTc5', 'verified': 0, 'share': 5}, {'address': 'XKuNQ5Nanm9hMi52yVvA8RhxgKXy6ZTthJK2QgSnntJ', 'verified': 0, 'share': 95}]",1111,xvefaMQhByqMHVrAGoJ7skaS2ah6skjqzzjNCySqVU2,"[{'trait_type': 'Visionary Studios', 'value': 'Genesis Membership'}]","{'files': [{'uri': 'https://arweave.net/OYfAVDKA85OY6zEnrR6_GD4nzqvtsht86GPJptUqw-s', 'type': 'video/mp4'}], 'category': 'video', 'creators': [{'address': '3Vp72o1PD3pxz4Uwtc7uaRf6RZ6LBrKEv1AgT4MsbTc5', 'share': 5}, {'address': 'XKuNQ5Nanm9hMi52yVvA8RhxgKXy6ZTthJK2QgSnntJ', 'share': 95}]}",1,XKuNQ5Nanm9hMi52yVvA8RhxgKXy6ZTthJK2QgSnntJ,1,{},False,"{'auctionHouseKey': 'E8cU1WiRWjanGxmn96ewBgk9vPTcL6AEZ1t6F6fkgUWe', 'sellerReferral': 'autMW8SgBkVYeBgqYiTuJZnkvDZMVU2MHJh9Jh7CSQ2', 'expiry': -1}",{}
26,6XThM4ZKXvkw3wMPKirWDarbDCGgEZd3xmsh1yr7Bc2t,69.69,Ge18E82BreAFCoDjrZsdKs4HCnAocmfSfC7BJ5fwk2bh,EHEyxyKa2QfLBVqjViHGKNxWy1YTFa51r3Bui27ctT67,visionary_studios,Visionary Studios,https://arweave.net/liJYoNwv6oHlxnZzV4K8Du8QTsHwD0mexOwKkwfjm8I,Visionary Studios #52,777 Genesis Membership NFT's for Visionary Studios.,https://arweave.net/OYfAVDKA85OY6zEnrR6_GD4nzqvtsht86GPJptUqw-s,video,"[{'address': '6oNpLuaME2HbAgUK4aPvLoPof5VnUXxJPL1eGa6zAKk8', 'verified': 1, 'share': 0}, {'address': '3Vp72o1PD3pxz4Uwtc7uaRf6RZ6LBrKEv1AgT4MsbTc5', 'verified': 0, 'share': 5}, {'address': 'XKuNQ5Nanm9hMi52yVvA8RhxgKXy6ZTthJK2QgSnntJ', 'verified': 0, 'share': 95}]",1111,BbQbkhq3qozrd5Je1fNSw2HK6keBDA8buXheBKUKZJAv,"[{'trait_type': 'Visionary Studios', 'value': 'Genesis Membership'}]","{'files': [{'uri': 'https://arweave.net/OYfAVDKA85OY6zEnrR6_GD4nzqvtsht86GPJptUqw-s', 'type': 'video/mp4'}], 'category': 'video', 'creators': [{'address': '3Vp72o1PD3pxz4Uwtc7uaRf6RZ6LBrKEv1AgT4MsbTc5', 'share': 5}, {'address': 'XKuNQ5Nanm9hMi52yVvA8RhxgKXy6ZTthJK2QgSnntJ', 'share': 95}]}",1,XKuNQ5Nanm9hMi52yVvA8RhxgKXy6ZTthJK2QgSnntJ,1,{},False,"{'auctionHouseKey': 'E8cU1WiRWjanGxmn96ewBgk9vPTcL6AEZ1t6F6fkgUWe', 'sellerReferral': 'autMW8SgBkVYeBgqYiTuJZnkvDZMVU2MHJh9Jh7CSQ2', 'expiry': -1}",{}
27,FGLv1coLquNTUt29wDRDrA3U4kj4eqLSTQ9xQXnrBmc8,90.0,EDFhqqjAgNjhcdd1aWoGapYroesys5sbr3FtUFMdeRNE,2YV2SNvCtZwDzbJ6gvuxNBaDSJ7xaHCrCDSvBdiRE9Tu,visionary_studios,Visionary Studios,https://arweave.net/liJYoNwv6oHlxnZzV4K8Du8QTsHwD0mexOwKkwfjm8I,Visionary Studios #476,777 Genesis Membership NFT's for Visionary Studios.,https://arweave.net/OYfAVDKA85OY6zEnrR6_GD4nzqvtsht86GPJptUqw-s,video,"[{'address': '6oNpLuaME2HbAgUK4aPvLoPof5VnUXxJPL1eGa6zAKk8', 'verified': 1, 'share': 0}, {'address': '3Vp72o1PD3pxz4Uwtc7uaRf6RZ6LBrKEv1AgT4MsbTc5', 'verified': 0, 'share': 5}, {'address': 'XKuNQ5Nanm9hMi52yVvA8RhxgKXy6ZTthJK2QgSnntJ', 'verified': 0, 'share': 95}]",1111,ETkK5SH8ipY3uSjMXp7cnmvpvFramuhf1kKvv1tigLXZ,"[{'trait_type': 'Visionary Studios', 'value': 'Genesis Membership'}]","{'files': [{'uri': 'https://arweave.net/OYfAVDKA85OY6zEnrR6_GD4nzqvtsht86GPJptUqw-s', 'type': 'video/mp4'}], 'category': 'video', 'creators': [{'address': '3Vp72o1PD3pxz4Uwtc7uaRf6RZ6LBrKEv1AgT4MsbTc5', 'share': 5}, {'address': 'XKuNQ5Nanm9hMi52yVvA8RhxgKXy6ZTthJK2QgSnntJ', 'share': 95}]}",1,XKuNQ5Nanm9hMi52yVvA8RhxgKXy6ZTthJK2QgSnntJ,1,{},False,"{'auctionHouseKey': 'E8cU1WiRWjanGxmn96ewBgk9vPTcL6AEZ1t6F6fkgUWe', 'sellerReferral': 'autMW8SgBkVYeBgqYiTuJZnkvDZMVU2MHJh9Jh7CSQ2', 'expiry': -1}",{}
28,BXYEgnhg6XVoQ4kJPScz8xFkrgqwCs4zgjMn3V7oGCau,100.0,CLDBaYbfFBVsmoRaVWzPHHZYPbRkuLcHC15jQcbNZeWb,8HcrgYiiLNHtv3Rts15EYAnNYhGRZdrUPVvGGiuA2v6D,visionary_studios,Visionary Studios,https://arweave.net/liJYoNwv6oHlxnZzV4K8Du8QTsHwD0mexOwKkwfjm8I,Visionary Studios #172,777 Genesis Membership NFT's for Visionary Studios.,https://arweave.net/OYfAVDKA85OY6zEnrR6_GD4nzqvtsht86GPJptUqw-s,video,"[{'address': '6oNpLuaME2HbAgUK4aPvLoPof5VnUXxJPL1eGa6zAKk8', 'verified': 1, 'share': 0}, {'address': '3Vp72o1PD3pxz4Uwtc7uaRf6RZ6LBrKEv1AgT4MsbTc5', 'verified': 0, 'share': 5}, {'address': 'XKuNQ5Nanm9hMi52yVvA8RhxgKXy6ZTthJK2QgSnntJ', 'verified': 0, 'share': 95}]",1111,AYDoCdW4eRvTLnDfAgJ4FevjPo4PK7Tniy9yZHyfyJLs,"[{'trait_type': 'Visionary Studios', 'value': 'Genesis Membership'}]","{'files': [{'uri': 'https://arweave.net/OYfAVDKA85OY6zEnrR6_GD4nzqvtsht86GPJptUqw-s', 'type': 'video/mp4'}], 'category': 'video', 'creators': [{'address': '3Vp72o1PD3pxz4Uwtc7uaRf6RZ6LBrKEv1AgT4MsbTc5', 'share': 5}, {'address': 'XKuNQ5Nanm9hMi52yVvA8RhxgKXy6ZTthJK2QgSnntJ', 'share': 95}]}",1,XKuNQ5Nanm9hMi52yVvA8RhxgKXy6ZTthJK2QgSnntJ,1,{},False,"{'auctionHouseKey': 'E8cU1WiRWjanGxmn96ewBgk9vPTcL6AEZ1t6F6fkgUWe', 'sellerReferral': 'autMW8SgBkVYeBgqYiTuJZnkvDZMVU2MHJh9Jh7CSQ2', 'expiry': -1}",{}
