,id,price,escrowPubkey,owner,collectionName,collectionTitle,img,title,content,externalURL,propertyCategory,creators,sellerFeeBasisPoints,mintAddress,attributes,properties,supply,updateAuthority,primarySaleHappened,onChainCollection,tokenDelegateValid,v2,rarity
0,9TSHFX8LZJLbS3eREjBVA1NgxzjQ4k6NnUexCuT2SGVY,11.0,2tCFyQKJwF5dgyaZNdDF1S9HzhK5WHzGQn2HpJaaFSDu,GJ2Z9BsQUcuNbUV1SKvh8oLHgaCsWSVUsKASGEhj9UhD,zankoku,Zankoku Cybogrez,https://arweave.net/mMrrtZeHP9GALAFt01d2U7_sQrIHdJ4u4eGjiwa2QxU,Zankoku Cybogrez #767,Cybogrez go BOP BOP,https://zankokuarena.io,image,"[{'address': 'xgLPMgPaFd1mjgP73Ghkogkpokn9AZFQhPAB5nre8m5', 'verified': 1, 'share': 0}, {'address': '52Cy9Xus2JgCszQ9vZq24A4r1gWRgpLLhSG1Bfk1YjNZ', 'verified': 0, 'share': 100}]",1250,EG7c1nqwyYMhfDESp77EdHvvyyptS6hwRZSMzyVJMdfP,"[{'trait_type': 'Background', 'value': 'BG 9'}, {'trait_type': 'Face', 'value': 'Ogre'}, {'trait_type': 'Arms', 'value': 'Apollo'}, {'trait_type': 'Accessories', 'value': '3D Glasses'}, {'trait_type': 'Torso', 'value': 'ZOKU003'}, {'trait_type': 'Helmet', 'value': 'Oath'}, {'trait_type': 'Feet', 'value': 'Vox'}, {'trait_type': 'Bracers', 'value': 'Aion'}, {'trait_type': 'Hands', 'value': 'Geo'}]","{'files': [{'type': 'image/png', 'uri': 'https://arweave.net/mMrrtZeHP9GALAFt01d2U7_sQrIHdJ4u4eGjiwa2QxU'}], 'category': 'image', 'creators': [{'address': '52Cy9Xus2JgCszQ9vZq24A4r1gWRgpLLhSG1Bfk1YjNZ', 'share': 100}]}",1,ZanzPN8P8kP41jq5gTR5yVQMavndvmSxUhSqrSjY36v,1,{},False,"{'auctionHouseKey': 'E8cU1WiRWjanGxmn96ewBgk9vPTcL6AEZ1t6F6fkgUWe', 'sellerReferral': 'autMW8SgBkVYeBgqYiTuJZnkvDZMVU2MHJh9Jh7CSQ2', 'expiry': -1}",{'moonrank': {'rank': 813}}
1,5aXm3Q4fqvV3ghkqr1NQ2x7RcSaNSEEYN3GRWEJRHqBU,11.24,5vcJgvXiyvLPB1sHLVRYJLtcyCXuBXXDpZNckzSQptpw,2kP4iJ1WJmEGmfW3jtpFRqjnhASCZP7QYG87idELADVX,zankoku,Zankoku Cybogrez,https://arweave.net/P2rppDPCideF004Nzqv_tMJpVcH1-PPZdVPJA0xjYvQ,Zankoku Cybogrez #713,Cybogrez go BOP BOP,https://zankokuarena.io,image,"[{'address': 'xgLPMgPaFd1mjgP73Ghkogkpokn9AZFQhPAB5nre8m5', 'verified': 1, 'share': 0}, {'address': '52Cy9Xus2JgCszQ9vZq24A4r1gWRgpLLhSG1Bfk1YjNZ', 'verified': 0, 'share': 100}]",1250,AMBdboLZr5yeqheoCuXqQFKk9HhQvGFNvhA258QmmWwm,"[{'trait_type': 'Background', 'value': 'BG 25'}, {'trait_type': 'Face', 'value': 'Ogre'}, {'trait_type': 'Arms', 'value': 'Beta'}, {'trait_type': 'Accessories', 'value': 'Skull'}, {'trait_type': 'Torso', 'value': 'ZOKU018'}, {'trait_type': 'Helmet', 'value': 'Oath'}, {'trait_type': 'Feet', 'value': 'Balder'}, {'trait_type': 'Bracers', 'value': 'Alpha'}, {'trait_type': 'Hands', 'value': 'Drako'}]","{'files': [{'type': 'image/png', 'uri': 'https://arweave.net/P2rppDPCideF004Nzqv_tMJpVcH1-PPZdVPJA0xjYvQ'}], 'category': 'image', 'creators': [{'address': '52Cy9Xus2JgCszQ9vZq24A4r1gWRgpLLhSG1Bfk1YjNZ', 'share': 100}]}",1,ZanzPN8P8kP41jq5gTR5yVQMavndvmSxUhSqrSjY36v,1,{},False,"{'auctionHouseKey': 'E8cU1WiRWjanGxmn96ewBgk9vPTcL6AEZ1t6F6fkgUWe', 'sellerReferral': 'autMW8SgBkVYeBgqYiTuJZnkvDZMVU2MHJh9Jh7CSQ2', 'expiry': -1}",{'moonrank': {'rank': 396}}
2,HYojHG18oPvZK6qp3YrNGHoQdcC5jS1aoAWBji7PXypj,11.3,HmVLXUvsYkuFvLzKnfhbVhR4fKTDytH7Yx7eeT4HFx4s,J4x4kD4hsAMdtawYrnDYuATqPem3PjVpQrtk641yGUYR,zankoku,Zankoku Cybogrez,https://arweave.net/Uwjts9AO7Du9yojwU__-KSfJqDibv0kys4e4SDvW2rw,Zankoku Cybogrez #1045,Cybogrez go BOP BOP,https://zankokuarena.io,image,"[{'address': 'xgLPMgPaFd1mjgP73Ghkogkpokn9AZFQhPAB5nre8m5', 'verified': 1, 'share': 0}, {'address': '52Cy9Xus2JgCszQ9vZq24A4r1gWRgpLLhSG1Bfk1YjNZ', 'verified': 0, 'share': 100}]",1250,6GU2Mg6ePNezhZh7qRZ3FyDCPM3XQYW87kvUoGubxwtp,"[{'trait_type': 'Background', 'value': 'BG 17'}, {'trait_type': 'Face', 'value': 'Ogre'}, {'trait_type': 'Arms', 'value': 'Shogun'}, {'trait_type': 'Accessories', 'value': '3D Glasses'}, {'trait_type': 'Torso', 'value': 'ZOKU023'}, {'trait_type': 'Helmet', 'value': 'Neptune'}, {'trait_type': 'Feet', 'value': 'Kindred'}, {'trait_type': 'Bracers', 'value': 'Atlas'}, {'trait_type': 'Hands', 'value': 'Soft Machine'}]","{'files': [{'type': 'image/png', 'uri': 'https://arweave.net/Uwjts9AO7Du9yojwU__-KSfJqDibv0kys4e4SDvW2rw'}], 'category': 'image', 'creators': [{'address': '52Cy9Xus2JgCszQ9vZq24A4r1gWRgpLLhSG1Bfk1YjNZ', 'share': 100}]}",1,ZanzPN8P8kP41jq5gTR5yVQMavndvmSxUhSqrSjY36v,1,{},False,"{'auctionHouseKey': 'E8cU1WiRWjanGxmn96ewBgk9vPTcL6AEZ1t6F6fkgUWe', 'sellerReferral': 'autMW8SgBkVYeBgqYiTuJZnkvDZMVU2MHJh9Jh7CSQ2', 'expiry': -1}",{'moonrank': {'rank': 785}}
3,izY6U2GivZsLoy8KzYHaYVgjeupF6rDDtsQvjvu3nER,11.35,Boej7MUmV37XKjHbdhu4k3afb1PDTZgTimeY4JdhPQ74,6NxfPMmeefy3vURtSJmxbG57msmcKvNxS9DFog3MGeJS,zankoku,Zankoku Cybogrez,https://arweave.net/Ucln4KpA2rfqWrGyvG2242EiYtU7rrS-izXnMSQ7voo,Zankoku Cybogrez #90,Cybogrez go BOP BOP,https://zankokuarena.io,image,"[{'address': 'xgLPMgPaFd1mjgP73Ghkogkpokn9AZFQhPAB5nre8m5', 'verified': 1, 'share': 0}, {'address': '52Cy9Xus2JgCszQ9vZq24A4r1gWRgpLLhSG1Bfk1YjNZ', 'verified': 0, 'share': 100}]",1250,HTMmsigGH7DYeNH89wZiwuAQFWynu6x56SVSyXNpcKT2,"[{'trait_type': 'Background', 'value': 'BG 9'}, {'trait_type': 'Face', 'value': 'Ogre'}, {'trait_type': 'Arms', 'value': 'Kappa'}, {'trait_type': 'Accessories', 'value': 'Eyebrow Ring Blue'}, {'trait_type': 'Torso', 'value': 'ZOKU006'}, {'trait_type': 'Helmet', 'value': 'Dream'}, {'trait_type': 'Feet', 'value': 'Loki'}, {'trait_type': 'Bracers', 'value': 'Ultima'}, {'trait_type': 'Hands', 'value': 'Survivor'}]","{'files': [{'type': 'image/png', 'uri': 'https://arweave.net/Ucln4KpA2rfqWrGyvG2242EiYtU7rrS-izXnMSQ7voo'}], 'category': 'image', 'creators': [{'address': '52Cy9Xus2JgCszQ9vZq24A4r1gWRgpLLhSG1Bfk1YjNZ', 'share': 100}]}",1,ZanzPN8P8kP41jq5gTR5yVQMavndvmSxUhSqrSjY36v,1,{},False,"{'auctionHouseKey': 'E8cU1WiRWjanGxmn96ewBgk9vPTcL6AEZ1t6F6fkgUWe', 'sellerReferral': 'autMW8SgBkVYeBgqYiTuJZnkvDZMVU2MHJh9Jh7CSQ2', 'expiry': -1}",{'moonrank': {'rank': 402}}
4,Gianf7P8zcRYy9EmKpabjmAPmmKp1YRaqkzDvFtaxzRy,11.49,71ZejhueNqJNXuX9b6AGbdiW9LeDKz9G7LgcWAESsxRj,6qZByRmgF4dpX8nXPzpAQwd4h9mqZp7Yf1f6V8ntTdWg,zankoku,Zankoku Cybogrez,https://arweave.net/QERN8EhrornhIVP457z2cSet58rx0Yj8yOrgkamAHVU,Zankoku Cybogrez #794,Cybogrez go BOP BOP,https://zankokuarena.io,image,"[{'address': 'xgLPMgPaFd1mjgP73Ghkogkpokn9AZFQhPAB5nre8m5', 'verified': 1, 'share': 0}, {'address': '52Cy9Xus2JgCszQ9vZq24A4r1gWRgpLLhSG1Bfk1YjNZ', 'verified': 0, 'share': 100}]",1250,E52HjoeWpEqLkgMXb7acdNWFZ5gqC2k62msogR9Cdqcq,"[{'trait_type': 'Background', 'value': 'BG 13'}, {'trait_type': 'Face', 'value': 'Ogre'}, {'trait_type': 'Arms', 'value': 'Golden'}, {'trait_type': 'Accessories', 'value': 'Nose Ring'}, {'trait_type': 'Torso', 'value': 'ZOKU007'}, {'trait_type': 'Helmet', 'value': 'Tohth'}, {'trait_type': 'Feet', 'value': 'Hero'}, {'trait_type': 'Bracers', 'value': 'Hera'}, {'trait_type': 'Hands', 'value': 'Ogre'}]","{'files': [{'type': 'image/png', 'uri': 'https://arweave.net/QERN8EhrornhIVP457z2cSet58rx0Yj8yOrgkamAHVU'}], 'category': 'image', 'creators': [{'address': '52Cy9Xus2JgCszQ9vZq24A4r1gWRgpLLhSG1Bfk1YjNZ', 'share': 100}]}",1,ZanzPN8P8kP41jq5gTR5yVQMavndvmSxUhSqrSjY36v,1,{},False,"{'auctionHouseKey': 'E8cU1WiRWjanGxmn96ewBgk9vPTcL6AEZ1t6F6fkgUWe', 'sellerReferral': 'autMW8SgBkVYeBgqYiTuJZnkvDZMVU2MHJh9Jh7CSQ2', 'expiry': -1}",{'moonrank': {'rank': 1045}}
5,BiVbpvXUd8FoyaCPQPq1c7TK9meUUy9ekyMzuHdB6q1r,11.5,Ayb6kyXmntSrkrvxRDhKNMKv5vZergtA25xYmjWaviWz,G7rATcoTZfyqskUmghuYy7jGGhD55dGukMdRUnVkXbQS,zankoku,Zankoku Cybogrez,https://arweave.net/VESSC5D6eJJ1ODqFjRfu-54ZQSdBfLSXb5pebMLIe_g,Zankoku Cybogrez #1103,Cybogrez go BOP BOP,https://zankokuarena.io,image,"[{'address': 'xgLPMgPaFd1mjgP73Ghkogkpokn9AZFQhPAB5nre8m5', 'verified': 1, 'share': 0}, {'address': '52Cy9Xus2JgCszQ9vZq24A4r1gWRgpLLhSG1Bfk1YjNZ', 'verified': 0, 'share': 100}]",1250,FqGKXVF8jLVknr6J4kf8anmj1jKQfDUSuH2Q4juAPfMq,"[{'trait_type': 'Background', 'value': 'BG 10'}, {'trait_type': 'Face', 'value': 'Ogre'}, {'trait_type': 'Arms', 'value': 'Merlin'}, {'trait_type': 'Accessories', 'value': 'Glasses'}, {'trait_type': 'Torso', 'value': 'ZOKU006'}, {'trait_type': 'Helmet', 'value': 'Golem'}, {'trait_type': 'Feet', 'value': 'Mega'}, {'trait_type': 'Bracers', 'value': 'Kronos'}, {'trait_type': 'Hands', 'value': 'Drako'}]","{'files': [{'type': 'image/png', 'uri': 'https://arweave.net/VESSC5D6eJJ1ODqFjRfu-54ZQSdBfLSXb5pebMLIe_g'}], 'category': 'image', 'creators': [{'address': '52Cy9Xus2JgCszQ9vZq24A4r1gWRgpLLhSG1Bfk1YjNZ', 'share': 100}]}",1,ZanzPN8P8kP41jq5gTR5yVQMavndvmSxUhSqrSjY36v,1,{},False,"{'auctionHouseKey': 'E8cU1WiRWjanGxmn96ewBgk9vPTcL6AEZ1t6F6fkgUWe', 'sellerReferral': 'autMW8SgBkVYeBgqYiTuJZnkvDZMVU2MHJh9Jh7CSQ2', 'expiry': -1}",{'moonrank': {'rank': 144}}
6,49a2okgN49j88HeMYEEvKkpk5Fvz2wi3X2R1LtvrAjFm,11.8,8SNVkw3ARdvXZiQ43w6uKQYd9fGJgmK72A7xkxEompFR,4qjVpw6S8Hhx2m9Mzri9tvYMAPyFRECY8KpRupULthi5,zankoku,Zankoku Cybogrez,https://arweave.net/_FkCAsGLDxF-yzfq0_QJ58P2Z0bc9E9J8HXLYAVqgok,Zankoku Cybogrez #125,Cybogrez go BOP BOP,https://zankokuarena.io,image,"[{'address': 'xgLPMgPaFd1mjgP73Ghkogkpokn9AZFQhPAB5nre8m5', 'verified': 1, 'share': 0}, {'address': '52Cy9Xus2JgCszQ9vZq24A4r1gWRgpLLhSG1Bfk1YjNZ', 'verified': 0, 'share': 100}]",1250,7P2pcsSxYhRkVVBaBBtyD5KEDNRoEgVmDakaDzd37eQH,"[{'trait_type': 'Background', 'value': 'BG 8'}, {'trait_type': 'Face', 'value': 'Ogre'}, {'trait_type': 'Arms', 'value': 'Alpha'}, {'trait_type': 'Accessories', 'value': 'Tongue'}, {'trait_type': 'Torso', 'value': 'ZOKU018'}, {'trait_type': 'Helmet', 'value': 'Clash'}, {'trait_type': 'Feet', 'value': 'Thor'}, {'trait_type': 'Bracers', 'value': 'Prime'}, {'trait_type': 'Hands', 'value': 'Wrath'}]","{'files': [{'type': 'image/png', 'uri': 'https://arweave.net/_FkCAsGLDxF-yzfq0_QJ58P2Z0bc9E9J8HXLYAVqgok'}], 'category': 'image', 'creators': [{'address': '52Cy9Xus2JgCszQ9vZq24A4r1gWRgpLLhSG1Bfk1YjNZ', 'share': 100}]}",1,ZanzPN8P8kP41jq5gTR5yVQMavndvmSxUhSqrSjY36v,1,{},False,"{'auctionHouseKey': 'E8cU1WiRWjanGxmn96ewBgk9vPTcL6AEZ1t6F6fkgUWe', 'sellerReferral': 'autMW8SgBkVYeBgqYiTuJZnkvDZMVU2MHJh9Jh7CSQ2', 'expiry': -1}",{'moonrank': {'rank': 383}}
7,AvRQZm48AZifxVov4TdjebVaTri7t4PcaFeQUHqZQHwz,11.98,2n3GYMAHstNKc98Uv3Y46Ei3LRBqfiFhfwXJ4r21hHPz,B36KSx3gkWcMm2RPQEaQEV9LUcwjmQBb7GPpJMBfj5Qi,zankoku,Zankoku Cybogrez,https://arweave.net/hx00Nja1HHMJOfv7xxBbeTPoDZcbZcAOF133K44MpDY,Zankoku Cybogrez #196,Cybogrez go BOP BOP,https://zankokuarena.io,image,"[{'address': 'xgLPMgPaFd1mjgP73Ghkogkpokn9AZFQhPAB5nre8m5', 'verified': 1, 'share': 0}, {'address': '52Cy9Xus2JgCszQ9vZq24A4r1gWRgpLLhSG1Bfk1YjNZ', 'verified': 0, 'share': 100}]",1250,6RyQDAybCUH18WVuuMZoMe6Qv7zPFBpWTyuVsigD5uNu,"[{'trait_type': 'Background', 'value': 'BG 2'}, {'trait_type': 'Face', 'value': 'Ogre'}, {'trait_type': 'Arms', 'value': 'Shanks'}, {'trait_type': 'Accessories', 'value': 'Sparkle'}, {'trait_type': 'Torso', 'value': 'ZOKU007'}, {'trait_type': 'Helmet', 'value': 'Chaser'}, {'trait_type': 'Feet', 'value': 'Delta'}, {'trait_type': 'Bracers', 'value': 'Hermes'}, {'trait_type': 'Hands', 'value': 'Lust'}]","{'files': [{'type': 'image/png', 'uri': 'https://arweave.net/hx00Nja1HHMJOfv7xxBbeTPoDZcbZcAOF133K44MpDY'}], 'category': 'image', 'creators': [{'address': '52Cy9Xus2JgCszQ9vZq24A4r1gWRgpLLhSG1Bfk1YjNZ', 'share': 100}]}",1,ZanzPN8P8kP41jq5gTR5yVQMavndvmSxUhSqrSjY36v,1,{},False,"{'auctionHouseKey': 'E8cU1WiRWjanGxmn96ewBgk9vPTcL6AEZ1t6F6fkgUWe', 'sellerReferral': 'autMW8SgBkVYeBgqYiTuJZnkvDZMVU2MHJh9Jh7CSQ2', 'expiry': -1}",{'moonrank': {'rank': 316}}
8,GNf68VVkSTHHt2T8rDfeVo7UmwSqHV41X7nUaZaAB8Mu,12.0,FrtFjZ7DjoQEW2h58EvUVWRKZwD3E8xmxTFeE7fFmbb2,4AGDESRmoUGpF8ZUeSHLqtgdgWnzJ6WXqjsDW7iJxQJN,zankoku,Zankoku Cybogrez,https://arweave.net/wP4feqoUcQUyTHzyb-gwT9tIYG48CGe3m92uZfAb0HI,Zankoku Cybogrez #834,Cybogrez go BOP BOP,https://zankokuarena.io,image,"[{'address': 'xgLPMgPaFd1mjgP73Ghkogkpokn9AZFQhPAB5nre8m5', 'verified': 1, 'share': 0}, {'address': '52Cy9Xus2JgCszQ9vZq24A4r1gWRgpLLhSG1Bfk1YjNZ', 'verified': 0, 'share': 100}]",1250,85ijrjETRM7RmrvL9Vn3gePtwjpp1hSWUPfjMLwahdV2,"[{'trait_type': 'Background', 'value': 'BG 23'}, {'trait_type': 'Face', 'value': 'Ogre'}, {'trait_type': 'Arms', 'value': 'Ratchet'}, {'trait_type': 'Accessories', 'value': 'X'}, {'trait_type': 'Torso', 'value': 'ZOKU012'}, {'trait_type': 'Helmet', 'value': 'Cyan'}, {'trait_type': 'Feet', 'value': 'Mega'}, {'trait_type': 'Bracers', 'value': 'Eros'}, {'trait_type': 'Hands', 'value': 'Kiss'}]","{'files': [{'type': 'image/png', 'uri': 'https://arweave.net/wP4feqoUcQUyTHzyb-gwT9tIYG48CGe3m92uZfAb0HI'}], 'category': 'image', 'creators': [{'address': '52Cy9Xus2JgCszQ9vZq24A4r1gWRgpLLhSG1Bfk1YjNZ', 'share': 100}]}",1,ZanzPN8P8kP41jq5gTR5yVQMavndvmSxUhSqrSjY36v,1,{},False,"{'auctionHouseKey': 'E8cU1WiRWjanGxmn96ewBgk9vPTcL6AEZ1t6F6fkgUWe', 'sellerReferral': 'autMW8SgBkVYeBgqYiTuJZnkvDZMVU2MHJh9Jh7CSQ2', 'expiry': -1}",{'moonrank': {'rank': 795}}
9,DzHANr1Z5U9iGYo7Fk5FVZw2HQYpe18jXzbSueMpsWMb,12.0,DLJQ57zBv9pPbRv2iuMvKE3szJJZ6HqKsq4vjKdknTh7,4PknW37P8hzoqhHh4xUwji9po27pqkVsAQ7Nyf6HvnQJ,zankoku,Zankoku Cybogrez,https://arweave.net/ibS9aIsC4i5x8XVbRZKWKEt2vzvIxQBXGcw_I7NyaPw,Zankoku Cybogrez #512,Cybogrez go BOP BOP,https://zankokuarena.io,image,"[{'address': 'xgLPMgPaFd1mjgP73Ghkogkpokn9AZFQhPAB5nre8m5', 'verified': 1, 'share': 0}, {'address': '52Cy9Xus2JgCszQ9vZq24A4r1gWRgpLLhSG1Bfk1YjNZ', 'verified': 0, 'share': 100}]",1250,3GuzYjq3S35GW2qwTxJE7AyuZmQyKsGQKXhGYr3AL55j,"[{'trait_type': 'Background', 'value': 'BG 20'}, {'trait_type': 'Face', 'value': 'Ogre'}, {'trait_type': 'Arms', 'value': 'Beta'}, {'trait_type': 'Accessories', 'value': 'Eyebrow Ring Blue'}, {'trait_type': 'Torso', 'value': 'ZOKU001'}, {'trait_type': 'Helmet', 'value': 'Tohth'}, {'trait_type': 'Feet', 'value': 'Fox'}, {'trait_type': 'Bracers', 'value': 'Aphrodite'}, {'trait_type': 'Hands', 'value': 'Emperor'}]","{'files': [{'type': 'image/png', 'uri': 'https://arweave.net/ibS9aIsC4i5x8XVbRZKWKEt2vzvIxQBXGcw_I7NyaPw'}], 'category': 'image', 'creators': [{'address': '52Cy9Xus2JgCszQ9vZq24A4r1gWRgpLLhSG1Bfk1YjNZ', 'share': 100}]}",1,ZanzPN8P8kP41jq5gTR5yVQMavndvmSxUhSqrSjY36v,1,{},False,"{'auctionHouseKey': 'E8cU1WiRWjanGxmn96ewBgk9vPTcL6AEZ1t6F6fkgUWe', 'sellerReferral': 'autMW8SgBkVYeBgqYiTuJZnkvDZMVU2MHJh9Jh7CSQ2', 'expiry': -1}",{'moonrank': {'rank': 836}}
10,3QSH6xd8SeWWPsF6DnfTBfydcktFaJGgMsKSXjzWhvTn,12.0,7nXimHho7S2mEBDjZPi64stMht2WuNT8MpoQvfUaheUL,5H6faSHi9rMT1kE2TPJo7H4yTMcywiQLwYEe4gyzSteA,zankoku,Zankoku Cybogrez,https://arweave.net/9-pcNteaPTTM2WLXVS3u4jWxaqgoVMh2s_oY9I39EB0,Zankoku Cybogrez #852,Cybogrez go BOP BOP,https://zankokuarena.io,image,"[{'address': 'xgLPMgPaFd1mjgP73Ghkogkpokn9AZFQhPAB5nre8m5', 'verified': 1, 'share': 0}, {'address': '52Cy9Xus2JgCszQ9vZq24A4r1gWRgpLLhSG1Bfk1YjNZ', 'verified': 0, 'share': 100}]",1250,J6uh7ZPUadUXZ88pdpTmP7QmV4oBHSiNAjbjJHEfj3w1,"[{'trait_type': 'Background', 'value': 'BG 3'}, {'trait_type': 'Face', 'value': 'Ogre'}, {'trait_type': 'Arms', 'value': 'Umbra'}, {'trait_type': 'Accessories', 'value': 'Eyepatch Red'}, {'trait_type': 'Torso', 'value': 'ZOKU002'}, {'trait_type': 'Helmet', 'value': 'Domino'}, {'trait_type': 'Feet', 'value': 'Balder'}, {'trait_type': 'Bracers', 'value': 'Fane'}, {'trait_type': 'Hands', 'value': 'Enigma'}]","{'files': [{'type': 'image/png', 'uri': 'https://arweave.net/9-pcNteaPTTM2WLXVS3u4jWxaqgoVMh2s_oY9I39EB0'}], 'category': 'image', 'creators': [{'address': '52Cy9Xus2JgCszQ9vZq24A4r1gWRgpLLhSG1Bfk1YjNZ', 'share': 100}]}",1,ZanzPN8P8kP41jq5gTR5yVQMavndvmSxUhSqrSjY36v,1,{},False,"{'auctionHouseKey': 'E8cU1WiRWjanGxmn96ewBgk9vPTcL6AEZ1t6F6fkgUWe', 'sellerReferral': 'autMW8SgBkVYeBgqYiTuJZnkvDZMVU2MHJh9Jh7CSQ2', 'expiry': -1}",{'moonrank': {'rank': 422}}
11,HGLAfcvUKWvYe6V7h7oxaHt6HCFCqCxDspf19c5HEyye,12.0,2ap5Q6Tbt2QeUSE4A9uau2kcSVtzTAiBGhiY52kY9dEM,FJzCU3Prg9Bo4WWFYKpM1D3RpkdiS5PtomJXAsdhamc4,zankoku,Zankoku Cybogrez,https://arweave.net/x5YMve4b-JhZ_ZgzJ1dV2raA2EN8liicKkhlFE5u9CM,Zankoku Cybogrez #877,Cybogrez go BOP BOP,https://zankokuarena.io,image,"[{'address': 'xgLPMgPaFd1mjgP73Ghkogkpokn9AZFQhPAB5nre8m5', 'verified': 1, 'share': 0}, {'address': '52Cy9Xus2JgCszQ9vZq24A4r1gWRgpLLhSG1Bfk1YjNZ', 'verified': 0, 'share': 100}]",1250,2qMCAw8sNhax8HBPsoanmGqdzjpZ6Tvo8rqneovR4cbo,"[{'trait_type': 'Background', 'value': 'BG 1'}, {'trait_type': 'Face', 'value': 'Ogre'}, {'trait_type': 'Arms', 'value': 'Gemin'}, {'trait_type': 'Accessories', 'value': 'None'}, {'trait_type': 'Torso', 'value': 'ZOKU001'}, {'trait_type': 'Helmet', 'value': 'Chaser'}, {'trait_type': 'Feet', 'value': 'Mega'}, {'trait_type': 'Bracers', 'value': 'Storm'}, {'trait_type': 'Hands', 'value': 'Emperor'}]","{'files': [{'type': 'image/png', 'uri': 'https://arweave.net/x5YMve4b-JhZ_ZgzJ1dV2raA2EN8liicKkhlFE5u9CM'}], 'category': 'image', 'creators': [{'address': '52Cy9Xus2JgCszQ9vZq24A4r1gWRgpLLhSG1Bfk1YjNZ', 'share': 100}]}",1,ZanzPN8P8kP41jq5gTR5yVQMavndvmSxUhSqrSjY36v,1,{},False,"{'auctionHouseKey': 'E8cU1WiRWjanGxmn96ewBgk9vPTcL6AEZ1t6F6fkgUWe', 'sellerReferral': 'autMW8SgBkVYeBgqYiTuJZnkvDZMVU2MHJh9Jh7CSQ2', 'expiry': -1}",{'moonrank': {'rank': 289}}
12,GXGj43Jq34T93n1FN9QWd4LPCzvn3chUvMqTf6DAgGbL,12.0,3rWVJEpHaTTfchzteBPATZHpEmw6F77bQ1bFNNTcCDss,Fxq8342bojra3YcaGv5xsRMjF31UybeT6p22DKN2Bm46,zankoku,Zankoku Cybogrez,https://arweave.net/t82jet7x-a2_DNxJJmHff2jq_xnqySsvfnMQ2_PkEHo,Zankoku Cybogrez #910,Cybogrez go BOP BOP,https://zankokuarena.io,image,"[{'address': 'xgLPMgPaFd1mjgP73Ghkogkpokn9AZFQhPAB5nre8m5', 'verified': 1, 'share': 0}, {'address': '52Cy9Xus2JgCszQ9vZq24A4r1gWRgpLLhSG1Bfk1YjNZ', 'verified': 0, 'share': 100}]",1250,B48GGDkdmhveMzafdYBHB4i8SBWxSZLjfxcsiiBSwwkX,"[{'trait_type': 'Background', 'value': 'BG 22'}, {'trait_type': 'Face', 'value': 'Ogre'}, {'trait_type': 'Arms', 'value': 'Libra'}, {'trait_type': 'Accessories', 'value': 'Skull'}, {'trait_type': 'Torso', 'value': 'ZOKU001'}, {'trait_type': 'Helmet', 'value': 'Seige'}, {'trait_type': 'Feet', 'value': 'Hero'}, {'trait_type': 'Bracers', 'value': 'Aether'}, {'trait_type': 'Hands', 'value': 'Anubis'}]","{'files': [{'type': 'image/png', 'uri': 'https://arweave.net/t82jet7x-a2_DNxJJmHff2jq_xnqySsvfnMQ2_PkEHo'}], 'category': 'image', 'creators': [{'address': '52Cy9Xus2JgCszQ9vZq24A4r1gWRgpLLhSG1Bfk1YjNZ', 'share': 100}]}",1,ZanzPN8P8kP41jq5gTR5yVQMavndvmSxUhSqrSjY36v,1,{},False,"{'auctionHouseKey': 'E8cU1WiRWjanGxmn96ewBgk9vPTcL6AEZ1t6F6fkgUWe', 'sellerReferral': 'autMW8SgBkVYeBgqYiTuJZnkvDZMVU2MHJh9Jh7CSQ2', 'expiry': -1}",{'moonrank': {'rank': 806}}
13,6bkVkxzmdMRtFGAgeeEuedKu3LMEYhsYdhnxdyvo4TVY,13.0,8VyDJTiDVTpoUhD9MaQ92chu9H2rwGraDKFr9E6Qjkj6,GngZqefRZUg7CAaptKWsEedDsD5dtKFwD7NPrY2qdWqT,zankoku,Zankoku Cybogrez,https://arweave.net/qVlgPCS6xFVJx1lNKpQcnNR__hjkxu1hi3lWIGZl6lw,Zankoku Cybogrez #657,Cybogrez go BOP BOP,https://zankokuarena.io,image,"[{'address': 'xgLPMgPaFd1mjgP73Ghkogkpokn9AZFQhPAB5nre8m5', 'verified': 1, 'share': 0}, {'address': '52Cy9Xus2JgCszQ9vZq24A4r1gWRgpLLhSG1Bfk1YjNZ', 'verified': 0, 'share': 100}]",1250,BW6Hd6E3nnxrcJxmpgZH7uNKjTCPmZ5kmmfksomPThht,"[{'trait_type': 'Background', 'value': 'BG 24'}, {'trait_type': 'Face', 'value': 'Ogre'}, {'trait_type': 'Arms', 'value': 'Shanks'}, {'trait_type': 'Accessories', 'value': 'Eyebrow Ring Blue'}, {'trait_type': 'Torso', 'value': 'ZOKU001'}, {'trait_type': 'Helmet', 'value': 'Cyan'}, {'trait_type': 'Feet', 'value': 'Kami'}, {'trait_type': 'Bracers', 'value': 'Hermes'}, {'trait_type': 'Hands', 'value': 'Geo'}]","{'files': [{'type': 'image/png', 'uri': 'https://arweave.net/qVlgPCS6xFVJx1lNKpQcnNR__hjkxu1hi3lWIGZl6lw'}], 'category': 'image', 'creators': [{'address': '52Cy9Xus2JgCszQ9vZq24A4r1gWRgpLLhSG1Bfk1YjNZ', 'share': 100}]}",1,ZanzPN8P8kP41jq5gTR5yVQMavndvmSxUhSqrSjY36v,1,{},False,"{'auctionHouseKey': 'E8cU1WiRWjanGxmn96ewBgk9vPTcL6AEZ1t6F6fkgUWe', 'sellerReferral': 'autMW8SgBkVYeBgqYiTuJZnkvDZMVU2MHJh9Jh7CSQ2', 'expiry': -1}",{'moonrank': {'rank': 1024}}
14,67YxcgmH1yTYb2FjLRJ8w7LHBX8LDdsm94WPXuKnwYmU,13.4,yE5wHgWPZj5RX9NhLF5G2EqusMgX3jXEpi1o3e4TDGt,8aLR7pwkxYXh2eWR5vtEwTZCfEnFMGyG9AtQJ4J2Ba8m,zankoku,Zankoku Cybogrez,https://arweave.net/BVD08kElkFCh4ab-req8E1BKaXExCSBmcmR7RX-lD0M,Zankoku Cybogrez #872,Cybogrez go BOP BOP,https://zankokuarena.io,image,"[{'address': 'xgLPMgPaFd1mjgP73Ghkogkpokn9AZFQhPAB5nre8m5', 'verified': 1, 'share': 0}, {'address': '52Cy9Xus2JgCszQ9vZq24A4r1gWRgpLLhSG1Bfk1YjNZ', 'verified': 0, 'share': 100}]",1250,APZUmwcuLs9ceyXqWwaNx8kGBNa3iWph758izJfQ8qFs,"[{'trait_type': 'Background', 'value': 'BG 12'}, {'trait_type': 'Face', 'value': 'Ogre'}, {'trait_type': 'Arms', 'value': 'Ratchet'}, {'trait_type': 'Accessories', 'value': 'Nose Ring'}, {'trait_type': 'Torso', 'value': 'ZOKU003'}, {'trait_type': 'Helmet', 'value': 'Samurai'}, {'trait_type': 'Feet', 'value': 'Reign'}, {'trait_type': 'Bracers', 'value': 'Aion'}, {'trait_type': 'Hands', 'value': 'Hermit Purple'}]","{'files': [{'type': 'image/png', 'uri': 'https://arweave.net/BVD08kElkFCh4ab-req8E1BKaXExCSBmcmR7RX-lD0M'}], 'category': 'image', 'creators': [{'address': '52Cy9Xus2JgCszQ9vZq24A4r1gWRgpLLhSG1Bfk1YjNZ', 'share': 100}]}",1,ZanzPN8P8kP41jq5gTR5yVQMavndvmSxUhSqrSjY36v,1,{},False,"{'auctionHouseKey': 'E8cU1WiRWjanGxmn96ewBgk9vPTcL6AEZ1t6F6fkgUWe', 'sellerReferral': 'autMW8SgBkVYeBgqYiTuJZnkvDZMVU2MHJh9Jh7CSQ2', 'expiry': -1}",{'moonrank': {'rank': 380}}
15,4bFdknp5frBJsfTsDYNuaDL2FUYDCaxF5mDEZJQYvtma,14.0,Ebg8nXjt831mhbgozQZc86HXKbtW8cRdiipxwxdCTwyv,5GkjiD83hcerafxJefCL1D3dGwhho4G6zoPJNwChDcd1,zankoku,Zankoku Cybogrez,https://arweave.net/wKzKYVLl6zc_zX6ebAe85zH3QadhzsQRSu3Ucoz7wzA,Zankoku Cybogrez #378,Cybogrez go BOP BOP,https://zankokuarena.io,image,"[{'address': 'xgLPMgPaFd1mjgP73Ghkogkpokn9AZFQhPAB5nre8m5', 'verified': 1, 'share': 0}, {'address': '52Cy9Xus2JgCszQ9vZq24A4r1gWRgpLLhSG1Bfk1YjNZ', 'verified': 0, 'share': 100}]",1250,BAH8trJtG9Uw3Kmhdq44EuV3TSAdc8a3RFT9pvEbuTuN,"[{'trait_type': 'Background', 'value': 'BG 5'}, {'trait_type': 'Face', 'value': 'Ogre'}, {'trait_type': 'Arms', 'value': 'Undine'}, {'trait_type': 'Accessories', 'value': 'Alert'}, {'trait_type': 'Torso', 'value': 'ZOKU008'}, {'trait_type': 'Helmet', 'value': 'Cyan'}, {'trait_type': 'Feet', 'value': 'Nova'}, {'trait_type': 'Bracers', 'value': 'Aether'}, {'trait_type': 'Hands', 'value': 'Anubis'}]","{'files': [{'type': 'image/png', 'uri': 'https://arweave.net/wKzKYVLl6zc_zX6ebAe85zH3QadhzsQRSu3Ucoz7wzA'}], 'category': 'image', 'creators': [{'address': '52Cy9Xus2JgCszQ9vZq24A4r1gWRgpLLhSG1Bfk1YjNZ', 'share': 100}]}",1,ZanzPN8P8kP41jq5gTR5yVQMavndvmSxUhSqrSjY36v,1,{},False,"{'auctionHouseKey': 'E8cU1WiRWjanGxmn96ewBgk9vPTcL6AEZ1t6F6fkgUWe', 'sellerReferral': 'autMW8SgBkVYeBgqYiTuJZnkvDZMVU2MHJh9Jh7CSQ2', 'expiry': -1}",{'moonrank': {'rank': 363}}
16,9SsEUwM2UVUEHxSusYfmXwsEs1gsgkUfdYGKevqfrYcp,14.0,9mvwYzXh73bJbNwQdM6nWSphdpnHRfp2cpKVnFmK1wec,Cb4Je8jM5LYDS96Sr1vPxf9oVmdpBNLFgEFQFyZirbnN,zankoku,Zankoku Cybogrez,https://arweave.net/LrSh8_TOu-w27iMf6eYA_4hyGRtpR54Nio8yxXTbY1s,Zankoku Cybogrez #883,Cybogrez go BOP BOP,https://zankokuarena.io,image,"[{'address': 'xgLPMgPaFd1mjgP73Ghkogkpokn9AZFQhPAB5nre8m5', 'verified': 1, 'share': 0}, {'address': '52Cy9Xus2JgCszQ9vZq24A4r1gWRgpLLhSG1Bfk1YjNZ', 'verified': 0, 'share': 100}]",1250,GUBG2pwjoqVtxjXsPJ5TN29V1KwUHSWiqQ2BCv8pufn6,"[{'trait_type': 'Background', 'value': 'BG 4'}, {'trait_type': 'Face', 'value': 'Ogre'}, {'trait_type': 'Arms', 'value': 'Ratchet'}, {'trait_type': 'Accessories', 'value': 'Songbird'}, {'trait_type': 'Torso', 'value': 'ZOKU002'}, {'trait_type': 'Helmet', 'value': 'Riot'}, {'trait_type': 'Feet', 'value': 'Delta'}, {'trait_type': 'Bracers', 'value': 'Hera'}, {'trait_type': 'Hands', 'value': 'Hermit Purple'}]","{'files': [{'type': 'image/png', 'uri': 'https://arweave.net/LrSh8_TOu-w27iMf6eYA_4hyGRtpR54Nio8yxXTbY1s'}], 'category': 'image', 'creators': [{'address': '52Cy9Xus2JgCszQ9vZq24A4r1gWRgpLLhSG1Bfk1YjNZ', 'share': 100}]}",1,ZanzPN8P8kP41jq5gTR5yVQMavndvmSxUhSqrSjY36v,1,{},False,"{'auctionHouseKey': 'E8cU1WiRWjanGxmn96ewBgk9vPTcL6AEZ1t6F6fkgUWe', 'sellerReferral': 'autMW8SgBkVYeBgqYiTuJZnkvDZMVU2MHJh9Jh7CSQ2', 'expiry': -1}",{'moonrank': {'rank': 850}}
17,8PXGd9sUCRFkBxrbosAPbM1biQ7oMPKPf14SC5sA7hqR,14.3,HkKZSkPFAU6HcgWNW3WnraFWWG7dfszkY3wumVDehd2t,ENN8wzFdvaTPKAupL8nC7dTBd1dyX96bSyRU2yBfow7s,zankoku,Zankoku Cybogrez,https://arweave.net/VgF1lBYE_8SX2Pgv79TQK2UIVoXojmzMdIRsXnrp_34,Zankoku Cybogrez #667,Cybogrez go BOP BOP,https://zankokuarena.io,image,"[{'address': 'xgLPMgPaFd1mjgP73Ghkogkpokn9AZFQhPAB5nre8m5', 'verified': 1, 'share': 0}, {'address': '52Cy9Xus2JgCszQ9vZq24A4r1gWRgpLLhSG1Bfk1YjNZ', 'verified': 0, 'share': 100}]",1250,94ob4spCf89vUTXMa97MQi42o4oKUQqCV57t5gZ1PFAX,"[{'trait_type': 'Background', 'value': 'BG 1'}, {'trait_type': 'Face', 'value': 'Ogre'}, {'trait_type': 'Arms', 'value': 'Kappa'}, {'trait_type': 'Accessories', 'value': 'Cross Bandaid'}, {'trait_type': 'Torso', 'value': 'ZOKU018'}, {'trait_type': 'Helmet', 'value': 'Sethan'}, {'trait_type': 'Feet', 'value': 'Berrier'}, {'trait_type': 'Bracers', 'value': 'Aion'}, {'trait_type': 'Hands', 'value': 'Empress'}]","{'files': [{'type': 'image/png', 'uri': 'https://arweave.net/VgF1lBYE_8SX2Pgv79TQK2UIVoXojmzMdIRsXnrp_34'}], 'category': 'image', 'creators': [{'address': '52Cy9Xus2JgCszQ9vZq24A4r1gWRgpLLhSG1Bfk1YjNZ', 'share': 100}]}",1,ZanzPN8P8kP41jq5gTR5yVQMavndvmSxUhSqrSjY36v,1,{},False,"{'auctionHouseKey': 'E8cU1WiRWjanGxmn96ewBgk9vPTcL6AEZ1t6F6fkgUWe', 'sellerReferral': 'autMW8SgBkVYeBgqYiTuJZnkvDZMVU2MHJh9Jh7CSQ2', 'expiry': -1}",{'moonrank': {'rank': 985}}
18,7imvQ9o1LHrBUUQBugkFgvVn5fvrtTNHcd4sXRyfApHY,14.5,E78Uvi8DYenmjYwte7eaFioPEbJwNAnAJLCdo2fd7ZLy,79areN9G1zV8qsMBAoxh39Aj59AYC2uNpYNLRsGhtUm3,zankoku,Zankoku Cybogrez,https://arweave.net/6SOKxqV-bthEBWS8lyJXdYAy1c6xCYdsrJVw-UBuO8w,Zankoku Cybogrez #583,Cybogrez go BOP BOP,https://zankokuarena.io,image,"[{'address': 'xgLPMgPaFd1mjgP73Ghkogkpokn9AZFQhPAB5nre8m5', 'verified': 1, 'share': 0}, {'address': '52Cy9Xus2JgCszQ9vZq24A4r1gWRgpLLhSG1Bfk1YjNZ', 'verified': 0, 'share': 100}]",1250,AbyNABzn6C5h2S7kxGFx1hgSssyQDs5Mo7QNcCFA7vYm,"[{'trait_type': 'Background', 'value': 'BG 24'}, {'trait_type': 'Face', 'value': 'Ogre'}, {'trait_type': 'Arms', 'value': 'Omega'}, {'trait_type': 'Accessories', 'value': 'Eyepatch White'}, {'trait_type': 'Torso', 'value': 'ZOKU017'}, {'trait_type': 'Helmet', 'value': 'Neptune'}, {'trait_type': 'Feet', 'value': 'Fox'}, {'trait_type': 'Bracers', 'value': 'Ares'}, {'trait_type': 'Hands', 'value': 'Anubis'}]","{'files': [{'type': 'image/png', 'uri': 'https://arweave.net/6SOKxqV-bthEBWS8lyJXdYAy1c6xCYdsrJVw-UBuO8w'}], 'category': 'image', 'creators': [{'address': '52Cy9Xus2JgCszQ9vZq24A4r1gWRgpLLhSG1Bfk1YjNZ', 'share': 100}]}",1,ZanzPN8P8kP41jq5gTR5yVQMavndvmSxUhSqrSjY36v,1,{},False,"{'auctionHouseKey': 'E8cU1WiRWjanGxmn96ewBgk9vPTcL6AEZ1t6F6fkgUWe', 'sellerReferral': 'autMW8SgBkVYeBgqYiTuJZnkvDZMVU2MHJh9Jh7CSQ2', 'expiry': -1}",{'moonrank': {'rank': 280}}
19,HMyrRnMNWaAEnpeZeiJMrE2bnjSEWMEcCm6nKxPC4Qje,14.59,AKggEBcZQkuwPpP75dht3zEcvdGBhfYTmv8LPZJFA8jP,AsWtmouu2PWDoag3hVjCp5ixgzJeT5ZkLYNYoeN4sLjK,zankoku,Zankoku Cybogrez,https://arweave.net/K1jccBGt1rf_ZGdogOFWlNvbqMoG-91AZOe7sVWYJt0,Zankoku Cybogrez #586,Cybogrez go BOP BOP,https://zankokuarena.io,image,"[{'address': 'xgLPMgPaFd1mjgP73Ghkogkpokn9AZFQhPAB5nre8m5', 'verified': 1, 'share': 0}, {'address': '52Cy9Xus2JgCszQ9vZq24A4r1gWRgpLLhSG1Bfk1YjNZ', 'verified': 0, 'share': 100}]",1250,GGyermCsxpx7v5N6fdtA33iBUxbSEgHrRaAMGkqvA72a,"[{'trait_type': 'Background', 'value': 'BG 5'}, {'trait_type': 'Face', 'value': 'Ogre'}, {'trait_type': 'Arms', 'value': 'Beta'}, {'trait_type': 'Accessories', 'value': 'Horns'}, {'trait_type': 'Torso', 'value': 'ZOKU009'}, {'trait_type': 'Helmet', 'value': 'Golem'}, {'trait_type': 'Feet', 'value': 'Bragi'}, {'trait_type': 'Bracers', 'value': 'Eros'}, {'trait_type': 'Hands', 'value': 'Geo'}]","{'files': [{'type': 'image/png', 'uri': 'https://arweave.net/K1jccBGt1rf_ZGdogOFWlNvbqMoG-91AZOe7sVWYJt0'}], 'category': 'image', 'creators': [{'address': '52Cy9Xus2JgCszQ9vZq24A4r1gWRgpLLhSG1Bfk1YjNZ', 'share': 100}]}",1,ZanzPN8P8kP41jq5gTR5yVQMavndvmSxUhSqrSjY36v,1,{},False,"{'auctionHouseKey': 'E8cU1WiRWjanGxmn96ewBgk9vPTcL6AEZ1t6F6fkgUWe', 'sellerReferral': 'autMW8SgBkVYeBgqYiTuJZnkvDZMVU2MHJh9Jh7CSQ2', 'expiry': -1}",{'moonrank': {'rank': 1062}}
20,HgjfXTKPYQf1zAEFg2pQZ81NZLtCBeuBdT4WfohgmACK,15.0,2xboinRRGwU3RMK3ZH6Fuu3XtcMbNWDCjCXaMuYcTbhW,8CYyhFFqKZaFymmsxXyxMRqssp3nEzMB1zxbVwf6nE4R,zankoku,Zankoku Cybogrez,https://arweave.net/B4IBS0qBgFAFtEDxKIaeOfYlzWbAKZ7aXpScuq-YDrM,Zankoku Cybogrez #522,Cybogrez go BOP BOP,https://zankokuarena.io,image,"[{'address': 'xgLPMgPaFd1mjgP73Ghkogkpokn9AZFQhPAB5nre8m5', 'verified': 1, 'share': 0}, {'address': '52Cy9Xus2JgCszQ9vZq24A4r1gWRgpLLhSG1Bfk1YjNZ', 'verified': 0, 'share': 100}]",1250,BFx7GBsynwZqm1fmkH7xTzidaWjpHETMBAmjh814Fnpk,"[{'trait_type': 'Background', 'value': 'BG 1'}, {'trait_type': 'Face', 'value': 'Ogre'}, {'trait_type': 'Arms', 'value': 'Shanks'}, {'trait_type': 'Accessories', 'value': 'Stars'}, {'trait_type': 'Torso', 'value': 'ZOKU018'}, {'trait_type': 'Helmet', 'value': 'Neptune'}, {'trait_type': 'Feet', 'value': 'Echo'}, {'trait_type': 'Bracers', 'value': 'Hades'}, {'trait_type': 'Hands', 'value': 'STX1313'}]","{'files': [{'type': 'image/png', 'uri': 'https://arweave.net/B4IBS0qBgFAFtEDxKIaeOfYlzWbAKZ7aXpScuq-YDrM'}], 'category': 'image', 'creators': [{'address': '52Cy9Xus2JgCszQ9vZq24A4r1gWRgpLLhSG1Bfk1YjNZ', 'share': 100}]}",1,ZanzPN8P8kP41jq5gTR5yVQMavndvmSxUhSqrSjY36v,1,{},False,"{'auctionHouseKey': 'E8cU1WiRWjanGxmn96ewBgk9vPTcL6AEZ1t6F6fkgUWe', 'sellerReferral': 'autMW8SgBkVYeBgqYiTuJZnkvDZMVU2MHJh9Jh7CSQ2', 'expiry': -1}",{'moonrank': {'rank': 303}}
21,CSu7XKCei7dMih7Q5AkJwLa52zYffLZhhMwcPvJozHDQ,15.0,Gg2GhMhwpQDNzqc5g6qbn4zWSoHDEdj1ocLZiXxnrJnH,Cxoaxtqqjw7jAZSjTf4rhsxCx3iWNVq7ofeG2ZzPafke,zankoku,Zankoku Cybogrez,https://arweave.net/G2AVrLKl3NE4wMSzidCv9qoytR2b-pd5yILsTI4m7Ls,Zankoku Cybogrez #35,Cybogrez go BOP BOP,https://zankokuarena.io,image,"[{'address': 'xgLPMgPaFd1mjgP73Ghkogkpokn9AZFQhPAB5nre8m5', 'verified': 1, 'share': 0}, {'address': '52Cy9Xus2JgCszQ9vZq24A4r1gWRgpLLhSG1Bfk1YjNZ', 'verified': 0, 'share': 100}]",1250,3ngj57nyA5zrapwaWxrB4YA6G3mWuozN1PyJ6GFQXgZ1,"[{'trait_type': 'Background', 'value': 'BG 4'}, {'trait_type': 'Face', 'value': 'Ogre'}, {'trait_type': 'Arms', 'value': 'Mighty'}, {'trait_type': 'Accessories', 'value': 'Horns'}, {'trait_type': 'Torso', 'value': 'ZOKU002'}, {'trait_type': 'Helmet', 'value': 'Seige'}, {'trait_type': 'Feet', 'value': 'Kami'}, {'trait_type': 'Bracers', 'value': 'Bacchus'}, {'trait_type': 'Hands', 'value': 'Judge'}]","{'files': [{'type': 'image/png', 'uri': 'https://arweave.net/G2AVrLKl3NE4wMSzidCv9qoytR2b-pd5yILsTI4m7Ls'}], 'category': 'image', 'creators': [{'address': '52Cy9Xus2JgCszQ9vZq24A4r1gWRgpLLhSG1Bfk1YjNZ', 'share': 100}]}",1,ZanzPN8P8kP41jq5gTR5yVQMavndvmSxUhSqrSjY36v,1,{},False,"{'auctionHouseKey': 'E8cU1WiRWjanGxmn96ewBgk9vPTcL6AEZ1t6F6fkgUWe', 'sellerReferral': 'autMW8SgBkVYeBgqYiTuJZnkvDZMVU2MHJh9Jh7CSQ2', 'expiry': -1}",{'moonrank': {'rank': 710}}
22,D4CCSKMQav8p9tQLbkxwCBiW5cAmb6F5CbWkicJazCZX,15.5,G1jv2LiK5Ha3odpZZiMG1BdUXCkFWchvVz98uA9SRAjq,4bR5CMkiGswtz2HRbxRYDufPwuqXXurhhxeWZ9YmzAdD,zankoku,Zankoku Cybogrez,https://arweave.net/r0lXsOvjH_YKub-FDm412lOP4HONZWWf1JlFFJ12y54,Zankoku Cybogrez #909,Cybogrez go BOP BOP,https://zankokuarena.io,image,"[{'address': 'xgLPMgPaFd1mjgP73Ghkogkpokn9AZFQhPAB5nre8m5', 'verified': 1, 'share': 0}, {'address': '52Cy9Xus2JgCszQ9vZq24A4r1gWRgpLLhSG1Bfk1YjNZ', 'verified': 0, 'share': 100}]",1250,A3SetZja4Mt8Tg2cDNzFFZKKt5EvrWUJaG4YymaQXtmZ,"[{'trait_type': 'Background', 'value': 'BG 15'}, {'trait_type': 'Face', 'value': 'Ogre'}, {'trait_type': 'Arms', 'value': 'Ratchet'}, {'trait_type': 'Accessories', 'value': '3D Glasses'}, {'trait_type': 'Torso', 'value': 'ZOKU011'}, {'trait_type': 'Helmet', 'value': 'Dream'}, {'trait_type': 'Feet', 'value': 'Spark'}, {'trait_type': 'Bracers', 'value': 'Fane'}, {'trait_type': 'Hands', 'value': 'Purple Haze'}]","{'files': [{'type': 'image/png', 'uri': 'https://arweave.net/r0lXsOvjH_YKub-FDm412lOP4HONZWWf1JlFFJ12y54'}], 'category': 'image', 'creators': [{'address': '52Cy9Xus2JgCszQ9vZq24A4r1gWRgpLLhSG1Bfk1YjNZ', 'share': 100}]}",1,ZanzPN8P8kP41jq5gTR5yVQMavndvmSxUhSqrSjY36v,1,{},False,"{'auctionHouseKey': 'E8cU1WiRWjanGxmn96ewBgk9vPTcL6AEZ1t6F6fkgUWe', 'sellerReferral': 'autMW8SgBkVYeBgqYiTuJZnkvDZMVU2MHJh9Jh7CSQ2', 'expiry': -1}",{'moonrank': {'rank': 791}}
23,H7ZhwbnotGanNrqRQzPR8cP3x3XfjmTMTjenzXf35GVF,16.0,ADVEUnEMpENHy5w84sFjWWUzC5p6nGc6khPfhtw4QQTt,BirY7oh4LAzY2TpX4Ety81jtAZC2mw83evfGMETXQxry,zankoku,Zankoku Cybogrez,https://arweave.net/mwB4Trqz6uTm_3k6PBFyvGgmneRQUUMzn9YUczKWxuc,Zankoku Cybogrez #674,Cybogrez go BOP BOP,https://zankokuarena.io,image,"[{'address': 'xgLPMgPaFd1mjgP73Ghkogkpokn9AZFQhPAB5nre8m5', 'verified': 1, 'share': 0}, {'address': '52Cy9Xus2JgCszQ9vZq24A4r1gWRgpLLhSG1Bfk1YjNZ', 'verified': 0, 'share': 100}]",1250,Ag7AjJoTxZTKmGwvRysQ3rzVf7Yc5UaiiShmR6NW5Vxo,"[{'trait_type': 'Background', 'value': 'BG 13'}, {'trait_type': 'Face', 'value': 'Ogre'}, {'trait_type': 'Arms', 'value': 'Undine'}, {'trait_type': 'Accessories', 'value': 'Glasses'}, {'trait_type': 'Torso', 'value': 'ZOKU001'}, {'trait_type': 'Helmet', 'value': 'Henma'}, {'trait_type': 'Feet', 'value': 'Mega'}, {'trait_type': 'Bracers', 'value': 'Hephaestus'}, {'trait_type': 'Hands', 'value': 'Empress'}]","{'files': [{'type': 'image/png', 'uri': 'https://arweave.net/mwB4Trqz6uTm_3k6PBFyvGgmneRQUUMzn9YUczKWxuc'}], 'category': 'image', 'creators': [{'address': '52Cy9Xus2JgCszQ9vZq24A4r1gWRgpLLhSG1Bfk1YjNZ', 'share': 100}]}",1,ZanzPN8P8kP41jq5gTR5yVQMavndvmSxUhSqrSjY36v,1,{},False,"{'auctionHouseKey': 'E8cU1WiRWjanGxmn96ewBgk9vPTcL6AEZ1t6F6fkgUWe', 'sellerReferral': 'autMW8SgBkVYeBgqYiTuJZnkvDZMVU2MHJh9Jh7CSQ2', 'expiry': -1}",{'moonrank': {'rank': 769}}
24,ivsgRDPqGQMBfUk742kfkfFKqr24CtCsn3WnM4jdEoH,16.0,7eaPSdpqgLgNV2pghn1LL11Nn9urEVaGhoPEALp5PBU,5v9okbE9guXoj2J3yaxpWVYBS5chGoR9kYXf8hwVWTcU,zankoku,Zankoku Cybogrez,https://arweave.net/g6VahyALlODJ3iBXgPYFLOdYdcAr_qNWcTKU3ErLXLc,Zankoku Cybogrez #839,Cybogrez go BOP BOP,https://zankokuarena.io,image,"[{'address': 'xgLPMgPaFd1mjgP73Ghkogkpokn9AZFQhPAB5nre8m5', 'verified': 1, 'share': 0}, {'address': '52Cy9Xus2JgCszQ9vZq24A4r1gWRgpLLhSG1Bfk1YjNZ', 'verified': 0, 'share': 100}]",1250,HwtUPRECBWaKKuRV3NFbtJretMwXscagEM6vTzqvCChy,"[{'trait_type': 'Background', 'value': 'BG 22'}, {'trait_type': 'Face', 'value': 'Ogre'}, {'trait_type': 'Arms', 'value': 'Scorpio'}, {'trait_type': 'Accessories', 'value': '3D Glasses'}, {'trait_type': 'Torso', 'value': 'ZOKU020'}, {'trait_type': 'Helmet', 'value': 'Darkstar'}, {'trait_type': 'Feet', 'value': 'Spark'}, {'trait_type': 'Bracers', 'value': 'Aether'}, {'trait_type': 'Hands', 'value': 'Star Crossed'}]","{'files': [{'type': 'image/png', 'uri': 'https://arweave.net/g6VahyALlODJ3iBXgPYFLOdYdcAr_qNWcTKU3ErLXLc'}], 'category': 'image', 'creators': [{'address': '52Cy9Xus2JgCszQ9vZq24A4r1gWRgpLLhSG1Bfk1YjNZ', 'share': 100}]}",1,ZanzPN8P8kP41jq5gTR5yVQMavndvmSxUhSqrSjY36v,1,{},False,"{'auctionHouseKey': 'E8cU1WiRWjanGxmn96ewBgk9vPTcL6AEZ1t6F6fkgUWe', 'sellerReferral': 'autMW8SgBkVYeBgqYiTuJZnkvDZMVU2MHJh9Jh7CSQ2', 'expiry': -1}",{'moonrank': {'rank': 647}}
25,Ct5s7P4zMyEniaKzshwwfTibaCsFjF1ynUhsLVYyxJTZ,16.49,EJiEQCWNpEFbhWvqP5k8WBTtCFEtcgMPudyWNKrsQcem,DsfyuZqPxoS1kAz8rHgdmFmQydN7wu4SEcLv94PkqKo2,zankoku,Zankoku Cybogrez,https://arweave.net/tdMKLgFN9IawKGxcTOmGqQwEGwlpCBh9MtaL6LuZfsA,Zankoku Cybogrez #836,Cybogrez go BOP BOP,https://zankokuarena.io,image,"[{'address': 'xgLPMgPaFd1mjgP73Ghkogkpokn9AZFQhPAB5nre8m5', 'verified': 1, 'share': 0}, {'address': '52Cy9Xus2JgCszQ9vZq24A4r1gWRgpLLhSG1Bfk1YjNZ', 'verified': 0, 'share': 100}]",1250,14fEhKBp9QAShsTRjXUNYQSxVjNm7RwkxFi8a3fEJgJZ,"[{'trait_type': 'Background', 'value': 'BG 15'}, {'trait_type': 'Face', 'value': 'Ogre'}, {'trait_type': 'Arms', 'value': 'Golden'}, {'trait_type': 'Accessories', 'value': 'Nose Ring'}, {'trait_type': 'Torso', 'value': 'ZOKU006'}, {'trait_type': 'Helmet', 'value': 'Sethan'}, {'trait_type': 'Feet', 'value': 'Odin'}, {'trait_type': 'Bracers', 'value': 'Hephaestus'}, {'trait_type': 'Hands', 'value': 'Drako'}]","{'files': [{'type': 'image/png', 'uri': 'https://arweave.net/tdMKLgFN9IawKGxcTOmGqQwEGwlpCBh9MtaL6LuZfsA'}], 'category': 'image', 'creators': [{'address': '52Cy9Xus2JgCszQ9vZq24A4r1gWRgpLLhSG1Bfk1YjNZ', 'share': 100}]}",1,ZanzPN8P8kP41jq5gTR5yVQMavndvmSxUhSqrSjY36v,1,{},False,"{'auctionHouseKey': 'E8cU1WiRWjanGxmn96ewBgk9vPTcL6AEZ1t6F6fkgUWe', 'sellerReferral': 'autMW8SgBkVYeBgqYiTuJZnkvDZMVU2MHJh9Jh7CSQ2', 'expiry': -1}",{'moonrank': {'rank': 299}}
26,3CwVuwDusR1shisz6WRWkbrS3KQ2XMpBU7rPMorVve5n,16.5,A37PXk6wVH3akD1awvUkqboRMiU9Z9bX5ZzuaTaR3Hxh,FbuEHLohb7vnaZ2iDrCcs14gk4diJwF7xhSpE6Kph3Dy,zankoku,Zankoku Cybogrez,https://arweave.net/rIbimx13r73kNuZ4CiD4rgybij-nRdNHN9t1mou2Rco,Zankoku Cybogrez #869,Cybogrez go BOP BOP,https://zankokuarena.io,image,"[{'address': 'xgLPMgPaFd1mjgP73Ghkogkpokn9AZFQhPAB5nre8m5', 'verified': 1, 'share': 0}, {'address': '52Cy9Xus2JgCszQ9vZq24A4r1gWRgpLLhSG1Bfk1YjNZ', 'verified': 0, 'share': 100}]",1250,HmKaJzwDSJA2VDFrD2qA9aCAVQBBQkLQTVF6GEdtEsiC,"[{'trait_type': 'Background', 'value': 'BG 23'}, {'trait_type': 'Face', 'value': 'Ogre'}, {'trait_type': 'Arms', 'value': 'Gemin'}, {'trait_type': 'Accessories', 'value': 'None'}, {'trait_type': 'Torso', 'value': 'ZOKU001'}, {'trait_type': 'Helmet', 'value': 'Dream'}, {'trait_type': 'Feet', 'value': 'Delta'}, {'trait_type': 'Bracers', 'value': 'Hera'}, {'trait_type': 'Hands', 'value': 'Empress'}]","{'files': [{'type': 'image/png', 'uri': 'https://arweave.net/rIbimx13r73kNuZ4CiD4rgybij-nRdNHN9t1mou2Rco'}], 'category': 'image', 'creators': [{'address': '52Cy9Xus2JgCszQ9vZq24A4r1gWRgpLLhSG1Bfk1YjNZ', 'share': 100}]}",1,ZanzPN8P8kP41jq5gTR5yVQMavndvmSxUhSqrSjY36v,1,{},False,"{'auctionHouseKey': 'E8cU1WiRWjanGxmn96ewBgk9vPTcL6AEZ1t6F6fkgUWe', 'sellerReferral': 'autMW8SgBkVYeBgqYiTuJZnkvDZMVU2MHJh9Jh7CSQ2', 'expiry': -1}",{'moonrank': {'rank': 915}}
27,BxoM2BY4CBk3NRQnUaeR2xSVxMRY7pnzhzVdqeaWQn5p,16.5,FwwNNQ5NCGUcb85rKfCjJPWHTEMJHCbUaigLr39b3AXn,7PiVTpKUCLimRgyc2e9zcAiKx36APShH1qwhUmmnMGBu,zankoku,Zankoku Cybogrez,https://arweave.net/f5NwW0sjSaNNowvXCQ5u6dY06MWdY3ShkjXc9maQbiA,Zankoku Cybogrez #594,Cybogrez go BOP BOP,https://zankokuarena.io,image,"[{'address': 'xgLPMgPaFd1mjgP73Ghkogkpokn9AZFQhPAB5nre8m5', 'verified': 1, 'share': 0}, {'address': '52Cy9Xus2JgCszQ9vZq24A4r1gWRgpLLhSG1Bfk1YjNZ', 'verified': 0, 'share': 100}]",1250,9wyE4Tf8rooFr9uascnxEezesrVf2KsALtpySdvGmt4g,"[{'trait_type': 'Background', 'value': 'BG 10'}, {'trait_type': 'Face', 'value': 'Ogre'}, {'trait_type': 'Arms', 'value': 'Alpha'}, {'trait_type': 'Accessories', 'value': 'Sparkle'}, {'trait_type': 'Torso', 'value': 'ZOKU020'}, {'trait_type': 'Helmet', 'value': 'Brax'}, {'trait_type': 'Feet', 'value': 'Fox'}, {'trait_type': 'Bracers', 'value': 'Tarto'}, {'trait_type': 'Hands', 'value': 'Star Crossed'}]","{'files': [{'type': 'image/png', 'uri': 'https://arweave.net/f5NwW0sjSaNNowvXCQ5u6dY06MWdY3ShkjXc9maQbiA'}], 'category': 'image', 'creators': [{'address': '52Cy9Xus2JgCszQ9vZq24A4r1gWRgpLLhSG1Bfk1YjNZ', 'share': 100}]}",1,ZanzPN8P8kP41jq5gTR5yVQMavndvmSxUhSqrSjY36v,1,{},False,"{'auctionHouseKey': 'E8cU1WiRWjanGxmn96ewBgk9vPTcL6AEZ1t6F6fkgUWe', 'sellerReferral': 'autMW8SgBkVYeBgqYiTuJZnkvDZMVU2MHJh9Jh7CSQ2', 'expiry': -1}",{'moonrank': {'rank': 381}}
28,HZH2yVVcESUm3XgZh69Z7JN5pg9b6Xw1swrwrk1iV2J9,18.0,5vDizwxiQoSsAStGvFnxDiv29E2uztdY1ySo67T1efFV,J1XA2eYKyEE6TjHrCMhP4kDrwwr5cLSumjz5FdRye8Pn,zankoku,Zankoku Cybogrez,https://arweave.net/LA4zWHFIzsdKf64m5cdFhkJrdMcIBorjU-U9MfO_UCI,Zankoku Cybogrez #679,Cybogrez go BOP BOP,https://zankokuarena.io,image,"[{'address': 'xgLPMgPaFd1mjgP73Ghkogkpokn9AZFQhPAB5nre8m5', 'verified': 1, 'share': 0}, {'address': '52Cy9Xus2JgCszQ9vZq24A4r1gWRgpLLhSG1Bfk1YjNZ', 'verified': 0, 'share': 100}]",1250,EWcvGX5MLsJucnaLNTMW9XNZzvbZzGrAHmbMati9KDXN,"[{'trait_type': 'Background', 'value': 'BG 21'}, {'trait_type': 'Face', 'value': 'Ogre'}, {'trait_type': 'Arms', 'value': 'Scorpio'}, {'trait_type': 'Accessories', 'value': 'Cross Bandaid'}, {'trait_type': 'Torso', 'value': 'ZOKU001'}, {'trait_type': 'Helmet', 'value': 'Tohth'}, {'trait_type': 'Feet', 'value': 'Fox'}, {'trait_type': 'Bracers', 'value': 'Alpha'}, {'trait_type': 'Hands', 'value': 'Gold Finger'}]","{'files': [{'type': 'image/png', 'uri': 'https://arweave.net/LA4zWHFIzsdKf64m5cdFhkJrdMcIBorjU-U9MfO_UCI'}], 'category': 'image', 'creators': [{'address': '52Cy9Xus2JgCszQ9vZq24A4r1gWRgpLLhSG1Bfk1YjNZ', 'share': 100}]}",1,ZanzPN8P8kP41jq5gTR5yVQMavndvmSxUhSqrSjY36v,1,{},False,"{'auctionHouseKey': 'E8cU1WiRWjanGxmn96ewBgk9vPTcL6AEZ1t6F6fkgUWe', 'sellerReferral': 'autMW8SgBkVYeBgqYiTuJZnkvDZMVU2MHJh9Jh7CSQ2', 'expiry': -1}",{'moonrank': {'rank': 469}}
29,7WoPZz882HqSJ3RpnNsdQwxBKNvA7riqAVMke6CSnbrE,19.0,EnqU7uwjvQnvTu21AKFjS2PVfr11274NbVsazwMrzqyn,HR4kzNYBPLkVTYrYULUwXpToE5rXovj3fHjiqASBpTuZ,zankoku,Zankoku Cybogrez,https://arweave.net/BDGBkdQdIc2BfY4LoZ7KB-VKamkp5c4w-Ok7iFOMFjA,Zankoku Cybogrez #548,Cybogrez go BOP BOP,https://zankokuarena.io,image,"[{'address': 'xgLPMgPaFd1mjgP73Ghkogkpokn9AZFQhPAB5nre8m5', 'verified': 1, 'share': 0}, {'address': '52Cy9Xus2JgCszQ9vZq24A4r1gWRgpLLhSG1Bfk1YjNZ', 'verified': 0, 'share': 100}]",1250,Cv6CfZzieoH6Lcjw7E8E4PtLMYNwFjJc285fLJmSRxg7,"[{'trait_type': 'Background', 'value': 'BG 13'}, {'trait_type': 'Face', 'value': 'Ogre'}, {'trait_type': 'Arms', 'value': 'Undine'}, {'trait_type': 'Accessories', 'value': 'None'}, {'trait_type': 'Torso', 'value': 'ZOKU022'}, {'trait_type': 'Helmet', 'value': 'Riot'}, {'trait_type': 'Feet', 'value': 'Berrier'}, {'trait_type': 'Bracers', 'value': 'Aphrodite'}, {'trait_type': 'Hands', 'value': 'Drako'}]","{'files': [{'type': 'image/png', 'uri': 'https://arweave.net/BDGBkdQdIc2BfY4LoZ7KB-VKamkp5c4w-Ok7iFOMFjA'}], 'category': 'image', 'creators': [{'address': '52Cy9Xus2JgCszQ9vZq24A4r1gWRgpLLhSG1Bfk1YjNZ', 'share': 100}]}",1,ZanzPN8P8kP41jq5gTR5yVQMavndvmSxUhSqrSjY36v,1,{},False,"{'auctionHouseKey': 'E8cU1WiRWjanGxmn96ewBgk9vPTcL6AEZ1t6F6fkgUWe', 'sellerReferral': 'autMW8SgBkVYeBgqYiTuJZnkvDZMVU2MHJh9Jh7CSQ2', 'expiry': -1}",{'moonrank': {'rank': 552}}
30,GWWAtMFDdhYAf8f6k1XPM398TFYWXsF1VWj6zJMT1PX3,19.0,93WPD4vkkpkYdarigHYdprbBgVYSiYKwH4cPbd5fwEZE,9roZsVkbJR691ivWo2Z3Mce8Wnm1g7cS4kymcfoeD9Pu,zankoku,Zankoku Cybogrez,https://arweave.net/ll6oiE5i03bQQqhBLVA6c1hLHQ82A-i7PCi15YyUvzA,Zankoku Cybogrez #437,Cybogrez go BOP BOP,https://zankokuarena.io,image,"[{'address': 'xgLPMgPaFd1mjgP73Ghkogkpokn9AZFQhPAB5nre8m5', 'verified': 1, 'share': 0}, {'address': '52Cy9Xus2JgCszQ9vZq24A4r1gWRgpLLhSG1Bfk1YjNZ', 'verified': 0, 'share': 100}]",1250,AYm32kZSmASc7K2uJLBezq1mq15BNKaegNg5V1m1H9fE,"[{'trait_type': 'Background', 'value': 'BG 16'}, {'trait_type': 'Face', 'value': 'Ogre'}, {'trait_type': 'Arms', 'value': 'Shanks'}, {'trait_type': 'Accessories', 'value': 'Eyepatch Red'}, {'trait_type': 'Torso', 'value': 'ZOKU017'}, {'trait_type': 'Helmet', 'value': 'Chaser'}, {'trait_type': 'Feet', 'value': 'Berrier'}, {'trait_type': 'Bracers', 'value': 'Hermes'}, {'trait_type': 'Hands', 'value': 'Hermit Purple'}]","{'files': [{'type': 'image/png', 'uri': 'https://arweave.net/ll6oiE5i03bQQqhBLVA6c1hLHQ82A-i7PCi15YyUvzA'}], 'category': 'image', 'creators': [{'address': '52Cy9Xus2JgCszQ9vZq24A4r1gWRgpLLhSG1Bfk1YjNZ', 'share': 100}]}",1,ZanzPN8P8kP41jq5gTR5yVQMavndvmSxUhSqrSjY36v,1,{},False,"{'auctionHouseKey': 'E8cU1WiRWjanGxmn96ewBgk9vPTcL6AEZ1t6F6fkgUWe', 'sellerReferral': 'autMW8SgBkVYeBgqYiTuJZnkvDZMVU2MHJh9Jh7CSQ2', 'expiry': -1}",{'moonrank': {'rank': 266}}
31,CU4wx9d2jzUskprxFZC6cKcyv6iwXoVZ8DZKeZPPUQYS,20.0,5cUoMoF1jzL2J9eaS74ZwhSNAFMAM97XBX4rWNYY9iRP,A7rCDajTsxHsXZ1vTZvGnsDnge7YBYDaf7ZAxPMNE8F6,zankoku,Zankoku Cybogrez,https://arweave.net/rh0xySWhVRvJCxVVJOMzopcxOkNNrinCDuvMinHkPv0,Zankoku Cybogrez #483,Cybogrez go BOP BOP,https://zankokuarena.io,image,"[{'address': 'xgLPMgPaFd1mjgP73Ghkogkpokn9AZFQhPAB5nre8m5', 'verified': 1, 'share': 0}, {'address': '52Cy9Xus2JgCszQ9vZq24A4r1gWRgpLLhSG1Bfk1YjNZ', 'verified': 0, 'share': 100}]",1250,9wXJsY4N61sN9H717mmgmeXniK1YowQrMCC2ZsSyFffp,"[{'trait_type': 'Background', 'value': 'BG 24'}, {'trait_type': 'Face', 'value': 'Ogre'}, {'trait_type': 'Arms', 'value': 'Alpha'}, {'trait_type': 'Accessories', 'value': 'Scouter'}, {'trait_type': 'Torso', 'value': 'ZOKU006'}, {'trait_type': 'Helmet', 'value': 'Sett'}, {'trait_type': 'Feet', 'value': 'Bragi'}, {'trait_type': 'Bracers', 'value': 'Atlas'}, {'trait_type': 'Hands', 'value': 'Geo'}]","{'files': [{'type': 'image/png', 'uri': 'https://arweave.net/rh0xySWhVRvJCxVVJOMzopcxOkNNrinCDuvMinHkPv0'}], 'category': 'image', 'creators': [{'address': '52Cy9Xus2JgCszQ9vZq24A4r1gWRgpLLhSG1Bfk1YjNZ', 'share': 100}]}",1,ZanzPN8P8kP41jq5gTR5yVQMavndvmSxUhSqrSjY36v,1,{},False,"{'auctionHouseKey': 'E8cU1WiRWjanGxmn96ewBgk9vPTcL6AEZ1t6F6fkgUWe', 'sellerReferral': 'autMW8SgBkVYeBgqYiTuJZnkvDZMVU2MHJh9Jh7CSQ2', 'expiry': -1}",{'moonrank': {'rank': 408}}
32,Bbq7iCpDcB9sba1PJUV48FRarPhwZ5RDgtSV61mrZd9,22.0,7YaKfSUsZGo6F1f42gkfZHsdJ49X7mAdXtUPZFJf2EAj,DgLURrKSoJvXejTVfCnnvwhdnkm8Kjr3e3YHL7zjRdsJ,zankoku,Zankoku Cybogrez,https://arweave.net/HKslGnr0RvVHBh-QplGMZ7cnNlPethAbn2YLCt7G5Q0,Zankoku Cybogrez #702,Cybogrez go BOP BOP,https://zankokuarena.io,image,"[{'address': 'xgLPMgPaFd1mjgP73Ghkogkpokn9AZFQhPAB5nre8m5', 'verified': 1, 'share': 0}, {'address': '52Cy9Xus2JgCszQ9vZq24A4r1gWRgpLLhSG1Bfk1YjNZ', 'verified': 0, 'share': 100}]",1250,4rEyt8J2xE6M5ZKKXo9atPeBCdFL3LdpUTr4Ac42N3Fn,"[{'trait_type': 'Background', 'value': 'BG 17'}, {'trait_type': 'Face', 'value': 'Ogre'}, {'trait_type': 'Arms', 'value': 'Mighty'}, {'trait_type': 'Accessories', 'value': 'Eyebrows'}, {'trait_type': 'Torso', 'value': 'ZOKU022'}, {'trait_type': 'Helmet', 'value': 'Sett'}, {'trait_type': 'Feet', 'value': 'Spark'}, {'trait_type': 'Bracers', 'value': 'Ultima'}, {'trait_type': 'Hands', 'value': 'Drako'}]","{'files': [{'type': 'image/png', 'uri': 'https://arweave.net/HKslGnr0RvVHBh-QplGMZ7cnNlPethAbn2YLCt7G5Q0'}], 'category': 'image', 'creators': [{'address': '52Cy9Xus2JgCszQ9vZq24A4r1gWRgpLLhSG1Bfk1YjNZ', 'share': 100}]}",1,ZanzPN8P8kP41jq5gTR5yVQMavndvmSxUhSqrSjY36v,1,{},False,"{'auctionHouseKey': 'E8cU1WiRWjanGxmn96ewBgk9vPTcL6AEZ1t6F6fkgUWe', 'sellerReferral': 'autMW8SgBkVYeBgqYiTuJZnkvDZMVU2MHJh9Jh7CSQ2', 'expiry': -1}",{'moonrank': {'rank': 325}}
33,76bSKGw7NTGCDRbsjYw2rJwQHTLbS1KQ8ZoiKUpjCVMr,23.0,8u4okei4VdebHTYCFFkApi8SDjctRd25B4EjBkJj3zC1,FJ5P85RJnFWWQcGkkXDuGEc2Fyo4VkB8W9YNCVbDW8wy,zankoku,Zankoku Cybogrez,https://arweave.net/aBYuevZ5KwW8powdIW12WwmADV6B4evS1acp3Q_IVFw,Zankoku Cybogrez #818,Cybogrez go BOP BOP,https://zankokuarena.io,image,"[{'address': 'xgLPMgPaFd1mjgP73Ghkogkpokn9AZFQhPAB5nre8m5', 'verified': 1, 'share': 0}, {'address': '52Cy9Xus2JgCszQ9vZq24A4r1gWRgpLLhSG1Bfk1YjNZ', 'verified': 0, 'share': 100}]",1250,AhhVdQvq4w7mhSTzAPkqHq394ptTupdCs4m3Eu4Z5ZcU,"[{'trait_type': 'Background', 'value': 'BG 19'}, {'trait_type': 'Face', 'value': 'Ogre'}, {'trait_type': 'Arms', 'value': 'Beta'}, {'trait_type': 'Accessories', 'value': 'Nose Ring'}, {'trait_type': 'Torso', 'value': 'ZOKU009'}, {'trait_type': 'Helmet', 'value': 'Henma'}, {'trait_type': 'Feet', 'value': 'Berrier'}, {'trait_type': 'Bracers', 'value': 'Omen'}, {'trait_type': 'Hands', 'value': 'Hermit Purple'}]","{'files': [{'type': 'image/png', 'uri': 'https://arweave.net/aBYuevZ5KwW8powdIW12WwmADV6B4evS1acp3Q_IVFw'}], 'category': 'image', 'creators': [{'address': '52Cy9Xus2JgCszQ9vZq24A4r1gWRgpLLhSG1Bfk1YjNZ', 'share': 100}]}",1,ZanzPN8P8kP41jq5gTR5yVQMavndvmSxUhSqrSjY36v,1,{},False,"{'auctionHouseKey': 'E8cU1WiRWjanGxmn96ewBgk9vPTcL6AEZ1t6F6fkgUWe', 'sellerReferral': 'autMW8SgBkVYeBgqYiTuJZnkvDZMVU2MHJh9Jh7CSQ2', 'expiry': -1}",{'moonrank': {'rank': 274}}
34,G244n2ih2MEWFTDdpZ4GDNPAhogF9SpUnUewV4ThRfNW,23.23,J7DfCegJLanfCzsU2KsSKFdX6ti4rXy6oYuuPfdCUqfm,F2xCJK7eLUJ173xRcBpwhNHCwGdkc8mv5CpyZ993FDJR,zankoku,Zankoku Cybogrez,https://arweave.net/ueZcMNElEH2NQMo74WVckOuRkXm5gnp8TzP7KGQ6tiE,Zankoku Cybogrez #302,Cybogrez go BOP BOP,https://zankokuarena.io,image,"[{'address': 'xgLPMgPaFd1mjgP73Ghkogkpokn9AZFQhPAB5nre8m5', 'verified': 1, 'share': 0}, {'address': '52Cy9Xus2JgCszQ9vZq24A4r1gWRgpLLhSG1Bfk1YjNZ', 'verified': 0, 'share': 100}]",1250,EcXVtiNdP9kktD6Awnk5RAnwt9yhRKAuA5HfgV61fXKA,"[{'trait_type': 'Background', 'value': 'BG 17'}, {'trait_type': 'Face', 'value': 'Ogre'}, {'trait_type': 'Arms', 'value': 'Undine'}, {'trait_type': 'Accessories', 'value': 'Monocle'}, {'trait_type': 'Torso', 'value': 'ZOKU001'}, {'trait_type': 'Helmet', 'value': 'Breaker'}, {'trait_type': 'Feet', 'value': 'Hero'}, {'trait_type': 'Bracers', 'value': 'Alpha'}, {'trait_type': 'Hands', 'value': 'Drako'}]","{'files': [{'type': 'image/png', 'uri': 'https://arweave.net/ueZcMNElEH2NQMo74WVckOuRkXm5gnp8TzP7KGQ6tiE'}], 'category': 'image', 'creators': [{'address': '52Cy9Xus2JgCszQ9vZq24A4r1gWRgpLLhSG1Bfk1YjNZ', 'share': 100}]}",1,ZanzPN8P8kP41jq5gTR5yVQMavndvmSxUhSqrSjY36v,1,{},False,"{'auctionHouseKey': 'E8cU1WiRWjanGxmn96ewBgk9vPTcL6AEZ1t6F6fkgUWe', 'sellerReferral': 'autMW8SgBkVYeBgqYiTuJZnkvDZMVU2MHJh9Jh7CSQ2', 'expiry': -1}",{'moonrank': {'rank': 291}}
35,6235DpbkQb85K1Rj2RH81ff2wTtcj2rdVsjgBc2aTZWb,24.0,HoZTPjGWCRAuFwyvyud7o4i1x139qvk7X5jr1hJHmu82,Ax33uoSHN5is3zCV5jYLU2VUh7nrSyppyiegbz8svvSU,zankoku,Zankoku Cybogrez,https://arweave.net/MjwQFifGwCeMwUITTXzcAeWt_KDB_EOMSxkQgcnwE10,Zankoku Cybogrez #175,Cybogrez go BOP BOP,https://zankokuarena.io,image,"[{'address': 'xgLPMgPaFd1mjgP73Ghkogkpokn9AZFQhPAB5nre8m5', 'verified': 1, 'share': 0}, {'address': '52Cy9Xus2JgCszQ9vZq24A4r1gWRgpLLhSG1Bfk1YjNZ', 'verified': 0, 'share': 100}]",1250,2AGArcRDshf9Ji6VdtPxjKdMpxpSQicyBNVtywaAhT7X,"[{'trait_type': 'Background', 'value': 'BG 12'}, {'trait_type': 'Face', 'value': 'Ogre'}, {'trait_type': 'Arms', 'value': 'Undine'}, {'trait_type': 'Accessories', 'value': 'Cross Bandaid'}, {'trait_type': 'Torso', 'value': 'ZOKU011'}, {'trait_type': 'Helmet', 'value': 'Chaser'}, {'trait_type': 'Feet', 'value': 'Wasp'}, {'trait_type': 'Bracers', 'value': 'Eros'}, {'trait_type': 'Hands', 'value': 'Hermit Purple'}]","{'files': [{'type': 'image/png', 'uri': 'https://arweave.net/MjwQFifGwCeMwUITTXzcAeWt_KDB_EOMSxkQgcnwE10'}], 'category': 'image', 'creators': [{'address': '52Cy9Xus2JgCszQ9vZq24A4r1gWRgpLLhSG1Bfk1YjNZ', 'share': 100}]}",1,ZanzPN8P8kP41jq5gTR5yVQMavndvmSxUhSqrSjY36v,1,{},False,"{'auctionHouseKey': 'E8cU1WiRWjanGxmn96ewBgk9vPTcL6AEZ1t6F6fkgUWe', 'sellerReferral': 'autMW8SgBkVYeBgqYiTuJZnkvDZMVU2MHJh9Jh7CSQ2', 'expiry': -1}",{'moonrank': {'rank': 442}}
36,5dgR2RR26y9QxAMjwfXdKt3Z9zpCWVJfQy3BsyD76jgz,25.0,9WzWQ2YK2hHapRFqharFoAFU3Qcf6QUqv74R453oHHJ8,B36KSx3gkWcMm2RPQEaQEV9LUcwjmQBb7GPpJMBfj5Qi,zankoku,Zankoku Cybogrez,https://arweave.net/0VoNCBhNMweJXPaOu7ksyLglQswhNmpk1M2bfsnjNH0,Zankoku Cybogrez #1053,Cybogrez go BOP BOP,https://zankokuarena.io,image,"[{'address': 'xgLPMgPaFd1mjgP73Ghkogkpokn9AZFQhPAB5nre8m5', 'verified': 1, 'share': 0}, {'address': '52Cy9Xus2JgCszQ9vZq24A4r1gWRgpLLhSG1Bfk1YjNZ', 'verified': 0, 'share': 100}]",1250,HwNi4cRRckGUrdyhVWoZWU6ktZkW3FBpEpnc8pJs3eXu,"[{'trait_type': 'Background', 'value': 'BG 14'}, {'trait_type': 'Face', 'value': 'Ogre'}, {'trait_type': 'Arms', 'value': 'Shogun'}, {'trait_type': 'Accessories', 'value': 'Alert'}, {'trait_type': 'Torso', 'value': 'ZOKU017'}, {'trait_type': 'Helmet', 'value': 'Tohth'}, {'trait_type': 'Feet', 'value': 'Kindred'}, {'trait_type': 'Bracers', 'value': 'Hazard'}, {'trait_type': 'Hands', 'value': 'Sloth'}]","{'files': [{'type': 'image/png', 'uri': 'https://arweave.net/0VoNCBhNMweJXPaOu7ksyLglQswhNmpk1M2bfsnjNH0'}], 'category': 'image', 'creators': [{'address': '52Cy9Xus2JgCszQ9vZq24A4r1gWRgpLLhSG1Bfk1YjNZ', 'share': 100}]}",1,ZanzPN8P8kP41jq5gTR5yVQMavndvmSxUhSqrSjY36v,1,{},False,"{'auctionHouseKey': 'E8cU1WiRWjanGxmn96ewBgk9vPTcL6AEZ1t6F6fkgUWe', 'sellerReferral': 'autMW8SgBkVYeBgqYiTuJZnkvDZMVU2MHJh9Jh7CSQ2', 'expiry': -1}",{'moonrank': {'rank': 575}}
37,3Mt9pRYi5Sr7aEamDBj4WNdTVnjo2VbieaSsFFgnc7Er,25.0,C8RECkD8QPnivH8m7NW94Br9pjCJYUyYGbNJf9KDKuXp,DwdcFQFC82fj4xrGqFMaeCi9rMumX4M2i9bhVnWmfiux,zankoku,Zankoku Cybogrez,https://arweave.net/AqRh0M4d5-Xcig6j0YdNayZZqi-Ljkod0GTk0pPsp8U,Zankoku Cybogrez #331,Cybogrez go BOP BOP,https://zankokuarena.io,image,"[{'address': 'xgLPMgPaFd1mjgP73Ghkogkpokn9AZFQhPAB5nre8m5', 'verified': 1, 'share': 0}, {'address': '52Cy9Xus2JgCszQ9vZq24A4r1gWRgpLLhSG1Bfk1YjNZ', 'verified': 0, 'share': 100}]",1250,EfhP6aBKoUYuvGiASzZpcwkKKHdaWYcmoD1YQtGxqLLy,"[{'trait_type': 'Background', 'value': 'BG 4'}, {'trait_type': 'Face', 'value': 'Ogre'}, {'trait_type': 'Arms', 'value': 'Ares'}, {'trait_type': 'Accessories', 'value': 'Sparkle'}, {'trait_type': 'Torso', 'value': 'ZOKU021'}, {'trait_type': 'Helmet', 'value': 'Sett'}, {'trait_type': 'Feet', 'value': 'Hercule'}, {'trait_type': 'Bracers', 'value': 'Eros'}, {'trait_type': 'Hands', 'value': 'Star Platnum'}]","{'files': [{'type': 'image/png', 'uri': 'https://arweave.net/AqRh0M4d5-Xcig6j0YdNayZZqi-Ljkod0GTk0pPsp8U'}], 'category': 'image', 'creators': [{'address': '52Cy9Xus2JgCszQ9vZq24A4r1gWRgpLLhSG1Bfk1YjNZ', 'share': 100}]}",1,ZanzPN8P8kP41jq5gTR5yVQMavndvmSxUhSqrSjY36v,1,{},False,"{'auctionHouseKey': 'E8cU1WiRWjanGxmn96ewBgk9vPTcL6AEZ1t6F6fkgUWe', 'sellerReferral': 'autMW8SgBkVYeBgqYiTuJZnkvDZMVU2MHJh9Jh7CSQ2', 'expiry': -1}",{'moonrank': {'rank': 310}}
38,F71sepdWtwGV1ZMcL1urw5VXvi2JVzgzzbpckbVJADH6,28.0,7GzZ1sfMdckKi3EkqX5ohfZwSm7cP486jjpk7VsH2B3m,D5L7dNzQRMqhFvQHYP6xd365orDVLnwikYb1CCuyXemR,zankoku,Zankoku Cybogrez,https://arweave.net/k4n55XDLsNYurFwvjjZBzdchP2BozZ-pji23bjVmlh0,Zankoku Cybogrez #835,Cybogrez go BOP BOP,https://zankokuarena.io,image,"[{'address': 'xgLPMgPaFd1mjgP73Ghkogkpokn9AZFQhPAB5nre8m5', 'verified': 1, 'share': 0}, {'address': '52Cy9Xus2JgCszQ9vZq24A4r1gWRgpLLhSG1Bfk1YjNZ', 'verified': 0, 'share': 100}]",1250,HVo9ZSqj6yEkTN1sgKJpkz8ffTpQ65xoDuHsmkvAS1Xs,"[{'trait_type': 'Background', 'value': 'BG 25'}, {'trait_type': 'Face', 'value': 'Ogre'}, {'trait_type': 'Arms', 'value': 'Retro'}, {'trait_type': 'Accessories', 'value': 'Horns'}, {'trait_type': 'Torso', 'value': 'ZOKU009'}, {'trait_type': 'Helmet', 'value': 'Disco'}, {'trait_type': 'Feet', 'value': 'Wasp'}, {'trait_type': 'Bracers', 'value': 'Poseidon'}, {'trait_type': 'Hands', 'value': 'Anubis'}]","{'files': [{'type': 'image/png', 'uri': 'https://arweave.net/k4n55XDLsNYurFwvjjZBzdchP2BozZ-pji23bjVmlh0'}], 'category': 'image', 'creators': [{'address': '52Cy9Xus2JgCszQ9vZq24A4r1gWRgpLLhSG1Bfk1YjNZ', 'share': 100}]}",1,ZanzPN8P8kP41jq5gTR5yVQMavndvmSxUhSqrSjY36v,1,{},False,"{'auctionHouseKey': 'E8cU1WiRWjanGxmn96ewBgk9vPTcL6AEZ1t6F6fkgUWe', 'sellerReferral': 'autMW8SgBkVYeBgqYiTuJZnkvDZMVU2MHJh9Jh7CSQ2', 'expiry': -1}",{'moonrank': {'rank': 18}}
39,9dwYyc1oCQo1M1HoJjhpGoj7VbaopLzjPU5bCVoGkBKZ,40.0,CWtPa23BdkyNpGtxwJzYY9idkY2r7yj5RAMASBEtp9Jk,E54KegcV1fDLEvKP6KGzCxdEiwn3ca4z7a8neao4uovP,zankoku,Zankoku Cybogrez,https://arweave.net/L8tjgOvz_iaPb8YRtLToZj8NH4EpO61ehdXtOKUVeqw,Zankoku Cybogrez #1102,Cybogrez go BOP BOP,https://zankokuarena.io,image,"[{'address': 'xgLPMgPaFd1mjgP73Ghkogkpokn9AZFQhPAB5nre8m5', 'verified': 1, 'share': 0}, {'address': '52Cy9Xus2JgCszQ9vZq24A4r1gWRgpLLhSG1Bfk1YjNZ', 'verified': 0, 'share': 100}]",1250,ESxjA6HMNtmW9ZRRwuC7wwjmary8uGJa4nZf3VijDXHM,"[{'trait_type': 'Background', 'value': 'BG 11'}, {'trait_type': 'Face', 'value': 'Ogre'}, {'trait_type': 'Arms', 'value': 'Alpha'}, {'trait_type': 'Accessories', 'value': 'Double Eyebrow Ring'}, {'trait_type': 'Torso', 'value': 'ZOKU002'}, {'trait_type': 'Helmet', 'value': 'Golem'}, {'trait_type': 'Feet', 'value': 'Echo'}, {'trait_type': 'Bracers', 'value': 'Hades'}, {'trait_type': 'Hands', 'value': 'Drako'}]","{'files': [{'type': 'image/png', 'uri': 'https://arweave.net/L8tjgOvz_iaPb8YRtLToZj8NH4EpO61ehdXtOKUVeqw'}], 'category': 'image', 'creators': [{'address': '52Cy9Xus2JgCszQ9vZq24A4r1gWRgpLLhSG1Bfk1YjNZ', 'share': 100}]}",1,ZanzPN8P8kP41jq5gTR5yVQMavndvmSxUhSqrSjY36v,1,{},False,"{'auctionHouseKey': 'E8cU1WiRWjanGxmn96ewBgk9vPTcL6AEZ1t6F6fkgUWe', 'sellerReferral': 'autMW8SgBkVYeBgqYiTuJZnkvDZMVU2MHJh9Jh7CSQ2', 'expiry': -1}",{'moonrank': {'rank': 65}}
40,BjRQ5LhqTVGAR9y1cmDkkZtM13E1Z1PLEeaq3pofqc6C,45.0,iaroLYJrHBmiCzgpBPpYUdVTotUd1eAXRD8vyR4jNVR,9SEycz66VrPnAhhH8sXWQzb11FuBaLYiYuMFNrAxxeQj,zankoku,Zankoku Cybogrez,https://arweave.net/zeVzfluzPSpyk7umCZCoPjrCn33XJnwRtV8q3CUtCsQ,Zankoku Cybogrez #146,Cybogrez go BOP BOP,https://zankokuarena.io,image,"[{'address': 'xgLPMgPaFd1mjgP73Ghkogkpokn9AZFQhPAB5nre8m5', 'verified': 1, 'share': 0}, {'address': '52Cy9Xus2JgCszQ9vZq24A4r1gWRgpLLhSG1Bfk1YjNZ', 'verified': 0, 'share': 100}]",1250,A2ZF94LdNM8bYdGgrFSREuuKy9tgyugQ1dP8XBza1W7Y,"[{'trait_type': 'Background', 'value': 'BG 9'}, {'trait_type': 'Face', 'value': 'Ogre'}, {'trait_type': 'Arms', 'value': 'Merlin'}, {'trait_type': 'Accessories', 'value': 'Cross Bandaid'}, {'trait_type': 'Torso', 'value': 'ZOKU014'}, {'trait_type': 'Helmet', 'value': 'Neptune'}, {'trait_type': 'Feet', 'value': 'Bragi'}, {'trait_type': 'Bracers', 'value': 'Atlas'}, {'trait_type': 'Hands', 'value': 'Empress'}]","{'files': [{'type': 'image/png', 'uri': 'https://arweave.net/zeVzfluzPSpyk7umCZCoPjrCn33XJnwRtV8q3CUtCsQ'}], 'category': 'image', 'creators': [{'address': '52Cy9Xus2JgCszQ9vZq24A4r1gWRgpLLhSG1Bfk1YjNZ', 'share': 100}]}",1,ZanzPN8P8kP41jq5gTR5yVQMavndvmSxUhSqrSjY36v,1,{},False,"{'auctionHouseKey': 'E8cU1WiRWjanGxmn96ewBgk9vPTcL6AEZ1t6F6fkgUWe', 'sellerReferral': 'autMW8SgBkVYeBgqYiTuJZnkvDZMVU2MHJh9Jh7CSQ2', 'expiry': -1}",{'moonrank': {'rank': 454}}
