,id,price,escrowPubkey,owner,collectionName,collectionTitle,img,title,content,propertyCategory,creators,sellerFeeBasisPoints,mintAddress,attributes,properties,supply,updateAuthority,primarySaleHappened,onChainCollection,tokenDelegateValid,v2
0,3LvkqvJgLhwxf5Sd4HbP8Up6oUgYWsJD5FLb4iatYEEg,34.99,8nrPbzhjqibzxSihwEpi1LdC78Yuonikua6w1SaJ3a3B,7XuK1RrVhDDvf3kBysA5w1u9wbE11DUY6fgZjwpkUz5q,888_anon_club,888 Anon Club™,https://www.arweave.net/8trlJmslNifoY5fJRvF3A67YLz_NPIxu5GTNiTCuEUo?ext=png,888AC #162,888 Unique 2D Pixel Anons which represent membership into The 888 Anon Club™,image,"[{'address': '7JZbDVec4dViXTsMgYudpBppVdVAzZYjUuX985wZCK8B', 'verified': 1, 'share': 0}, {'address': 'FDfhQ9t7Nq8U4Y2xXynmd9bQW8HMdgbVS5PggeuAaff3', 'verified': 0, 'share': 100}]",500,hWdQcX1aGrBNDUB9QgAUBLTRacU74wxusCh64QkCmf1,"[{'trait_type': 'background', 'value': 'orange'}, {'trait_type': 'tshirt', 'value': 'skull-red'}, {'trait_type': 'skin', 'value': 'ice'}, {'trait_type': 'mask', 'value': 'crimson'}, {'trait_type': 'accessory', 'value': 'bandana'}]","{'category': 'image', 'creators': [{'address': 'FDfhQ9t7Nq8U4Y2xXynmd9bQW8HMdgbVS5PggeuAaff3', 'share': 100}], 'files': [{'uri': 'https://www.arweave.net/8trlJmslNifoY5fJRvF3A67YLz_NPIxu5GTNiTCuEUo?ext=png', 'type': 'image/png'}]}",1,prC6wjf6Qu3ZgBxMdpTcknReCberDnRitqkEHhG59yv,1,{},False,"{'auctionHouseKey': 'E8cU1WiRWjanGxmn96ewBgk9vPTcL6AEZ1t6F6fkgUWe', 'sellerReferral': 'autMW8SgBkVYeBgqYiTuJZnkvDZMVU2MHJh9Jh7CSQ2', 'expiry': -1}"
1,CpaVTABgCtxiCit8cgmLZo9KP5HMavV92iicEupwBwX2,35.0,HXd5XJzq8N941hTZBkYA9gAa7Y9XYMACgeMf9j4yoeVw,4VTwrobasVJWfDGUBpN1jhL2T2SgS5prFM4tdjdsV6Js,888_anon_club,888 Anon Club™,https://www.arweave.net/oTh7EQTzS1egY_T8EzEobEk8RIyR68q8TJEH4d8wxSU?ext=png,888AC #733,888 Unique 2D Pixel Anons which represent membership into The 888 Anon Club™,image,"[{'address': '7JZbDVec4dViXTsMgYudpBppVdVAzZYjUuX985wZCK8B', 'verified': 1, 'share': 0}, {'address': 'FDfhQ9t7Nq8U4Y2xXynmd9bQW8HMdgbVS5PggeuAaff3', 'verified': 0, 'share': 100}]",500,2whas9kux6eRCwWecNkLhhMe14S9ua1aMX3iJkpk6YV7,"[{'trait_type': 'background', 'value': 'hot-pink'}, {'trait_type': 'tshirt', 'value': 'logo-orange'}, {'trait_type': 'skin', 'value': 'beige'}, {'trait_type': 'mask', 'value': 'saloon'}, {'trait_type': 'accessory', 'value': 'black-eyes'}]","{'category': 'image', 'creators': [{'address': 'FDfhQ9t7Nq8U4Y2xXynmd9bQW8HMdgbVS5PggeuAaff3', 'share': 100}], 'files': [{'uri': 'https://www.arweave.net/oTh7EQTzS1egY_T8EzEobEk8RIyR68q8TJEH4d8wxSU?ext=png', 'type': 'image/png'}]}",1,prC6wjf6Qu3ZgBxMdpTcknReCberDnRitqkEHhG59yv,1,{},False,"{'auctionHouseKey': 'E8cU1WiRWjanGxmn96ewBgk9vPTcL6AEZ1t6F6fkgUWe', 'sellerReferral': 'autMW8SgBkVYeBgqYiTuJZnkvDZMVU2MHJh9Jh7CSQ2', 'expiry': -1}"
2,HoLz8pSjWDYKGTmzzz6ovi3d4RWfEcvjQEovWEBTf4zP,36.5,5HyjJjbYj6Fxm1tszxDCDzSqb2QCzwRUunWXQXWyPuJ9,456odKFQ5bKpjYf4Gn4wXzww4FBZABo1zgwF8SqR9U6D,888_anon_club,888 Anon Club™,https://www.arweave.net/e2iyNbQuvBMG8gS8dOZAuh6xEmmiWJ1riteoN67FZS4?ext=png,888AC #559,888 Unique 2D Pixel Anons which represent membership into The 888 Anon Club™,image,"[{'address': '7JZbDVec4dViXTsMgYudpBppVdVAzZYjUuX985wZCK8B', 'verified': 1, 'share': 0}, {'address': 'FDfhQ9t7Nq8U4Y2xXynmd9bQW8HMdgbVS5PggeuAaff3', 'verified': 0, 'share': 100}]",500,3DUpWFW8bd4wJBGg4WBab9DbBaAZqBkRi6xYiSzJr9Bj,"[{'trait_type': 'background', 'value': 'autumn-forest'}, {'trait_type': 'tshirt', 'value': 'logo1-blue'}, {'trait_type': 'skin', 'value': 'yellow'}, {'trait_type': 'mask', 'value': 'crimson'}, {'trait_type': 'accessory', 'value': 'bandage'}]","{'category': 'image', 'creators': [{'address': 'FDfhQ9t7Nq8U4Y2xXynmd9bQW8HMdgbVS5PggeuAaff3', 'share': 100}], 'files': [{'uri': 'https://www.arweave.net/e2iyNbQuvBMG8gS8dOZAuh6xEmmiWJ1riteoN67FZS4?ext=png', 'type': 'image/png'}]}",1,prC6wjf6Qu3ZgBxMdpTcknReCberDnRitqkEHhG59yv,1,{},False,"{'auctionHouseKey': 'E8cU1WiRWjanGxmn96ewBgk9vPTcL6AEZ1t6F6fkgUWe', 'sellerReferral': 'autMW8SgBkVYeBgqYiTuJZnkvDZMVU2MHJh9Jh7CSQ2', 'expiry': -1}"
3,61epJZw5sWWWpfMLdfZzxHzcDm1UGBfyawsbfXcMb7o9,37.5,3E3oxiFNRMDKo3eT8rC359UkPg6UH8Rhx8xL2fNnYnhU,GDsAfocjWthBGLBQbtzEjwRt4CNXeWtS7jFsxYV6YRkr,888_anon_club,888 Anon Club™,https://www.arweave.net/k9A5Vgbv2iDq0pNlNuvuJPu-wVxrbJqmNNzn1-bvD2A?ext=png,888AC #581,888 Unique 2D Pixel Anons which represent membership into The 888 Anon Club™,image,"[{'address': '7JZbDVec4dViXTsMgYudpBppVdVAzZYjUuX985wZCK8B', 'verified': 1, 'share': 0}, {'address': 'FDfhQ9t7Nq8U4Y2xXynmd9bQW8HMdgbVS5PggeuAaff3', 'verified': 0, 'share': 100}]",500,3DS6rQchU9ieiV4A5F2NTEvzWwtt4bGEYKP95kUWdc2G,"[{'trait_type': 'background', 'value': 'blue'}, {'trait_type': 'tshirt', 'value': 'skull-red'}, {'trait_type': 'skin', 'value': 'grey'}, {'trait_type': 'mask', 'value': 'dusk'}, {'trait_type': 'accessory', 'value': 'black-eyes'}]","{'category': 'image', 'creators': [{'address': 'FDfhQ9t7Nq8U4Y2xXynmd9bQW8HMdgbVS5PggeuAaff3', 'share': 100}], 'files': [{'uri': 'https://www.arweave.net/k9A5Vgbv2iDq0pNlNuvuJPu-wVxrbJqmNNzn1-bvD2A?ext=png', 'type': 'image/png'}]}",1,prC6wjf6Qu3ZgBxMdpTcknReCberDnRitqkEHhG59yv,1,{},False,"{'auctionHouseKey': 'E8cU1WiRWjanGxmn96ewBgk9vPTcL6AEZ1t6F6fkgUWe', 'sellerReferral': 'autMW8SgBkVYeBgqYiTuJZnkvDZMVU2MHJh9Jh7CSQ2', 'expiry': -1}"
4,7L6uEmFMmq6q4MzJryfvhFEWykkku5gKh4TRDda5bDto,37.9,E2Mg2QegPGsZR3VyFxtFvZfhYXmcZfoPB7gGVhstGt9S,7UA8GpVoYJdDv9JZfd4EN6UBfPxh2Qte2FmyLcJ5HVNc,888_anon_club,888 Anon Club™,https://www.arweave.net/_tcd-kab8HWYqz7fnBrGEcX3u5PJsvUKXLPAZHHSIns?ext=png,888AC #361,888 Unique 2D Pixel Anons which represent membership into The 888 Anon Club™,image,"[{'address': '7JZbDVec4dViXTsMgYudpBppVdVAzZYjUuX985wZCK8B', 'verified': 1, 'share': 0}, {'address': 'FDfhQ9t7Nq8U4Y2xXynmd9bQW8HMdgbVS5PggeuAaff3', 'verified': 0, 'share': 100}]",500,AnDMfvtshvhViWE5U2Nx8fZHVHLjhAkAULisLuS4ar6S,"[{'trait_type': 'background', 'value': 'blue'}, {'trait_type': 'tshirt', 'value': 'red-striped'}, {'trait_type': 'skin', 'value': 'crimson'}, {'trait_type': 'mask', 'value': 'lime'}, {'trait_type': 'accessory', 'value': 'aviators'}]","{'category': 'image', 'creators': [{'address': 'FDfhQ9t7Nq8U4Y2xXynmd9bQW8HMdgbVS5PggeuAaff3', 'share': 100}], 'files': [{'uri': 'https://www.arweave.net/_tcd-kab8HWYqz7fnBrGEcX3u5PJsvUKXLPAZHHSIns?ext=png', 'type': 'image/png'}]}",1,prC6wjf6Qu3ZgBxMdpTcknReCberDnRitqkEHhG59yv,1,{},False,"{'auctionHouseKey': 'E8cU1WiRWjanGxmn96ewBgk9vPTcL6AEZ1t6F6fkgUWe', 'sellerReferral': 'autMW8SgBkVYeBgqYiTuJZnkvDZMVU2MHJh9Jh7CSQ2', 'expiry': -1}"
5,DnWeZRnVdj5ccqNFwoz5RHg2JANp63egWqP1qutTepyH,38.0,8LVSxidZfhPeGTk1z2qAPH7JZ3gf6PKqwWXkZDfyZyaA,7HJgKTcxUqrNi42vy6foeHpYgR2HczNnXuHoTkkshecN,888_anon_club,888 Anon Club™,https://www.arweave.net/DF3GEn22cFeV0JdAmtU4IGx8CvROVpZvbxxdWktEsPo?ext=png,888AC #25,888 Unique 2D Pixel Anons which represent membership into The 888 Anon Club™,image,"[{'address': '7JZbDVec4dViXTsMgYudpBppVdVAzZYjUuX985wZCK8B', 'verified': 1, 'share': 0}, {'address': 'FDfhQ9t7Nq8U4Y2xXynmd9bQW8HMdgbVS5PggeuAaff3', 'verified': 0, 'share': 100}]",500,3zGomWVmD1JDyFCTXNpTKu9CUvDqnW2BPF2FNGR1ZgEw,"[{'trait_type': 'background', 'value': 'candy-red'}, {'trait_type': 'tshirt', 'value': 'logo-sea'}, {'trait_type': 'skin', 'value': 'candy-red'}, {'trait_type': 'mask', 'value': 'orange'}, {'trait_type': 'accessory', 'value': 'fangs'}]","{'category': 'image', 'creators': [{'address': 'FDfhQ9t7Nq8U4Y2xXynmd9bQW8HMdgbVS5PggeuAaff3', 'share': 100}], 'files': [{'uri': 'https://www.arweave.net/DF3GEn22cFeV0JdAmtU4IGx8CvROVpZvbxxdWktEsPo?ext=png', 'type': 'image/png'}]}",1,prC6wjf6Qu3ZgBxMdpTcknReCberDnRitqkEHhG59yv,1,{},False,"{'auctionHouseKey': 'E8cU1WiRWjanGxmn96ewBgk9vPTcL6AEZ1t6F6fkgUWe', 'sellerReferral': 'autMW8SgBkVYeBgqYiTuJZnkvDZMVU2MHJh9Jh7CSQ2', 'expiry': -1}"
6,Hvd6JmXttkUqMGu9WCkYniYqoiUUDfeQ7K6TsfqjhphN,39.0,CEu8W3XWsUUkYVjYPYy4a8G8dZGpofyMUwCD5q3dhrxE,BAZScT86iXkM34AUi8UmoVchqDGUAW7VqaA22LSo62wu,888_anon_club,888 Anon Club™,https://www.arweave.net/MqLOBKOaXTQEP6Z1l2GP8xDP66r-NxCJEzv-yNiGQLw?ext=png,888AC #859,888 Unique 2D Pixel Anons which represent membership into The 888 Anon Club™,image,"[{'address': '7JZbDVec4dViXTsMgYudpBppVdVAzZYjUuX985wZCK8B', 'verified': 1, 'share': 0}, {'address': 'FDfhQ9t7Nq8U4Y2xXynmd9bQW8HMdgbVS5PggeuAaff3', 'verified': 0, 'share': 100}]",500,CnvHPBpYqyEtnV7jroBDXQwNmr9oHXAFz6yKsRPsC8AP,"[{'trait_type': 'background', 'value': 'night-sky'}, {'trait_type': 'tshirt', 'value': 'plain-orange'}, {'trait_type': 'skin', 'value': 'grey'}, {'trait_type': 'mask', 'value': 'teal'}, {'trait_type': 'accessory', 'value': 'black-eyes'}]","{'category': 'image', 'creators': [{'address': 'FDfhQ9t7Nq8U4Y2xXynmd9bQW8HMdgbVS5PggeuAaff3', 'share': 100}], 'files': [{'uri': 'https://www.arweave.net/MqLOBKOaXTQEP6Z1l2GP8xDP66r-NxCJEzv-yNiGQLw?ext=png', 'type': 'image/png'}]}",1,prC6wjf6Qu3ZgBxMdpTcknReCberDnRitqkEHhG59yv,1,{},False,"{'auctionHouseKey': 'E8cU1WiRWjanGxmn96ewBgk9vPTcL6AEZ1t6F6fkgUWe', 'sellerReferral': 'autMW8SgBkVYeBgqYiTuJZnkvDZMVU2MHJh9Jh7CSQ2', 'expiry': -1}"
7,FxFq5zEUUMSUnPAFfNgfmjmKphsHS251uiN48cUpXtDV,39.0,BU4Pmwjojf2uKuFtFKFvVeL56J9iJ1KQspFhA744qfGm,2CHJ97VwMctXuTaU4ftTJAozX1SQ9JN2e3rA9pBhKN4p,888_anon_club,888 Anon Club™,https://www.arweave.net/0H-NooF1uk7F6aBESPNYjHrN7AZQlgaa5CqTO8x61B8?ext=png,888AC #718,888 Unique 2D Pixel Anons which represent membership into The 888 Anon Club™,image,"[{'address': '7JZbDVec4dViXTsMgYudpBppVdVAzZYjUuX985wZCK8B', 'verified': 1, 'share': 0}, {'address': 'FDfhQ9t7Nq8U4Y2xXynmd9bQW8HMdgbVS5PggeuAaff3', 'verified': 0, 'share': 100}]",500,6A2qtV4DN3mJsJQNHKHyhzL5pvWgUmkSiFMrD5XypMxW,"[{'trait_type': 'background', 'value': 'candy-red'}, {'trait_type': 'tshirt', 'value': 'logo-red'}, {'trait_type': 'skin', 'value': 'beige'}, {'trait_type': 'mask', 'value': 'orange'}, {'trait_type': 'accessory', 'value': 'mouth'}]","{'category': 'image', 'creators': [{'address': 'FDfhQ9t7Nq8U4Y2xXynmd9bQW8HMdgbVS5PggeuAaff3', 'share': 100}], 'files': [{'uri': 'https://www.arweave.net/0H-NooF1uk7F6aBESPNYjHrN7AZQlgaa5CqTO8x61B8?ext=png', 'type': 'image/png'}]}",1,prC6wjf6Qu3ZgBxMdpTcknReCberDnRitqkEHhG59yv,1,{},False,"{'auctionHouseKey': 'E8cU1WiRWjanGxmn96ewBgk9vPTcL6AEZ1t6F6fkgUWe', 'sellerReferral': 'autMW8SgBkVYeBgqYiTuJZnkvDZMVU2MHJh9Jh7CSQ2', 'expiry': -1}"
8,6jYK466htQdKtN29Asr59QFrk4kybgYpfJnHEHQhuKLm,39.0,8cs3DfTTec5SQvViG5YiF9sZiQYC7MwBQi8BMBQXSQxF,J3EGnLwVBrdhY9PejTJYG2241smr9X8v5BjjSw2QWWo7,888_anon_club,888 Anon Club™,https://www.arweave.net/sFkwIeXfcuryN9iEqL402s4A38bT40g4qs-mcvkXR9Y?ext=png,888AC #81,888 Unique 2D Pixel Anons which represent membership into The 888 Anon Club™,image,"[{'address': '7JZbDVec4dViXTsMgYudpBppVdVAzZYjUuX985wZCK8B', 'verified': 1, 'share': 0}, {'address': 'FDfhQ9t7Nq8U4Y2xXynmd9bQW8HMdgbVS5PggeuAaff3', 'verified': 0, 'share': 100}]",500,CpCk7HiT7dJ4tGNQo1MDr4K9qSFGDHShfujZ1VUoRzeh,"[{'trait_type': 'background', 'value': 'cloud-white'}, {'trait_type': 'tshirt', 'value': 'navy-striped'}, {'trait_type': 'skin', 'value': 'crimson'}, {'trait_type': 'mask', 'value': 'red'}, {'trait_type': 'accessory', 'value': 'black-eyes'}]","{'category': 'image', 'creators': [{'address': 'FDfhQ9t7Nq8U4Y2xXynmd9bQW8HMdgbVS5PggeuAaff3', 'share': 100}], 'files': [{'uri': 'https://www.arweave.net/sFkwIeXfcuryN9iEqL402s4A38bT40g4qs-mcvkXR9Y?ext=png', 'type': 'image/png'}]}",1,prC6wjf6Qu3ZgBxMdpTcknReCberDnRitqkEHhG59yv,1,{},False,"{'auctionHouseKey': 'E8cU1WiRWjanGxmn96ewBgk9vPTcL6AEZ1t6F6fkgUWe', 'sellerReferral': 'autMW8SgBkVYeBgqYiTuJZnkvDZMVU2MHJh9Jh7CSQ2', 'expiry': -1}"
9,CMAbkvLNyrTh9xUqNSsqd89ESSYVzW4d3EGYxq3TPw4Y,39.0,rSf3aV7XJ6us98vvFcBqGY3zoWaqxydhp5ANvnaV6RF,J3EGnLwVBrdhY9PejTJYG2241smr9X8v5BjjSw2QWWo7,888_anon_club,888 Anon Club™,https://www.arweave.net/WBqAnafXW8VyOtCqP5LOLLTJXjdlWeTLp1q94zkOt-M?ext=png,888AC #83,888 Unique 2D Pixel Anons which represent membership into The 888 Anon Club™,image,"[{'address': '7JZbDVec4dViXTsMgYudpBppVdVAzZYjUuX985wZCK8B', 'verified': 1, 'share': 0}, {'address': 'FDfhQ9t7Nq8U4Y2xXynmd9bQW8HMdgbVS5PggeuAaff3', 'verified': 0, 'share': 100}]",500,4bKMJTLL3G1F6weUbdP4EXTZ5hwkSXVJbwUcwkKWYfjX,"[{'trait_type': 'background', 'value': 'dark-shades'}, {'trait_type': 'tshirt', 'value': 'red-striped'}, {'trait_type': 'skin', 'value': 'ice'}, {'trait_type': 'mask', 'value': 'green'}, {'trait_type': 'accessory', 'value': 'black-eyes'}]","{'category': 'image', 'creators': [{'address': 'FDfhQ9t7Nq8U4Y2xXynmd9bQW8HMdgbVS5PggeuAaff3', 'share': 100}], 'files': [{'uri': 'https://www.arweave.net/WBqAnafXW8VyOtCqP5LOLLTJXjdlWeTLp1q94zkOt-M?ext=png', 'type': 'image/png'}]}",1,prC6wjf6Qu3ZgBxMdpTcknReCberDnRitqkEHhG59yv,1,{},False,"{'auctionHouseKey': 'E8cU1WiRWjanGxmn96ewBgk9vPTcL6AEZ1t6F6fkgUWe', 'sellerReferral': 'autMW8SgBkVYeBgqYiTuJZnkvDZMVU2MHJh9Jh7CSQ2', 'expiry': -1}"
10,6aHJc9RG5qKYfkTFeC8eHzC7sUqRpGsotHy6KafhZaSk,39.99,8AQhDDhzmgSqMPY5xpGgFvpknoupPFbf8u7MR1ACPtwj,DJm12P3QiGbsu5ZbvFjsuvnk2Y7oHEgrSJomFyQwbF9H,888_anon_club,888 Anon Club™,https://www.arweave.net/TiQrkMVLTxRSf4pxn60hZTd6jUHBtDWfrtpv3zUtoqk?ext=png,888AC #279,888 Unique 2D Pixel Anons which represent membership into The 888 Anon Club™,image,"[{'address': '7JZbDVec4dViXTsMgYudpBppVdVAzZYjUuX985wZCK8B', 'verified': 1, 'share': 0}, {'address': 'FDfhQ9t7Nq8U4Y2xXynmd9bQW8HMdgbVS5PggeuAaff3', 'verified': 0, 'share': 100}]",500,6dtjwmoqvRtfjCSVcy52rp6PQaHJEZBFMxr8Xz4izxgh,"[{'trait_type': 'background', 'value': 'hot-pink'}, {'trait_type': 'tshirt', 'value': 'skull-navy'}, {'trait_type': 'skin', 'value': 'dusk'}, {'trait_type': 'mask', 'value': 'yellow'}, {'trait_type': 'accessory', 'value': 'devil'}]","{'category': 'image', 'creators': [{'address': 'FDfhQ9t7Nq8U4Y2xXynmd9bQW8HMdgbVS5PggeuAaff3', 'share': 100}], 'files': [{'uri': 'https://www.arweave.net/TiQrkMVLTxRSf4pxn60hZTd6jUHBtDWfrtpv3zUtoqk?ext=png', 'type': 'image/png'}]}",1,prC6wjf6Qu3ZgBxMdpTcknReCberDnRitqkEHhG59yv,1,{},False,"{'auctionHouseKey': 'E8cU1WiRWjanGxmn96ewBgk9vPTcL6AEZ1t6F6fkgUWe', 'sellerReferral': 'autMW8SgBkVYeBgqYiTuJZnkvDZMVU2MHJh9Jh7CSQ2', 'expiry': -1}"
11,GJhTuudHLYEDd6pU5s83quuf6PXmmLffFXZ4GxRDcajB,40.0,GjYo6KNPrRgVNXe8YRJLaHTQbcHPSViy5bEW2rx2AXqj,67moRpSLnh6uqvJ9sLiZP5nKu47YSMkZVMYKjRciEyNk,888_anon_club,888 Anon Club™,https://www.arweave.net/1WnbynHK7hiOZZ37MZkk7GZLKimqLqvdjAO_WXwrQVQ?ext=png,888AC #823,888 Unique 2D Pixel Anons which represent membership into The 888 Anon Club™,image,"[{'address': '7JZbDVec4dViXTsMgYudpBppVdVAzZYjUuX985wZCK8B', 'verified': 1, 'share': 0}, {'address': 'FDfhQ9t7Nq8U4Y2xXynmd9bQW8HMdgbVS5PggeuAaff3', 'verified': 0, 'share': 100}]",500,dN3BUpkDtpSy3XhA35LPfNJL1sMDEVXoQh64gVjyExD,"[{'trait_type': 'background', 'value': 'hot-pink'}, {'trait_type': 'tshirt', 'value': 'logo1-blue'}, {'trait_type': 'skin', 'value': 'brown'}, {'trait_type': 'mask', 'value': 'grey'}, {'trait_type': 'accessory', 'value': 'lasers'}]","{'category': 'image', 'creators': [{'address': 'FDfhQ9t7Nq8U4Y2xXynmd9bQW8HMdgbVS5PggeuAaff3', 'share': 100}], 'files': [{'uri': 'https://www.arweave.net/1WnbynHK7hiOZZ37MZkk7GZLKimqLqvdjAO_WXwrQVQ?ext=png', 'type': 'image/png'}]}",1,prC6wjf6Qu3ZgBxMdpTcknReCberDnRitqkEHhG59yv,1,{},False,"{'auctionHouseKey': 'E8cU1WiRWjanGxmn96ewBgk9vPTcL6AEZ1t6F6fkgUWe', 'sellerReferral': 'autMW8SgBkVYeBgqYiTuJZnkvDZMVU2MHJh9Jh7CSQ2', 'expiry': -1}"
12,9uY3ZTtp4ybs1JAHy52YgYw8SzhkWFPGQQ7194khgbr9,40.0,2XNaBvJncCo1d1rxbR6csERrRmfYESSJ2q5teZiZLNn8,7HJgKTcxUqrNi42vy6foeHpYgR2HczNnXuHoTkkshecN,888_anon_club,888 Anon Club™,https://www.arweave.net/0wV_SozNXkASmw9Ms1cegXifjD_YkUPmKiR86-f7Mjs?ext=png,888AC #239,888 Unique 2D Pixel Anons which represent membership into The 888 Anon Club™,image,"[{'address': '7JZbDVec4dViXTsMgYudpBppVdVAzZYjUuX985wZCK8B', 'verified': 1, 'share': 0}, {'address': 'FDfhQ9t7Nq8U4Y2xXynmd9bQW8HMdgbVS5PggeuAaff3', 'verified': 0, 'share': 100}]",500,5mRpEeoaPmmA8v9yWiE4NdfrMKyFVJBFoctvedCucfFt,"[{'trait_type': 'background', 'value': 'dusk'}, {'trait_type': 'tshirt', 'value': 'logo2-purple'}, {'trait_type': 'skin', 'value': 'grey'}, {'trait_type': 'mask', 'value': 'crimson'}, {'trait_type': 'accessory', 'value': 'none'}]","{'category': 'image', 'creators': [{'address': 'FDfhQ9t7Nq8U4Y2xXynmd9bQW8HMdgbVS5PggeuAaff3', 'share': 100}], 'files': [{'uri': 'https://www.arweave.net/0wV_SozNXkASmw9Ms1cegXifjD_YkUPmKiR86-f7Mjs?ext=png', 'type': 'image/png'}]}",1,prC6wjf6Qu3ZgBxMdpTcknReCberDnRitqkEHhG59yv,1,{},False,"{'auctionHouseKey': 'E8cU1WiRWjanGxmn96ewBgk9vPTcL6AEZ1t6F6fkgUWe', 'sellerReferral': 'autMW8SgBkVYeBgqYiTuJZnkvDZMVU2MHJh9Jh7CSQ2', 'expiry': -1}"
13,9fZ2qgtmndbe1ArJA6KsovZNerfHw5BHxcG5WJ8CZy25,40.0,AFrC2dLwnBXxNyr4GTUcsEc78TKjBPRNAd4kaLu3jHPP,2CHJ97VwMctXuTaU4ftTJAozX1SQ9JN2e3rA9pBhKN4p,888_anon_club,888 Anon Club™,https://www.arweave.net/flZ4riwmY61DtFZ0vljNAnbb17USPle2fwE1Ng1wxls?ext=png,888AC #135,888 Unique 2D Pixel Anons which represent membership into The 888 Anon Club™,image,"[{'address': '7JZbDVec4dViXTsMgYudpBppVdVAzZYjUuX985wZCK8B', 'verified': 1, 'share': 0}, {'address': 'FDfhQ9t7Nq8U4Y2xXynmd9bQW8HMdgbVS5PggeuAaff3', 'verified': 0, 'share': 100}]",500,GqhuK6C2p3ujbRQxQwz8iD1LLX7sCEFJsq6Cq1j4QfJ7,"[{'trait_type': 'background', 'value': 'dusk'}, {'trait_type': 'tshirt', 'value': 'leather-jacket'}, {'trait_type': 'skin', 'value': 'crimson'}, {'trait_type': 'mask', 'value': 'lime'}, {'trait_type': 'accessory', 'value': 'none'}]","{'category': 'image', 'creators': [{'address': 'FDfhQ9t7Nq8U4Y2xXynmd9bQW8HMdgbVS5PggeuAaff3', 'share': 100}], 'files': [{'uri': 'https://www.arweave.net/flZ4riwmY61DtFZ0vljNAnbb17USPle2fwE1Ng1wxls?ext=png', 'type': 'image/png'}]}",1,prC6wjf6Qu3ZgBxMdpTcknReCberDnRitqkEHhG59yv,1,{},False,"{'auctionHouseKey': 'E8cU1WiRWjanGxmn96ewBgk9vPTcL6AEZ1t6F6fkgUWe', 'sellerReferral': 'autMW8SgBkVYeBgqYiTuJZnkvDZMVU2MHJh9Jh7CSQ2', 'expiry': -1}"
14,AVMr5JGtfzS53vha4SuNKfHHijS1oxd9VgY1bhrnXDN6,42.0,4YV3Q81CbkPR8q9czrjPtvYyDPMjGz6wUjo8P6ePbaV4,7HJgKTcxUqrNi42vy6foeHpYgR2HczNnXuHoTkkshecN,888_anon_club,888 Anon Club™,https://www.arweave.net/j0b7OMCcdjJNDo15EZZ8Pgu9Oi5DvTM_qQpBCWMfJJA?ext=png,888AC #258,888 Unique 2D Pixel Anons which represent membership into The 888 Anon Club™,image,"[{'address': '7JZbDVec4dViXTsMgYudpBppVdVAzZYjUuX985wZCK8B', 'verified': 1, 'share': 0}, {'address': 'FDfhQ9t7Nq8U4Y2xXynmd9bQW8HMdgbVS5PggeuAaff3', 'verified': 0, 'share': 100}]",500,B7CwGykTbyeG54sUhtBoc45V8dTgqc5YcCWTamhxNxCB,"[{'trait_type': 'background', 'value': 'toy-blue'}, {'trait_type': 'tshirt', 'value': 'plain-black'}, {'trait_type': 'skin', 'value': 'yellow'}, {'trait_type': 'mask', 'value': 'dusk'}, {'trait_type': 'accessory', 'value': 'cig'}]","{'category': 'image', 'creators': [{'address': 'FDfhQ9t7Nq8U4Y2xXynmd9bQW8HMdgbVS5PggeuAaff3', 'share': 100}], 'files': [{'uri': 'https://www.arweave.net/j0b7OMCcdjJNDo15EZZ8Pgu9Oi5DvTM_qQpBCWMfJJA?ext=png', 'type': 'image/png'}]}",1,prC6wjf6Qu3ZgBxMdpTcknReCberDnRitqkEHhG59yv,1,{},False,"{'auctionHouseKey': 'E8cU1WiRWjanGxmn96ewBgk9vPTcL6AEZ1t6F6fkgUWe', 'sellerReferral': 'autMW8SgBkVYeBgqYiTuJZnkvDZMVU2MHJh9Jh7CSQ2', 'expiry': -1}"
15,K9TbNs3zR26dsVokmF67zvCTsiaJoL5c875GdwECHQr,43.0,22BeiMWXtb1fTAqsunB1nb8qNPrZ348f7PtK4uLn8wCh,2CHJ97VwMctXuTaU4ftTJAozX1SQ9JN2e3rA9pBhKN4p,888_anon_club,888 Anon Club™,https://www.arweave.net/FDY4wrvYXbM8Jt_n9mK20WKCiVcKpO30jRYtNqmyii4?ext=png,888AC #824,888 Unique 2D Pixel Anons which represent membership into The 888 Anon Club™,image,"[{'address': '7JZbDVec4dViXTsMgYudpBppVdVAzZYjUuX985wZCK8B', 'verified': 1, 'share': 0}, {'address': 'FDfhQ9t7Nq8U4Y2xXynmd9bQW8HMdgbVS5PggeuAaff3', 'verified': 0, 'share': 100}]",500,duFKqNnKSFxxXa8WrV18vmH2q3pz5xewF5zhan6zg3X,"[{'trait_type': 'background', 'value': 'night-forest'}, {'trait_type': 'tshirt', 'value': 'plain-brown'}, {'trait_type': 'skin', 'value': 'brown'}, {'trait_type': 'mask', 'value': 'blue'}, {'trait_type': 'accessory', 'value': 'green-eyes'}]","{'category': 'image', 'creators': [{'address': 'FDfhQ9t7Nq8U4Y2xXynmd9bQW8HMdgbVS5PggeuAaff3', 'share': 100}], 'files': [{'uri': 'https://www.arweave.net/FDY4wrvYXbM8Jt_n9mK20WKCiVcKpO30jRYtNqmyii4?ext=png', 'type': 'image/png'}]}",1,prC6wjf6Qu3ZgBxMdpTcknReCberDnRitqkEHhG59yv,1,{},False,"{'auctionHouseKey': 'E8cU1WiRWjanGxmn96ewBgk9vPTcL6AEZ1t6F6fkgUWe', 'sellerReferral': 'autMW8SgBkVYeBgqYiTuJZnkvDZMVU2MHJh9Jh7CSQ2', 'expiry': -1}"
16,21A2t5jKcLTC3EqZZB9mg6eGy8t4QEPPpGc8goyXVk7H,44.0,CPhFnHRca6y2pmmyxhHAJkXsSi1urhfLgr4nNYDoHdT5,2CHJ97VwMctXuTaU4ftTJAozX1SQ9JN2e3rA9pBhKN4p,888_anon_club,888 Anon Club™,https://www.arweave.net/MYQSKHTokaY3nDLWR-sx98oo6cs-Pi-3fdJu4NNcMLs?ext=png,888AC #560,888 Unique 2D Pixel Anons which represent membership into The 888 Anon Club™,image,"[{'address': '7JZbDVec4dViXTsMgYudpBppVdVAzZYjUuX985wZCK8B', 'verified': 1, 'share': 0}, {'address': 'FDfhQ9t7Nq8U4Y2xXynmd9bQW8HMdgbVS5PggeuAaff3', 'verified': 0, 'share': 100}]",500,8wnaurACorrsEXCJ3Xz8t9EByoNuZsdGhWWSMjcSzJYt,"[{'trait_type': 'background', 'value': 'black'}, {'trait_type': 'tshirt', 'value': 'logo-forest'}, {'trait_type': 'skin', 'value': 'white'}, {'trait_type': 'mask', 'value': 'mauve'}, {'trait_type': 'accessory', 'value': 'red-eyes'}]","{'category': 'image', 'creators': [{'address': 'FDfhQ9t7Nq8U4Y2xXynmd9bQW8HMdgbVS5PggeuAaff3', 'share': 100}], 'files': [{'uri': 'https://www.arweave.net/MYQSKHTokaY3nDLWR-sx98oo6cs-Pi-3fdJu4NNcMLs?ext=png', 'type': 'image/png'}]}",1,prC6wjf6Qu3ZgBxMdpTcknReCberDnRitqkEHhG59yv,1,{},False,"{'auctionHouseKey': 'E8cU1WiRWjanGxmn96ewBgk9vPTcL6AEZ1t6F6fkgUWe', 'sellerReferral': 'autMW8SgBkVYeBgqYiTuJZnkvDZMVU2MHJh9Jh7CSQ2', 'expiry': -1}"
17,E7tQtHs66c82xNwL7hEysqdtRU9QkRCAKEGwZrmJ3Pu3,44.4,GsGDDKvvWy33MQLH9KZRzDXQjgxr3qc8Uhrg3eMVc5bp,4ogG3vT9GGNZGFhnnLLzhVjvTMEb27Uig2pSEhrnTLXD,888_anon_club,888 Anon Club™,https://www.arweave.net/OtodBNdkrp-mFLm0SqHQpiR7nLzfnNvrrGIE_FpaABQ?ext=png,888AC #394,888 Unique 2D Pixel Anons which represent membership into The 888 Anon Club™,image,"[{'address': '7JZbDVec4dViXTsMgYudpBppVdVAzZYjUuX985wZCK8B', 'verified': 1, 'share': 0}, {'address': 'FDfhQ9t7Nq8U4Y2xXynmd9bQW8HMdgbVS5PggeuAaff3', 'verified': 0, 'share': 100}]",500,76KcMNZuuJwhAvBLRUbni5qUhaznsJJXLYNMJ1kzoD2p,"[{'trait_type': 'background', 'value': 'toy-blue'}, {'trait_type': 'tshirt', 'value': 'skull-pink'}, {'trait_type': 'skin', 'value': 'yellow'}, {'trait_type': 'mask', 'value': 'inverse'}, {'trait_type': 'accessory', 'value': 'face-mask'}]","{'category': 'image', 'creators': [{'address': 'FDfhQ9t7Nq8U4Y2xXynmd9bQW8HMdgbVS5PggeuAaff3', 'share': 100}], 'files': [{'uri': 'https://www.arweave.net/OtodBNdkrp-mFLm0SqHQpiR7nLzfnNvrrGIE_FpaABQ?ext=png', 'type': 'image/png'}]}",1,prC6wjf6Qu3ZgBxMdpTcknReCberDnRitqkEHhG59yv,1,{},False,"{'auctionHouseKey': 'E8cU1WiRWjanGxmn96ewBgk9vPTcL6AEZ1t6F6fkgUWe', 'sellerReferral': 'autMW8SgBkVYeBgqYiTuJZnkvDZMVU2MHJh9Jh7CSQ2', 'expiry': -1}"
18,8ofVph8bhSBnacj2fJqGt3ozq4tRFX67qFjXM17m7NaK,45.0,CaRfCvdv5si8e7C9cYfUH6hXcXwVBSrvm1MT3KteS7Ty,7HJgKTcxUqrNi42vy6foeHpYgR2HczNnXuHoTkkshecN,888_anon_club,888 Anon Club™,https://www.arweave.net/1IsYeaiZ1uSuXSpijA-NmK05GGBCUd01iN8VELx53Fo?ext=png,888AC #500,888 Unique 2D Pixel Anons which represent membership into The 888 Anon Club™,image,"[{'address': '7JZbDVec4dViXTsMgYudpBppVdVAzZYjUuX985wZCK8B', 'verified': 1, 'share': 0}, {'address': 'FDfhQ9t7Nq8U4Y2xXynmd9bQW8HMdgbVS5PggeuAaff3', 'verified': 0, 'share': 100}]",500,5wCWUzxd9Fv27TsPnqZTmxSHegyH4xokRWZ1Y8W7n2Cm,"[{'trait_type': 'background', 'value': 'vale-green'}, {'trait_type': 'tshirt', 'value': 'plain-green'}, {'trait_type': 'skin', 'value': 'yellow'}, {'trait_type': 'mask', 'value': 'green'}, {'trait_type': 'accessory', 'value': 'cig'}]","{'category': 'image', 'creators': [{'address': 'FDfhQ9t7Nq8U4Y2xXynmd9bQW8HMdgbVS5PggeuAaff3', 'share': 100}], 'files': [{'uri': 'https://www.arweave.net/1IsYeaiZ1uSuXSpijA-NmK05GGBCUd01iN8VELx53Fo?ext=png', 'type': 'image/png'}]}",1,prC6wjf6Qu3ZgBxMdpTcknReCberDnRitqkEHhG59yv,1,{},False,"{'auctionHouseKey': 'E8cU1WiRWjanGxmn96ewBgk9vPTcL6AEZ1t6F6fkgUWe', 'sellerReferral': 'autMW8SgBkVYeBgqYiTuJZnkvDZMVU2MHJh9Jh7CSQ2', 'expiry': -1}"
19,Fdo2ZUNmiohKFQuwpDRaeshet4NenZHcyAPCcaszeKpZ,45.9,9SvNMhU8RgRpUMPeGBhM1nrGEeUPDBdTQxuPY6kmJUkM,3TUcJepf3fQHuL7RZYkXKm2LDYGQ4SN25Xr9i68XyB8G,888_anon_club,888 Anon Club™,https://www.arweave.net/pnZYxY8RaVzbuuRMhmprmh3jCqpHMBlzabzjEo77axc?ext=png,888AC #579,888 Unique 2D Pixel Anons which represent membership into The 888 Anon Club™,image,"[{'address': '7JZbDVec4dViXTsMgYudpBppVdVAzZYjUuX985wZCK8B', 'verified': 1, 'share': 0}, {'address': 'FDfhQ9t7Nq8U4Y2xXynmd9bQW8HMdgbVS5PggeuAaff3', 'verified': 0, 'share': 100}]",500,2WNUbKYr4sYwAjWYBQ32ac7777EejCgPFL8V7q9dTTLB,"[{'trait_type': 'background', 'value': 'dark-shades'}, {'trait_type': 'tshirt', 'value': 'plain-green'}, {'trait_type': 'skin', 'value': 'yellow'}, {'trait_type': 'mask', 'value': 'beige'}, {'trait_type': 'accessory', 'value': 'blue-eyes'}]","{'category': 'image', 'creators': [{'address': 'FDfhQ9t7Nq8U4Y2xXynmd9bQW8HMdgbVS5PggeuAaff3', 'share': 100}], 'files': [{'uri': 'https://www.arweave.net/pnZYxY8RaVzbuuRMhmprmh3jCqpHMBlzabzjEo77axc?ext=png', 'type': 'image/png'}]}",1,prC6wjf6Qu3ZgBxMdpTcknReCberDnRitqkEHhG59yv,1,{},False,"{'auctionHouseKey': 'E8cU1WiRWjanGxmn96ewBgk9vPTcL6AEZ1t6F6fkgUWe', 'sellerReferral': 'autMW8SgBkVYeBgqYiTuJZnkvDZMVU2MHJh9Jh7CSQ2', 'expiry': -1}"
20,BeA2vDkKmvCz4X9NEbohfV64KPHyHHnDT8z7vni68tW8,45.9,94Z4zeSGPHAiKs5J1ZCFmfzn7mHwxF54xqrXBtDUhySg,3TUcJepf3fQHuL7RZYkXKm2LDYGQ4SN25Xr9i68XyB8G,888_anon_club,888 Anon Club™,https://www.arweave.net/sa7ERKDqHS3imceu-uzWJGA_HYBf-9RyyE_gwENH3-U?ext=png,888AC #856,888 Unique 2D Pixel Anons which represent membership into The 888 Anon Club™,image,"[{'address': '7JZbDVec4dViXTsMgYudpBppVdVAzZYjUuX985wZCK8B', 'verified': 1, 'share': 0}, {'address': 'FDfhQ9t7Nq8U4Y2xXynmd9bQW8HMdgbVS5PggeuAaff3', 'verified': 0, 'share': 100}]",500,5dw6nC4e181kEPNDGN842neJxfDVcZ7UdEWHTLMRBrLS,"[{'trait_type': 'background', 'value': 'yellow'}, {'trait_type': 'tshirt', 'value': 'logo-forest'}, {'trait_type': 'skin', 'value': 'ice'}, {'trait_type': 'mask', 'value': 'dusk'}, {'trait_type': 'accessory', 'value': 'black-eyes'}]","{'category': 'image', 'creators': [{'address': 'FDfhQ9t7Nq8U4Y2xXynmd9bQW8HMdgbVS5PggeuAaff3', 'share': 100}], 'files': [{'uri': 'https://www.arweave.net/sa7ERKDqHS3imceu-uzWJGA_HYBf-9RyyE_gwENH3-U?ext=png', 'type': 'image/png'}]}",1,prC6wjf6Qu3ZgBxMdpTcknReCberDnRitqkEHhG59yv,1,{},False,"{'auctionHouseKey': 'E8cU1WiRWjanGxmn96ewBgk9vPTcL6AEZ1t6F6fkgUWe', 'sellerReferral': 'autMW8SgBkVYeBgqYiTuJZnkvDZMVU2MHJh9Jh7CSQ2', 'expiry': -1}"
21,83H6oQPah8wNJvttKHygazpo5Vpt5a8dbLrG6Egeh5XH,46.95,GCYcgvu5ztqxHGj1hEqzPnbKfnmwrPLCD2tf6CFwSjBK,J87cwjV2HuMataQAsLWpywbTh91v515d8An5H1KLh9Vq,888_anon_club,888 Anon Club™,https://www.arweave.net/FVJVrWdxuXNHI0DjluBKV8jskeINrcbZo29-CbMiNMw?ext=png,888AC #234,888 Unique 2D Pixel Anons which represent membership into The 888 Anon Club™,image,"[{'address': '7JZbDVec4dViXTsMgYudpBppVdVAzZYjUuX985wZCK8B', 'verified': 1, 'share': 0}, {'address': 'FDfhQ9t7Nq8U4Y2xXynmd9bQW8HMdgbVS5PggeuAaff3', 'verified': 0, 'share': 100}]",500,E2KGAm7wkVHmmxhq4SPZWREHnGEmTbANpDPuSspsNGwb,"[{'trait_type': 'background', 'value': 'cloud-white'}, {'trait_type': 'tshirt', 'value': 'logo-coral'}, {'trait_type': 'skin', 'value': 'crimson'}, {'trait_type': 'mask', 'value': 'forest'}, {'trait_type': 'accessory', 'value': 'blue-eyes'}]","{'category': 'image', 'creators': [{'address': 'FDfhQ9t7Nq8U4Y2xXynmd9bQW8HMdgbVS5PggeuAaff3', 'share': 100}], 'files': [{'uri': 'https://www.arweave.net/FVJVrWdxuXNHI0DjluBKV8jskeINrcbZo29-CbMiNMw?ext=png', 'type': 'image/png'}]}",1,prC6wjf6Qu3ZgBxMdpTcknReCberDnRitqkEHhG59yv,1,{},False,"{'auctionHouseKey': 'E8cU1WiRWjanGxmn96ewBgk9vPTcL6AEZ1t6F6fkgUWe', 'sellerReferral': 'autMW8SgBkVYeBgqYiTuJZnkvDZMVU2MHJh9Jh7CSQ2', 'expiry': -1}"
22,AcQu15GeERxRyviyGtfVr5UGFadfbiAU1Y4xsdMga6jR,50.0,ESHaDdZ2VQJ9cdwimXCcWtBeiHcGzJjMdFKbkHfx8iSf,HT2SuCbePhjNZaar24uVwihYowCNvSjdvhJ8BRSVw9nX,888_anon_club,888 Anon Club™,https://www.arweave.net/Psgn4EZMg_hbtjF9aQQSLfXigMrMwmbamrFSqcPSHi8?ext=png,888AC #700,888 Unique 2D Pixel Anons which represent membership into The 888 Anon Club™,image,"[{'address': '7JZbDVec4dViXTsMgYudpBppVdVAzZYjUuX985wZCK8B', 'verified': 1, 'share': 0}, {'address': 'FDfhQ9t7Nq8U4Y2xXynmd9bQW8HMdgbVS5PggeuAaff3', 'verified': 0, 'share': 100}]",500,883nt9iVfYargvLcwfMtENAnb86Z65Dh6aTNSen4oAhh,"[{'trait_type': 'background', 'value': 'orange'}, {'trait_type': 'tshirt', 'value': 'logo-coral'}, {'trait_type': 'skin', 'value': 'black'}, {'trait_type': 'mask', 'value': 'orange'}, {'trait_type': 'accessory', 'value': 'bandana'}]","{'category': 'image', 'creators': [{'address': 'FDfhQ9t7Nq8U4Y2xXynmd9bQW8HMdgbVS5PggeuAaff3', 'share': 100}], 'files': [{'uri': 'https://www.arweave.net/Psgn4EZMg_hbtjF9aQQSLfXigMrMwmbamrFSqcPSHi8?ext=png', 'type': 'image/png'}]}",1,prC6wjf6Qu3ZgBxMdpTcknReCberDnRitqkEHhG59yv,1,{},False,"{'auctionHouseKey': 'E8cU1WiRWjanGxmn96ewBgk9vPTcL6AEZ1t6F6fkgUWe', 'sellerReferral': 'autMW8SgBkVYeBgqYiTuJZnkvDZMVU2MHJh9Jh7CSQ2', 'expiry': -1}"
23,3j5Qg9NsGuuqf9QSi97sNH7SA62ACF3wPGZCKZTWkc4U,50.0,CrtJF2bDgVYPQDo36e4AsrpofNLUaxJSiv9iuE5DFHt,BCxUBViXVp9cUACvHoiWXuhy7x6gt8zifGXbXVS3tfuB,888_anon_club,888 Anon Club™,https://www.arweave.net/SS0RBDEn8ZSDp41B3kn0wEo4uouIY-8uzfny2fIrybo?ext=png,888AC #866,888 Unique 2D Pixel Anons which represent membership into The 888 Anon Club™,image,"[{'address': '7JZbDVec4dViXTsMgYudpBppVdVAzZYjUuX985wZCK8B', 'verified': 1, 'share': 0}, {'address': 'FDfhQ9t7Nq8U4Y2xXynmd9bQW8HMdgbVS5PggeuAaff3', 'verified': 0, 'share': 100}]",500,2sk3uabHtQqg6cmua4hfHj4mceVQvuToSctXvFhrtK8H,"[{'trait_type': 'background', 'value': 'hot-pink'}, {'trait_type': 'tshirt', 'value': 'plain-blue'}, {'trait_type': 'skin', 'value': 'blue'}, {'trait_type': 'mask', 'value': 'charcoal'}, {'trait_type': 'accessory', 'value': 'pepe'}]","{'category': 'image', 'creators': [{'address': 'FDfhQ9t7Nq8U4Y2xXynmd9bQW8HMdgbVS5PggeuAaff3', 'share': 100}], 'files': [{'uri': 'https://www.arweave.net/SS0RBDEn8ZSDp41B3kn0wEo4uouIY-8uzfny2fIrybo?ext=png', 'type': 'image/png'}]}",1,prC6wjf6Qu3ZgBxMdpTcknReCberDnRitqkEHhG59yv,1,{},False,"{'auctionHouseKey': 'E8cU1WiRWjanGxmn96ewBgk9vPTcL6AEZ1t6F6fkgUWe', 'sellerReferral': 'autMW8SgBkVYeBgqYiTuJZnkvDZMVU2MHJh9Jh7CSQ2', 'expiry': -1}"
24,AtBW3cxjbujh8x3iJQFCzYVhmanxqAYkSqCjv2mkeiTr,58.0,GyQq32PeLkhfG9AWjHyJVaHX9YA1gTo4f8s5hUsCiN5k,3dibdj2pm11V9vfidfJXPFWRy2ry41Cy3xQPNJz7mTEE,888_anon_club,888 Anon Club™,https://www.arweave.net/YKQoAk-kfH1UDslc9wi3LQgpawhRwgxSpRHuAjIwpAw?ext=png,888AC #445,888 Unique 2D Pixel Anons which represent membership into The 888 Anon Club™,image,"[{'address': '7JZbDVec4dViXTsMgYudpBppVdVAzZYjUuX985wZCK8B', 'verified': 1, 'share': 0}, {'address': 'FDfhQ9t7Nq8U4Y2xXynmd9bQW8HMdgbVS5PggeuAaff3', 'verified': 0, 'share': 100}]",500,B4uJcVq19gzfxZ2hAmkbaK6ECVqHY9WcSH3wYK6gZRxK,"[{'trait_type': 'background', 'value': 'musk'}, {'trait_type': 'tshirt', 'value': 'logo-sea'}, {'trait_type': 'skin', 'value': 'pink'}, {'trait_type': 'mask', 'value': 'teal'}, {'trait_type': 'accessory', 'value': 'green-eyes'}]","{'category': 'image', 'creators': [{'address': 'FDfhQ9t7Nq8U4Y2xXynmd9bQW8HMdgbVS5PggeuAaff3', 'share': 100}], 'files': [{'uri': 'https://www.arweave.net/YKQoAk-kfH1UDslc9wi3LQgpawhRwgxSpRHuAjIwpAw?ext=png', 'type': 'image/png'}]}",1,prC6wjf6Qu3ZgBxMdpTcknReCberDnRitqkEHhG59yv,1,{},False,"{'auctionHouseKey': 'E8cU1WiRWjanGxmn96ewBgk9vPTcL6AEZ1t6F6fkgUWe', 'sellerReferral': 'autMW8SgBkVYeBgqYiTuJZnkvDZMVU2MHJh9Jh7CSQ2', 'expiry': -1}"
25,E5en9tbDEpLMpVoUvfgnRr17TCr3F9bAmbxjDKCiWUxB,60.0,2wWa7ZfqgTS8KrLo8Dyx7ZvvDUAqqWAT6VPfTwejCqAe,3d8MLbuDnopwxq1yPyisPeaxZC8W8C7CqmLDTxrPYJ7m,888_anon_club,888 Anon Club™,https://www.arweave.net/Vcjgao5TvQ79wsChdiWjZg48vLY6_dIQf-BJ-uaKu4M?ext=png,888AC #195,888 Unique 2D Pixel Anons which represent membership into The 888 Anon Club™,image,"[{'address': '7JZbDVec4dViXTsMgYudpBppVdVAzZYjUuX985wZCK8B', 'verified': 1, 'share': 0}, {'address': 'FDfhQ9t7Nq8U4Y2xXynmd9bQW8HMdgbVS5PggeuAaff3', 'verified': 0, 'share': 100}]",500,7fMrcHRyZ8fbNT8KEbGb6SEZzxXEWK4yQxzYB1K6GfnV,"[{'trait_type': 'background', 'value': 'candy-red'}, {'trait_type': 'tshirt', 'value': 'logo2-blue'}, {'trait_type': 'skin', 'value': 'black'}, {'trait_type': 'mask', 'value': 'crimson'}, {'trait_type': 'accessory', 'value': 'lasers'}]","{'category': 'image', 'creators': [{'address': 'FDfhQ9t7Nq8U4Y2xXynmd9bQW8HMdgbVS5PggeuAaff3', 'share': 100}], 'files': [{'uri': 'https://www.arweave.net/Vcjgao5TvQ79wsChdiWjZg48vLY6_dIQf-BJ-uaKu4M?ext=png', 'type': 'image/png'}]}",1,prC6wjf6Qu3ZgBxMdpTcknReCberDnRitqkEHhG59yv,1,{},False,"{'auctionHouseKey': 'E8cU1WiRWjanGxmn96ewBgk9vPTcL6AEZ1t6F6fkgUWe', 'sellerReferral': 'autMW8SgBkVYeBgqYiTuJZnkvDZMVU2MHJh9Jh7CSQ2', 'expiry': -1}"
26,1YnkaUAedA7RHYY5mE5VqVijeCY4ipHyfjymdHCsqF6,66.0,32SbeceV3FTeJoEc53ShQLmh9riHLvpQAGoGfYKfZVJd,9iPc6iX5jBH7ym4uc5AyP75ccTP6xmdDhahYndcCrHrL,888_anon_club,888 Anon Club™,https://www.arweave.net/Z75oGqkFDl0K2qnbVUd8D3wnkjwWaQgn0mfoAYlCA9o?ext=png,888AC #712,888 Unique 2D Pixel Anons which represent membership into The 888 Anon Club™,image,"[{'address': '7JZbDVec4dViXTsMgYudpBppVdVAzZYjUuX985wZCK8B', 'verified': 1, 'share': 0}, {'address': 'FDfhQ9t7Nq8U4Y2xXynmd9bQW8HMdgbVS5PggeuAaff3', 'verified': 0, 'share': 100}]",500,G4y1yFixJMDwPvQ65N8E4c2VDEK4KAXZtDw1byoaXVLt,"[{'trait_type': 'background', 'value': 'white'}, {'trait_type': 'tshirt', 'value': 'logo-barn'}, {'trait_type': 'skin', 'value': 'black'}, {'trait_type': 'mask', 'value': 'saloon'}, {'trait_type': 'accessory', 'value': 'tears'}]","{'category': 'image', 'creators': [{'address': 'FDfhQ9t7Nq8U4Y2xXynmd9bQW8HMdgbVS5PggeuAaff3', 'share': 100}], 'files': [{'uri': 'https://www.arweave.net/Z75oGqkFDl0K2qnbVUd8D3wnkjwWaQgn0mfoAYlCA9o?ext=png', 'type': 'image/png'}]}",1,prC6wjf6Qu3ZgBxMdpTcknReCberDnRitqkEHhG59yv,1,{},False,"{'auctionHouseKey': 'E8cU1WiRWjanGxmn96ewBgk9vPTcL6AEZ1t6F6fkgUWe', 'sellerReferral': 'autMW8SgBkVYeBgqYiTuJZnkvDZMVU2MHJh9Jh7CSQ2', 'expiry': -1}"
27,GUjziLFxMJsKdqApRrNsPBPgf4XA3MVFQeTTsPuVNQyz,66.6,DK1yVnySTcBhc21YonncQSgBufBnBa1k7HvfeARR5njB,AMcgqC4J9X8b5E1cY6WutwSdsZ7bcSr38QbBrnSH9J94,888_anon_club,888 Anon Club™,https://www.arweave.net/nuzx6-dTSXYN8KK-0PUTp1RGbXM4XwWL36CeAVCatKE?ext=png,888AC #666,888 Unique 2D Pixel Anons which represent membership into The 888 Anon Club™,image,"[{'address': '7JZbDVec4dViXTsMgYudpBppVdVAzZYjUuX985wZCK8B', 'verified': 1, 'share': 0}, {'address': 'FDfhQ9t7Nq8U4Y2xXynmd9bQW8HMdgbVS5PggeuAaff3', 'verified': 0, 'share': 100}]",500,FwwfmiNKV9k3ZLP4LmnjQRLjKK6JHBAH6XwbzuofaNMi,"[{'trait_type': 'background', 'value': 'fuscia'}, {'trait_type': 'tshirt', 'value': 'red-striped'}, {'trait_type': 'skin', 'value': 'black'}, {'trait_type': 'mask', 'value': 'dusk'}, {'trait_type': 'accessory', 'value': 'police-shades'}]","{'category': 'image', 'creators': [{'address': 'FDfhQ9t7Nq8U4Y2xXynmd9bQW8HMdgbVS5PggeuAaff3', 'share': 100}], 'files': [{'uri': 'https://www.arweave.net/nuzx6-dTSXYN8KK-0PUTp1RGbXM4XwWL36CeAVCatKE?ext=png', 'type': 'image/png'}]}",1,prC6wjf6Qu3ZgBxMdpTcknReCberDnRitqkEHhG59yv,1,{},False,"{'auctionHouseKey': 'E8cU1WiRWjanGxmn96ewBgk9vPTcL6AEZ1t6F6fkgUWe', 'sellerReferral': 'autMW8SgBkVYeBgqYiTuJZnkvDZMVU2MHJh9Jh7CSQ2', 'expiry': -1}"
28,8PKwj4kh5q2YLNJ6aXhVBAV7nZoWArvSbLEvX9EteJRN,69.402,4fHegtwGfW4YHT6gMgpaYRLEDR7dn1HVkn9STu8XoUPJ,tv9Hhqb6hAmBiA1Zww2CNKAwSKmWbR4wJhaLHdanMxo,888_anon_club,888 Anon Club™,https://www.arweave.net/9NepsVfPJGUCosvh2LNkv8J8Xe7vn3pehOfxEegd7AY?ext=png,888AC #321,888 Unique 2D Pixel Anons which represent membership into The 888 Anon Club™,image,"[{'address': '7JZbDVec4dViXTsMgYudpBppVdVAzZYjUuX985wZCK8B', 'verified': 1, 'share': 0}, {'address': 'FDfhQ9t7Nq8U4Y2xXynmd9bQW8HMdgbVS5PggeuAaff3', 'verified': 0, 'share': 100}]",500,BzFgVjuVCcDGnUvyvzS8124Jw7wc4V3ifd251LSVYvJU,"[{'trait_type': 'background', 'value': 'old-grey'}, {'trait_type': 'tshirt', 'value': 'logo-sea'}, {'trait_type': 'skin', 'value': 'yellow'}, {'trait_type': 'mask', 'value': 'teal'}, {'trait_type': 'accessory', 'value': 'eyepatch'}]","{'category': 'image', 'creators': [{'address': 'FDfhQ9t7Nq8U4Y2xXynmd9bQW8HMdgbVS5PggeuAaff3', 'share': 100}], 'files': [{'uri': 'https://www.arweave.net/9NepsVfPJGUCosvh2LNkv8J8Xe7vn3pehOfxEegd7AY?ext=png', 'type': 'image/png'}]}",1,prC6wjf6Qu3ZgBxMdpTcknReCberDnRitqkEHhG59yv,1,{},False,"{'auctionHouseKey': 'E8cU1WiRWjanGxmn96ewBgk9vPTcL6AEZ1t6F6fkgUWe', 'sellerReferral': 'autMW8SgBkVYeBgqYiTuJZnkvDZMVU2MHJh9Jh7CSQ2', 'expiry': -1}"
29,EATwXS4QhbZZSceTMcW34HN3GhygCstVEwE2UfqfexK8,70.0,64L6MaEJVKYVhz7awMRpm1nS6TewhbFKWXeZppy41GUH,6zmDVs1mCakTJB4QEfcp3S4RsuFoYZ9ziVLmcTa9kxPt,888_anon_club,888 Anon Club™,https://www.arweave.net/atzXhD0Wp4DkyfotVp6KV8B6MFde4XNL7n_FYvsKhLU?ext=png,888AC #362,888 Unique 2D Pixel Anons which represent membership into The 888 Anon Club™,image,"[{'address': '7JZbDVec4dViXTsMgYudpBppVdVAzZYjUuX985wZCK8B', 'verified': 1, 'share': 0}, {'address': 'FDfhQ9t7Nq8U4Y2xXynmd9bQW8HMdgbVS5PggeuAaff3', 'verified': 0, 'share': 100}]",500,2XvYFC5cPyw5YFuUTK7JdKdR5uJfrvxCgbwbS4aN2UJS,"[{'trait_type': 'background', 'value': 'musk'}, {'trait_type': 'tshirt', 'value': 'logo-coral'}, {'trait_type': 'skin', 'value': 'orange'}, {'trait_type': 'mask', 'value': 'forest'}, {'trait_type': 'accessory', 'value': 'sleeping-mask'}]","{'category': 'image', 'creators': [{'address': 'FDfhQ9t7Nq8U4Y2xXynmd9bQW8HMdgbVS5PggeuAaff3', 'share': 100}], 'files': [{'uri': 'https://www.arweave.net/atzXhD0Wp4DkyfotVp6KV8B6MFde4XNL7n_FYvsKhLU?ext=png', 'type': 'image/png'}]}",1,prC6wjf6Qu3ZgBxMdpTcknReCberDnRitqkEHhG59yv,1,{},False,"{'auctionHouseKey': 'E8cU1WiRWjanGxmn96ewBgk9vPTcL6AEZ1t6F6fkgUWe', 'sellerReferral': 'autMW8SgBkVYeBgqYiTuJZnkvDZMVU2MHJh9Jh7CSQ2', 'expiry': -1}"
30,C8LqP5KU65bfFzmLZaXwosM7rqiH84mRRd6a9gMxvcCY,77.0,HjViLffg6RKWXisE251YiDr22mkwf4fqDfuMxMJri8Mk,4cY4aHL1FA99nhPjqScsNsGXWZG8UKPdFCzQrmGqEJQd,888_anon_club,888 Anon Club™,https://www.arweave.net/XxBOhJYwSfa2WB0TQPJ5X2DtkmeX4rHaen_CNWsVCas?ext=png,888AC #281,888 Unique 2D Pixel Anons which represent membership into The 888 Anon Club™,image,"[{'address': '7JZbDVec4dViXTsMgYudpBppVdVAzZYjUuX985wZCK8B', 'verified': 1, 'share': 0}, {'address': 'FDfhQ9t7Nq8U4Y2xXynmd9bQW8HMdgbVS5PggeuAaff3', 'verified': 0, 'share': 100}]",500,BukbjQsM5iFDZiPdCNppL5jMAhZbDsB3FUAbBz8yNKoT,"[{'trait_type': 'background', 'value': 'white'}, {'trait_type': 'tshirt', 'value': 'work-shirt'}, {'trait_type': 'skin', 'value': 'dusk'}, {'trait_type': 'mask', 'value': 'purple'}, {'trait_type': 'accessory', 'value': 'green-eyes'}]","{'category': 'image', 'creators': [{'address': 'FDfhQ9t7Nq8U4Y2xXynmd9bQW8HMdgbVS5PggeuAaff3', 'share': 100}], 'files': [{'uri': 'https://www.arweave.net/XxBOhJYwSfa2WB0TQPJ5X2DtkmeX4rHaen_CNWsVCas?ext=png', 'type': 'image/png'}]}",1,prC6wjf6Qu3ZgBxMdpTcknReCberDnRitqkEHhG59yv,1,{},False,"{'auctionHouseKey': 'E8cU1WiRWjanGxmn96ewBgk9vPTcL6AEZ1t6F6fkgUWe', 'sellerReferral': 'autMW8SgBkVYeBgqYiTuJZnkvDZMVU2MHJh9Jh7CSQ2', 'expiry': -1}"
31,HbRZ2TXqRieT57xyPHRLsffy62vB756JP6EBDUmuPFpM,80.0,8u7cZJKGH8CkoTChfb3jvTkm2e3rTBz4ypKKkZwabUaY,SEERpQTCK6RJUujPnwhnKBZfZZ6oFAMX1MKxPPMn8hK,888_anon_club,888 Anon Club™,https://www.arweave.net/5b3PC0nkYd3uvOyjB-8XuINVK_J-hrqpM-KhPnpp4XQ?ext=png,888AC #32,888 Unique 2D Pixel Anons which represent membership into The 888 Anon Club™,image,"[{'address': '7JZbDVec4dViXTsMgYudpBppVdVAzZYjUuX985wZCK8B', 'verified': 1, 'share': 0}, {'address': 'FDfhQ9t7Nq8U4Y2xXynmd9bQW8HMdgbVS5PggeuAaff3', 'verified': 0, 'share': 100}]",500,DeVHgTmf5Y76qC2vdLWB8QMtk1Yj48nAVTSkLHewcG7g,"[{'trait_type': 'background', 'value': 'red'}, {'trait_type': 'tshirt', 'value': 'logo-forest'}, {'trait_type': 'skin', 'value': 'dusk'}, {'trait_type': 'mask', 'value': 'purple'}, {'trait_type': 'accessory', 'value': 'pepe'}]","{'category': 'image', 'creators': [{'address': 'FDfhQ9t7Nq8U4Y2xXynmd9bQW8HMdgbVS5PggeuAaff3', 'share': 100}], 'files': [{'uri': 'https://www.arweave.net/5b3PC0nkYd3uvOyjB-8XuINVK_J-hrqpM-KhPnpp4XQ?ext=png', 'type': 'image/png'}]}",1,prC6wjf6Qu3ZgBxMdpTcknReCberDnRitqkEHhG59yv,1,{},False,"{'auctionHouseKey': 'E8cU1WiRWjanGxmn96ewBgk9vPTcL6AEZ1t6F6fkgUWe', 'sellerReferral': 'autMW8SgBkVYeBgqYiTuJZnkvDZMVU2MHJh9Jh7CSQ2', 'expiry': -1}"
32,54tGEVgERrdNgz7PrviE8coSNmco1Safisy44iAq9S8L,100.0,4W3vJ2dnvwT8nCw7LF9e9zpEkrwe8tKagtsgKSFrkwZ4,7qEkDwTDSj9bi5uWCHUvavP1pFuhNs2ALBByuiDT77QQ,888_anon_club,888 Anon Club™,https://www.arweave.net/OGMJMpjCLFyh3wRV9093zKzePxrvfkT-h--Pspu8BXc?ext=png,888AC #474,888 Unique 2D Pixel Anons which represent membership into The 888 Anon Club™,image,"[{'address': '7JZbDVec4dViXTsMgYudpBppVdVAzZYjUuX985wZCK8B', 'verified': 1, 'share': 0}, {'address': 'FDfhQ9t7Nq8U4Y2xXynmd9bQW8HMdgbVS5PggeuAaff3', 'verified': 0, 'share': 100}]",500,FNEaYRd8TzPsaqPBQ19jgXXKykuKyVWpD3tjYZZGhGGr,"[{'trait_type': 'background', 'value': 'blue'}, {'trait_type': 'tshirt', 'value': 'plain-black'}, {'trait_type': 'skin', 'value': 'brown'}, {'trait_type': 'mask', 'value': 'teal'}, {'trait_type': 'accessory', 'value': 'halo'}]","{'category': 'image', 'creators': [{'address': 'FDfhQ9t7Nq8U4Y2xXynmd9bQW8HMdgbVS5PggeuAaff3', 'share': 100}], 'files': [{'uri': 'https://www.arweave.net/OGMJMpjCLFyh3wRV9093zKzePxrvfkT-h--Pspu8BXc?ext=png', 'type': 'image/png'}]}",1,prC6wjf6Qu3ZgBxMdpTcknReCberDnRitqkEHhG59yv,1,{},False,"{'auctionHouseKey': 'E8cU1WiRWjanGxmn96ewBgk9vPTcL6AEZ1t6F6fkgUWe', 'sellerReferral': 'autMW8SgBkVYeBgqYiTuJZnkvDZMVU2MHJh9Jh7CSQ2', 'expiry': -1}"
33,6rA9ueStnq3u9RrBxZLGpNGxwHmB33Yf9t5xvUMy7SHe,100.0,394zxt1QYAnsfDAiq3esr4eTqEZxCkFQkzWyVAWyiW4D,E62Aq9dKX2YiujojCYG7J6aSMy8Kp7KUafoAMVAa5pRZ,888_anon_club,888 Anon Club™,https://www.arweave.net/Ph1irtsqHwWOTBCXHDMzCVjnPn_41wsrjrK5ePB93RM?ext=png,888AC #100,888 Unique 2D Pixel Anons which represent membership into The 888 Anon Club™,image,"[{'address': '7JZbDVec4dViXTsMgYudpBppVdVAzZYjUuX985wZCK8B', 'verified': 1, 'share': 0}, {'address': 'FDfhQ9t7Nq8U4Y2xXynmd9bQW8HMdgbVS5PggeuAaff3', 'verified': 0, 'share': 100}]",500,Fn9wPjVHwPvKy8Vxm2zZgQAVgDQ2W8wV4yuaLzPsQFJc,"[{'trait_type': 'background', 'value': 'black'}, {'trait_type': 'tshirt', 'value': 'logo-coral'}, {'trait_type': 'skin', 'value': 'crimson'}, {'trait_type': 'mask', 'value': 'neon'}, {'trait_type': 'accessory', 'value': 'halo'}]","{'category': 'image', 'creators': [{'address': 'FDfhQ9t7Nq8U4Y2xXynmd9bQW8HMdgbVS5PggeuAaff3', 'share': 100}], 'files': [{'uri': 'https://www.arweave.net/Ph1irtsqHwWOTBCXHDMzCVjnPn_41wsrjrK5ePB93RM?ext=png', 'type': 'image/png'}]}",1,prC6wjf6Qu3ZgBxMdpTcknReCberDnRitqkEHhG59yv,1,{},False,"{'auctionHouseKey': 'E8cU1WiRWjanGxmn96ewBgk9vPTcL6AEZ1t6F6fkgUWe', 'sellerReferral': 'autMW8SgBkVYeBgqYiTuJZnkvDZMVU2MHJh9Jh7CSQ2', 'expiry': -1}"
34,6HGSZvzeDHrqwyyNh5w4LRseLnSpvY5uHtnjYJB3r6Yb,130.0,2bKo8SFX5jvmV3dgtK33s9JfRx8eR3MgANLhmDftN3HQ,72uTJarhs5XVLipnVLP5V3qDR2L6bQuZjeVv9APTVE7S,888_anon_club,888 Anon Club™,https://www.arweave.net/UxeTC-3fpMlGPIR22-8CNifLdWwfK8OOt959rDT7pI4?ext=png,888AC #129,888 Unique 2D Pixel Anons which represent membership into The 888 Anon Club™,image,"[{'address': '7JZbDVec4dViXTsMgYudpBppVdVAzZYjUuX985wZCK8B', 'verified': 1, 'share': 0}, {'address': 'FDfhQ9t7Nq8U4Y2xXynmd9bQW8HMdgbVS5PggeuAaff3', 'verified': 0, 'share': 100}]",500,9XwGeHK1ifhyWVgLC52Pg3HUgGQNvv1cwQggprrwNcQB,"[{'trait_type': 'background', 'value': 'dusk-green'}, {'trait_type': 'tshirt', 'value': 'suit'}, {'trait_type': 'skin', 'value': 'black'}, {'trait_type': 'mask', 'value': 'red'}, {'trait_type': 'accessory', 'value': 'fangs'}]","{'category': 'image', 'creators': [{'address': 'FDfhQ9t7Nq8U4Y2xXynmd9bQW8HMdgbVS5PggeuAaff3', 'share': 100}], 'files': [{'uri': 'https://www.arweave.net/UxeTC-3fpMlGPIR22-8CNifLdWwfK8OOt959rDT7pI4?ext=png', 'type': 'image/png'}]}",1,prC6wjf6Qu3ZgBxMdpTcknReCberDnRitqkEHhG59yv,1,{},False,"{'auctionHouseKey': 'E8cU1WiRWjanGxmn96ewBgk9vPTcL6AEZ1t6F6fkgUWe', 'sellerReferral': 'autMW8SgBkVYeBgqYiTuJZnkvDZMVU2MHJh9Jh7CSQ2', 'expiry': -1}"
35,BZpRbjsxN7SJXsvoctyq2RFGpLSGZtFDacC9QuVk3dPr,135.0,5m2gnyCfkZZeg7HAAvkQb8jLLRB94cNGdz4vzHfYmPyv,ESq4fAKWsxWxTbwjfHnjESvQQh6THvSt5jJiUudpBEhK,888_anon_club,888 Anon Club™,https://www.arweave.net/FbV1s9zlVyLtM3J4AMF3WYTjq-hB8_O1wMCfj0DQjpI?ext=png,888AC #338,888 Unique 2D Pixel Anons which represent membership into The 888 Anon Club™,image,"[{'address': '7JZbDVec4dViXTsMgYudpBppVdVAzZYjUuX985wZCK8B', 'verified': 1, 'share': 0}, {'address': 'FDfhQ9t7Nq8U4Y2xXynmd9bQW8HMdgbVS5PggeuAaff3', 'verified': 0, 'share': 100}]",500,HT4w7BREiGStLys8Tuyp6QCBjtBUnCrJg52fgD5pZQvo,"[{'trait_type': 'background', 'value': 'candy-red'}, {'trait_type': 'tshirt', 'value': 'plain-black'}, {'trait_type': 'skin', 'value': 'candy-red'}, {'trait_type': 'mask', 'value': 'beige'}, {'trait_type': 'accessory', 'value': 'grin'}]","{'category': 'image', 'creators': [{'address': 'FDfhQ9t7Nq8U4Y2xXynmd9bQW8HMdgbVS5PggeuAaff3', 'share': 100}], 'files': [{'uri': 'https://www.arweave.net/FbV1s9zlVyLtM3J4AMF3WYTjq-hB8_O1wMCfj0DQjpI?ext=png', 'type': 'image/png'}]}",1,prC6wjf6Qu3ZgBxMdpTcknReCberDnRitqkEHhG59yv,1,{},False,"{'auctionHouseKey': 'E8cU1WiRWjanGxmn96ewBgk9vPTcL6AEZ1t6F6fkgUWe', 'sellerReferral': 'autMW8SgBkVYeBgqYiTuJZnkvDZMVU2MHJh9Jh7CSQ2', 'expiry': -1}"
36,Gvv2aVkJwb894nsTTog3tapfd9DdcV7aSgMubFjg2uwF,200.0,HyvGgi3VJehKa4mWKUa3Lp47Kvv72KvDsVXuH1WViW38,CdFR7rtQC2qRj7w9KD8xAEkuBRGSgj41GifNUnmfeBJr,888_anon_club,888 Anon Club™,https://www.arweave.net/_c4A3kZ_ADJPuprQeOiDzN6UFnUoEzTRcWTRnWcNVa4?ext=png,888AC #486,888 Unique 2D Pixel Anons which represent membership into The 888 Anon Club™,image,"[{'address': '7JZbDVec4dViXTsMgYudpBppVdVAzZYjUuX985wZCK8B', 'verified': 1, 'share': 0}, {'address': 'FDfhQ9t7Nq8U4Y2xXynmd9bQW8HMdgbVS5PggeuAaff3', 'verified': 0, 'share': 100}]",500,FQzUWrfP9tfWf7MSbmp71zfFUZbxcyL4xdzhwzxHUc4K,"[{'trait_type': 'background', 'value': 'toy-blue'}, {'trait_type': 'tshirt', 'value': 'skull-navy'}, {'trait_type': 'skin', 'value': 'crimson'}, {'trait_type': 'mask', 'value': 'charcoal'}, {'trait_type': 'accessory', 'value': 'crown'}]","{'category': 'image', 'creators': [{'address': 'FDfhQ9t7Nq8U4Y2xXynmd9bQW8HMdgbVS5PggeuAaff3', 'share': 100}], 'files': [{'uri': 'https://www.arweave.net/_c4A3kZ_ADJPuprQeOiDzN6UFnUoEzTRcWTRnWcNVa4?ext=png', 'type': 'image/png'}]}",1,prC6wjf6Qu3ZgBxMdpTcknReCberDnRitqkEHhG59yv,1,{},False,"{'auctionHouseKey': 'E8cU1WiRWjanGxmn96ewBgk9vPTcL6AEZ1t6F6fkgUWe', 'sellerReferral': 'autMW8SgBkVYeBgqYiTuJZnkvDZMVU2MHJh9Jh7CSQ2', 'expiry': -1}"
37,CTJdLExSCVNzjzXYaMCRVAozrx8V6C8HUhDAWPYc2kr5,888.0,Ew2Lb8wDB1G3dAuaFMzg7DTwwacZVsLCvtjTjCqnVCs4,B86ztkUMgwbXFFjDpFBPZmszeiXzCa14afXUZAMp3aqs,888_anon_club,888 Anon Club™,https://www.arweave.net/LMnEI5XNlms8WEeWY-xqLQ-VMEPY3KQ2Rd8i_omjJvg?ext=png,888AC #439,888 Unique 2D Pixel Anons which represent membership into The 888 Anon Club™,image,"[{'address': '7JZbDVec4dViXTsMgYudpBppVdVAzZYjUuX985wZCK8B', 'verified': 1, 'share': 0}, {'address': 'FDfhQ9t7Nq8U4Y2xXynmd9bQW8HMdgbVS5PggeuAaff3', 'verified': 0, 'share': 100}]",500,AYi3wRKW8gKYZapjhZicvBhytTCwidEEQJRRaqpuqHWc,"[{'trait_type': 'background', 'value': 'night-sky'}, {'trait_type': 'tshirt', 'value': 'logo-coral'}, {'trait_type': 'skin', 'value': 'ice'}, {'trait_type': 'mask', 'value': 'hot-pink'}, {'trait_type': 'accessory', 'value': 'none'}]","{'category': 'image', 'creators': [{'address': 'FDfhQ9t7Nq8U4Y2xXynmd9bQW8HMdgbVS5PggeuAaff3', 'share': 100}], 'files': [{'uri': 'https://www.arweave.net/LMnEI5XNlms8WEeWY-xqLQ-VMEPY3KQ2Rd8i_omjJvg?ext=png', 'type': 'image/png'}]}",1,prC6wjf6Qu3ZgBxMdpTcknReCberDnRitqkEHhG59yv,1,{},False,"{'auctionHouseKey': 'E8cU1WiRWjanGxmn96ewBgk9vPTcL6AEZ1t6F6fkgUWe', 'sellerReferral': 'autMW8SgBkVYeBgqYiTuJZnkvDZMVU2MHJh9Jh7CSQ2', 'expiry': -1}"
38,5SuFrKDc1ozTGcaLyPLUNUSfxD2BB4mzwrZc4AYxXHEL,888.0,FHZ5x8PXc31kYaZwujszSenJuXMXCMxHtDRtYGUkBhtL,8XPehFjtxY1hbXdD1S5tyACQ4HfWw6nNSU5GTapkHUaV,888_anon_club,888 Anon Club™,https://www.arweave.net/FgazFJ49-vSgPYwdytgiHE8T_PYzobf3Lgq1kg_XkcQ?ext=png,888AC #759,888 Unique 2D Pixel Anons which represent membership into The 888 Anon Club™,image,"[{'address': '7JZbDVec4dViXTsMgYudpBppVdVAzZYjUuX985wZCK8B', 'verified': 1, 'share': 0}, {'address': 'FDfhQ9t7Nq8U4Y2xXynmd9bQW8HMdgbVS5PggeuAaff3', 'verified': 0, 'share': 100}]",500,7kSsuMjrk5sxNM2shFnmzwRnEgoaHs38zpXbAqikMRYX,"[{'trait_type': 'background', 'value': 'space'}, {'trait_type': 'tshirt', 'value': 'skull-white'}, {'trait_type': 'skin', 'value': 'yellow'}, {'trait_type': 'mask', 'value': 'inverse'}, {'trait_type': 'accessory', 'value': 'eyepatch'}]","{'category': 'image', 'creators': [{'address': 'FDfhQ9t7Nq8U4Y2xXynmd9bQW8HMdgbVS5PggeuAaff3', 'share': 100}], 'files': [{'uri': 'https://www.arweave.net/FgazFJ49-vSgPYwdytgiHE8T_PYzobf3Lgq1kg_XkcQ?ext=png', 'type': 'image/png'}]}",1,prC6wjf6Qu3ZgBxMdpTcknReCberDnRitqkEHhG59yv,1,{},False,"{'auctionHouseKey': 'E8cU1WiRWjanGxmn96ewBgk9vPTcL6AEZ1t6F6fkgUWe', 'sellerReferral': 'autMW8SgBkVYeBgqYiTuJZnkvDZMVU2MHJh9Jh7CSQ2', 'expiry': -1}"
