,id,price,escrowPubkey,owner,collectionName,collectionTitle,img,title,content,externalURL,propertyCategory,creators,sellerFeeBasisPoints,mintAddress,attributes,properties,supply,updateAuthority,primarySaleHappened,onChainCollection,tokenDelegateValid,v2
0,FzXsCFY7dzg65hee953bmPRwaKc1MewjJ6S69zKf78sc,299.0,4Vu2XauTiMUaCNHziPRo8NLcnRYZc2PeKGY1uuqbhzay,88mGAu9RRECeweEQuwYaGJU421tXjrsSP3hqZgjg3o4E,boryoku_dragonz,Boryoku Dragonz,https://arweave.net/l1cjfUMn8-dqk0AKIx_T6SIEXuaLGq0JKgDlW2Y6i8A?ext=png,Boryoku Dragonz #542,"Bōryoku Dragonz is an exclusive collection of 1,111 Dragon NFTs on the Solana blockchain.",https://boryokudragonz.io,image,"[{'address': 'DRGNjvBvnXNiQz9dTppGk1tAsVxtJsvhEmojEfBU3ezf', 'verified': 1, 'share': 100}]",500,12CTQgmkLRmngbBjEwXoCyvAhrNLmgFtzGEaGvwUwjKy,"[{'trait_type': 'Generation', 'value': 'Genesis'}, {'trait_type': 'Type', 'value': 'Skeleton Golden'}, {'trait_type': 'Head', 'value': 'None'}, {'trait_type': 'Eyes', 'value': 'Laughing Goggles'}, {'trait_type': 'Mouth', 'value': 'None'}, {'trait_type': 'Neck', 'value': 'Collar'}, {'trait_type': 'Background', 'value': 'Lavender'}]","{'files': [{'uri': 'https://arweave.net/l1cjfUMn8-dqk0AKIx_T6SIEXuaLGq0JKgDlW2Y6i8A?ext=png', 'type': 'image/png'}], 'category': 'image', 'creators': [{'address': 'DRGNjvBvnXNiQz9dTppGktAsVxtJsvhEmojEfBU3ezf', 'share': 100}]}",1,DRGNjvBvnXNiQz9dTppGk1tAsVxtJsvhEmojEfBU3ezf,1,"{'verified': 122, 'key': 'DGAArKF2ekbdAPBNb8pUaUbXN2wvxWkA2uZfZzPCNc5u', 'data': {}}",False,"{'auctionHouseKey': 'E8cU1WiRWjanGxmn96ewBgk9vPTcL6AEZ1t6F6fkgUWe', 'sellerReferral': 'autMW8SgBkVYeBgqYiTuJZnkvDZMVU2MHJh9Jh7CSQ2', 'expiry': -1}"
1,4Gq3GmFGya1azoG3X6S1raW7VdJh87asJ6f5jDsNe39R,333.0,8LuKg2fzUnXXjL9vcXrBYE2FuSGJMDDN37HtRsMbpPHs,6yjsg1NVSXH6wYFBGo1KBm1Jz6MyBJ2SwAZWYH6MG9XG,boryoku_dragonz,Boryoku Dragonz,https://arweave.net/IDSa0bNUdwCrCcfJlIQS6AoK44Iv2To-IXPnPzwEkZQ?ext=png,Boryoku Dragonz #629,"Bōryoku Dragonz is an exclusive collection of 1,111 Dragon NFTs on the Solana blockchain.",https://boryokudragonz.io,image,"[{'address': 'DRGNjvBvnXNiQz9dTppGk1tAsVxtJsvhEmojEfBU3ezf', 'verified': 1, 'share': 100}]",500,374wpmxdMX1LRL9ZcPXuqEDVjC9KgvXnF7MHfKdnd7zL,"[{'trait_type': 'Generation', 'value': 'Genesis'}, {'trait_type': 'Type', 'value': 'Cyber Blue'}, {'trait_type': 'Head', 'value': 'Slug'}, {'trait_type': 'Eyes', 'value': 'Laughing Goggles'}, {'trait_type': 'Mouth', 'value': 'Bubble Gum'}, {'trait_type': 'Neck', 'value': 'None'}, {'trait_type': 'Background', 'value': 'Tron'}]","{'files': [{'uri': 'https://arweave.net/IDSa0bNUdwCrCcfJlIQS6AoK44Iv2To-IXPnPzwEkZQ?ext=png', 'type': 'image/png'}], 'category': 'image', 'creators': [{'address': 'DRGNjvBvnXNiQz9dTppGktAsVxtJsvhEmojEfBU3ezf', 'share': 100}]}",1,DRGNjvBvnXNiQz9dTppGk1tAsVxtJsvhEmojEfBU3ezf,1,"{'verified': 122, 'key': 'DGAArKF2ekbdAPBNb8pUaUbXN2wvxWkA2uZfZzPCNGby', 'data': {}}",False,"{'auctionHouseKey': 'E8cU1WiRWjanGxmn96ewBgk9vPTcL6AEZ1t6F6fkgUWe', 'sellerReferral': 'autMW8SgBkVYeBgqYiTuJZnkvDZMVU2MHJh9Jh7CSQ2', 'expiry': -1}"
2,46XGDCf9WsQzuR2FCVL7ec9jdTDB1MUrQSq4EwRogCec,335.0,ABMmcLquadKufGzYd413eVK4vsySm5x3Bd8WzQZ3WWoQ,ARcx6aj77Av7GuEsaTNVWmu79KDj6QqkKzJ3ZACEq77D,boryoku_dragonz,Boryoku Dragonz,https://arweave.net/X-mgBFGbFyBBKzIxUeusCWuV6ngppSqmJUfTsHxGgAA?ext=png,Boryoku Dragonz #146,"Bōryoku Dragonz is an exclusive collection of 1,111 Dragon NFTs on the Solana blockchain.",https://boryokudragonz.io,image,"[{'address': 'DRGNjvBvnXNiQz9dTppGk1tAsVxtJsvhEmojEfBU3ezf', 'verified': 1, 'share': 100}]",500,9qJGcyzgFahtBNojpnZagnhbSMQkQ6bF5643HHnEePZd,"[{'trait_type': 'Generation', 'value': 'Genesis'}, {'trait_type': 'Type', 'value': 'Diamond Orange'}, {'trait_type': 'Head', 'value': 'None'}, {'trait_type': 'Eyes', 'value': 'Synthwave Shades'}, {'trait_type': 'Mouth', 'value': 'None'}, {'trait_type': 'Neck', 'value': 'Golden Chain'}, {'trait_type': 'Background', 'value': 'Pink'}]","{'files': [{'uri': 'https://arweave.net/X-mgBFGbFyBBKzIxUeusCWuV6ngppSqmJUfTsHxGgAA?ext=png', 'type': 'image/png'}], 'category': 'image', 'creators': [{'address': 'DRGNjvBvnXNiQz9dTppGktAsVxtJsvhEmojEfBU3ezf', 'share': 100}]}",1,DRGNjvBvnXNiQz9dTppGk1tAsVxtJsvhEmojEfBU3ezf,1,"{'verified': 122, 'key': 'DGAArKF2ekbdAPBNb8pUaUbXN2wvxWkA2uZfZzPCMw83', 'data': {}}",False,"{'auctionHouseKey': 'E8cU1WiRWjanGxmn96ewBgk9vPTcL6AEZ1t6F6fkgUWe', 'sellerReferral': 'autMW8SgBkVYeBgqYiTuJZnkvDZMVU2MHJh9Jh7CSQ2', 'expiry': -1}"
3,DoPYQn66ciotbzXKnzFGBAiMpmDeNVACDDbuzdB5mq2j,340.0,7er8tACTG1SMHDSKQS8wqLxnQ9S4TYfbWVJYkK281p89,H7JUzzYVeiaYUNKA8rjxcByhFueFiWEnRC2mDxKqDZi7,boryoku_dragonz,Boryoku Dragonz,https://arweave.net/o1unGdZGcMCKtJmbjMlo177vp2gtG2xsbIiJoar8Jbw?ext=png,Boryoku Dragonz #339,"Bōryoku Dragonz is an exclusive collection of 1,111 Dragon NFTs on the Solana blockchain.",https://boryokudragonz.io,image,"[{'address': 'DRGNjvBvnXNiQz9dTppGk1tAsVxtJsvhEmojEfBU3ezf', 'verified': 1, 'share': 100}]",500,BqDyV3bmk62MXLQTvqtrgkGaMLuL1GcGGmWAjTYkymZC,"[{'trait_type': 'Generation', 'value': 'Genesis'}, {'trait_type': 'Type', 'value': 'Zombie Golden'}, {'trait_type': 'Head', 'value': 'None'}, {'trait_type': 'Eyes', 'value': 'Golden Shades'}, {'trait_type': 'Mouth', 'value': 'Laser Ray'}, {'trait_type': 'Neck', 'value': 'None'}, {'trait_type': 'Background', 'value': 'Beige'}]","{'files': [{'uri': 'https://arweave.net/o1unGdZGcMCKtJmbjMlo177vp2gtG2xsbIiJoar8Jbw?ext=png', 'type': 'image/png'}], 'category': 'image', 'creators': [{'address': 'DRGNjvBvnXNiQz9dTppGktAsVxtJsvhEmojEfBU3ezf', 'share': 100}]}",1,DRGNjvBvnXNiQz9dTppGk1tAsVxtJsvhEmojEfBU3ezf,1,"{'verified': 122, 'key': 'DGAArKF2ekbdAPBNb8pUaUbXN2wvxWkA2uZfZzPCNc5u', 'data': {}}",False,"{'auctionHouseKey': 'E8cU1WiRWjanGxmn96ewBgk9vPTcL6AEZ1t6F6fkgUWe', 'sellerReferral': 'autMW8SgBkVYeBgqYiTuJZnkvDZMVU2MHJh9Jh7CSQ2', 'expiry': -1}"
4,9WK9V7Tmxdkgy5TB2DTQk5EKxPrwo7FstRnN2FaKgHL4,345.0,F6PzK8gC1yiN4m52WLuCVedaW7wZvPNKJEsGKLp4Za1q,2DtTwRJWQwoxmtPwcjNcbLGBNAFbAv7vz7cUTQpcs3tN,boryoku_dragonz,Boryoku Dragonz,https://arweave.net/B0-bYjIw1N6d9XV-ZeMlp3UEqyMihsNCJcKqN0iH5JQ?ext=png,Boryoku Dragonz #727,"Bōryoku Dragonz is an exclusive collection of 1,111 Dragon NFTs on the Solana blockchain.",https://boryokudragonz.io,image,"[{'address': 'DRGNjvBvnXNiQz9dTppGk1tAsVxtJsvhEmojEfBU3ezf', 'verified': 1, 'share': 100}]",500,8eu8VDxJrzJvawsjv632r7oJKNYSvetbyNGMRB4ZJdHu,"[{'trait_type': 'Generation', 'value': 'Genesis'}, {'trait_type': 'Type', 'value': 'Diamond Purple'}, {'trait_type': 'Head', 'value': 'None'}, {'trait_type': 'Eyes', 'value': 'Golden Shades'}, {'trait_type': 'Mouth', 'value': 'Acid'}, {'trait_type': 'Neck', 'value': 'None'}, {'trait_type': 'Background', 'value': 'Tron'}]","{'files': [{'uri': 'https://arweave.net/B0-bYjIw1N6d9XV-ZeMlp3UEqyMihsNCJcKqN0iH5JQ?ext=png', 'type': 'image/png'}], 'category': 'image', 'creators': [{'address': 'DRGNjvBvnXNiQz9dTppGktAsVxtJsvhEmojEfBU3ezf', 'share': 100}]}",1,DRGNjvBvnXNiQz9dTppGk1tAsVxtJsvhEmojEfBU3ezf,1,"{'verified': 122, 'key': 'DGAArKF2ekbdAPBNb8pUaUbXN2wvxWkA2uZfZzPCNc5u', 'data': {}}",False,"{'auctionHouseKey': 'E8cU1WiRWjanGxmn96ewBgk9vPTcL6AEZ1t6F6fkgUWe', 'sellerReferral': 'autMW8SgBkVYeBgqYiTuJZnkvDZMVU2MHJh9Jh7CSQ2', 'expiry': -1}"
5,9Ttqz2QG2URmCHKqQCCwqxbHs4R1jRVcZYtb1Nhtjago,349.0,AG658voLVzE38ALkDRmiNum3ZXBXeVjPY4TdeKAqD1gx,2UyHw9vVsCUQtwkPwDUEB9hp3zwiDKv4b2u1u9GRVeUB,boryoku_dragonz,Boryoku Dragonz,https://arweave.net/S6xKIAUQ2Or8cLRVu-T8yrtNjBqE5pcSSb2yICYI_J4?ext=png,Boryoku Dragonz #246,"Bōryoku Dragonz is an exclusive collection of 1,111 Dragon NFTs on the Solana blockchain.",https://boryokudragonz.io,image,"[{'address': 'DRGNjvBvnXNiQz9dTppGk1tAsVxtJsvhEmojEfBU3ezf', 'verified': 1, 'share': 100}]",500,4cftxQtQ9S86m6thRkmtBXsx5KC5Zr3fCnu1JGyY6Y8G,"[{'trait_type': 'Generation', 'value': 'Genesis'}, {'trait_type': 'Type', 'value': 'Zombie Green'}, {'trait_type': 'Head', 'value': 'None'}, {'trait_type': 'Eyes', 'value': 'Laughing Goggles'}, {'trait_type': 'Mouth', 'value': 'Ice Breath'}, {'trait_type': 'Neck', 'value': 'None'}, {'trait_type': 'Background', 'value': 'Pink'}]","{'files': [{'uri': 'https://arweave.net/S6xKIAUQ2Or8cLRVu-T8yrtNjBqE5pcSSb2yICYI_J4?ext=png', 'type': 'image/png'}], 'category': 'image', 'creators': [{'address': 'DRGNjvBvnXNiQz9dTppGktAsVxtJsvhEmojEfBU3ezf', 'share': 100}]}",1,DRGNjvBvnXNiQz9dTppGk1tAsVxtJsvhEmojEfBU3ezf,1,"{'verified': 122, 'key': 'DGAArKF2ekbdAPBNb8pUaUbXN2wvxWkA2uZfZzPCMbe7', 'data': {}}",False,"{'auctionHouseKey': 'E8cU1WiRWjanGxmn96ewBgk9vPTcL6AEZ1t6F6fkgUWe', 'sellerReferral': 'autMW8SgBkVYeBgqYiTuJZnkvDZMVU2MHJh9Jh7CSQ2', 'expiry': -1}"
6,A7NxLiUPr2cF4GFoM9mzhk1WXp3GCP8qVSvEgWT8QaiS,350.0,E3n7GBtFdnMmb17SoAx17m4X1c2U3JP6b1ECkmsn7V98,2vyxn2rPjGMAX51BVKfrYYfkTQym7s6ZeH76K4S7fFwh,boryoku_dragonz,Boryoku Dragonz,https://arweave.net/1cbmlvbKwEpK2ClDCv7NIbfvad7lKsYHLm5tdpzB_6g?ext=png,Boryoku Dragonz #317,"Bōryoku Dragonz is an exclusive collection of 1,111 Dragon NFTs on the Solana blockchain.",https://boryokudragonz.io,image,"[{'address': 'DRGNjvBvnXNiQz9dTppGk1tAsVxtJsvhEmojEfBU3ezf', 'verified': 1, 'share': 100}]",500,HmXi3ZCR25NDx3RSNrb51i58kkgigcEiC3qNXZNWn74x,"[{'trait_type': 'Generation', 'value': 'Genesis'}, {'trait_type': 'Type', 'value': 'Diamond Blue'}, {'trait_type': 'Head', 'value': 'Croc'}, {'trait_type': 'Eyes', 'value': '3D Glasses'}, {'trait_type': 'Mouth', 'value': 'None'}, {'trait_type': 'Neck', 'value': 'None'}, {'trait_type': 'Background', 'value': 'Pink'}]","{'files': [{'uri': 'https://arweave.net/1cbmlvbKwEpK2ClDCv7NIbfvad7lKsYHLm5tdpzB_6g?ext=png', 'type': 'image/png'}], 'category': 'image', 'creators': [{'address': 'DRGNjvBvnXNiQz9dTppGktAsVxtJsvhEmojEfBU3ezf', 'share': 100}]}",1,DRGNjvBvnXNiQz9dTppGk1tAsVxtJsvhEmojEfBU3ezf,1,"{'verified': 122, 'key': 'DGAArKF2ekbdAPBNb8pUaUbXN2wvxWkA2uZfZzPCNGby', 'data': {}}",False,"{'auctionHouseKey': 'E8cU1WiRWjanGxmn96ewBgk9vPTcL6AEZ1t6F6fkgUWe', 'sellerReferral': 'autMW8SgBkVYeBgqYiTuJZnkvDZMVU2MHJh9Jh7CSQ2', 'expiry': -1}"
7,DZnmor5Zp2ePjEeEdtpGzsyEsgcZR2pcE1tDiYZ2sJ6v,350.0,HydhT6aHE4xNSbVjCwQS5y4RwXAcVhYkMV22zhWk2Fke,H1tTLGCvSjSzPvFz7Z3Tgu8rz988deWguSSUNYxpPoTi,boryoku_dragonz,Boryoku Dragonz,https://arweave.net/U2puT-q86GvWPgt8MXE4s9fl3zlGqwvbK75wmTCw788?ext=png,Boryoku Dragonz #760,"Bōryoku Dragonz is an exclusive collection of 1,111 Dragon NFTs on the Solana blockchain.",https://boryokudragonz.io,image,"[{'address': 'DRGNjvBvnXNiQz9dTppGk1tAsVxtJsvhEmojEfBU3ezf', 'verified': 1, 'share': 100}]",500,DiJhrE6LqAwqCVnKXZYHa64qPdQzHxPiW7admaWQkGTF,"[{'trait_type': 'Generation', 'value': 'Genesis'}, {'trait_type': 'Type', 'value': 'Diamond Blue'}, {'trait_type': 'Head', 'value': 'None'}, {'trait_type': 'Eyes', 'value': 'Golden Shades'}, {'trait_type': 'Mouth', 'value': 'Flame'}, {'trait_type': 'Neck', 'value': 'None'}, {'trait_type': 'Background', 'value': 'Blue'}]","{'files': [{'uri': 'https://arweave.net/U2puT-q86GvWPgt8MXE4s9fl3zlGqwvbK75wmTCw788?ext=png', 'type': 'image/png'}], 'category': 'image', 'creators': [{'address': 'DRGNjvBvnXNiQz9dTppGktAsVxtJsvhEmojEfBU3ezf', 'share': 100}]}",1,DRGNjvBvnXNiQz9dTppGk1tAsVxtJsvhEmojEfBU3ezf,1,"{'verified': 122, 'key': 'DGAArKF2ekbdAPBNb8pUaUbXN2wvxWkA2uZfZzPCNc5u', 'data': {}}",False,"{'auctionHouseKey': 'E8cU1WiRWjanGxmn96ewBgk9vPTcL6AEZ1t6F6fkgUWe', 'sellerReferral': 'autMW8SgBkVYeBgqYiTuJZnkvDZMVU2MHJh9Jh7CSQ2', 'expiry': -1}"
8,3miHugn4tJwxZKBZbSAp3nASVHv63d2Pu16bGgLAaDFh,350.0,Ht2xLAJKZqqP7W2YDa9qdfNSyJn5LCM3hfjJuzGtPRJp,H1tTLGCvSjSzPvFz7Z3Tgu8rz988deWguSSUNYxpPoTi,boryoku_dragonz,Boryoku Dragonz,https://arweave.net/STXA_InI_5SFwX8s1JRGofUXOjdKATMdPac9fIc941c?ext=png,Boryoku Dragonz #832,"Bōryoku Dragonz is an exclusive collection of 1,111 Dragon NFTs on the Solana blockchain.",https://boryokudragonz.io,image,"[{'address': 'DRGNjvBvnXNiQz9dTppGk1tAsVxtJsvhEmojEfBU3ezf', 'verified': 1, 'share': 100}]",500,CB2hDJsutuNM1tNBtSH9hCB4o3msBM5PqMaR4fRnXy5V,"[{'trait_type': 'Generation', 'value': 'Genesis'}, {'trait_type': 'Type', 'value': 'Cyber Blue'}, {'trait_type': 'Head', 'value': 'None'}, {'trait_type': 'Eyes', 'value': 'Synthwave Shades'}, {'trait_type': 'Mouth', 'value': 'Acid'}, {'trait_type': 'Neck', 'value': 'Collar'}, {'trait_type': 'Background', 'value': 'Tron'}]","{'files': [{'uri': 'https://arweave.net/STXA_InI_5SFwX8s1JRGofUXOjdKATMdPac9fIc941c?ext=png', 'type': 'image/png'}], 'category': 'image', 'creators': [{'address': 'DRGNjvBvnXNiQz9dTppGktAsVxtJsvhEmojEfBU3ezf', 'share': 100}]}",1,DRGNjvBvnXNiQz9dTppGk1tAsVxtJsvhEmojEfBU3ezf,1,"{'verified': 122, 'key': 'DGAArKF2ekbdAPBNb8pUaUbXN2wvxWkA2uZfZzPCNc5u', 'data': {}}",False,"{'auctionHouseKey': 'E8cU1WiRWjanGxmn96ewBgk9vPTcL6AEZ1t6F6fkgUWe', 'sellerReferral': 'autMW8SgBkVYeBgqYiTuJZnkvDZMVU2MHJh9Jh7CSQ2', 'expiry': -1}"
9,DqrGSmjFjieMChbbuxoecnNoiVojygwXrGcMwtoNEMLQ,365.0,9325PfToo3JJSxhe6QJgCYoMVgKUVjLzwgT9eaa13U48,E5uYC9GwfnhM2X57YxLWegRE1UJBxZwcX9FUmGKrcGR2,boryoku_dragonz,Boryoku Dragonz,https://arweave.net/X77HQWzQldNwxUNa-1aD01n7i9MSEC_kQqQiDa0PpEY?ext=png,Boryoku Dragonz #333,"Bōryoku Dragonz is an exclusive collection of 1,111 Dragon NFTs on the Solana blockchain.",https://boryokudragonz.io,image,"[{'address': 'DRGNjvBvnXNiQz9dTppGk1tAsVxtJsvhEmojEfBU3ezf', 'verified': 1, 'share': 100}]",500,y5HCy8ga2DAXnk5NiL8hYTHuWuWQUEmQUFWmUb4Z2LC,"[{'trait_type': 'Generation', 'value': 'Genesis'}, {'trait_type': 'Type', 'value': 'Inferno Red'}, {'trait_type': 'Head', 'value': 'None'}, {'trait_type': 'Eyes', 'value': 'Golden Shades'}, {'trait_type': 'Mouth', 'value': 'Icecream'}, {'trait_type': 'Neck', 'value': 'Golden Chain'}, {'trait_type': 'Background', 'value': 'Teal'}]","{'files': [{'uri': 'https://arweave.net/X77HQWzQldNwxUNa-1aD01n7i9MSEC_kQqQiDa0PpEY?ext=png', 'type': 'image/png'}], 'category': 'image', 'creators': [{'address': 'DRGNjvBvnXNiQz9dTppGktAsVxtJsvhEmojEfBU3ezf', 'share': 100}]}",1,DRGNjvBvnXNiQz9dTppGk1tAsVxtJsvhEmojEfBU3ezf,1,"{'verified': 122, 'key': 'DGAArKF2ekbdAPBNb8pUaUbXN2wvxWkA2uZfZzPCNc5u', 'data': {}}",False,"{'auctionHouseKey': 'E8cU1WiRWjanGxmn96ewBgk9vPTcL6AEZ1t6F6fkgUWe', 'sellerReferral': 'autMW8SgBkVYeBgqYiTuJZnkvDZMVU2MHJh9Jh7CSQ2', 'expiry': -1}"
10,9wZaKDscDKbWm8q9LvM7aqaJ2jrhVfSfBzfJC4rZdXkJ,365.0,4LYvp4Mdefg1ntDqbUovrt84iXMWMK1EhxeBZ5u8HJ79,FawwMgMiK3jrXqn24wTpoVvTcHCxiazTjLJ9Bp7nJqHB,boryoku_dragonz,Boryoku Dragonz,https://arweave.net/D2q2osDDCltZS1Yh4hK7GQtXOP8KqQOJKE2cWLVD8SA?ext=png,Boryoku Dragonz #726,"Bōryoku Dragonz is an exclusive collection of 1,111 Dragon NFTs on the Solana blockchain.",https://boryokudragonz.io,image,"[{'address': 'DRGNjvBvnXNiQz9dTppGk1tAsVxtJsvhEmojEfBU3ezf', 'verified': 1, 'share': 100}]",500,4R3sVPGucM6yr1pV27iCHXYzYh1LLxSCKsQsiDhQt6wL,"[{'trait_type': 'Generation', 'value': 'Genesis'}, {'trait_type': 'Type', 'value': 'Cyber Grey'}, {'trait_type': 'Head', 'value': 'Eye'}, {'trait_type': 'Eyes', 'value': 'Vipers'}, {'trait_type': 'Mouth', 'value': 'Ice Breath'}, {'trait_type': 'Neck', 'value': 'None'}, {'trait_type': 'Background', 'value': 'Teal'}]","{'files': [{'uri': 'https://arweave.net/D2q2osDDCltZS1Yh4hK7GQtXOP8KqQOJKE2cWLVD8SA?ext=png', 'type': 'image/png'}], 'category': 'image', 'creators': [{'address': 'DRGNjvBvnXNiQz9dTppGktAsVxtJsvhEmojEfBU3ezf', 'share': 100}]}",1,DRGNjvBvnXNiQz9dTppGk1tAsVxtJsvhEmojEfBU3ezf,1,"{'verified': 122, 'key': 'DGAArKF2ekbdAPBNb8pUaUbXN2wvxWkA2uZfZzPCNc5u', 'data': {}}",False,"{'auctionHouseKey': 'E8cU1WiRWjanGxmn96ewBgk9vPTcL6AEZ1t6F6fkgUWe', 'sellerReferral': 'autMW8SgBkVYeBgqYiTuJZnkvDZMVU2MHJh9Jh7CSQ2', 'expiry': -1}"
11,AHH3YHYZior3fGNeGTnTLPC8dRFG9YZJMfBmeEq1n8Tc,369.0,G9UZCSg816bH24G5v18vYB2aFcbzD1x6BeaVWS1U1gXQ,EqVXenyyvyyRg7hSz4TmTHUKhLXLsnnYY2tDsTcDTpRM,boryoku_dragonz,Boryoku Dragonz,https://arweave.net/3geXfRoW3_5zVhiEnaVnh9bTIJNdn4C5hrnSSOKTH-E?ext=png,Boryoku Dragonz #634,"Bōryoku Dragonz is an exclusive collection of 1,111 Dragon NFTs on the Solana blockchain.",https://boryokudragonz.io,image,"[{'address': 'DRGNjvBvnXNiQz9dTppGk1tAsVxtJsvhEmojEfBU3ezf', 'verified': 1, 'share': 100}]",500,5tdcCMNUknpgYyxDmtMgbvhgiukth9JQk4sFeYQa7P5D,"[{'trait_type': 'Generation', 'value': 'Genesis'}, {'trait_type': 'Type', 'value': 'Cosmic Green'}, {'trait_type': 'Head', 'value': 'Croc'}, {'trait_type': 'Eyes', 'value': 'Golden Shades'}, {'trait_type': 'Mouth', 'value': 'None'}, {'trait_type': 'Neck', 'value': 'Golden Chain'}, {'trait_type': 'Background', 'value': 'Pink'}]","{'files': [{'uri': 'https://arweave.net/3geXfRoW3_5zVhiEnaVnh9bTIJNdn4C5hrnSSOKTH-E?ext=png', 'type': 'image/png'}], 'category': 'image', 'creators': [{'address': 'DRGNjvBvnXNiQz9dTppGktAsVxtJsvhEmojEfBU3ezf', 'share': 100}]}",1,DRGNjvBvnXNiQz9dTppGk1tAsVxtJsvhEmojEfBU3ezf,1,"{'verified': 122, 'key': 'DGAArKF2ekbdAPBNb8pUaUbXN2wvxWkA2uZfZzPCNc5u', 'data': {}}",False,"{'auctionHouseKey': 'E8cU1WiRWjanGxmn96ewBgk9vPTcL6AEZ1t6F6fkgUWe', 'sellerReferral': 'autMW8SgBkVYeBgqYiTuJZnkvDZMVU2MHJh9Jh7CSQ2', 'expiry': -1}"
12,B5gh89dX6NY2KZkhHRshujZ9RHapmxsC4SzsHEqPoVop,370.0,48eFXgwSvzDfMGyKwMAkyJavXZAF4KdzC57BrcaWbg6L,3chN2bEeaU1TesUvRtmR64U9yxc2YW9ya49amtj9mfwr,boryoku_dragonz,Boryoku Dragonz,https://arweave.net/klx_KNiDF8gwg6jQ-uQ64tn2WQX-NbRTe1nA4X_ZbsY?ext=png,Boryoku Dragonz #662,"Bōryoku Dragonz is an exclusive collection of 1,111 Dragon NFTs on the Solana blockchain.",https://boryokudragonz.io,image,"[{'address': 'DRGNjvBvnXNiQz9dTppGk1tAsVxtJsvhEmojEfBU3ezf', 'verified': 1, 'share': 100}]",500,GAkfmSQKLR1WvngzD7aQRWkrZ5o79ennDdpBLjHJujr8,"[{'trait_type': 'Generation', 'value': 'Genesis'}, {'trait_type': 'Type', 'value': 'Neon Blue'}, {'trait_type': 'Head', 'value': 'Croc'}, {'trait_type': 'Eyes', 'value': 'Tracker'}, {'trait_type': 'Mouth', 'value': 'None'}, {'trait_type': 'Neck', 'value': 'None'}, {'trait_type': 'Background', 'value': 'Lavender'}]","{'files': [{'uri': 'https://arweave.net/klx_KNiDF8gwg6jQ-uQ64tn2WQX-NbRTe1nA4X_ZbsY?ext=png', 'type': 'image/png'}], 'category': 'image', 'creators': [{'address': 'DRGNjvBvnXNiQz9dTppGktAsVxtJsvhEmojEfBU3ezf', 'share': 100}]}",1,DRGNjvBvnXNiQz9dTppGk1tAsVxtJsvhEmojEfBU3ezf,1,"{'verified': 122, 'key': 'DGAArKF2ekbdAPBNb8pUaUbXN2wvxWkA2uZfZzPCNc5u', 'data': {}}",False,"{'auctionHouseKey': 'E8cU1WiRWjanGxmn96ewBgk9vPTcL6AEZ1t6F6fkgUWe', 'sellerReferral': 'autMW8SgBkVYeBgqYiTuJZnkvDZMVU2MHJh9Jh7CSQ2', 'expiry': -1}"
13,DqgsDQi26Qk9os4NGeUvS4K5fEGVpC9hQqoqsoUsSD8N,370.0,Fwdpq224NwTKC5kkMEf758biK8EjMnJALebKcUd98Car,BdDbKrLeZ1zB8To8vYqkxwGEM4YPrgvUPus9K5Sv5oqW,boryoku_dragonz,Boryoku Dragonz,https://arweave.net/FBKrISisCcHpHWH5tQxBE-jc61HybOU6gxkmFActlzc?ext=png,Boryoku Dragonz #1007,"Bōryoku Dragonz is an exclusive collection of 1,111 Dragon NFTs on the Solana blockchain.",https://boryokudragonz.io,image,"[{'address': 'DRGNjvBvnXNiQz9dTppGk1tAsVxtJsvhEmojEfBU3ezf', 'verified': 1, 'share': 100}]",500,5jDCnvNc8Jv9Kbr54VJNATjBFHWqLPZQYFJXe3Enkwg1,"[{'trait_type': 'Generation', 'value': 'Genesis'}, {'trait_type': 'Type', 'value': 'Iron Yellow'}, {'trait_type': 'Head', 'value': 'None'}, {'trait_type': 'Eyes', 'value': 'Snake Eyes'}, {'trait_type': 'Mouth', 'value': 'Cigar'}, {'trait_type': 'Neck', 'value': 'None'}, {'trait_type': 'Background', 'value': 'Yellow'}]","{'files': [{'uri': 'https://arweave.net/FBKrISisCcHpHWH5tQxBE-jc61HybOU6gxkmFActlzc?ext=png', 'type': 'image/png'}], 'category': 'image', 'creators': [{'address': 'DRGNjvBvnXNiQz9dTppGktAsVxtJsvhEmojEfBU3ezf', 'share': 100}]}",1,DRGNjvBvnXNiQz9dTppGk1tAsVxtJsvhEmojEfBU3ezf,1,"{'verified': 122, 'key': 'DGAArKF2ekbdAPBNb8pUaUbXN2wvxWkA2uZfZzPCMw83', 'data': {}}",False,"{'auctionHouseKey': 'E8cU1WiRWjanGxmn96ewBgk9vPTcL6AEZ1t6F6fkgUWe', 'sellerReferral': 'autMW8SgBkVYeBgqYiTuJZnkvDZMVU2MHJh9Jh7CSQ2', 'expiry': -1}"
14,9EMky4GKSsbEgT8qQYYE6iTD5QMqouxafNDxZPX2Xzhq,375.0,EgmgbHELDE1aynJmFgW8H6KRSC41hJRSkJ7hSTq2ZqHU,ANDCJLx7EZYoiBWWk2B87tQo6WC5jjDLcsB1pTSkNnYq,boryoku_dragonz,Boryoku Dragonz,https://arweave.net/u2_Yhzi8O8v3aM7puL2fC-9J9tHawjJKsCHvKhQ8nQ8?ext=png,Boryoku Dragonz #885,"Bōryoku Dragonz is an exclusive collection of 1,111 Dragon NFTs on the Solana blockchain.",https://boryokudragonz.io,image,"[{'address': 'DRGNjvBvnXNiQz9dTppGk1tAsVxtJsvhEmojEfBU3ezf', 'verified': 1, 'share': 100}]",500,511UfxCMNekjBqvtuABuDRokmYyBexMYpNce54cyUHat,"[{'trait_type': 'Generation', 'value': 'Genesis'}, {'trait_type': 'Type', 'value': 'Neon Blue'}, {'trait_type': 'Head', 'value': 'None'}, {'trait_type': 'Eyes', 'value': 'Blue Eyes'}, {'trait_type': 'Mouth', 'value': 'Pacifier'}, {'trait_type': 'Neck', 'value': 'None'}, {'trait_type': 'Background', 'value': 'Beige'}]","{'files': [{'uri': 'https://arweave.net/u2_Yhzi8O8v3aM7puL2fC-9J9tHawjJKsCHvKhQ8nQ8?ext=png', 'type': 'image/png'}], 'category': 'image', 'creators': [{'address': 'DRGNjvBvnXNiQz9dTppGktAsVxtJsvhEmojEfBU3ezf', 'share': 100}]}",1,DRGNjvBvnXNiQz9dTppGk1tAsVxtJsvhEmojEfBU3ezf,1,"{'verified': 122, 'key': 'DGAArKF2ekbdAPBNb8pUaUbXN2wvxWkA2uZfZzPCNc5u', 'data': {}}",False,"{'auctionHouseKey': 'E8cU1WiRWjanGxmn96ewBgk9vPTcL6AEZ1t6F6fkgUWe', 'sellerReferral': 'autMW8SgBkVYeBgqYiTuJZnkvDZMVU2MHJh9Jh7CSQ2', 'expiry': -1}"
15,EWdZfzKLhmSjAwqQEcdCU8fEQA9GRnKf3gPDvh98Jmq6,380.0,7EbRMH9AfWHjkcEDzJsHgMuJx99a7cm9Nk6x7MCyXq2e,BhV6tcUsVZPAed6JSXfNhpZxSpsd4efti5Wmd6scG98g,boryoku_dragonz,Boryoku Dragonz,https://arweave.net/2veTIh_WKQlgYh0xFFtP4DxD9TzJq-iWlgChZ2w9Eu0?ext=png,Boryoku Dragonz #966,"Bōryoku Dragonz is an exclusive collection of 1,111 Dragon NFTs on the Solana blockchain.",https://boryokudragonz.io,image,"[{'address': 'DRGNjvBvnXNiQz9dTppGk1tAsVxtJsvhEmojEfBU3ezf', 'verified': 1, 'share': 100}]",500,9VjbPTZpRJEq1fkZuzkDcWZ4QTem1B8fn1wsiNzgqiew,"[{'trait_type': 'Generation', 'value': 'Genesis'}, {'trait_type': 'Type', 'value': 'Inferno Purple'}, {'trait_type': 'Head', 'value': 'None'}, {'trait_type': 'Eyes', 'value': 'Laughing Goggles'}, {'trait_type': 'Mouth', 'value': 'Laser Ray'}, {'trait_type': 'Neck', 'value': 'None'}, {'trait_type': 'Background', 'value': 'Grey'}]","{'files': [{'uri': 'https://arweave.net/2veTIh_WKQlgYh0xFFtP4DxD9TzJq-iWlgChZ2w9Eu0?ext=png', 'type': 'image/png'}], 'category': 'image', 'creators': [{'address': 'DRGNjvBvnXNiQz9dTppGktAsVxtJsvhEmojEfBU3ezf', 'share': 100}]}",1,DRGNjvBvnXNiQz9dTppGk1tAsVxtJsvhEmojEfBU3ezf,1,"{'verified': 122, 'key': 'DGAArKF2ekbdAPBNb8pUaUbXN2wvxWkA2uZfZzPCNGby', 'data': {}}",False,"{'auctionHouseKey': 'E8cU1WiRWjanGxmn96ewBgk9vPTcL6AEZ1t6F6fkgUWe', 'sellerReferral': 'autMW8SgBkVYeBgqYiTuJZnkvDZMVU2MHJh9Jh7CSQ2', 'expiry': -1}"
16,BPdP5sYoo3jsGGBd7NF11cV4bDE8soS47rkk7C7YNJ86,388.0,75eem4EKS3ZpsGNZ9uLrnsbGduLZABMvY1JFnN4w5saA,ANDCJLx7EZYoiBWWk2B87tQo6WC5jjDLcsB1pTSkNnYq,boryoku_dragonz,Boryoku Dragonz,https://arweave.net/P8PRjPj2B2Dqrn1O4Xwv5E5oB-Oa4wJIds49DXVawoQ?ext=png,Boryoku Dragonz #937,"Bōryoku Dragonz is an exclusive collection of 1,111 Dragon NFTs on the Solana blockchain.",https://boryokudragonz.io,image,"[{'address': 'DRGNjvBvnXNiQz9dTppGk1tAsVxtJsvhEmojEfBU3ezf', 'verified': 1, 'share': 100}]",500,4n9W15kc7d8Us6zWK3qBaB2b9tJTehuz5o75UzqcJ5mv,"[{'trait_type': 'Generation', 'value': 'Genesis'}, {'trait_type': 'Type', 'value': 'Zombie Golden'}, {'trait_type': 'Head', 'value': 'None'}, {'trait_type': 'Eyes', 'value': 'Blue Eyes'}, {'trait_type': 'Mouth', 'value': 'Ice Breath'}, {'trait_type': 'Neck', 'value': 'Collar'}, {'trait_type': 'Background', 'value': 'Yellow'}]","{'files': [{'uri': 'https://arweave.net/P8PRjPj2B2Dqrn1O4Xwv5E5oB-Oa4wJIds49DXVawoQ?ext=png', 'type': 'image/png'}], 'category': 'image', 'creators': [{'address': 'DRGNjvBvnXNiQz9dTppGktAsVxtJsvhEmojEfBU3ezf', 'share': 100}]}",1,DRGNjvBvnXNiQz9dTppGk1tAsVxtJsvhEmojEfBU3ezf,1,"{'verified': 122, 'key': 'DGAArKF2ekbdAPBNb8pUaUbXN2wvxWkA2uZfZzPCNc5u', 'data': {}}",False,"{'auctionHouseKey': 'E8cU1WiRWjanGxmn96ewBgk9vPTcL6AEZ1t6F6fkgUWe', 'sellerReferral': 'autMW8SgBkVYeBgqYiTuJZnkvDZMVU2MHJh9Jh7CSQ2', 'expiry': -1}"
17,AyxJqZHnrgfbwdGUX4SuU3u8sHkgUdZwHbj3fitcWjXc,399.0,v3wsegCTJ1gKpzsBx97LnxUTF71YqEBGxmaqSqdbuxU,CjMm4yQaedk3ZvY8HbxmcKCg5hNwJK2if2MMnGfNrtQw,boryoku_dragonz,Boryoku Dragonz,https://arweave.net/sU6S__rc3doNcOvmICc8azhjH60JlwqeL73sm_63OSk?ext=png,Boryoku Dragonz #371,"Bōryoku Dragonz is an exclusive collection of 1,111 Dragon NFTs on the Solana blockchain.",https://boryokudragonz.io,image,"[{'address': 'DRGNjvBvnXNiQz9dTppGk1tAsVxtJsvhEmojEfBU3ezf', 'verified': 1, 'share': 100}]",500,2FvkEUwJBCQxakSKZpfC4FiZcSv5jTnLnaSp1EEa14f7,"[{'trait_type': 'Generation', 'value': 'Genesis'}, {'trait_type': 'Type', 'value': 'Neon Blue'}, {'trait_type': 'Head', 'value': 'Fireball'}, {'trait_type': 'Eyes', 'value': 'Red Eyes'}, {'trait_type': 'Mouth', 'value': 'None'}, {'trait_type': 'Neck', 'value': 'None'}, {'trait_type': 'Background', 'value': 'Yellow'}]","{'files': [{'uri': 'https://arweave.net/sU6S__rc3doNcOvmICc8azhjH60JlwqeL73sm_63OSk?ext=png', 'type': 'image/png'}], 'category': 'image', 'creators': [{'address': 'DRGNjvBvnXNiQz9dTppGktAsVxtJsvhEmojEfBU3ezf', 'share': 100}]}",1,DRGNjvBvnXNiQz9dTppGk1tAsVxtJsvhEmojEfBU3ezf,1,"{'verified': 122, 'key': 'DGAArKF2ekbdAPBNb8pUaUbXN2wvxWkA2uZfZzPCNc5u', 'data': {}}",False,"{'auctionHouseKey': 'E8cU1WiRWjanGxmn96ewBgk9vPTcL6AEZ1t6F6fkgUWe', 'sellerReferral': 'autMW8SgBkVYeBgqYiTuJZnkvDZMVU2MHJh9Jh7CSQ2', 'expiry': -1}"
18,BXDhg7zE7zigP2qMEDv2bM1bkX2opMp6yhNBtuESSpXj,399.0,8nWTp3xGtf9n7cpLdWceyMaJhpdDouZVYSAreJEnvv7x,YJLcz6UayFQ64xyc6xsmEvFPRVPeJsVJjTByjMKoEJk,boryoku_dragonz,Boryoku Dragonz,https://arweave.net/1v0Yf4nXvfSMLjllaGr5hkoK6llXawdsJHlANEwESz8?ext=png,Boryoku Dragonz #863,"Bōryoku Dragonz is an exclusive collection of 1,111 Dragon NFTs on the Solana blockchain.",https://boryokudragonz.io,image,"[{'address': 'DRGNjvBvnXNiQz9dTppGk1tAsVxtJsvhEmojEfBU3ezf', 'verified': 1, 'share': 100}]",500,3cef7QiRBME2kvH8zhGRiR6sfShnoxdrna8CHg4TcyLc,"[{'trait_type': 'Generation', 'value': 'Genesis'}, {'trait_type': 'Type', 'value': 'Cyber Black'}, {'trait_type': 'Head', 'value': 'Octopus'}, {'trait_type': 'Eyes', 'value': 'Blue Eyes'}, {'trait_type': 'Mouth', 'value': 'None'}, {'trait_type': 'Neck', 'value': 'None'}, {'trait_type': 'Background', 'value': 'Pink'}]","{'files': [{'uri': 'https://arweave.net/1v0Yf4nXvfSMLjllaGr5hkoK6llXawdsJHlANEwESz8?ext=png', 'type': 'image/png'}], 'category': 'image', 'creators': [{'address': 'DRGNjvBvnXNiQz9dTppGktAsVxtJsvhEmojEfBU3ezf', 'share': 100}]}",1,DRGNjvBvnXNiQz9dTppGk1tAsVxtJsvhEmojEfBU3ezf,1,"{'verified': 122, 'key': 'DGAArKF2ekbdAPBNb8pUaUbXN2wvxWkA2uZfZzPCNGby', 'data': {}}",False,"{'auctionHouseKey': 'E8cU1WiRWjanGxmn96ewBgk9vPTcL6AEZ1t6F6fkgUWe', 'sellerReferral': 'autMW8SgBkVYeBgqYiTuJZnkvDZMVU2MHJh9Jh7CSQ2', 'expiry': -1}"
19,3ab8TPG1YkGJH57BJXF2Xv5ZR2NDVXfg8Qqyv5VCeeJh,400.0,4oHBZpkhZRxh5XqSANVsSAKZXgjMUbepVjTVBM1HnDhG,Hw4ihe8hsDAuZKn6juVmxPrxTAhd1a9eZ8dkjYthQQwz,boryoku_dragonz,Boryoku Dragonz,https://arweave.net/3EmtJl_CUVVzx2jNgpaa_aOBfHhGqAA-TkCAwJ-2im0?ext=png,Boryoku Dragonz #169,"Bōryoku Dragonz is an exclusive collection of 1,111 Dragon NFTs on the Solana blockchain.",https://boryokudragonz.io,image,"[{'address': 'DRGNjvBvnXNiQz9dTppGk1tAsVxtJsvhEmojEfBU3ezf', 'verified': 1, 'share': 100}]",500,HYSRydoaxPrKNZqnHEsf8P25VnLnU4dpacCmdTxSNHLA,"[{'trait_type': 'Generation', 'value': 'Genesis'}, {'trait_type': 'Type', 'value': 'Neon Orange'}, {'trait_type': 'Head', 'value': 'None'}, {'trait_type': 'Eyes', 'value': 'Red Eyes'}, {'trait_type': 'Mouth', 'value': 'None'}, {'trait_type': 'Neck', 'value': 'None'}, {'trait_type': 'Background', 'value': 'Pink'}]","{'files': [{'uri': 'https://arweave.net/3EmtJl_CUVVzx2jNgpaa_aOBfHhGqAA-TkCAwJ-2im0?ext=png', 'type': 'image/png'}], 'category': 'image', 'creators': [{'address': 'DRGNjvBvnXNiQz9dTppGktAsVxtJsvhEmojEfBU3ezf', 'share': 100}]}",1,DRGNjvBvnXNiQz9dTppGk1tAsVxtJsvhEmojEfBU3ezf,1,"{'verified': 122, 'key': 'DGAArKF2ekbdAPBNb8pUaUbXN2wvxWkA2uZfZzPCMw83', 'data': {}}",False,"{'auctionHouseKey': 'E8cU1WiRWjanGxmn96ewBgk9vPTcL6AEZ1t6F6fkgUWe', 'sellerReferral': 'autMW8SgBkVYeBgqYiTuJZnkvDZMVU2MHJh9Jh7CSQ2', 'expiry': -1}"
20,4xwj59aD3S4j9UJdkfBeHsVQ5A2RM6rGZCxLoi312Vqo,410.0,FgNiut5cWrMm46VeEYHLnf74ocbZRCLkHXbSxoF4mKVs,Cmvv9wuEwSKLoJbhbgkjRS3c3zXSaQd6DYS9wF6c9EzK,boryoku_dragonz,Boryoku Dragonz,https://arweave.net/G96d3-6TOJ3u0qgxiylNOL1RLEbHVObY1Mt3h_oxLcA?ext=png,Boryoku Dragonz #332,"Bōryoku Dragonz is an exclusive collection of 1,111 Dragon NFTs on the Solana blockchain.",https://boryokudragonz.io,image,"[{'address': 'DRGNjvBvnXNiQz9dTppGk1tAsVxtJsvhEmojEfBU3ezf', 'verified': 1, 'share': 100}]",500,6K2fsufdqiJFc2hLNLuzWdh21RMc7kfD6z6T7FFkXChc,"[{'trait_type': 'Generation', 'value': 'Genesis'}, {'trait_type': 'Type', 'value': 'Iron Yellow'}, {'trait_type': 'Head', 'value': 'Monkey'}, {'trait_type': 'Eyes', 'value': 'Golden Shades'}, {'trait_type': 'Mouth', 'value': 'None'}, {'trait_type': 'Neck', 'value': 'Golden Chain'}, {'trait_type': 'Background', 'value': 'Blue'}]","{'files': [{'uri': 'https://arweave.net/G96d3-6TOJ3u0qgxiylNOL1RLEbHVObY1Mt3h_oxLcA?ext=png', 'type': 'image/png'}], 'category': 'image', 'creators': [{'address': 'DRGNjvBvnXNiQz9dTppGktAsVxtJsvhEmojEfBU3ezf', 'share': 100}]}",1,DRGNjvBvnXNiQz9dTppGk1tAsVxtJsvhEmojEfBU3ezf,1,"{'verified': 122, 'key': 'DGAArKF2ekbdAPBNb8pUaUbXN2wvxWkA2uZfZzPCMw83', 'data': {}}",False,"{'auctionHouseKey': 'E8cU1WiRWjanGxmn96ewBgk9vPTcL6AEZ1t6F6fkgUWe', 'sellerReferral': 'autMW8SgBkVYeBgqYiTuJZnkvDZMVU2MHJh9Jh7CSQ2', 'expiry': -1}"
21,32DNobGnWvfVV4rhjCVY7VR4gMW7HPD5UYHrF7w5D6Ni,420.0,4zNffzLVoavfwCx7cYuTVxQgTL6qfWBs8aMRwADS8GcF,Gc5c99KHpqgEXEJU2ZU9B3aDT17hWBbKJDLiSsiW2wPQ,boryoku_dragonz,Boryoku Dragonz,https://arweave.net/z5VhUsrDbLwdsBptXagLovq9zZqoosZB25A_L2KE5mE?ext=png,Boryoku Dragonz #97,"Bōryoku Dragonz is an exclusive collection of 1,111 Dragon NFTs on the Solana blockchain.",https://boryokudragonz.io,image,"[{'address': 'DRGNjvBvnXNiQz9dTppGk1tAsVxtJsvhEmojEfBU3ezf', 'verified': 1, 'share': 100}]",500,9GBzjfDkPzA2bofELUNHqwtJ2Rs5cpWJoLkD3oa6353Q,"[{'trait_type': 'Generation', 'value': 'Genesis'}, {'trait_type': 'Type', 'value': 'Iron Grey'}, {'trait_type': 'Head', 'value': 'None'}, {'trait_type': 'Eyes', 'value': 'Golden Shades'}, {'trait_type': 'Mouth', 'value': 'None'}, {'trait_type': 'Neck', 'value': 'None'}, {'trait_type': 'Background', 'value': 'Green'}]","{'files': [{'uri': 'https://arweave.net/z5VhUsrDbLwdsBptXagLovq9zZqoosZB25A_L2KE5mE?ext=png', 'type': 'image/png'}], 'category': 'image', 'creators': [{'address': 'DRGNjvBvnXNiQz9dTppGktAsVxtJsvhEmojEfBU3ezf', 'share': 100}]}",1,DRGNjvBvnXNiQz9dTppGk1tAsVxtJsvhEmojEfBU3ezf,1,"{'verified': 122, 'key': 'DGAArKF2ekbdAPBNb8pUaUbXN2wvxWkA2uZfZzPCNc5u', 'data': {}}",False,"{'auctionHouseKey': 'E8cU1WiRWjanGxmn96ewBgk9vPTcL6AEZ1t6F6fkgUWe', 'sellerReferral': 'autMW8SgBkVYeBgqYiTuJZnkvDZMVU2MHJh9Jh7CSQ2', 'expiry': -1}"
22,Hjn8sUoCn5frUqazd5xwcaYwkoNSaFZVJdJkN3ucdKT9,440.0,37ZC9v738xTJwiYBHXR1b1Ek2RSmaiGGcG4v9mruWg9R,3boKuA43uWcv7SEpZddc5tbFekEsQNQxk3Qzd6Wvr8Qu,boryoku_dragonz,Boryoku Dragonz,https://arweave.net/wgdfh-sfv5UVffg0J8NzbVafQf9dj5dwpam5N2eMxYk?ext=png,Boryoku Dragonz #338,"Bōryoku Dragonz is an exclusive collection of 1,111 Dragon NFTs on the Solana blockchain.",https://boryokudragonz.io,image,"[{'address': 'DRGNjvBvnXNiQz9dTppGk1tAsVxtJsvhEmojEfBU3ezf', 'verified': 1, 'share': 100}]",500,FTqcyNBVL1tXhMDLt2eNEHNtwMzSCw3SFeWyCVEzvTw7,"[{'trait_type': 'Generation', 'value': 'Genesis'}, {'trait_type': 'Type', 'value': 'Inferno Black'}, {'trait_type': 'Head', 'value': 'None'}, {'trait_type': 'Eyes', 'value': 'Vipers'}, {'trait_type': 'Mouth', 'value': 'Rainbow Puke'}, {'trait_type': 'Neck', 'value': 'Silver Chain'}, {'trait_type': 'Background', 'value': 'Grey'}]","{'files': [{'uri': 'https://arweave.net/wgdfh-sfv5UVffg0J8NzbVafQf9dj5dwpam5N2eMxYk?ext=png', 'type': 'image/png'}], 'category': 'image', 'creators': [{'address': 'DRGNjvBvnXNiQz9dTppGktAsVxtJsvhEmojEfBU3ezf', 'share': 100}]}",1,DRGNjvBvnXNiQz9dTppGk1tAsVxtJsvhEmojEfBU3ezf,1,"{'verified': 122, 'key': 'DGAArKF2ekbdAPBNb8pUaUbXN2wvxWkA2uZfZzPCNc5u', 'data': {}}",False,"{'auctionHouseKey': 'E8cU1WiRWjanGxmn96ewBgk9vPTcL6AEZ1t6F6fkgUWe', 'sellerReferral': 'autMW8SgBkVYeBgqYiTuJZnkvDZMVU2MHJh9Jh7CSQ2', 'expiry': -1}"
23,D2QFTdoKn5kYyU6Xm9x47vaCs9iVZECnN1FwVVpVfZmk,440.0,BQXjHAjpGHE5CE9nCypgdDVcDnxpP7e16oEKJhBvyQxR,BpDQzWaVg8fykS8HdW68UckrD7NpBVbv4wLixNkSARtL,boryoku_dragonz,Boryoku Dragonz,https://arweave.net/uNS0DLvC4RnbjYLC3P7fgZUMb3CWjzAqbXFFSOditnM?ext=png,Boryoku Dragonz #691,"Bōryoku Dragonz is an exclusive collection of 1,111 Dragon NFTs on the Solana blockchain.",https://boryokudragonz.io,image,"[{'address': 'DRGNjvBvnXNiQz9dTppGk1tAsVxtJsvhEmojEfBU3ezf', 'verified': 1, 'share': 100}]",500,DhodoW4GnVNBQphEwpV18rwxLrRKcn9qNf2JEqmXMz1Q,"[{'trait_type': 'Generation', 'value': 'Genesis'}, {'trait_type': 'Type', 'value': 'Inferno Purple'}, {'trait_type': 'Head', 'value': 'Croc'}, {'trait_type': 'Eyes', 'value': 'White Eyes'}, {'trait_type': 'Mouth', 'value': 'Ice Breath'}, {'trait_type': 'Neck', 'value': 'None'}, {'trait_type': 'Background', 'value': 'Lavender'}]","{'files': [{'uri': 'https://arweave.net/uNS0DLvC4RnbjYLC3P7fgZUMb3CWjzAqbXFFSOditnM?ext=png', 'type': 'image/png'}], 'category': 'image', 'creators': [{'address': 'DRGNjvBvnXNiQz9dTppGktAsVxtJsvhEmojEfBU3ezf', 'share': 100}]}",1,DRGNjvBvnXNiQz9dTppGk1tAsVxtJsvhEmojEfBU3ezf,1,"{'verified': 122, 'key': 'DGAArKF2ekbdAPBNb8pUaUbXN2wvxWkA2uZfZzPCMbe7', 'data': {}}",False,"{'auctionHouseKey': 'E8cU1WiRWjanGxmn96ewBgk9vPTcL6AEZ1t6F6fkgUWe', 'sellerReferral': 'autMW8SgBkVYeBgqYiTuJZnkvDZMVU2MHJh9Jh7CSQ2', 'expiry': -1}"
24,Br3RA4a7riAEEQWVdj8Ggi8r715wbktzU4BmSzcY3MxW,444.0,2amBB2jLQik6uQQYxA2Gqm9kQ7cMqDW6pVJv2upwaEK4,CCoCNDy6GMGY2ZYKGzT27Use8sB2AAiL7Kqd7ctuyCMG,boryoku_dragonz,Boryoku Dragonz,https://arweave.net/HplWYAGZqlIncqhCResgFDVhOpTKeiBdqci0hPA_YPU?ext=png,Boryoku Dragonz #923,"Bōryoku Dragonz is an exclusive collection of 1,111 Dragon NFTs on the Solana blockchain.",https://boryokudragonz.io,image,"[{'address': 'DRGNjvBvnXNiQz9dTppGk1tAsVxtJsvhEmojEfBU3ezf', 'verified': 1, 'share': 100}]",500,8jRWtmoaSUoEbBFD898JviemoM8Mb38tPM3HRYVrf1YF,"[{'trait_type': 'Generation', 'value': 'Genesis'}, {'trait_type': 'Type', 'value': 'Iron Yellow'}, {'trait_type': 'Head', 'value': 'Fireball'}, {'trait_type': 'Eyes', 'value': 'White Eyes'}, {'trait_type': 'Mouth', 'value': 'None'}, {'trait_type': 'Neck', 'value': 'Golden Chain'}, {'trait_type': 'Background', 'value': 'Grey'}]","{'files': [{'uri': 'https://arweave.net/HplWYAGZqlIncqhCResgFDVhOpTKeiBdqci0hPA_YPU?ext=png', 'type': 'image/png'}], 'category': 'image', 'creators': [{'address': 'DRGNjvBvnXNiQz9dTppGktAsVxtJsvhEmojEfBU3ezf', 'share': 100}]}",1,DRGNjvBvnXNiQz9dTppGk1tAsVxtJsvhEmojEfBU3ezf,1,"{'verified': 122, 'key': 'DGAArKF2ekbdAPBNb8pUaUbXN2wvxWkA2uZfZzPCNc5u', 'data': {}}",False,"{'auctionHouseKey': 'E8cU1WiRWjanGxmn96ewBgk9vPTcL6AEZ1t6F6fkgUWe', 'sellerReferral': 'autMW8SgBkVYeBgqYiTuJZnkvDZMVU2MHJh9Jh7CSQ2', 'expiry': -1}"
25,4mYgXAKZC978K5YaDVdFCQee6mf6qXR9i1g9Ae8N1M49,450.0,EugFZNFBk6o3Kyf873jAofqwDfL6tzwEnYfhr9p8LbwU,BBMfJ9HrCEXT1GiUcgC1BRfsLx5HSeSduZ9BJRkCrrti,boryoku_dragonz,Boryoku Dragonz,https://arweave.net/maXL-aSV43gpxHKKbtUngmSzl1JrkMWoqiweBGaMH6U?ext=png,Boryoku Dragonz #809,"Bōryoku Dragonz is an exclusive collection of 1,111 Dragon NFTs on the Solana blockchain.",https://boryokudragonz.io,image,"[{'address': 'DRGNjvBvnXNiQz9dTppGk1tAsVxtJsvhEmojEfBU3ezf', 'verified': 1, 'share': 100}]",500,AGDCDiaggZzxZQb6TMknx5qdKq9FgxDpGMAuoM8Ddev,"[{'trait_type': 'Generation', 'value': 'Genesis'}, {'trait_type': 'Type', 'value': 'Cosmic Green'}, {'trait_type': 'Head', 'value': 'Croc'}, {'trait_type': 'Eyes', 'value': 'Vipers'}, {'trait_type': 'Mouth', 'value': 'None'}, {'trait_type': 'Neck', 'value': 'None'}, {'trait_type': 'Background', 'value': 'Japanese'}]","{'files': [{'uri': 'https://arweave.net/maXL-aSV43gpxHKKbtUngmSzl1JrkMWoqiweBGaMH6U?ext=png', 'type': 'image/png'}], 'category': 'image', 'creators': [{'address': 'DRGNjvBvnXNiQz9dTppGktAsVxtJsvhEmojEfBU3ezf', 'share': 100}]}",1,DRGNjvBvnXNiQz9dTppGk1tAsVxtJsvhEmojEfBU3ezf,1,"{'verified': 122, 'key': 'DGAArKF2ekbdAPBNb8pUaUbXN2wvxWkA2uZfZzPCMbe7', 'data': {}}",False,"{'auctionHouseKey': 'E8cU1WiRWjanGxmn96ewBgk9vPTcL6AEZ1t6F6fkgUWe', 'sellerReferral': 'autMW8SgBkVYeBgqYiTuJZnkvDZMVU2MHJh9Jh7CSQ2', 'expiry': -1}"
26,Eh9LeMfCXV6coZ6Ki7zeXiuicnxogCFoUhNEvt8d7ucJ,450.0,S3jDAdGSG5yzGMhkd1Kdg6JW8JUcLHP85wuyXENyvYZ,94B1VA41Grf99naJuupw1ucnEkLSWNpQEZE1kg1UT3ru,boryoku_dragonz,Boryoku Dragonz,https://arweave.net/b9uBpsfpEbxHfV3Y4zXo0DwaZ63DeBIiELqiSnFqQ9U?ext=png,Boryoku Dragonz #750,"Bōryoku Dragonz is an exclusive collection of 1,111 Dragon NFTs on the Solana blockchain.",https://boryokudragonz.io,image,"[{'address': 'DRGNjvBvnXNiQz9dTppGk1tAsVxtJsvhEmojEfBU3ezf', 'verified': 1, 'share': 100}]",500,BjTLtJSvoJr6eWN6yVVo1jemnAfJNE818hF5EiNMhw5r,"[{'trait_type': 'Generation', 'value': 'Genesis'}, {'trait_type': 'Type', 'value': 'Zombie Blue'}, {'trait_type': 'Head', 'value': 'None'}, {'trait_type': 'Eyes', 'value': '3D Glasses'}, {'trait_type': 'Mouth', 'value': 'Acid'}, {'trait_type': 'Neck', 'value': 'Golden Chain'}, {'trait_type': 'Background', 'value': 'Teal'}]","{'files': [{'uri': 'https://arweave.net/b9uBpsfpEbxHfV3Y4zXo0DwaZ63DeBIiELqiSnFqQ9U?ext=png', 'type': 'image/png'}], 'category': 'image', 'creators': [{'address': 'DRGNjvBvnXNiQz9dTppGktAsVxtJsvhEmojEfBU3ezf', 'share': 100}]}",1,DRGNjvBvnXNiQz9dTppGk1tAsVxtJsvhEmojEfBU3ezf,1,"{'verified': 122, 'key': 'DGAArKF2ekbdAPBNb8pUaUbXN2wvxWkA2uZfZzPCMbe7', 'data': {}}",False,"{'auctionHouseKey': 'E8cU1WiRWjanGxmn96ewBgk9vPTcL6AEZ1t6F6fkgUWe', 'sellerReferral': 'autMW8SgBkVYeBgqYiTuJZnkvDZMVU2MHJh9Jh7CSQ2', 'expiry': -1}"
27,F6oLcWYnfneFzA9wwu5tMjGVcDZqVnig3EgyuVXsfrcY,490.0,3LqQJ13g9YUEkUueuVditotv2iNrSebDfRxRdhnxLwBG,2vyxn2rPjGMAX51BVKfrYYfkTQym7s6ZeH76K4S7fFwh,boryoku_dragonz,Boryoku Dragonz,https://arweave.net/eVarhSXK9gMDNz6rai_aZFsLAtXwLzCJ79Yiyb4fjfE?ext=png,Boryoku Dragonz #640,"Bōryoku Dragonz is an exclusive collection of 1,111 Dragon NFTs on the Solana blockchain.",https://boryokudragonz.io,image,"[{'address': 'DRGNjvBvnXNiQz9dTppGk1tAsVxtJsvhEmojEfBU3ezf', 'verified': 1, 'share': 100}]",500,GqxXgssH7JZYzsdGyKqBZuiSWeoxm3KdsQwzhPm4Q8BC,"[{'trait_type': 'Generation', 'value': 'Genesis'}, {'trait_type': 'Type', 'value': 'Inferno Red'}, {'trait_type': 'Head', 'value': 'Croc'}, {'trait_type': 'Eyes', 'value': 'Laser Eyes'}, {'trait_type': 'Mouth', 'value': 'None'}, {'trait_type': 'Neck', 'value': 'None'}, {'trait_type': 'Background', 'value': 'Tron'}]","{'files': [{'uri': 'https://arweave.net/eVarhSXK9gMDNz6rai_aZFsLAtXwLzCJ79Yiyb4fjfE?ext=png', 'type': 'image/png'}], 'category': 'image', 'creators': [{'address': 'DRGNjvBvnXNiQz9dTppGktAsVxtJsvhEmojEfBU3ezf', 'share': 100}]}",1,DRGNjvBvnXNiQz9dTppGk1tAsVxtJsvhEmojEfBU3ezf,1,"{'verified': 122, 'key': 'DGAArKF2ekbdAPBNb8pUaUbXN2wvxWkA2uZfZzPCMw83', 'data': {}}",False,"{'auctionHouseKey': 'E8cU1WiRWjanGxmn96ewBgk9vPTcL6AEZ1t6F6fkgUWe', 'sellerReferral': 'autMW8SgBkVYeBgqYiTuJZnkvDZMVU2MHJh9Jh7CSQ2', 'expiry': -1}"
28,7J87U9sd26VwwWoDNnr4Af8Abks64rozuB6AFfCYcpdS,500.0,9P6GEB9pEMUE6TufDp9Tas3uK5ZndbGJ7NdjzZAfjb7J,T3QoaTdwuitr4EEXu1mBRRb6sddgoybYyEDSj7u13xM,boryoku_dragonz,Boryoku Dragonz,https://arweave.net/Xjm3RbqiNxrdfm1S03_EzGnfCKsS3yrrjiN0dh7cr_E?ext=png,Boryoku Dragonz #384,"Bōryoku Dragonz is an exclusive collection of 1,111 Dragon NFTs on the Solana blockchain.",https://boryokudragonz.io,image,"[{'address': 'DRGNjvBvnXNiQz9dTppGk1tAsVxtJsvhEmojEfBU3ezf', 'verified': 1, 'share': 100}]",500,5J47WxhZAPavYV2FFqjbmXPYNG4EkkxTvxUSSsP3ry57,"[{'trait_type': 'Generation', 'value': 'Genesis'}, {'trait_type': 'Type', 'value': 'Cyber Blue'}, {'trait_type': 'Head', 'value': 'None'}, {'trait_type': 'Eyes', 'value': 'Snake Eyes'}, {'trait_type': 'Mouth', 'value': 'Electro'}, {'trait_type': 'Neck', 'value': 'None'}, {'trait_type': 'Background', 'value': 'Blue'}]","{'files': [{'uri': 'https://arweave.net/Xjm3RbqiNxrdfm1S03_EzGnfCKsS3yrrjiN0dh7cr_E?ext=png', 'type': 'image/png'}], 'category': 'image', 'creators': [{'address': 'DRGNjvBvnXNiQz9dTppGktAsVxtJsvhEmojEfBU3ezf', 'share': 100}]}",1,DRGNjvBvnXNiQz9dTppGk1tAsVxtJsvhEmojEfBU3ezf,1,"{'verified': 122, 'key': 'DGAArKF2ekbdAPBNb8pUaUbXN2wvxWkA2uZfZzPCNGby', 'data': {}}",False,"{'auctionHouseKey': 'E8cU1WiRWjanGxmn96ewBgk9vPTcL6AEZ1t6F6fkgUWe', 'sellerReferral': 'autMW8SgBkVYeBgqYiTuJZnkvDZMVU2MHJh9Jh7CSQ2', 'expiry': -1}"
29,vxHjGQkFPMEcmwN7gRFyXvBmsx1vv7yK6dNK8pUVENS,500.0,2ysshaerhr1U6NEiHZSSDvUhbA9cvTxVNuuku35ELeEu,Aw9k6NNnB8oqeY7nDjhA9pppnpsdwGNo9qNXSNmYzqR3,boryoku_dragonz,Boryoku Dragonz,https://arweave.net/TEUMstkNaSrS4mR0tzJbMYw5niZkhe1hZj07uAl2sCI?ext=png,Boryoku Dragonz #114,"Bōryoku Dragonz is an exclusive collection of 1,111 Dragon NFTs on the Solana blockchain.",https://boryokudragonz.io,image,"[{'address': 'DRGNjvBvnXNiQz9dTppGk1tAsVxtJsvhEmojEfBU3ezf', 'verified': 1, 'share': 100}]",500,GmwNMfrdjhoGaBhWBJgs8QFjS2wbjznwjBKRtnT2LPyj,"[{'trait_type': 'Generation', 'value': 'Genesis'}, {'trait_type': 'Type', 'value': 'Cyber Black'}, {'trait_type': 'Head', 'value': 'None'}, {'trait_type': 'Eyes', 'value': 'Golden Shades'}, {'trait_type': 'Mouth', 'value': 'Pacifier'}, {'trait_type': 'Neck', 'value': 'None'}, {'trait_type': 'Background', 'value': 'Yellow'}]","{'files': [{'uri': 'https://arweave.net/TEUMstkNaSrS4mR0tzJbMYw5niZkhe1hZj07uAl2sCI?ext=png', 'type': 'image/png'}], 'category': 'image', 'creators': [{'address': 'DRGNjvBvnXNiQz9dTppGktAsVxtJsvhEmojEfBU3ezf', 'share': 100}]}",1,DRGNjvBvnXNiQz9dTppGk1tAsVxtJsvhEmojEfBU3ezf,1,"{'verified': 122, 'key': 'DGAArKF2ekbdAPBNb8pUaUbXN2wvxWkA2uZfZzPCNGby', 'data': {}}",False,
30,3U5pur2CWQWvdVeQSN7JTXE7gMe9GsXjGnytkvW8DHyv,669.69,5KV9CH3g4XVrMnqUpGLERBe1buP8fasuFc9Vk7kzxzC8,F5mFy5L6fHxVgsEdQfGPozdCDRNaNr3z4zFyFnfNmeMV,boryoku_dragonz,Boryoku Dragonz,https://arweave.net/MOar1ygccpApuaApacBVgWbWvOMA6Vu56ApFZb_Sw_w?ext=png,Boryoku Dragonz #773,"Bōryoku Dragonz is an exclusive collection of 1,111 Dragon NFTs on the Solana blockchain.",https://boryokudragonz.io,image,"[{'address': 'DRGNjvBvnXNiQz9dTppGk1tAsVxtJsvhEmojEfBU3ezf', 'verified': 1, 'share': 100}]",500,7Zs62GiuxqMK71rDmtUPCD9yJpKYxJpSpFvqCsf6gmym,"[{'trait_type': 'Generation', 'value': 'Genesis'}, {'trait_type': 'Type', 'value': 'Cyber Grey'}, {'trait_type': 'Head', 'value': 'None'}, {'trait_type': 'Eyes', 'value': '3D Glasses'}, {'trait_type': 'Mouth', 'value': 'Ice Breath'}, {'trait_type': 'Neck', 'value': 'Collar'}, {'trait_type': 'Background', 'value': 'Yellow'}]","{'files': [{'uri': 'https://arweave.net/MOar1ygccpApuaApacBVgWbWvOMA6Vu56ApFZb_Sw_w?ext=png', 'type': 'image/png'}], 'category': 'image', 'creators': [{'address': 'DRGNjvBvnXNiQz9dTppGktAsVxtJsvhEmojEfBU3ezf', 'share': 100}]}",1,DRGNjvBvnXNiQz9dTppGk1tAsVxtJsvhEmojEfBU3ezf,1,"{'verified': 122, 'key': 'DGAArKF2ekbdAPBNb8pUaUbXN2wvxWkA2uZfZzPCNc5u', 'data': {}}",False,"{'auctionHouseKey': 'E8cU1WiRWjanGxmn96ewBgk9vPTcL6AEZ1t6F6fkgUWe', 'sellerReferral': 'autMW8SgBkVYeBgqYiTuJZnkvDZMVU2MHJh9Jh7CSQ2', 'expiry': -1}"
31,E9ci91xEtw1S7k6mhuWrmPNq5iQHTaTLRmByorrQieZq,6969.0,23MzUurBGmMcrei8Jd6eUfWL6NPeKzq3g2qTmtTo9tHR,2E65eUa1RzvtGZViR2ouStmdEF71WSw8eM3J3UavsSg3,boryoku_dragonz,Boryoku Dragonz,https://arweave.net/Vp8zQ06OrA8uqyekuqWCvgxlDz3Sa3-XEZSFld7PEjg,The Astro,"Bōryoku Dragonz is an exclusive collection of 1,111 Dragon NFTs on the Solana blockchain.",https://boryokudragonz.io,image,"[{'address': 'DRGNjvBvnXNiQz9dTppGk1tAsVxtJsvhEmojEfBU3ezf', 'verified': 1, 'share': 100}]",500,GtnSWiLiQzdUneKahGscFd4uEVkRFG1wU6nXcjDHk2Ex,"[{'trait_type': 'Generation', 'value': 'Genesis'}, {'trait_type': 'Legendary', 'value': 'The Astro'}]","{'files': [{'uri': 'https://arweave.net/Vp8zQ06OrA8uqyekuqWCvgxlDz3Sa3-XEZSFld7PEjg', 'type': 'image/gif'}], 'category': 'image', 'creators': [{'address': 'DRGNjvBvnXNiQz9dTppGk1tAsVxtJsvhEmojEfBU3ezf', 'share': 100}]}",1,DRGNjvBvnXNiQz9dTppGk1tAsVxtJsvhEmojEfBU3ezf,1,{},False,
