,id,price,escrowPubkey,owner,collectionName,collectionTitle,img,title,content,propertyCategory,creators,sellerFeeBasisPoints,mintAddress,attributes,properties,supply,updateAuthority,primarySaleHappened,onChainCollection,tokenDelegateValid,v2
0,9ijgiXNTi2kjAAaA34vaN1JKqHHWoSux3BBSCbWYFC5L,87.0,HQLDYoYrB5nxXhsrwAefRksKhDVVR8SciVx99R1729A5,7pGa9KNrfJXmm1CaYEXwMUPhmkPh4PvhB4gqXcHBEFjN,shadowy_super_coder_dao,Shadowy Super Coder DAO,https://sld-gengo.s3.amazonaws.com/7790.png,Shadowy Super Coder #7790,"""Instead of leaving our financial system at the whims of giant banks, crypto puts the system at the whims of some shadowy, faceless group of super-coders and miners, which doesn’t sound better to me."" - Elizabeth Warren, 2021

To this group of randomly generated Shadowy Super Coders... that sounds a lot better.",image,"[{'address': '71ghWqucipW661X4ht61qvmc3xKQGMBGZxwSDmZrYQmf', 'verified': 1, 'share': 0}, {'address': 'D6wZ5U9onMC578mrKMp5PZtfyc5262426qKsYJW7nT3p', 'verified': 0, 'share': 100}]",500,5HWu1o73Vjvca8urT9JXHxpdDcwLNKKRjiVqirk66Umy,"[{'trait_type': 'Background', 'value': 'Dark-Red'}, {'trait_type': 'Base Model', 'value': 'Pale'}, {'trait_type': 'Desk', 'value': 'Bronze Metal'}, {'trait_type': 'Monitor 1', 'value': 'Surveillance Blue'}, {'trait_type': 'Monitor 2', 'value': 'Access Granted'}, {'trait_type': 'Monitor 3', 'value': 'Linux'}, {'trait_type': 'Mouth', 'value': 'Red Smirk'}, {'trait_type': 'Hoodie', 'value': 'Tech Hacker'}, {'trait_type': 'Favorite Programming Language', 'value': 'Go'}]","{'files': [{'uri': 'https://sld-gengo.s3.amazonaws.com/7790.png', 'type': 'image/png'}], 'creators': [{'address': 'D6wZ5U9onMC578mrKMp5PZtfyc5262426qKsYJW7nT3p', 'share': 100}], 'category': 'image'}",1,8qnNiwDxn674mDh29dRekoGEnRS5aDoG2WK524rKWXLr,1,{},False,"{'auctionHouseKey': 'E8cU1WiRWjanGxmn96ewBgk9vPTcL6AEZ1t6F6fkgUWe', 'sellerReferral': 'autMW8SgBkVYeBgqYiTuJZnkvDZMVU2MHJh9Jh7CSQ2', 'expiry': -1}"
1,Cf3FbS6psHPBzsvh1RbNR4vamTf4ij2JxHYs7oJHN9xf,87.69,BC29F1LSiZGu6dkLCigoKPNEGka7m9aAK7cPKgExWXJT,5cHQznGQSzRC9BmjzsiYfWjidEivh43BSyMK2J4NU8Zm,shadowy_super_coder_dao,Shadowy Super Coder DAO,https://sld-gengo.s3.amazonaws.com/5975.png,Shadowy Super Coder #5975,"""Instead of leaving our financial system at the whims of giant banks, crypto puts the system at the whims of some shadowy, faceless group of super-coders and miners, which doesn’t sound better to me."" - Elizabeth Warren, 2021

To this group of randomly generated Shadowy Super Coders... that sounds a lot better.",image,"[{'address': '71ghWqucipW661X4ht61qvmc3xKQGMBGZxwSDmZrYQmf', 'verified': 1, 'share': 0}, {'address': 'D6wZ5U9onMC578mrKMp5PZtfyc5262426qKsYJW7nT3p', 'verified': 0, 'share': 100}]",500,J7PPhBzudH8Wy7rF9hQMbCzuh9NmP15qVeQZ8H9PkdVB,"[{'trait_type': 'Background', 'value': 'Gold'}, {'trait_type': 'Base Model', 'value': 'Pale'}, {'trait_type': 'Desk', 'value': 'Bronze Metal'}, {'trait_type': 'Monitor 1', 'value': 'Linux'}, {'trait_type': 'Monitor 2', 'value': 'Glitch One'}, {'trait_type': 'Monitor 3', 'value': 'Investin'}, {'trait_type': 'Mouth', 'value': 'Pink Smile'}, {'trait_type': 'Hoodie', 'value': 'Shadowy Hacker'}, {'trait_type': 'Favorite Programming Language', 'value': 'Java'}]","{'files': [{'uri': 'https://sld-gengo.s3.amazonaws.com/5975.png', 'type': 'image/png'}], 'creators': [{'address': 'D6wZ5U9onMC578mrKMp5PZtfyc5262426qKsYJW7nT3p', 'share': 100}], 'category': 'image'}",1,8qnNiwDxn674mDh29dRekoGEnRS5aDoG2WK524rKWXLr,1,{},False,"{'auctionHouseKey': 'E8cU1WiRWjanGxmn96ewBgk9vPTcL6AEZ1t6F6fkgUWe', 'sellerReferral': 'autMW8SgBkVYeBgqYiTuJZnkvDZMVU2MHJh9Jh7CSQ2', 'expiry': -1}"
2,2T1YgBwpo6jezDkc5QyHxfa96K1Wu6MwKetXTLjbHAL3,88.69,62tCqDs7BkEXVz7jKy9GTbtmDtZeA9XNbfoftH2CnLGL,9dqzh3Q2dqHHVZyU79cmxQYm7w2sc9uCT9XwZYh9asv3,shadowy_super_coder_dao,Shadowy Super Coder DAO,https://sld-gengo.s3.amazonaws.com/7274.png,Shadowy Super Coder #7274,"""Instead of leaving our financial system at the whims of giant banks, crypto puts the system at the whims of some shadowy, faceless group of super-coders and miners, which doesn’t sound better to me."" - Elizabeth Warren, 2021

To this group of randomly generated Shadowy Super Coders... that sounds a lot better.",image,"[{'address': '71ghWqucipW661X4ht61qvmc3xKQGMBGZxwSDmZrYQmf', 'verified': 1, 'share': 0}, {'address': 'D6wZ5U9onMC578mrKMp5PZtfyc5262426qKsYJW7nT3p', 'verified': 0, 'share': 100}]",500,GD1fK2hhsGLMpJJY45paQAe9oK5UvK48gXjBxte3T5xp,"[{'trait_type': 'Background', 'value': 'Violet'}, {'trait_type': 'Base Model', 'value': 'Tan'}, {'trait_type': 'Desk', 'value': 'Purple Metal'}, {'trait_type': 'Monitor 1', 'value': 'Trading White'}, {'trait_type': 'Monitor 2', 'value': 'Access Granted'}, {'trait_type': 'Monitor 3', 'value': 'Matrix'}, {'trait_type': 'Mouth', 'value': 'Pink Smirk'}, {'trait_type': 'Hoodie', 'value': 'Monke Hacker'}, {'trait_type': 'Favorite Programming Language', 'value': 'R'}]","{'files': [{'uri': 'https://sld-gengo.s3.amazonaws.com/7274.png', 'type': 'image/png'}], 'creators': [{'address': 'D6wZ5U9onMC578mrKMp5PZtfyc5262426qKsYJW7nT3p', 'share': 100}], 'category': 'image'}",1,8qnNiwDxn674mDh29dRekoGEnRS5aDoG2WK524rKWXLr,1,{},False,"{'auctionHouseKey': 'E8cU1WiRWjanGxmn96ewBgk9vPTcL6AEZ1t6F6fkgUWe', 'sellerReferral': 'autMW8SgBkVYeBgqYiTuJZnkvDZMVU2MHJh9Jh7CSQ2', 'expiry': -1}"
3,2EQaoKGS1Do3p7im7H3Nem7DdMdswvbBiGNowS4mCvHd,89.5,CVqpGmaSVuNxA68iHnAgu5adxpZy1RMr89UevtXnQMsS,GdWKUwdzpfVUrdt7ipoEiu5kY6LG2h773i15QscU8Tfk,shadowy_super_coder_dao,Shadowy Super Coder DAO,https://sld-gengo.s3.amazonaws.com/6033.png,Shadowy Super Coder #6033,"""Instead of leaving our financial system at the whims of giant banks, crypto puts the system at the whims of some shadowy, faceless group of super-coders and miners, which doesn’t sound better to me."" - Elizabeth Warren, 2021

To this group of randomly generated Shadowy Super Coders... that sounds a lot better.",image,"[{'address': '71ghWqucipW661X4ht61qvmc3xKQGMBGZxwSDmZrYQmf', 'verified': 1, 'share': 0}, {'address': 'D6wZ5U9onMC578mrKMp5PZtfyc5262426qKsYJW7nT3p', 'verified': 0, 'share': 100}]",500,FTbgFM1x6maAm3Dq8zyovSffTTucrhVKieG9grPnnyeP,"[{'trait_type': 'Background', 'value': 'Green'}, {'trait_type': 'Base Model', 'value': 'Tan'}, {'trait_type': 'Desk', 'value': 'Purple Metal'}, {'trait_type': 'Monitor 1', 'value': 'Glitch One'}, {'trait_type': 'Monitor 2', 'value': 'Linux'}, {'trait_type': 'Monitor 3', 'value': 'Hacked'}, {'trait_type': 'Mouth', 'value': 'Purple Smirk'}, {'trait_type': 'Hoodie', 'value': 'Squid Game Hacker'}, {'trait_type': 'Favorite Programming Language', 'value': 'Objective-C'}]","{'files': [{'uri': 'https://sld-gengo.s3.amazonaws.com/6033.png', 'type': 'image/png'}], 'creators': [{'address': 'D6wZ5U9onMC578mrKMp5PZtfyc5262426qKsYJW7nT3p', 'share': 100}], 'category': 'image'}",1,8qnNiwDxn674mDh29dRekoGEnRS5aDoG2WK524rKWXLr,1,{},False,"{'auctionHouseKey': 'E8cU1WiRWjanGxmn96ewBgk9vPTcL6AEZ1t6F6fkgUWe', 'sellerReferral': 'autMW8SgBkVYeBgqYiTuJZnkvDZMVU2MHJh9Jh7CSQ2', 'expiry': -1}"
4,9msteQifnCb48nHLx57Yre51JEQmAHxEH68qyVL6f5m2,93.99,9HJdbZjEuQpoYk4RyECjcZfQ78XMdBNwVZ7ReMg49NpU,HGYTG2xx6FgCrBfuyqZZYJq13KSL9SeUm4MpB5tD258U,shadowy_super_coder_dao,Shadowy Super Coder DAO,https://sld-gengo.s3.amazonaws.com/5301.png,Shadowy Super Coder #5301,"""Instead of leaving our financial system at the whims of giant banks, crypto puts the system at the whims of some shadowy, faceless group of super-coders and miners, which doesn’t sound better to me."" - Elizabeth Warren, 2021

To this group of randomly generated Shadowy Super Coders... that sounds a lot better.",image,"[{'address': '71ghWqucipW661X4ht61qvmc3xKQGMBGZxwSDmZrYQmf', 'verified': 1, 'share': 0}, {'address': 'D6wZ5U9onMC578mrKMp5PZtfyc5262426qKsYJW7nT3p', 'verified': 0, 'share': 100}]",500,4RZ1VdtTc6X8gYc7k2utdUYLSSeuzHKxtGmB1jmaPxg3,"[{'trait_type': 'Background', 'value': 'Violet'}, {'trait_type': 'Base Model', 'value': 'Tan'}, {'trait_type': 'Desk', 'value': 'Red Metal'}, {'trait_type': 'Monitor 1', 'value': 'Trading Dark'}, {'trait_type': 'Monitor 2', 'value': 'Glitch One'}, {'trait_type': 'Monitor 3', 'value': 'Hacked'}, {'trait_type': 'Mouth', 'value': 'Purple Smile'}, {'trait_type': 'Hoodie', 'value': 'Sci-Fi Hacker'}, {'trait_type': 'Favorite Programming Language', 'value': 'C'}]","{'files': [{'uri': 'https://sld-gengo.s3.amazonaws.com/5301.png', 'type': 'image/png'}], 'creators': [{'address': 'D6wZ5U9onMC578mrKMp5PZtfyc5262426qKsYJW7nT3p', 'share': 100}], 'category': 'image'}",1,8qnNiwDxn674mDh29dRekoGEnRS5aDoG2WK524rKWXLr,1,{},False,"{'auctionHouseKey': 'E8cU1WiRWjanGxmn96ewBgk9vPTcL6AEZ1t6F6fkgUWe', 'sellerReferral': 'autMW8SgBkVYeBgqYiTuJZnkvDZMVU2MHJh9Jh7CSQ2', 'expiry': -1}"
5,GW4ff6sgdh4MwRuMZmcKLJMnMFGLJL77ZEQ1dEajrnxE,95.0,GiuZtnmqQE3ZAuCE1n1ZRQjrYGVzoeUHoBQBbscGcL1d,BuGMfiEpMFUYNSQj9aSZ4wykJJ2B76yeC9jJ23fNdd7d,shadowy_super_coder_dao,Shadowy Super Coder DAO,https://sld-gengo.s3.amazonaws.com/4577.png,Shadowy Super Coder #4577,"""Instead of leaving our financial system at the whims of giant banks, crypto puts the system at the whims of some shadowy, faceless group of super-coders and miners, which doesn’t sound better to me."" - Elizabeth Warren, 2021

To this group of randomly generated Shadowy Super Coders... that sounds a lot better.",image,"[{'address': '71ghWqucipW661X4ht61qvmc3xKQGMBGZxwSDmZrYQmf', 'verified': 1, 'share': 0}, {'address': 'D6wZ5U9onMC578mrKMp5PZtfyc5262426qKsYJW7nT3p', 'verified': 0, 'share': 100}]",500,8n3wS3PJ2bR9r3k84Ks4Wkaei8FhS22gsXXyuLwd5oQv,"[{'trait_type': 'Background', 'value': 'Light-Yellow'}, {'trait_type': 'Base Model', 'value': 'Natural'}, {'trait_type': 'Desk', 'value': 'Red Metal'}, {'trait_type': 'Monitor 1', 'value': 'Trading Dark'}, {'trait_type': 'Monitor 2', 'value': 'Future Finance'}, {'trait_type': 'Monitor 3', 'value': 'Glitch One'}, {'trait_type': 'Mouth', 'value': 'Pink Smile'}, {'trait_type': 'Hoodie', 'value': 'Punk Hacker'}, {'trait_type': 'Favorite Programming Language', 'value': 'Go'}]","{'files': [{'uri': 'https://sld-gengo.s3.amazonaws.com/4577.png', 'type': 'image/png'}], 'creators': [{'address': 'D6wZ5U9onMC578mrKMp5PZtfyc5262426qKsYJW7nT3p', 'share': 100}], 'category': 'image'}",1,8qnNiwDxn674mDh29dRekoGEnRS5aDoG2WK524rKWXLr,1,{},False,"{'auctionHouseKey': 'E8cU1WiRWjanGxmn96ewBgk9vPTcL6AEZ1t6F6fkgUWe', 'sellerReferral': 'autMW8SgBkVYeBgqYiTuJZnkvDZMVU2MHJh9Jh7CSQ2', 'expiry': -1}"
6,26GngGUvR5uq4GBERx2hWU2rvwwNV7fCHa2TrzR8XEVb,95.0,DgnoTbELwRrmQzTthnsL8LhSDdgUsoJeCUfMsK3hjv96,7qEkDwTDSj9bi5uWCHUvavP1pFuhNs2ALBByuiDT77QQ,shadowy_super_coder_dao,Shadowy Super Coder DAO,https://sld-gengo.s3.amazonaws.com/9167.png,Shadowy Super Coder #9167,"""Instead of leaving our financial system at the whims of giant banks, crypto puts the system at the whims of some shadowy, faceless group of super-coders and miners, which doesn’t sound better to me."" - Elizabeth Warren, 2021

To this group of randomly generated Shadowy Super Coders... that sounds a lot better.",image,"[{'address': '71ghWqucipW661X4ht61qvmc3xKQGMBGZxwSDmZrYQmf', 'verified': 1, 'share': 0}, {'address': 'D6wZ5U9onMC578mrKMp5PZtfyc5262426qKsYJW7nT3p', 'verified': 0, 'share': 100}]",500,D5E9NvHMe79W5GuVmBWgjExMJiVyS26vr6MSvyyCTnAG,"[{'trait_type': 'Background', 'value': 'Light-Blue'}, {'trait_type': 'Base Model', 'value': 'Tan'}, {'trait_type': 'Desk', 'value': 'Silver Metal'}, {'trait_type': 'Monitor 1', 'value': 'Aurory Logo'}, {'trait_type': 'Monitor 2', 'value': 'Matrix'}, {'trait_type': 'Monitor 3', 'value': 'Glitch Two'}, {'trait_type': 'Mouth', 'value': 'Purple Smirk'}, {'trait_type': 'Hoodie', 'value': 'Neon Solana Hacker'}, {'trait_type': 'Favorite Programming Language', 'value': 'C#'}]","{'files': [{'uri': 'https://sld-gengo.s3.amazonaws.com/9167.png', 'type': 'image/png'}], 'creators': [{'address': 'D6wZ5U9onMC578mrKMp5PZtfyc5262426qKsYJW7nT3p', 'share': 100}], 'category': 'image'}",1,8qnNiwDxn674mDh29dRekoGEnRS5aDoG2WK524rKWXLr,1,{},False,"{'auctionHouseKey': 'E8cU1WiRWjanGxmn96ewBgk9vPTcL6AEZ1t6F6fkgUWe', 'sellerReferral': 'autMW8SgBkVYeBgqYiTuJZnkvDZMVU2MHJh9Jh7CSQ2', 'expiry': -1}"
7,ANb8qZ4FG9mQPRwk5mjbANHZikDKoU4evmjvrfDhpe7W,100.0,2VH5653W5DQmHpvUxoqtLEwuMAMY4cLwMGDhPYh8xFyJ,3m6rUdTDfZF1XbuPrtmZ16ybgzx9hm1wXPUzP6QGGtyB,shadowy_super_coder_dao,Shadowy Super Coder DAO,https://sld-gengo.s3.amazonaws.com/6101.png,Shadowy Super Coder #6101,"""Instead of leaving our financial system at the whims of giant banks, crypto puts the system at the whims of some shadowy, faceless group of super-coders and miners, which doesn’t sound better to me."" - Elizabeth Warren, 2021

To this group of randomly generated Shadowy Super Coders... that sounds a lot better.",image,"[{'address': '71ghWqucipW661X4ht61qvmc3xKQGMBGZxwSDmZrYQmf', 'verified': 1, 'share': 0}, {'address': 'D6wZ5U9onMC578mrKMp5PZtfyc5262426qKsYJW7nT3p', 'verified': 0, 'share': 100}]",500,CgAK2iTiAV2E77UT2HG3QxeGN3BTNQi9Jqs8KeXvCHPX,"[{'trait_type': 'Background', 'value': 'Gold'}, {'trait_type': 'Base Model', 'value': 'Tan'}, {'trait_type': 'Desk', 'value': 'Red Metal'}, {'trait_type': 'Monitor 1', 'value': 'Tungstencube'}, {'trait_type': 'Monitor 2', 'value': 'Matrix'}, {'trait_type': 'Monitor 3', 'value': 'Goo'}, {'trait_type': 'Mouth', 'value': 'Red Smile'}, {'trait_type': 'Hoodie', 'value': 'Squid Game Hacker'}, {'trait_type': 'Favorite Programming Language', 'value': 'Swift'}]","{'files': [{'uri': 'https://sld-gengo.s3.amazonaws.com/6101.png', 'type': 'image/png'}], 'creators': [{'address': 'D6wZ5U9onMC578mrKMp5PZtfyc5262426qKsYJW7nT3p', 'share': 100}], 'category': 'image'}",1,8qnNiwDxn674mDh29dRekoGEnRS5aDoG2WK524rKWXLr,1,{},False,"{'auctionHouseKey': 'E8cU1WiRWjanGxmn96ewBgk9vPTcL6AEZ1t6F6fkgUWe', 'sellerReferral': 'autMW8SgBkVYeBgqYiTuJZnkvDZMVU2MHJh9Jh7CSQ2', 'expiry': -1}"
8,BXgRAhJSNq4iMJqs1kc6vftFGBTxymfhLXZsukh8XLi3,109.0,GYE6R2CvrCQcemk9nmSE7KKRhSmtcaKhMw8aaafCSaAg,HgTUj7ko2bsG7QAAiTtqY3L7LaJmjhnTNuSzRLrYS6h5,shadowy_super_coder_dao,Shadowy Super Coder DAO,https://sld-gengo.s3.amazonaws.com/2514.png,Shadowy Super Coder #2514,"""Instead of leaving our financial system at the whims of giant banks, crypto puts the system at the whims of some shadowy, faceless group of super-coders and miners, which doesn’t sound better to me."" - Elizabeth Warren, 2021

To this group of randomly generated Shadowy Super Coders... that sounds a lot better.",image,"[{'address': '71ghWqucipW661X4ht61qvmc3xKQGMBGZxwSDmZrYQmf', 'verified': 1, 'share': 0}, {'address': 'D6wZ5U9onMC578mrKMp5PZtfyc5262426qKsYJW7nT3p', 'verified': 0, 'share': 100}]",500,GHXt6NpJ6ufowgQzumwT7qPEbmLSP8mgkqDn94myTRNG,"[{'trait_type': 'Background', 'value': 'Red'}, {'trait_type': 'Base Model', 'value': 'Chestnut'}, {'trait_type': 'Desk', 'value': 'Silver Metal'}, {'trait_type': 'Monitor 1', 'value': 'Glitch One'}, {'trait_type': 'Monitor 2', 'value': 'Matrix'}, {'trait_type': 'Monitor 3', 'value': 'Hacked'}, {'trait_type': 'Mouth', 'value': 'Red Smirk'}, {'trait_type': 'Hoodie', 'value': 'Punk Hacker'}, {'trait_type': 'Favorite Programming Language', 'value': 'Go'}]","{'files': [{'uri': 'https://sld-gengo.s3.amazonaws.com/2514.png', 'type': 'image/png'}], 'creators': [{'address': 'D6wZ5U9onMC578mrKMp5PZtfyc5262426qKsYJW7nT3p', 'share': 100}], 'category': 'image'}",1,8qnNiwDxn674mDh29dRekoGEnRS5aDoG2WK524rKWXLr,1,{},False,
9,4tybN49Xh2DDbZh3fP7FUCG6Hr5Qc2CeQrfLVBTPd7TZ,110.69,3eAAdykrkPdJqRL94EkcAbZNgindGVRdvAvjnXJEEGBQ,6TDrccWsSf6LGaUiAn1MuJ8CGJz3eazun7r5BbP4gGXS,shadowy_super_coder_dao,Shadowy Super Coder DAO,https://sld-gengo.s3.amazonaws.com/1340.png,Shadowy Super Coder #1340,"""Instead of leaving our financial system at the whims of giant banks, crypto puts the system at the whims of some shadowy, faceless group of super-coders and miners, which doesn’t sound better to me."" - Elizabeth Warren, 2021

To this group of randomly generated Shadowy Super Coders... that sounds a lot better.",image,"[{'address': '71ghWqucipW661X4ht61qvmc3xKQGMBGZxwSDmZrYQmf', 'verified': 1, 'share': 0}, {'address': 'D6wZ5U9onMC578mrKMp5PZtfyc5262426qKsYJW7nT3p', 'verified': 0, 'share': 100}]",500,9LP9FH5tax53uVFj8Rpm6Kz5R3TMbtNVkcRCe9ZcCDDZ,"[{'trait_type': 'Background', 'value': 'Gold'}, {'trait_type': 'Base Model', 'value': 'Tan'}, {'trait_type': 'Desk', 'value': 'Red Metal'}, {'trait_type': 'Monitor 1', 'value': 'Trading White'}, {'trait_type': 'Monitor 2', 'value': 'Glitch Two'}, {'trait_type': 'Monitor 3', 'value': 'Matrix'}, {'trait_type': 'Mouth', 'value': 'Red Smirk'}, {'trait_type': 'Hoodie', 'value': 'Shark Hacker'}, {'trait_type': 'Favorite Programming Language', 'value': 'JavaScript'}]","{'files': [{'uri': 'https://sld-gengo.s3.amazonaws.com/1340.png', 'type': 'image/png'}], 'creators': [{'address': 'D6wZ5U9onMC578mrKMp5PZtfyc5262426qKsYJW7nT3p', 'share': 100}], 'category': 'image'}",1,8qnNiwDxn674mDh29dRekoGEnRS5aDoG2WK524rKWXLr,1,{},False,"{'auctionHouseKey': 'E8cU1WiRWjanGxmn96ewBgk9vPTcL6AEZ1t6F6fkgUWe', 'sellerReferral': 'autMW8SgBkVYeBgqYiTuJZnkvDZMVU2MHJh9Jh7CSQ2', 'expiry': -1}"
10,5RQmjHKrinCAbSjxsYgkTHmC2tytKwHcJU1EDBQWiT1j,119.0,Dc1426Fhms1cWgUgPgYkLcCPnaPuzLU3mY3mswEz9JWP,3UEr6TVhqdFn5grpRhnCy18rRhS7rFfjxxa8H5KEgWCZ,shadowy_super_coder_dao,Shadowy Super Coder DAO,https://sld-gengo.s3.amazonaws.com/6766.png,Shadowy Super Coder #6766,"""Instead of leaving our financial system at the whims of giant banks, crypto puts the system at the whims of some shadowy, faceless group of super-coders and miners, which doesn’t sound better to me."" - Elizabeth Warren, 2021

To this group of randomly generated Shadowy Super Coders... that sounds a lot better.",image,"[{'address': '71ghWqucipW661X4ht61qvmc3xKQGMBGZxwSDmZrYQmf', 'verified': 1, 'share': 0}, {'address': 'D6wZ5U9onMC578mrKMp5PZtfyc5262426qKsYJW7nT3p', 'verified': 0, 'share': 100}]",500,3HPXSzrtHivEJMLJ96SndWyn2XTkvSunJ94qGxHfvZgy,"[{'trait_type': 'Background', 'value': 'Noire'}, {'trait_type': 'Base Model', 'value': 'Tan'}, {'trait_type': 'Desk', 'value': 'Silver Metal'}, {'trait_type': 'Monitor 1', 'value': 'Access Granted'}, {'trait_type': 'Monitor 2', 'value': 'Hacked'}, {'trait_type': 'Monitor 3', 'value': 'Glitch Two'}, {'trait_type': 'Mouth', 'value': 'Pink Smirk'}, {'trait_type': 'Hoodie', 'value': 'Monke Hacker'}, {'trait_type': 'Favorite Programming Language', 'value': 'Rust'}]","{'files': [{'uri': 'https://sld-gengo.s3.amazonaws.com/6766.png', 'type': 'image/png'}], 'creators': [{'address': 'D6wZ5U9onMC578mrKMp5PZtfyc5262426qKsYJW7nT3p', 'share': 100}], 'category': 'image'}",1,8qnNiwDxn674mDh29dRekoGEnRS5aDoG2WK524rKWXLr,1,{},False,
11,HwzmVGMjmyMsTvZhVgnHVVCWpUQYgKsWpUuEuazRQY2Z,122.0,APRkgbFXM1zqAtXYA8xRV2oBNEYx1XvMDv5q67QoRo9a,8B6D8a1BFYPxXNJExTAkcjyL3dTUodcAcZJBbjV9v61d,shadowy_super_coder_dao,Shadowy Super Coder DAO,https://sld-gengo.s3.amazonaws.com/4989.png,Shadowy Super Coder #4989,"""Instead of leaving our financial system at the whims of giant banks, crypto puts the system at the whims of some shadowy, faceless group of super-coders and miners, which doesn’t sound better to me."" - Elizabeth Warren, 2021

To this group of randomly generated Shadowy Super Coders... that sounds a lot better.",image,"[{'address': '71ghWqucipW661X4ht61qvmc3xKQGMBGZxwSDmZrYQmf', 'verified': 1, 'share': 0}, {'address': 'D6wZ5U9onMC578mrKMp5PZtfyc5262426qKsYJW7nT3p', 'verified': 0, 'share': 100}]",500,EqiWDesuWKkFzFrJu8GFM58sW794RXeMv3moKJZc5F4Z,"[{'trait_type': 'Background', 'value': 'Light-Blue'}, {'trait_type': 'Base Model', 'value': 'Natural'}, {'trait_type': 'Desk', 'value': 'Bronze Metal'}, {'trait_type': 'Monitor 1', 'value': 'Trading White'}, {'trait_type': 'Monitor 2', 'value': 'Access Granted'}, {'trait_type': 'Monitor 3', 'value': 'Defi Land Sign In'}, {'trait_type': 'Mouth', 'value': 'Pink Smile'}, {'trait_type': 'Hoodie', 'value': 'Sci-Fi Hacker'}, {'trait_type': 'Favorite Programming Language', 'value': 'Rust'}]","{'files': [{'uri': 'https://sld-gengo.s3.amazonaws.com/4989.png', 'type': 'image/png'}], 'creators': [{'address': 'D6wZ5U9onMC578mrKMp5PZtfyc5262426qKsYJW7nT3p', 'share': 100}], 'category': 'image'}",1,8qnNiwDxn674mDh29dRekoGEnRS5aDoG2WK524rKWXLr,1,{},False,
12,8h3HQ2MmY6he4ZsrhtN7vaRMYYNRa46U2Euxpw3nox8C,124.0,72Bq8n2MNmp5BtHaEthUb1Q5sQu3zDSpexf2Q3Kop419,8B6D8a1BFYPxXNJExTAkcjyL3dTUodcAcZJBbjV9v61d,shadowy_super_coder_dao,Shadowy Super Coder DAO,https://sld-gengo.s3.amazonaws.com/6596.png,Shadowy Super Coder #6596,"""Instead of leaving our financial system at the whims of giant banks, crypto puts the system at the whims of some shadowy, faceless group of super-coders and miners, which doesn’t sound better to me."" - Elizabeth Warren, 2021

To this group of randomly generated Shadowy Super Coders... that sounds a lot better.",image,"[{'address': '71ghWqucipW661X4ht61qvmc3xKQGMBGZxwSDmZrYQmf', 'verified': 1, 'share': 0}, {'address': 'D6wZ5U9onMC578mrKMp5PZtfyc5262426qKsYJW7nT3p', 'verified': 0, 'share': 100}]",500,7KuL1EpD7Vd41ujBVzbNzbjbJ665YVBqPpkGBgfKH9R8,"[{'trait_type': 'Background', 'value': 'Red'}, {'trait_type': 'Base Model', 'value': 'Natural'}, {'trait_type': 'Desk', 'value': 'Bronze Metal'}, {'trait_type': 'Monitor 1', 'value': 'Access Granted'}, {'trait_type': 'Monitor 2', 'value': 'Access Granted'}, {'trait_type': 'Monitor 3', 'value': 'Unicris'}, {'trait_type': 'Mouth', 'value': 'Pink Smile'}, {'trait_type': 'Hoodie', 'value': 'Punk Hacker'}, {'trait_type': 'Favorite Programming Language', 'value': 'Rust'}]","{'files': [{'uri': 'https://sld-gengo.s3.amazonaws.com/6596.png', 'type': 'image/png'}], 'creators': [{'address': 'D6wZ5U9onMC578mrKMp5PZtfyc5262426qKsYJW7nT3p', 'share': 100}], 'category': 'image'}",1,8qnNiwDxn674mDh29dRekoGEnRS5aDoG2WK524rKWXLr,1,{},False,
13,Dh9PQctCJGZxivJqf9WxEXdqZyKH3rMKWii5CTGgvMEy,125.0,D8e6MNinBoYdcnkJPHDzY8NHaac2Hzahw855Xgfb9t6Q,7CMVkJHY6MA7BbgthmHGuEixnaMDwBgtXsVpMbQo42oK,shadowy_super_coder_dao,Shadowy Super Coder DAO,https://sld-gengo.s3.amazonaws.com/8601.png,Shadowy Super Coder #8601,"""Instead of leaving our financial system at the whims of giant banks, crypto puts the system at the whims of some shadowy, faceless group of super-coders and miners, which doesn’t sound better to me."" - Elizabeth Warren, 2021

To this group of randomly generated Shadowy Super Coders... that sounds a lot better.",image,"[{'address': '71ghWqucipW661X4ht61qvmc3xKQGMBGZxwSDmZrYQmf', 'verified': 1, 'share': 0}, {'address': 'D6wZ5U9onMC578mrKMp5PZtfyc5262426qKsYJW7nT3p', 'verified': 0, 'share': 100}]",500,3JyMymPvKLLKPtHH9snG11b84tboxAx7h21jjPLYiwmd,"[{'trait_type': 'Background', 'value': 'Green'}, {'trait_type': 'Base Model', 'value': 'Tan'}, {'trait_type': 'Desk', 'value': 'Red Metal'}, {'trait_type': 'Monitor 1', 'value': 'Linux'}, {'trait_type': 'Monitor 2', 'value': 'Glitch Two'}, {'trait_type': 'Monitor 3', 'value': 'Matrix'}, {'trait_type': 'Mouth', 'value': 'Red Smirk'}, {'trait_type': 'Hoodie', 'value': 'Tron Hacker'}, {'trait_type': 'Favorite Programming Language', 'value': 'Fortran'}]","{'files': [{'uri': 'https://sld-gengo.s3.amazonaws.com/8601.png', 'type': 'image/png'}], 'creators': [{'address': 'D6wZ5U9onMC578mrKMp5PZtfyc5262426qKsYJW7nT3p', 'share': 100}], 'category': 'image'}",1,8qnNiwDxn674mDh29dRekoGEnRS5aDoG2WK524rKWXLr,1,{},False,"{'auctionHouseKey': 'E8cU1WiRWjanGxmn96ewBgk9vPTcL6AEZ1t6F6fkgUWe', 'sellerReferral': 'autMW8SgBkVYeBgqYiTuJZnkvDZMVU2MHJh9Jh7CSQ2', 'expiry': -1}"
14,En85WGRBKSbBT7M7z4y34o1LTYhJB63sLLBHA8ybAPX4,125.0,Fux4tQRXETQk6Xa1cMQS4ZH4ayiS3hk5SKEkoDkeaUws,96kbJ6wHAmpVsnfKa55a86kJa9iGgcG9ee6p1sMWTfZ1,shadowy_super_coder_dao,Shadowy Super Coder DAO,https://sld-gengo.s3.amazonaws.com/6184.png,Shadowy Super Coder #6184,"""Instead of leaving our financial system at the whims of giant banks, crypto puts the system at the whims of some shadowy, faceless group of super-coders and miners, which doesn’t sound better to me."" - Elizabeth Warren, 2021

To this group of randomly generated Shadowy Super Coders... that sounds a lot better.",image,"[{'address': '71ghWqucipW661X4ht61qvmc3xKQGMBGZxwSDmZrYQmf', 'verified': 1, 'share': 0}, {'address': 'D6wZ5U9onMC578mrKMp5PZtfyc5262426qKsYJW7nT3p', 'verified': 0, 'share': 100}]",500,AVFnD7yax96uRhyHjU9EmdTkTCPwhrNCvr8Qk7B4NrUM,"[{'trait_type': 'Background', 'value': 'Light-Orange'}, {'trait_type': 'Base Model', 'value': 'Tan'}, {'trait_type': 'Desk', 'value': 'Bronze Metal'}, {'trait_type': 'Monitor 1', 'value': 'Matrix'}, {'trait_type': 'Monitor 2', 'value': 'Matrix'}, {'trait_type': 'Monitor 3', 'value': 'GenesysGo'}, {'trait_type': 'Mouth', 'value': 'Purple Smirk'}, {'trait_type': 'Hoodie', 'value': 'Cat-Ear Hacker'}, {'trait_type': 'Favorite Programming Language', 'value': 'R'}]","{'files': [{'uri': 'https://sld-gengo.s3.amazonaws.com/6184.png', 'type': 'image/png'}], 'creators': [{'address': 'D6wZ5U9onMC578mrKMp5PZtfyc5262426qKsYJW7nT3p', 'share': 100}], 'category': 'image'}",1,8qnNiwDxn674mDh29dRekoGEnRS5aDoG2WK524rKWXLr,1,{},False,
15,4sXPRm6j4U3qYACorBdzN4doQwqkeDEYcH2ZveRJ9g5m,125.0,ACDnksrTytmmnp2w8sRsdLMs8NyUwSqVpNRfJnK9RHEa,96kbJ6wHAmpVsnfKa55a86kJa9iGgcG9ee6p1sMWTfZ1,shadowy_super_coder_dao,Shadowy Super Coder DAO,https://sld-gengo.s3.amazonaws.com/3585.png,Shadowy Super Coder #3585,"""Instead of leaving our financial system at the whims of giant banks, crypto puts the system at the whims of some shadowy, faceless group of super-coders and miners, which doesn’t sound better to me."" - Elizabeth Warren, 2021

To this group of randomly generated Shadowy Super Coders... that sounds a lot better.",image,"[{'address': '71ghWqucipW661X4ht61qvmc3xKQGMBGZxwSDmZrYQmf', 'verified': 1, 'share': 0}, {'address': 'D6wZ5U9onMC578mrKMp5PZtfyc5262426qKsYJW7nT3p', 'verified': 0, 'share': 100}]",500,AnePb7FwQxS7DFpgLCBMZRiA5sVgnb8VRswYqbGEDvED,"[{'trait_type': 'Background', 'value': 'Red'}, {'trait_type': 'Base Model', 'value': 'Chestnut'}, {'trait_type': 'Desk', 'value': 'Purple Metal'}, {'trait_type': 'Monitor 1', 'value': 'Glitch One'}, {'trait_type': 'Monitor 2', 'value': 'Linux'}, {'trait_type': 'Monitor 3', 'value': 'Apricot'}, {'trait_type': 'Mouth', 'value': 'Purple Smile'}, {'trait_type': 'Hoodie', 'value': 'Punk Hacker'}, {'trait_type': 'Favorite Programming Language', 'value': 'R'}]","{'files': [{'uri': 'https://sld-gengo.s3.amazonaws.com/3585.png', 'type': 'image/png'}], 'creators': [{'address': 'D6wZ5U9onMC578mrKMp5PZtfyc5262426qKsYJW7nT3p', 'share': 100}], 'category': 'image'}",1,8qnNiwDxn674mDh29dRekoGEnRS5aDoG2WK524rKWXLr,1,{},False,
16,8EmvBymjBEQkRKYdXPbP2KLeamtii1hEEcHsoNu5Hz4Z,129.0,4TJkyXbmP7F52LeRUzcxe5tmvH7ftjvRP9dcRM86LMef,7qXSYXbZQyrtW35PjwunvYH2bEEyHNaerjpE3WAZTeVn,shadowy_super_coder_dao,Shadowy Super Coder DAO,https://sld-gengo.s3.amazonaws.com/3092.png,Shadowy Super Coder #3092,"""Instead of leaving our financial system at the whims of giant banks, crypto puts the system at the whims of some shadowy, faceless group of super-coders and miners, which doesn’t sound better to me."" - Elizabeth Warren, 2021

To this group of randomly generated Shadowy Super Coders... that sounds a lot better.",image,"[{'address': '71ghWqucipW661X4ht61qvmc3xKQGMBGZxwSDmZrYQmf', 'verified': 1, 'share': 0}, {'address': 'D6wZ5U9onMC578mrKMp5PZtfyc5262426qKsYJW7nT3p', 'verified': 0, 'share': 100}]",500,Dy7YNyj2tGM8i4tvkkxDQYjfUrQ3jLv7CdQsiZJDjS1S,"[{'trait_type': 'Background', 'value': 'Noire'}, {'trait_type': 'Base Model', 'value': 'Chestnut'}, {'trait_type': 'Desk', 'value': 'Purple Metal'}, {'trait_type': 'Monitor 1', 'value': 'Linux'}, {'trait_type': 'Monitor 2', 'value': 'Glitch One'}, {'trait_type': 'Monitor 3', 'value': 'Matrix'}, {'trait_type': 'Mouth', 'value': 'Red Smirk'}, {'trait_type': 'Hoodie', 'value': 'Unmasked Squid Game Hacker'}, {'trait_type': 'Favorite Programming Language', 'value': 'Python'}]","{'files': [{'uri': 'https://sld-gengo.s3.amazonaws.com/3092.png', 'type': 'image/png'}], 'creators': [{'address': 'D6wZ5U9onMC578mrKMp5PZtfyc5262426qKsYJW7nT3p', 'share': 100}], 'category': 'image'}",1,8qnNiwDxn674mDh29dRekoGEnRS5aDoG2WK524rKWXLr,1,{},False,
17,46herGfSd1gQz3zNhBxPywpZtPKQ56Yh2Gg7NfdfNTWc,130.0,4Nu6HP63Jrg8wpH5UFi8fAZEig63jYBfiXoqyzC3FEaH,BcJhmTAnhPeZ2uEb39DkXthmJ7BHwdadMHSNx6Q3kYH9,shadowy_super_coder_dao,Shadowy Super Coder DAO,https://sld-gengo.s3.amazonaws.com/2965.png,Shadowy Super Coder #2965,"""Instead of leaving our financial system at the whims of giant banks, crypto puts the system at the whims of some shadowy, faceless group of super-coders and miners, which doesn’t sound better to me."" - Elizabeth Warren, 2021

To this group of randomly generated Shadowy Super Coders... that sounds a lot better.",image,"[{'address': '71ghWqucipW661X4ht61qvmc3xKQGMBGZxwSDmZrYQmf', 'verified': 1, 'share': 0}, {'address': 'D6wZ5U9onMC578mrKMp5PZtfyc5262426qKsYJW7nT3p', 'verified': 0, 'share': 100}]",500,BtSAwewzkAqi2EpRr5KBdwHqjQYWrkxYrN4oak4Lm7bu,"[{'trait_type': 'Background', 'value': 'Noire'}, {'trait_type': 'Base Model', 'value': 'Tan'}, {'trait_type': 'Desk', 'value': 'Silver Metal'}, {'trait_type': 'Monitor 1', 'value': 'Glitch Two'}, {'trait_type': 'Monitor 2', 'value': 'Trading Dark'}, {'trait_type': 'Monitor 3', 'value': 'Access Granted'}, {'trait_type': 'Mouth', 'value': 'Red Smile'}, {'trait_type': 'Hoodie', 'value': 'Monke Hacker'}, {'trait_type': 'Favorite Programming Language', 'value': 'JavaScript'}]","{'files': [{'uri': 'https://sld-gengo.s3.amazonaws.com/2965.png', 'type': 'image/png'}], 'creators': [{'address': 'D6wZ5U9onMC578mrKMp5PZtfyc5262426qKsYJW7nT3p', 'share': 100}], 'category': 'image'}",1,8qnNiwDxn674mDh29dRekoGEnRS5aDoG2WK524rKWXLr,1,{},False,
18,FD6Q5xUoEPoteJYWTzk5BnsPBegLEBx9oLCfA32cuNdx,144.99,8J6FJd5j6qGGX6TGeq1hMZUrHpyUHaA4ksp3cJ4c4HfG,3qvXfcus46B3uaSzfaNaPFTwv7RVn8Fp3D55fQdUsRZU,shadowy_super_coder_dao,Shadowy Super Coder DAO,https://sld-gengo.s3.amazonaws.com/8684.png,Shadowy Super Coder #8684,"""Instead of leaving our financial system at the whims of giant banks, crypto puts the system at the whims of some shadowy, faceless group of super-coders and miners, which doesn’t sound better to me."" - Elizabeth Warren, 2021

To this group of randomly generated Shadowy Super Coders... that sounds a lot better.",image,"[{'address': '71ghWqucipW661X4ht61qvmc3xKQGMBGZxwSDmZrYQmf', 'verified': 1, 'share': 0}, {'address': 'D6wZ5U9onMC578mrKMp5PZtfyc5262426qKsYJW7nT3p', 'verified': 0, 'share': 100}]",500,3kVgWzo3rwc1CQyKU3Ucswk86mHD74u4NrgxS47hRhQk,"[{'trait_type': 'Background', 'value': 'Green'}, {'trait_type': 'Base Model', 'value': 'Chestnut'}, {'trait_type': 'Desk', 'value': 'Purple Metal'}, {'trait_type': 'Monitor 1', 'value': 'Matrix'}, {'trait_type': 'Monitor 2', 'value': 'Linux'}, {'trait_type': 'Monitor 3', 'value': 'Mango Markets'}, {'trait_type': 'Mouth', 'value': 'Red Smile'}, {'trait_type': 'Hoodie', 'value': 'Captain America Hacker'}, {'trait_type': 'Favorite Programming Language', 'value': 'Rust'}]","{'files': [{'uri': 'https://sld-gengo.s3.amazonaws.com/8684.png', 'type': 'image/png'}], 'creators': [{'address': 'D6wZ5U9onMC578mrKMp5PZtfyc5262426qKsYJW7nT3p', 'share': 100}], 'category': 'image'}",1,8qnNiwDxn674mDh29dRekoGEnRS5aDoG2WK524rKWXLr,1,{},False,
19,BEfRDNDTTQipk6kNgnDcm4sjVdX9Uw5j4PiYzWryuYaC,146.696969,FFpmf5CWttgtsfJ6LgtCv1MizXdXopBchgPUPzgcNUEf,DqX73ftNYf3keunEiH34CGHcHdu1D5sHzA2qmd9jSqzh,shadowy_super_coder_dao,Shadowy Super Coder DAO,https://sld-gengo.s3.amazonaws.com/342.png,Shadowy Super Coder #342,"""Instead of leaving our financial system at the whims of giant banks, crypto puts the system at the whims of some shadowy, faceless group of super-coders and miners, which doesn’t sound better to me."" - Elizabeth Warren, 2021

To this group of randomly generated Shadowy Super Coders... that sounds a lot better.",image,"[{'address': '71ghWqucipW661X4ht61qvmc3xKQGMBGZxwSDmZrYQmf', 'verified': 1, 'share': 0}, {'address': 'D6wZ5U9onMC578mrKMp5PZtfyc5262426qKsYJW7nT3p', 'verified': 0, 'share': 100}]",500,49qzqYTsScoPZT844d5cLcHUuqKa4p86Av6BXFeEFyau,"[{'trait_type': 'Background', 'value': 'Red'}, {'trait_type': 'Base Model', 'value': 'Tan'}, {'trait_type': 'Desk', 'value': 'Bronze Metal'}, {'trait_type': 'Monitor 1', 'value': 'Ninja'}, {'trait_type': 'Monitor 2', 'value': 'Serum'}, {'trait_type': 'Monitor 3', 'value': 'Marginfi'}, {'trait_type': 'Mouth', 'value': 'Pink Smirk'}, {'trait_type': 'Hoodie', 'value': 'Sci-Fi Hacker'}, {'trait_type': 'Favorite Programming Language', 'value': 'Java'}]","{'files': [{'uri': 'https://sld-gengo.s3.amazonaws.com/342.png', 'type': 'image/png'}], 'creators': [{'address': 'D6wZ5U9onMC578mrKMp5PZtfyc5262426qKsYJW7nT3p', 'share': 100}], 'category': 'image'}",1,8qnNiwDxn674mDh29dRekoGEnRS5aDoG2WK524rKWXLr,1,{},False,"{'auctionHouseKey': 'E8cU1WiRWjanGxmn96ewBgk9vPTcL6AEZ1t6F6fkgUWe', 'sellerReferral': 'autMW8SgBkVYeBgqYiTuJZnkvDZMVU2MHJh9Jh7CSQ2', 'expiry': -1}"
20,5dtBMpNZNDFRKgNahhUD1TSX9qcmPTjUiPzBLA5syoF5,150.0,2f1zzEajawsKtVbobCmvLzsdVkTEG8Qbwx4vCu5oCzMi,97pG3uzGWjs2v4YfgZ2XVEhCwhychU3NBJ73UdDTRS7d,shadowy_super_coder_dao,Shadowy Super Coder DAO,https://sld-gengo.s3.amazonaws.com/1076.png,Shadowy Super Coder #1076,"""Instead of leaving our financial system at the whims of giant banks, crypto puts the system at the whims of some shadowy, faceless group of super-coders and miners, which doesn’t sound better to me."" - Elizabeth Warren, 2021

To this group of randomly generated Shadowy Super Coders... that sounds a lot better.",image,"[{'address': '71ghWqucipW661X4ht61qvmc3xKQGMBGZxwSDmZrYQmf', 'verified': 1, 'share': 0}, {'address': 'D6wZ5U9onMC578mrKMp5PZtfyc5262426qKsYJW7nT3p', 'verified': 0, 'share': 100}]",500,Gw7sBzeR5fQa7DmrL9D5RXbhtCfm19iwaFDaKnBrZ2Kp,"[{'trait_type': 'Background', 'value': 'Gold'}, {'trait_type': 'Base Model', 'value': 'Natural'}, {'trait_type': 'Desk', 'value': 'Silver Metal'}, {'trait_type': 'Monitor 1', 'value': 'Pengulice'}, {'trait_type': 'Monitor 2', 'value': 'Matrix'}, {'trait_type': 'Monitor 3', 'value': 'Access Granted'}, {'trait_type': 'Mouth', 'value': 'Red Smile'}, {'trait_type': 'Hoodie', 'value': 'Shark Hacker'}, {'trait_type': 'Favorite Programming Language', 'value': 'Swift'}]","{'files': [{'uri': 'https://sld-gengo.s3.amazonaws.com/1076.png', 'type': 'image/png'}], 'creators': [{'address': 'D6wZ5U9onMC578mrKMp5PZtfyc5262426qKsYJW7nT3p', 'share': 100}], 'category': 'image'}",1,8qnNiwDxn674mDh29dRekoGEnRS5aDoG2WK524rKWXLr,1,{},False,"{'auctionHouseKey': 'E8cU1WiRWjanGxmn96ewBgk9vPTcL6AEZ1t6F6fkgUWe', 'sellerReferral': 'autMW8SgBkVYeBgqYiTuJZnkvDZMVU2MHJh9Jh7CSQ2', 'expiry': -1}"
21,2vG4vWrehhDJSogG9MWEifkuSnCQFbjURq3MXA5tXNbB,175.0,DNpFpJBYTG33en83vzcSGeJZZLsr2d9bdQwvB96P72xh,CdhnjJEnGWaYXJLEjzAmXC9Bv8fxxdsYyk1oaWMFoNE7,shadowy_super_coder_dao,Shadowy Super Coder DAO,https://sld-gengo.s3.amazonaws.com/9685.png,Shadowy Super Coder #9685,"""Instead of leaving our financial system at the whims of giant banks, crypto puts the system at the whims of some shadowy, faceless group of super-coders and miners, which doesn’t sound better to me."" - Elizabeth Warren, 2021

To this group of randomly generated Shadowy Super Coders... that sounds a lot better.",image,"[{'address': '71ghWqucipW661X4ht61qvmc3xKQGMBGZxwSDmZrYQmf', 'verified': 1, 'share': 0}, {'address': 'D6wZ5U9onMC578mrKMp5PZtfyc5262426qKsYJW7nT3p', 'verified': 0, 'share': 100}]",500,FwwQ9PTgfyJQGAK9UfsWGNVoBp6RYK75b3unuWEGfzPR,"[{'trait_type': 'Background', 'value': 'Dark-Red'}, {'trait_type': 'Base Model', 'value': 'Pale'}, {'trait_type': 'Desk', 'value': 'Bronze Metal'}, {'trait_type': 'Monitor 1', 'value': 'Aurory Logo'}, {'trait_type': 'Monitor 2', 'value': 'Glitch Two'}, {'trait_type': 'Monitor 3', 'value': 'Hacked'}, {'trait_type': 'Mouth', 'value': 'Red Smile'}, {'trait_type': 'Hoodie', 'value': 'Tron Hacker'}, {'trait_type': 'Favorite Programming Language', 'value': 'C#'}]","{'files': [{'uri': 'https://sld-gengo.s3.amazonaws.com/9685.png', 'type': 'image/png'}], 'creators': [{'address': 'D6wZ5U9onMC578mrKMp5PZtfyc5262426qKsYJW7nT3p', 'share': 100}], 'category': 'image'}",1,8qnNiwDxn674mDh29dRekoGEnRS5aDoG2WK524rKWXLr,1,{},False,
22,93q1dgh2Mdk9cMqPzn4fp1pfcZFRggFTn9srXudsBMpi,180.0,7hYZXtt8CVWumpyuPatxdY1RrajxbQjhQEijFHUoykr5,CmMLFeZhyWmY9TvEiWAkJVLpd79ZYDnFsPtpbRdKbFPB,shadowy_super_coder_dao,Shadowy Super Coder DAO,https://sld-gengo.s3.amazonaws.com/2442.png,Shadowy Super Coder #2442,"""Instead of leaving our financial system at the whims of giant banks, crypto puts the system at the whims of some shadowy, faceless group of super-coders and miners, which doesn’t sound better to me."" - Elizabeth Warren, 2021

To this group of randomly generated Shadowy Super Coders... that sounds a lot better.",image,"[{'address': '71ghWqucipW661X4ht61qvmc3xKQGMBGZxwSDmZrYQmf', 'verified': 1, 'share': 0}, {'address': 'D6wZ5U9onMC578mrKMp5PZtfyc5262426qKsYJW7nT3p', 'verified': 0, 'share': 100}]",500,EcV8VUidgWetuz5CTGKPpnbKu1sTNY9YsHFjk4gejszy,"[{'trait_type': 'Background', 'value': 'Light-Blue'}, {'trait_type': 'Base Model', 'value': 'Pale'}, {'trait_type': 'Desk', 'value': 'Purple Metal'}, {'trait_type': 'Monitor 1', 'value': 'Access Granted'}, {'trait_type': 'Monitor 2', 'value': 'Investin'}, {'trait_type': 'Monitor 3', 'value': 'Trading Dark'}, {'trait_type': 'Mouth', 'value': 'Red Smile'}, {'trait_type': 'Hoodie', 'value': 'Shadowy Hacker'}, {'trait_type': 'Favorite Programming Language', 'value': 'C++'}]","{'files': [{'uri': 'https://sld-gengo.s3.amazonaws.com/2442.png', 'type': 'image/png'}], 'creators': [{'address': 'D6wZ5U9onMC578mrKMp5PZtfyc5262426qKsYJW7nT3p', 'share': 100}], 'category': 'image'}",1,8qnNiwDxn674mDh29dRekoGEnRS5aDoG2WK524rKWXLr,1,{},False,
23,26tteyYUQs3mZUxpMLQavGcYPUjhmQFAZLT4FMxmRgRk,195.0,9RFkyo1hDRMusYBAX2VjsfZDsZPTim8zcGFwvwUuQNUH,33c2kAcq5jkPHAYdZJnELZWWHzxZg5njX4u5uRDX9rJ8,shadowy_super_coder_dao,Shadowy Super Coder DAO,https://sld-gengo.s3.amazonaws.com/8315.png,Shadowy Super Coder #8315,"""Instead of leaving our financial system at the whims of giant banks, crypto puts the system at the whims of some shadowy, faceless group of super-coders and miners, which doesn’t sound better to me."" - Elizabeth Warren, 2021

To this group of randomly generated Shadowy Super Coders... that sounds a lot better.",image,"[{'address': '71ghWqucipW661X4ht61qvmc3xKQGMBGZxwSDmZrYQmf', 'verified': 1, 'share': 0}, {'address': 'D6wZ5U9onMC578mrKMp5PZtfyc5262426qKsYJW7nT3p', 'verified': 0, 'share': 100}]",500,EGmCUqXwkzHimZ7waokhFwhRBPo2Wg8ZrrbTgRbAHYMs,"[{'trait_type': 'Background', 'value': 'Gold'}, {'trait_type': 'Base Model', 'value': 'Natural'}, {'trait_type': 'Desk', 'value': 'Red Metal'}, {'trait_type': 'Monitor 1', 'value': 'Glitch Two'}, {'trait_type': 'Monitor 2', 'value': 'Solend'}, {'trait_type': 'Monitor 3', 'value': 'Glitch One'}, {'trait_type': 'Mouth', 'value': 'Purple Smirk'}, {'trait_type': 'Hoodie', 'value': 'Dragon Hacker'}, {'trait_type': 'Favorite Programming Language', 'value': 'R'}]","{'files': [{'uri': 'https://sld-gengo.s3.amazonaws.com/8315.png', 'type': 'image/png'}], 'creators': [{'address': 'D6wZ5U9onMC578mrKMp5PZtfyc5262426qKsYJW7nT3p', 'share': 100}], 'category': 'image'}",1,8qnNiwDxn674mDh29dRekoGEnRS5aDoG2WK524rKWXLr,1,,False,
24,A5bKz27XbCmLerKFfY4QNoGxKkseLCb5iwj7wiBAuLUm,229.0,3rKZdUjbsrrSbPAGWmYxUggRUawy7poMP5PLtvRVSycw,92HoTLipoHHJ2LDXw8v25TFyKuHdzfatVYvg7JCTqgKM,shadowy_super_coder_dao,Shadowy Super Coder DAO,https://sld-gengo.s3.amazonaws.com/611.png,Shadowy Super Coder #611,"""Instead of leaving our financial system at the whims of giant banks, crypto puts the system at the whims of some shadowy, faceless group of super-coders and miners, which doesn’t sound better to me."" - Elizabeth Warren, 2021

To this group of randomly generated Shadowy Super Coders... that sounds a lot better.",image,"[{'address': '71ghWqucipW661X4ht61qvmc3xKQGMBGZxwSDmZrYQmf', 'verified': 1, 'share': 0}, {'address': 'D6wZ5U9onMC578mrKMp5PZtfyc5262426qKsYJW7nT3p', 'verified': 0, 'share': 100}]",500,31fNaSjiuZuEqnWTe2oW78ktRdjgnoepg5KWtCascEx3,"[{'trait_type': 'Background', 'value': 'Pink'}, {'trait_type': 'Base Model', 'value': 'Natural'}, {'trait_type': 'Desk', 'value': 'Silver Metal'}, {'trait_type': 'Monitor 1', 'value': 'Trading White'}, {'trait_type': 'Monitor 2', 'value': 'Matrix'}, {'trait_type': 'Monitor 3', 'value': 'Access Granted'}, {'trait_type': 'Mouth', 'value': 'Red Smirk'}, {'trait_type': 'Hoodie', 'value': 'Tech Hacker'}, {'trait_type': 'Favorite Programming Language', 'value': 'C#'}]","{'files': [{'uri': 'https://sld-gengo.s3.amazonaws.com/611.png', 'type': 'image/png'}], 'creators': [{'address': 'D6wZ5U9onMC578mrKMp5PZtfyc5262426qKsYJW7nT3p', 'share': 100}], 'category': 'image'}",1,8qnNiwDxn674mDh29dRekoGEnRS5aDoG2WK524rKWXLr,1,{},False,
25,GopoUn82QUg6FfqGCrNBg31pseGeMBxZG7Rz7LbC7Wib,240.69,4G1rkq8eiGTu5f1pi2pCD6y8YCg54K2Z7V2ReEW5wmyK,GRUZBgdF7vHj52bca5wpUBaJ4VtC3v6iyHLyJ5SKE4mD,shadowy_super_coder_dao,Shadowy Super Coder DAO,https://sld-gengo.s3.amazonaws.com/3989.png,Shadowy Super Coder #3989,"""Instead of leaving our financial system at the whims of giant banks, crypto puts the system at the whims of some shadowy, faceless group of super-coders and miners, which doesn’t sound better to me."" - Elizabeth Warren, 2021

To this group of randomly generated Shadowy Super Coders... that sounds a lot better.",image,"[{'address': '71ghWqucipW661X4ht61qvmc3xKQGMBGZxwSDmZrYQmf', 'verified': 1, 'share': 0}, {'address': 'D6wZ5U9onMC578mrKMp5PZtfyc5262426qKsYJW7nT3p', 'verified': 0, 'share': 100}]",500,2gfUAfpBfvCvcAn8qYm8DW7DWN74xDixWXUvEJQR6KGA,"[{'trait_type': 'Background', 'value': 'Green'}, {'trait_type': 'Base Model', 'value': 'Pale'}, {'trait_type': 'Desk', 'value': 'Purple Metal'}, {'trait_type': 'Monitor 1', 'value': 'Interstellar'}, {'trait_type': 'Monitor 2', 'value': 'Solana Valley'}, {'trait_type': 'Monitor 3', 'value': 'Glitch Two'}, {'trait_type': 'Mouth', 'value': 'Pink Smirk'}, {'trait_type': 'Hoodie', 'value': 'Punk Hacker'}, {'trait_type': 'Favorite Programming Language', 'value': 'Swift'}]","{'files': [{'uri': 'https://sld-gengo.s3.amazonaws.com/3989.png', 'type': 'image/png'}], 'creators': [{'address': 'D6wZ5U9onMC578mrKMp5PZtfyc5262426qKsYJW7nT3p', 'share': 100}], 'category': 'image'}",1,8qnNiwDxn674mDh29dRekoGEnRS5aDoG2WK524rKWXLr,1,{},False,
26,GyWn6pSbZLbc4rXf4x4UCKW8FxMPeXYxq6edLuC2CR8V,250.0,CvUmXcRHKnckJbYGL4wnTo5cEYDiJZ8mR9myhPoaEfNq,2BNr8fdyNQLXFyqvrFJeJT6TkMkQmVcfjhL1T9Xrtmih,shadowy_super_coder_dao,Shadowy Super Coder DAO,https://sld-gengo.s3.amazonaws.com/9526.png,Shadowy Super Coder #9526,"""Instead of leaving our financial system at the whims of giant banks, crypto puts the system at the whims of some shadowy, faceless group of super-coders and miners, which doesn’t sound better to me."" - Elizabeth Warren, 2021

To this group of randomly generated Shadowy Super Coders... that sounds a lot better.",image,"[{'address': '71ghWqucipW661X4ht61qvmc3xKQGMBGZxwSDmZrYQmf', 'verified': 1, 'share': 0}, {'address': 'D6wZ5U9onMC578mrKMp5PZtfyc5262426qKsYJW7nT3p', 'verified': 0, 'share': 100}]",500,8AwVqUpsyKik5DjaFLRgsAgCm8T9HVNBq3yxJSCDcGwb,"[{'trait_type': 'Background', 'value': 'Violet'}, {'trait_type': 'Base Model', 'value': 'Natural'}, {'trait_type': 'Desk', 'value': 'Bronze Metal'}, {'trait_type': 'Monitor 1', 'value': 'Surveillance Blue'}, {'trait_type': 'Monitor 2', 'value': 'Goo'}, {'trait_type': 'Monitor 3', 'value': 'Hacked'}, {'trait_type': 'Mouth', 'value': 'Pink Smile'}, {'trait_type': 'Hoodie', 'value': 'Shadowy Hacker'}, {'trait_type': 'Favorite Programming Language', 'value': 'Solidity'}]","{'files': [{'uri': 'https://sld-gengo.s3.amazonaws.com/9526.png', 'type': 'image/png'}], 'creators': [{'address': 'D6wZ5U9onMC578mrKMp5PZtfyc5262426qKsYJW7nT3p', 'share': 100}], 'category': 'image'}",1,8qnNiwDxn674mDh29dRekoGEnRS5aDoG2WK524rKWXLr,1,{},False,"{'auctionHouseKey': 'E8cU1WiRWjanGxmn96ewBgk9vPTcL6AEZ1t6F6fkgUWe', 'sellerReferral': 'autMW8SgBkVYeBgqYiTuJZnkvDZMVU2MHJh9Jh7CSQ2', 'expiry': -1}"
27,H8h97Y12fXB9CyZDJKvDSr9Ws1ysN8D4FoowG1vbbWSK,420.69,2zuutqfQxUJLgMnxUD3Yc1CVnGUuJR6cnNnmgCXnSZT1,CT2V6UVwygRnimd83H9nxBgXfF9iLLAAmGpacE3ftrKe,shadowy_super_coder_dao,Shadowy Super Coder DAO,https://sld-gengo.s3.amazonaws.com/7953.png,Shadowy Super Coder #7953,"""Instead of leaving our financial system at the whims of giant banks, crypto puts the system at the whims of some shadowy, faceless group of super-coders and miners, which doesn’t sound better to me."" - Elizabeth Warren, 2021

To this group of randomly generated Shadowy Super Coders... that sounds a lot better.",image,"[{'address': '71ghWqucipW661X4ht61qvmc3xKQGMBGZxwSDmZrYQmf', 'verified': 1, 'share': 0}, {'address': 'D6wZ5U9onMC578mrKMp5PZtfyc5262426qKsYJW7nT3p', 'verified': 0, 'share': 100}]",500,6bZ1S8XnzbuqxDjrTryvUnS1GJH8Waiy7vCgbPySmbWL,"[{'trait_type': 'Background', 'value': 'Noire'}, {'trait_type': 'Base Model', 'value': 'Pale'}, {'trait_type': 'Desk', 'value': 'Bronze Metal'}, {'trait_type': 'Monitor 1', 'value': 'Solflare'}, {'trait_type': 'Monitor 2', 'value': 'Linux'}, {'trait_type': 'Monitor 3', 'value': 'Steven'}, {'trait_type': 'Mouth', 'value': 'Red Smile'}, {'trait_type': 'Hoodie', 'value': 'Shadowy Hacker'}, {'trait_type': 'Favorite Programming Language', 'value': 'Objective-C'}]","{'files': [{'uri': 'https://sld-gengo.s3.amazonaws.com/7953.png', 'type': 'image/png'}], 'creators': [{'address': 'D6wZ5U9onMC578mrKMp5PZtfyc5262426qKsYJW7nT3p', 'share': 100}], 'category': 'image'}",1,8qnNiwDxn674mDh29dRekoGEnRS5aDoG2WK524rKWXLr,1,{},False,
28,FzkZewqv6T4cj2DxZuJQgmdbiU4e7zcdPMG2FsgCyNqB,420.69,6MnLCy4yUUGvVGo7goHywAHwzRVDg6PEcisPcyMv5Lza,CT2V6UVwygRnimd83H9nxBgXfF9iLLAAmGpacE3ftrKe,shadowy_super_coder_dao,Shadowy Super Coder DAO,https://sld-gengo.s3.amazonaws.com/3775.png,Shadowy Super Coder #3775,"""Instead of leaving our financial system at the whims of giant banks, crypto puts the system at the whims of some shadowy, faceless group of super-coders and miners, which doesn’t sound better to me."" - Elizabeth Warren, 2021

To this group of randomly generated Shadowy Super Coders... that sounds a lot better.",image,"[{'address': '71ghWqucipW661X4ht61qvmc3xKQGMBGZxwSDmZrYQmf', 'verified': 1, 'share': 0}, {'address': 'D6wZ5U9onMC578mrKMp5PZtfyc5262426qKsYJW7nT3p', 'verified': 0, 'share': 100}]",500,DPTc6HJchcX3DJvb1rPLs5X2CVmhJQh1ao3qXvbNSibt,"[{'trait_type': 'Background', 'value': 'Green'}, {'trait_type': 'Base Model', 'value': 'Chestnut'}, {'trait_type': 'Desk', 'value': 'Purple Metal'}, {'trait_type': 'Monitor 1', 'value': 'Thugbirdz DAO'}, {'trait_type': 'Monitor 2', 'value': 'Hacked'}, {'trait_type': 'Monitor 3', 'value': 'Access Granted'}, {'trait_type': 'Mouth', 'value': 'Purple Smile'}, {'trait_type': 'Hoodie', 'value': 'Shark Hacker'}, {'trait_type': 'Favorite Programming Language', 'value': 'Fortran'}]","{'files': [{'uri': 'https://sld-gengo.s3.amazonaws.com/3775.png', 'type': 'image/png'}], 'creators': [{'address': 'D6wZ5U9onMC578mrKMp5PZtfyc5262426qKsYJW7nT3p', 'share': 100}], 'category': 'image'}",1,8qnNiwDxn674mDh29dRekoGEnRS5aDoG2WK524rKWXLr,1,{},False,
29,Ev2sNibbSyCwnnMhMtCuPMYSvbDJAx71q6XXvtmGnVkH,555.0,EofXDEgDWbFtVpkTmWQJuk8b2pvQSjrUfet7vweAk3QS,CpKffy57hqeXUFP6VAVArPpzontjYURg6T3Udhfibeq,shadowy_super_coder_dao,Shadowy Super Coder DAO,https://sld-gengo.s3.amazonaws.com/3682.png,Shadowy Super Coder #3682,"""Instead of leaving our financial system at the whims of giant banks, crypto puts the system at the whims of some shadowy, faceless group of super-coders and miners, which doesn’t sound better to me."" - Elizabeth Warren, 2021

To this group of randomly generated Shadowy Super Coders... that sounds a lot better.",image,"[{'address': '71ghWqucipW661X4ht61qvmc3xKQGMBGZxwSDmZrYQmf', 'verified': 1, 'share': 0}, {'address': 'D6wZ5U9onMC578mrKMp5PZtfyc5262426qKsYJW7nT3p', 'verified': 0, 'share': 100}]",500,7dDnu7pAKNZDpU7GNUMrzKX5ZMyKkhTDB5FTfF9Jxj1y,"[{'trait_type': 'Background', 'value': 'Magenta'}, {'trait_type': 'Base Model', 'value': 'Chestnut'}, {'trait_type': 'Desk', 'value': 'Bronze Metal'}, {'trait_type': 'Monitor 1', 'value': 'Surveillance Blue'}, {'trait_type': 'Monitor 2', 'value': 'Hacked'}, {'trait_type': 'Monitor 3', 'value': 'Linux'}, {'trait_type': 'Mouth', 'value': 'Purple Smile'}, {'trait_type': 'Hoodie', 'value': 'Shark Hacker'}, {'trait_type': 'Favorite Programming Language', 'value': 'C++'}]","{'files': [{'uri': 'https://sld-gengo.s3.amazonaws.com/3682.png', 'type': 'image/png'}], 'creators': [{'address': 'D6wZ5U9onMC578mrKMp5PZtfyc5262426qKsYJW7nT3p', 'share': 100}], 'category': 'image'}",1,8qnNiwDxn674mDh29dRekoGEnRS5aDoG2WK524rKWXLr,1,{},False,
30,94untfJ3C1RX94Nc2HdjMZRjZwBw196f2WTwwZzwBsqj,999.0,HwzvHkz4rD1turE1DZ63q55rbdqvVy8Nhr9y3ve6SbqK,2cFLgRG77RyKxQMCaBtkyuJgbYrEt1PAxVgQFj1Nvmyp,shadowy_super_coder_dao,Shadowy Super Coder DAO,https://sld-gengo.s3.amazonaws.com/5647.png,Shadowy Super Coder #5647,"""Instead of leaving our financial system at the whims of giant banks, crypto puts the system at the whims of some shadowy, faceless group of super-coders and miners, which doesn’t sound better to me."" - Elizabeth Warren, 2021

To this group of randomly generated Shadowy Super Coders... that sounds a lot better.",image,"[{'address': '71ghWqucipW661X4ht61qvmc3xKQGMBGZxwSDmZrYQmf', 'verified': 1, 'share': 0}, {'address': 'D6wZ5U9onMC578mrKMp5PZtfyc5262426qKsYJW7nT3p', 'verified': 0, 'share': 100}]",500,Nif9eC28hykZMm1TKFAaG3fahdMT66yge7oPL2G632h,"[{'trait_type': 'Background', 'value': 'Gold'}, {'trait_type': 'Base Model', 'value': 'Natural'}, {'trait_type': 'Desk', 'value': 'Purple Metal'}, {'trait_type': 'Monitor 1', 'value': 'Steven'}, {'trait_type': 'Monitor 2', 'value': 'Access Granted'}, {'trait_type': 'Monitor 3', 'value': 'Glitch Two'}, {'trait_type': 'Mouth', 'value': 'Pink Smile'}, {'trait_type': 'Hoodie', 'value': 'Unmasked Squid Game Hacker'}, {'trait_type': 'Favorite Programming Language', 'value': 'R'}]","{'files': [{'uri': 'https://sld-gengo.s3.amazonaws.com/5647.png', 'type': 'image/png'}], 'creators': [{'address': 'D6wZ5U9onMC578mrKMp5PZtfyc5262426qKsYJW7nT3p', 'share': 100}], 'category': 'image'}",1,8qnNiwDxn674mDh29dRekoGEnRS5aDoG2WK524rKWXLr,1,{},False,
31,6maSgqnEEHmTe5JYChLypuTuFh4uep8rYiJVvqkudDCi,1380.84,3a5eUuin1unUWw6iBFrBJ4QwJR77t5b7GLxSevKPAAki,CZFmkBzFk3XWk3zPEuEBoPqpPe6zBUGTVxH6KC8iMXGU,shadowy_super_coder_dao,Shadowy Super Coder DAO,https://sld-gengo.s3.amazonaws.com/1535.png,Shadowy Super Coder #1535,"""Instead of leaving our financial system at the whims of giant banks, crypto puts the system at the whims of some shadowy, faceless group of super-coders and miners, which doesn’t sound better to me."" - Elizabeth Warren, 2021

To this group of randomly generated Shadowy Super Coders... that sounds a lot better.",image,"[{'address': '71ghWqucipW661X4ht61qvmc3xKQGMBGZxwSDmZrYQmf', 'verified': 1, 'share': 0}, {'address': 'D6wZ5U9onMC578mrKMp5PZtfyc5262426qKsYJW7nT3p', 'verified': 0, 'share': 100}]",500,3f2ftGY3UEzyDJcVHaE2wjefUtPueJcF5Ap7vd3KuBA6,"[{'trait_type': 'Background', 'value': 'Pink'}, {'trait_type': 'Base Model', 'value': 'Natural'}, {'trait_type': 'Desk', 'value': 'Bronze Metal'}, {'trait_type': 'Monitor 1', 'value': 'Barret'}, {'trait_type': 'Monitor 2', 'value': 'Barret'}, {'trait_type': 'Monitor 3', 'value': 'Barret'}, {'trait_type': 'Mouth', 'value': 'Purple Smirk'}, {'trait_type': 'Hoodie', 'value': 'Shark Hacker'}, {'trait_type': 'Favorite Programming Language', 'value': 'Python'}]","{'files': [{'uri': 'https://sld-gengo.s3.amazonaws.com/1535.png', 'type': 'image/png'}], 'creators': [{'address': 'D6wZ5U9onMC578mrKMp5PZtfyc5262426qKsYJW7nT3p', 'share': 100}], 'category': 'image'}",1,8qnNiwDxn674mDh29dRekoGEnRS5aDoG2WK524rKWXLr,1,{},False,
32,D3mgcboBJj8jFYsRgT6wyA8AwEmaTAvNdGp8VfuwTAXA,99999.0,6HaynvyyE96M9hoVQFvHTjjdvTYRtc4rkgahcNmD2PaH,HcScEWxYgwFrTtgnev5yRD5GQDYmZ8E7MEY8ggsVvkmD,shadowy_super_coder_dao,Shadowy Super Coder DAO,https://sld-gengo.s3.amazonaws.com/3004.png,Shadowy Super Coder #3004,"""Instead of leaving our financial system at the whims of giant banks, crypto puts the system at the whims of some shadowy, faceless group of super-coders and miners, which doesn’t sound better to me."" - Elizabeth Warren, 2021

To this group of randomly generated Shadowy Super Coders... that sounds a lot better.",image,"[{'address': '71ghWqucipW661X4ht61qvmc3xKQGMBGZxwSDmZrYQmf', 'verified': 1, 'share': 0}, {'address': 'D6wZ5U9onMC578mrKMp5PZtfyc5262426qKsYJW7nT3p', 'verified': 0, 'share': 100}]",500,35s58G5ySnqMiVuHr3g8LaFgCZxHpdCqChZagDcbnBea,"[{'trait_type': 'Background', 'value': 'Green'}, {'trait_type': 'Base Model', 'value': 'Chestnut'}, {'trait_type': 'Desk', 'value': 'Bronze Metal'}, {'trait_type': 'Monitor 1', 'value': 'Matrix'}, {'trait_type': 'Monitor 2', 'value': 'Fabric Alt'}, {'trait_type': 'Monitor 3', 'value': 'Edgar'}, {'trait_type': 'Mouth', 'value': 'Purple Smile'}, {'trait_type': 'Hoodie', 'value': 'Punk Hacker'}, {'trait_type': 'Favorite Programming Language', 'value': 'Go'}]","{'files': [{'uri': 'https://sld-gengo.s3.amazonaws.com/3004.png', 'type': 'image/png'}], 'creators': [{'address': 'D6wZ5U9onMC578mrKMp5PZtfyc5262426qKsYJW7nT3p', 'share': 100}], 'category': 'image'}",1,8qnNiwDxn674mDh29dRekoGEnRS5aDoG2WK524rKWXLr,1,{},False,
