,id,price,escrowPubkey,owner,collectionName,collectionTitle,img,title,content,externalURL,propertyCategory,creators,sellerFeeBasisPoints,mintAddress,attributes,properties,supply,updateAuthority,primarySaleHappened,onChainCollection,tokenDelegateValid,v2
0,ERd8k1jW5Pay4JPkVzLoU2RrbevjnKoUbWs3MongfqJ5,10.44,DNzKXzUpYnmhAxf38KJ8CBp7dR24qxSxZ9ERQnLCfdFo,8cn6yhZZr2ZzbdxVW9pjT7wtxRNUkyY9JF1JzyRNydJd,zankoku,Zankoku Cybogrez,https://arweave.net/wVncGBf8oON0fJNCWHJvpq92eQVtNSPRo5Rxo-c7ZcU,Zankoku Cybogrez #347,Cybogrez go BOP BOP,https://zankokuarena.io,image,"[{'address': 'xgLPMgPaFd1mjgP73Ghkogkpokn9AZFQhPAB5nre8m5', 'verified': 1, 'share': 0}, {'address': '52Cy9Xus2JgCszQ9vZq24A4r1gWRgpLLhSG1Bfk1YjNZ', 'verified': 0, 'share': 100}]",1250,HhCNCM8j3f5VXVPZhGAbvUHV1qcbsGuCAbVDbLopQUAX,"[{'trait_type': 'Background', 'value': 'BG 18'}, {'trait_type': 'Face', 'value': 'Ogre'}, {'trait_type': 'Arms', 'value': 'Umbra'}, {'trait_type': 'Accessories', 'value': 'Nose Ring'}, {'trait_type': 'Torso', 'value': 'ZOKU020'}, {'trait_type': 'Helmet', 'value': 'Clash'}, {'trait_type': 'Feet', 'value': 'Fox'}, {'trait_type': 'Bracers', 'value': 'Aion'}, {'trait_type': 'Hands', 'value': 'Gold Finger'}]","{'files': [{'type': 'image/png', 'uri': 'https://arweave.net/wVncGBf8oON0fJNCWHJvpq92eQVtNSPRo5Rxo-c7ZcU'}], 'category': 'image', 'creators': [{'address': '52Cy9Xus2JgCszQ9vZq24A4r1gWRgpLLhSG1Bfk1YjNZ', 'share': 100}]}",1,ZanzPN8P8kP41jq5gTR5yVQMavndvmSxUhSqrSjY36v,1,{},False,"{'auctionHouseKey': 'E8cU1WiRWjanGxmn96ewBgk9vPTcL6AEZ1t6F6fkgUWe', 'sellerReferral': 'autMW8SgBkVYeBgqYiTuJZnkvDZMVU2MHJh9Jh7CSQ2', 'expiry': -1}"
1,EDJf5qiQQhuMjRWVxeM26Vg1Gjv4UiHGDhegK5ygCRQp,10.5,6WGGdMM9SWnWyGPhmMLJCRs7afacWsb3rBs87WxzVu2g,Gwrh1sfKNciKE9j14CwbXB8S7i8Q3g7o6vcFWH8LxCZw,zankoku,Zankoku Cybogrez,https://arweave.net/mNGyUBjtxqbilzS7IO5A6vUW36tfUoQzdr4PrqEbLWc,Zankoku Cybogrez #46,Cybogrez go BOP BOP,https://zankokuarena.io,image,"[{'address': 'xgLPMgPaFd1mjgP73Ghkogkpokn9AZFQhPAB5nre8m5', 'verified': 1, 'share': 0}, {'address': '52Cy9Xus2JgCszQ9vZq24A4r1gWRgpLLhSG1Bfk1YjNZ', 'verified': 0, 'share': 100}]",1250,5XrW2yY8w7Qm5MreZSVgenaTB6tR1UBLudUetPGLeS4w,"[{'trait_type': 'Background', 'value': 'BG 22'}, {'trait_type': 'Face', 'value': 'Ogre'}, {'trait_type': 'Arms', 'value': 'Umbra'}, {'trait_type': 'Accessories', 'value': 'None'}, {'trait_type': 'Torso', 'value': 'ZOKU016'}, {'trait_type': 'Helmet', 'value': 'Golem'}, {'trait_type': 'Feet', 'value': 'Berrier'}, {'trait_type': 'Bracers', 'value': 'Aion'}, {'trait_type': 'Hands', 'value': 'Emperor'}]","{'files': [{'type': 'image/png', 'uri': 'https://arweave.net/mNGyUBjtxqbilzS7IO5A6vUW36tfUoQzdr4PrqEbLWc'}], 'category': 'image', 'creators': [{'address': '52Cy9Xus2JgCszQ9vZq24A4r1gWRgpLLhSG1Bfk1YjNZ', 'share': 100}]}",1,ZanzPN8P8kP41jq5gTR5yVQMavndvmSxUhSqrSjY36v,1,{},False,"{'auctionHouseKey': 'E8cU1WiRWjanGxmn96ewBgk9vPTcL6AEZ1t6F6fkgUWe', 'sellerReferral': 'autMW8SgBkVYeBgqYiTuJZnkvDZMVU2MHJh9Jh7CSQ2', 'expiry': -1}"
2,DN84vW9aQ6hQSQ6foje3tknaQndrnCZ6ve8M8jwRJGbp,11.0,8izuGwktQXXqn2Rmp1CKDt5B2hd45uuxogmAfaKKa4UG,ADBBFBXenVMsDo9Eys1Go5ksQCLN4aNSnKdy6NLJonH7,zankoku,Zankoku Cybogrez,https://arweave.net/RK0zZLCyp8kOwSL3AnNTo1lBG_GoEbbbVtghAC-OpDI,Zankoku Cybogrez #627,Cybogrez go BOP BOP,https://zankokuarena.io,image,"[{'address': 'xgLPMgPaFd1mjgP73Ghkogkpokn9AZFQhPAB5nre8m5', 'verified': 1, 'share': 0}, {'address': '52Cy9Xus2JgCszQ9vZq24A4r1gWRgpLLhSG1Bfk1YjNZ', 'verified': 0, 'share': 100}]",1250,3Viz7KbHshbLCaCTaw6dVKC2gRXP7qNPaoTkf6233cVk,"[{'trait_type': 'Background', 'value': 'BG 22'}, {'trait_type': 'Face', 'value': 'Ogre'}, {'trait_type': 'Arms', 'value': 'Undine'}, {'trait_type': 'Accessories', 'value': 'Sparkle'}, {'trait_type': 'Torso', 'value': 'ZOKU019'}, {'trait_type': 'Helmet', 'value': 'Tohth'}, {'trait_type': 'Feet', 'value': 'Kindred'}, {'trait_type': 'Bracers', 'value': 'Atlas'}, {'trait_type': 'Hands', 'value': 'Hermit Purple'}]","{'files': [{'type': 'image/png', 'uri': 'https://arweave.net/RK0zZLCyp8kOwSL3AnNTo1lBG_GoEbbbVtghAC-OpDI'}], 'category': 'image', 'creators': [{'address': '52Cy9Xus2JgCszQ9vZq24A4r1gWRgpLLhSG1Bfk1YjNZ', 'share': 100}]}",1,ZanzPN8P8kP41jq5gTR5yVQMavndvmSxUhSqrSjY36v,1,{},False,"{'auctionHouseKey': 'E8cU1WiRWjanGxmn96ewBgk9vPTcL6AEZ1t6F6fkgUWe', 'sellerReferral': 'autMW8SgBkVYeBgqYiTuJZnkvDZMVU2MHJh9Jh7CSQ2', 'expiry': -1}"
3,12UTbtFEvwuaUipaXn8hxAQKRVFnLQJ3fZy2KcxKdSTT,11.5,H71A8LJrPfuR8JoUMH7UL3Kzsg3jH1TUcjhFLazQ5LdL,Euv16hYN7Pu7AYDVRLK2s6BTCxoxt5u7un8ZvtbjccBa,zankoku,Zankoku Cybogrez,https://arweave.net/iX8u57mFhgBlNVxHkIlhXMElt2Hh4fmowKly7yg7Qzg,Zankoku Cybogrez #407,Cybogrez go BOP BOP,https://zankokuarena.io,image,"[{'address': 'xgLPMgPaFd1mjgP73Ghkogkpokn9AZFQhPAB5nre8m5', 'verified': 1, 'share': 0}, {'address': '52Cy9Xus2JgCszQ9vZq24A4r1gWRgpLLhSG1Bfk1YjNZ', 'verified': 0, 'share': 100}]",1250,5bSrehceRvGKqnqPSFaDEwgZaFAcCsgzqxbaUPFXZ5v7,"[{'trait_type': 'Background', 'value': 'BG 20'}, {'trait_type': 'Face', 'value': 'Ogre'}, {'trait_type': 'Arms', 'value': 'Ares'}, {'trait_type': 'Accessories', 'value': 'Eyebrow Ring'}, {'trait_type': 'Torso', 'value': 'ZOKU014'}, {'trait_type': 'Helmet', 'value': 'Darkstar'}, {'trait_type': 'Feet', 'value': 'Fox'}, {'trait_type': 'Bracers', 'value': 'Atlas'}, {'trait_type': 'Hands', 'value': 'Sloth'}]","{'files': [{'type': 'image/png', 'uri': 'https://arweave.net/iX8u57mFhgBlNVxHkIlhXMElt2Hh4fmowKly7yg7Qzg'}], 'category': 'image', 'creators': [{'address': '52Cy9Xus2JgCszQ9vZq24A4r1gWRgpLLhSG1Bfk1YjNZ', 'share': 100}]}",1,ZanzPN8P8kP41jq5gTR5yVQMavndvmSxUhSqrSjY36v,1,{},False,"{'auctionHouseKey': 'E8cU1WiRWjanGxmn96ewBgk9vPTcL6AEZ1t6F6fkgUWe', 'sellerReferral': 'autMW8SgBkVYeBgqYiTuJZnkvDZMVU2MHJh9Jh7CSQ2', 'expiry': -1}"
4,DJEozzEUQDW5TzB7WX5YgT46PWXi1MAy3B6eyCiPQ4m5,11.9,5BNBVrHYewJPxReZSZTStnNiwSL3aNaVdcham5v8amkZ,FTjHttMn5kbMx1MrfykttUsA2G5itvdbcZMKS5ERvLX5,zankoku,Zankoku Cybogrez,https://arweave.net/yTSnb4ffCQWL6u3uBgKZQjc7wG1ZhxGBznV3AXzOtoY,Zankoku Cybogrez #557,Cybogrez go BOP BOP,https://zankokuarena.io,image,"[{'address': 'xgLPMgPaFd1mjgP73Ghkogkpokn9AZFQhPAB5nre8m5', 'verified': 1, 'share': 0}, {'address': '52Cy9Xus2JgCszQ9vZq24A4r1gWRgpLLhSG1Bfk1YjNZ', 'verified': 0, 'share': 100}]",1250,4JUiBg4fMnsBsa1oos3pdLphoBt4WXvj1J9AsskYqFPJ,"[{'trait_type': 'Background', 'value': 'BG 22'}, {'trait_type': 'Face', 'value': 'Ogre'}, {'trait_type': 'Arms', 'value': 'Scorpio'}, {'trait_type': 'Accessories', 'value': 'Nose Ring'}, {'trait_type': 'Torso', 'value': 'ZOKU002'}, {'trait_type': 'Helmet', 'value': 'Domino'}, {'trait_type': 'Feet', 'value': 'Fox'}, {'trait_type': 'Bracers', 'value': 'Zues'}, {'trait_type': 'Hands', 'value': 'Emperor'}]","{'files': [{'type': 'image/png', 'uri': 'https://arweave.net/yTSnb4ffCQWL6u3uBgKZQjc7wG1ZhxGBznV3AXzOtoY'}], 'category': 'image', 'creators': [{'address': '52Cy9Xus2JgCszQ9vZq24A4r1gWRgpLLhSG1Bfk1YjNZ', 'share': 100}]}",1,ZanzPN8P8kP41jq5gTR5yVQMavndvmSxUhSqrSjY36v,1,{},False,"{'auctionHouseKey': 'E8cU1WiRWjanGxmn96ewBgk9vPTcL6AEZ1t6F6fkgUWe', 'sellerReferral': 'autMW8SgBkVYeBgqYiTuJZnkvDZMVU2MHJh9Jh7CSQ2', 'expiry': -1}"
5,9x99Bppie5nRZf2ovE3F5CKt4PrT74LuCwFVdNtTt3Jp,11.9,Hcsd4cemQYkgHxn3fkPmEiMowuEFqNaLfXBJA3mB7wM7,vNLiPcHEPSfAP6FZVtomyZ7x5dCFtNbDsKkFdLGJiQk,zankoku,Zankoku Cybogrez,https://arweave.net/hANi9A6URFIDmSdUIDAwlLUI0axzwcqMKUsOzqE-r1E,Zankoku Cybogrez #795,Cybogrez go BOP BOP,https://zankokuarena.io,image,"[{'address': 'xgLPMgPaFd1mjgP73Ghkogkpokn9AZFQhPAB5nre8m5', 'verified': 1, 'share': 0}, {'address': '52Cy9Xus2JgCszQ9vZq24A4r1gWRgpLLhSG1Bfk1YjNZ', 'verified': 0, 'share': 100}]",1250,HFViJem5swhedGbeD8Hyt1YmACnhbLHtYn4KmcLNepuV,"[{'trait_type': 'Background', 'value': 'BG 25'}, {'trait_type': 'Face', 'value': 'Ogre'}, {'trait_type': 'Arms', 'value': 'Shogun'}, {'trait_type': 'Accessories', 'value': 'Skull'}, {'trait_type': 'Torso', 'value': 'ZOKU020'}, {'trait_type': 'Helmet', 'value': 'Tohth'}, {'trait_type': 'Feet', 'value': 'Bragi'}, {'trait_type': 'Bracers', 'value': 'Atlas'}, {'trait_type': 'Hands', 'value': 'Sloth'}]","{'files': [{'type': 'image/png', 'uri': 'https://arweave.net/hANi9A6URFIDmSdUIDAwlLUI0axzwcqMKUsOzqE-r1E'}], 'category': 'image', 'creators': [{'address': '52Cy9Xus2JgCszQ9vZq24A4r1gWRgpLLhSG1Bfk1YjNZ', 'share': 100}]}",1,ZanzPN8P8kP41jq5gTR5yVQMavndvmSxUhSqrSjY36v,1,{},False,"{'auctionHouseKey': 'E8cU1WiRWjanGxmn96ewBgk9vPTcL6AEZ1t6F6fkgUWe', 'sellerReferral': 'autMW8SgBkVYeBgqYiTuJZnkvDZMVU2MHJh9Jh7CSQ2', 'expiry': -1}"
6,2eT6zkQvHhAfHdhqdHUesTaAdvbb4Wf6KXg4WMaL2VwE,12.0,p6vb2sPG1BeBQ4Rj9BemHEWA8oEMTmwtQftcT7qd4Gw,2steykUW9nmdnfgt9RxQiM372fzsof6pm4W6jNxSpd7r,zankoku,Zankoku Cybogrez,https://arweave.net/hx00Nja1HHMJOfv7xxBbeTPoDZcbZcAOF133K44MpDY,Zankoku Cybogrez #196,Cybogrez go BOP BOP,https://zankokuarena.io,image,"[{'address': 'xgLPMgPaFd1mjgP73Ghkogkpokn9AZFQhPAB5nre8m5', 'verified': 1, 'share': 0}, {'address': '52Cy9Xus2JgCszQ9vZq24A4r1gWRgpLLhSG1Bfk1YjNZ', 'verified': 0, 'share': 100}]",1250,6RyQDAybCUH18WVuuMZoMe6Qv7zPFBpWTyuVsigD5uNu,"[{'trait_type': 'Background', 'value': 'BG 2'}, {'trait_type': 'Face', 'value': 'Ogre'}, {'trait_type': 'Arms', 'value': 'Shanks'}, {'trait_type': 'Accessories', 'value': 'Sparkle'}, {'trait_type': 'Torso', 'value': 'ZOKU007'}, {'trait_type': 'Helmet', 'value': 'Chaser'}, {'trait_type': 'Feet', 'value': 'Delta'}, {'trait_type': 'Bracers', 'value': 'Hermes'}, {'trait_type': 'Hands', 'value': 'Lust'}]","{'files': [{'type': 'image/png', 'uri': 'https://arweave.net/hx00Nja1HHMJOfv7xxBbeTPoDZcbZcAOF133K44MpDY'}], 'category': 'image', 'creators': [{'address': '52Cy9Xus2JgCszQ9vZq24A4r1gWRgpLLhSG1Bfk1YjNZ', 'share': 100}]}",1,ZanzPN8P8kP41jq5gTR5yVQMavndvmSxUhSqrSjY36v,1,{},False,"{'auctionHouseKey': 'E8cU1WiRWjanGxmn96ewBgk9vPTcL6AEZ1t6F6fkgUWe', 'sellerReferral': 'autMW8SgBkVYeBgqYiTuJZnkvDZMVU2MHJh9Jh7CSQ2', 'expiry': -1}"
7,99fAR8XWtg21CqTyQF982zAbJt2bD9Wam9gJdYwvAGsw,12.0,FfwJ85wdZkoqtWX7FE3v2RUC4w81F7G71v7r34FxBYY5,DeoGugXHAjiwTDmM5ab3b1RMZqZPZEzgGjb9aQG15Cwc,zankoku,Zankoku Cybogrez,https://arweave.net/E-xL5S4Yk5j5ZZMJ8PBFjMKEJY2c_xaUCYdKaxpkEHA,Zankoku Cybogrez #896,Cybogrez go BOP BOP,https://zankokuarena.io,image,"[{'address': 'xgLPMgPaFd1mjgP73Ghkogkpokn9AZFQhPAB5nre8m5', 'verified': 1, 'share': 0}, {'address': '52Cy9Xus2JgCszQ9vZq24A4r1gWRgpLLhSG1Bfk1YjNZ', 'verified': 0, 'share': 100}]",1250,biLqp7v64ZyVcmBUKGCZaFxBwUdJWa8qXGQbC1dPZ7q,"[{'trait_type': 'Background', 'value': 'BG 10'}, {'trait_type': 'Face', 'value': 'Ogre'}, {'trait_type': 'Arms', 'value': 'Apollo'}, {'trait_type': 'Accessories', 'value': 'Sparkle'}, {'trait_type': 'Torso', 'value': 'ZOKU001'}, {'trait_type': 'Helmet', 'value': 'Samurai'}, {'trait_type': 'Feet', 'value': 'Mega'}, {'trait_type': 'Bracers', 'value': 'Ultima'}, {'trait_type': 'Hands', 'value': 'Star Crossed'}]","{'files': [{'type': 'image/png', 'uri': 'https://arweave.net/E-xL5S4Yk5j5ZZMJ8PBFjMKEJY2c_xaUCYdKaxpkEHA'}], 'category': 'image', 'creators': [{'address': '52Cy9Xus2JgCszQ9vZq24A4r1gWRgpLLhSG1Bfk1YjNZ', 'share': 100}]}",1,ZanzPN8P8kP41jq5gTR5yVQMavndvmSxUhSqrSjY36v,1,{},False,"{'auctionHouseKey': 'E8cU1WiRWjanGxmn96ewBgk9vPTcL6AEZ1t6F6fkgUWe', 'sellerReferral': 'autMW8SgBkVYeBgqYiTuJZnkvDZMVU2MHJh9Jh7CSQ2', 'expiry': -1}"
8,H8QudJSnVPYcvSfbvmoqreAyVsRtjnBJEZSJZA3KVQYc,12.0,GAm6WTDG14kcAJFDkwECU7qaCmCXvWQxHkteySSzWnGz,DeoGugXHAjiwTDmM5ab3b1RMZqZPZEzgGjb9aQG15Cwc,zankoku,Zankoku Cybogrez,https://arweave.net/5TEWnCrwXRLhrgQEGrtIrKIEOedI3G_MOGoNN1iCU8s,Zankoku Cybogrez #769,Cybogrez go BOP BOP,https://zankokuarena.io,image,"[{'address': 'xgLPMgPaFd1mjgP73Ghkogkpokn9AZFQhPAB5nre8m5', 'verified': 1, 'share': 0}, {'address': '52Cy9Xus2JgCszQ9vZq24A4r1gWRgpLLhSG1Bfk1YjNZ', 'verified': 0, 'share': 100}]",1250,CXr5gyXRTf68N8EmAvu5bHuoRgGpZZ8Hahc6937gHENN,"[{'trait_type': 'Background', 'value': 'BG 24'}, {'trait_type': 'Face', 'value': 'Ogre'}, {'trait_type': 'Arms', 'value': 'Beta'}, {'trait_type': 'Accessories', 'value': 'Cross Bandaid'}, {'trait_type': 'Torso', 'value': 'ZOKU023'}, {'trait_type': 'Helmet', 'value': 'Neptune'}, {'trait_type': 'Feet', 'value': 'Turbo'}, {'trait_type': 'Bracers', 'value': 'Aion'}, {'trait_type': 'Hands', 'value': 'Sloth'}]","{'files': [{'type': 'image/png', 'uri': 'https://arweave.net/5TEWnCrwXRLhrgQEGrtIrKIEOedI3G_MOGoNN1iCU8s'}], 'category': 'image', 'creators': [{'address': '52Cy9Xus2JgCszQ9vZq24A4r1gWRgpLLhSG1Bfk1YjNZ', 'share': 100}]}",1,ZanzPN8P8kP41jq5gTR5yVQMavndvmSxUhSqrSjY36v,1,{},False,"{'auctionHouseKey': 'E8cU1WiRWjanGxmn96ewBgk9vPTcL6AEZ1t6F6fkgUWe', 'sellerReferral': 'autMW8SgBkVYeBgqYiTuJZnkvDZMVU2MHJh9Jh7CSQ2', 'expiry': -1}"
9,9fNRaNkVNdUVXay22mD9QZkkF9aJPgTJxUCP17MqtqCJ,12.0,5dycyQSyC4kzt1Dzgd19jgeA6vQskvw4oczsSfYZsMTk,DeoGugXHAjiwTDmM5ab3b1RMZqZPZEzgGjb9aQG15Cwc,zankoku,Zankoku Cybogrez,https://arweave.net/XhixCFe3KnsJfafrD4hoF1ST440SgjUmngHCfY9rCHs,Zankoku Cybogrez #409,Cybogrez go BOP BOP,https://zankokuarena.io,image,"[{'address': 'xgLPMgPaFd1mjgP73Ghkogkpokn9AZFQhPAB5nre8m5', 'verified': 1, 'share': 0}, {'address': '52Cy9Xus2JgCszQ9vZq24A4r1gWRgpLLhSG1Bfk1YjNZ', 'verified': 0, 'share': 100}]",1250,3TZNwi1L6HSrBBQaEKgBUZVGmVTP9qjUiySkL4vrsQJr,"[{'trait_type': 'Background', 'value': 'BG 9'}, {'trait_type': 'Face', 'value': 'Ogre'}, {'trait_type': 'Arms', 'value': 'Mighty'}, {'trait_type': 'Accessories', 'value': 'Songbird'}, {'trait_type': 'Torso', 'value': 'ZOKU017'}, {'trait_type': 'Helmet', 'value': 'Darkstar'}, {'trait_type': 'Feet', 'value': 'Hercule'}, {'trait_type': 'Bracers', 'value': 'Tarto'}, {'trait_type': 'Hands', 'value': 'Ogre'}]","{'files': [{'type': 'image/png', 'uri': 'https://arweave.net/XhixCFe3KnsJfafrD4hoF1ST440SgjUmngHCfY9rCHs'}], 'category': 'image', 'creators': [{'address': '52Cy9Xus2JgCszQ9vZq24A4r1gWRgpLLhSG1Bfk1YjNZ', 'share': 100}]}",1,ZanzPN8P8kP41jq5gTR5yVQMavndvmSxUhSqrSjY36v,1,{},False,"{'auctionHouseKey': 'E8cU1WiRWjanGxmn96ewBgk9vPTcL6AEZ1t6F6fkgUWe', 'sellerReferral': 'autMW8SgBkVYeBgqYiTuJZnkvDZMVU2MHJh9Jh7CSQ2', 'expiry': -1}"
10,72eYNy66o25ZkbrqKTGjhTHnP67AAwNupVmbPY9m2MCd,12.0,8nfCCLhk6kYFun2aoSgDWy6KinQCtFM7vnEmtNq3jw8V,DeoGugXHAjiwTDmM5ab3b1RMZqZPZEzgGjb9aQG15Cwc,zankoku,Zankoku Cybogrez,https://arweave.net/vsyCtEqtbymGNzWX-LGKrb7RZfjlbwp9-jH8SdhP-Is,Zankoku Cybogrez #1100,Cybogrez go BOP BOP,https://zankokuarena.io,image,"[{'address': 'xgLPMgPaFd1mjgP73Ghkogkpokn9AZFQhPAB5nre8m5', 'verified': 1, 'share': 0}, {'address': '52Cy9Xus2JgCszQ9vZq24A4r1gWRgpLLhSG1Bfk1YjNZ', 'verified': 0, 'share': 100}]",1250,44Jwf3nNeEjUApa1gdgZEiJxJEP3qtftbFLkmcr2G24p,"[{'trait_type': 'Background', 'value': 'BG 20'}, {'trait_type': 'Face', 'value': 'Ogre'}, {'trait_type': 'Arms', 'value': 'Ultima'}, {'trait_type': 'Accessories', 'value': 'None'}, {'trait_type': 'Torso', 'value': 'ZOKU011'}, {'trait_type': 'Helmet', 'value': 'Dream'}, {'trait_type': 'Feet', 'value': 'Bronze'}, {'trait_type': 'Bracers', 'value': 'Hazard'}, {'trait_type': 'Hands', 'value': 'Sloth'}]","{'files': [{'type': 'image/png', 'uri': 'https://arweave.net/vsyCtEqtbymGNzWX-LGKrb7RZfjlbwp9-jH8SdhP-Is'}], 'category': 'image', 'creators': [{'address': '52Cy9Xus2JgCszQ9vZq24A4r1gWRgpLLhSG1Bfk1YjNZ', 'share': 100}]}",1,ZanzPN8P8kP41jq5gTR5yVQMavndvmSxUhSqrSjY36v,1,{},False,"{'auctionHouseKey': 'E8cU1WiRWjanGxmn96ewBgk9vPTcL6AEZ1t6F6fkgUWe', 'sellerReferral': 'autMW8SgBkVYeBgqYiTuJZnkvDZMVU2MHJh9Jh7CSQ2', 'expiry': -1}"
11,GYMHjasNNg8RHqztD3om2nHYUpx3U5ZTFLJAmquKfCpL,12.0,Akb9YDkt3e3AJwuLLqmKLEkAuyPLUrR3xRrak6PxXacz,F5n9NoQsqi3NrwMFgp9StmXL87GSdeAqbmDpyJoPd4Eh,zankoku,Zankoku Cybogrez,https://arweave.net/eAVlScRj14xi53cS9TYEmrqjj4ZADomxrurQZzYXC-Y,Zankoku Cybogrez #34,Cybogrez go BOP BOP,https://zankokuarena.io,image,"[{'address': 'xgLPMgPaFd1mjgP73Ghkogkpokn9AZFQhPAB5nre8m5', 'verified': 1, 'share': 0}, {'address': '52Cy9Xus2JgCszQ9vZq24A4r1gWRgpLLhSG1Bfk1YjNZ', 'verified': 0, 'share': 100}]",1250,9fUKH34zPEZPRLk6Cq6ZZRFFjTPFVRc2Jk4GoP6jJZRn,"[{'trait_type': 'Background', 'value': 'BG 10'}, {'trait_type': 'Face', 'value': 'Ogre'}, {'trait_type': 'Arms', 'value': 'Undine'}, {'trait_type': 'Accessories', 'value': 'Tongue'}, {'trait_type': 'Torso', 'value': 'ZOKU023'}, {'trait_type': 'Helmet', 'value': 'Tohth'}, {'trait_type': 'Feet', 'value': 'Berrier'}, {'trait_type': 'Bracers', 'value': 'Hades'}, {'trait_type': 'Hands', 'value': 'Survivor'}]","{'files': [{'type': 'image/png', 'uri': 'https://arweave.net/eAVlScRj14xi53cS9TYEmrqjj4ZADomxrurQZzYXC-Y'}], 'category': 'image', 'creators': [{'address': '52Cy9Xus2JgCszQ9vZq24A4r1gWRgpLLhSG1Bfk1YjNZ', 'share': 100}]}",1,ZanzPN8P8kP41jq5gTR5yVQMavndvmSxUhSqrSjY36v,1,{},False,"{'auctionHouseKey': 'E8cU1WiRWjanGxmn96ewBgk9vPTcL6AEZ1t6F6fkgUWe', 'sellerReferral': 'autMW8SgBkVYeBgqYiTuJZnkvDZMVU2MHJh9Jh7CSQ2', 'expiry': -1}"
12,tkfDQGMrWevRyeuZg3ZfPvyXQrpU7fQWNuC9SsFcoXs,12.5,7gDjeuvMoqnewFMFvyDWfxoqZTspWYrtf3Yg8r2qR5AL,9JNCNGgXpzBCRqdMBpyrnZjKiHrnA37VkeaFeJnuf7AN,zankoku,Zankoku Cybogrez,https://arweave.net/SvzXoRh3HLQxrowMuNY5wxYMY9nICT2hWFmFm3yjklA,Zankoku Cybogrez #690,Cybogrez go BOP BOP,https://zankokuarena.io,image,"[{'address': 'xgLPMgPaFd1mjgP73Ghkogkpokn9AZFQhPAB5nre8m5', 'verified': 1, 'share': 0}, {'address': '52Cy9Xus2JgCszQ9vZq24A4r1gWRgpLLhSG1Bfk1YjNZ', 'verified': 0, 'share': 100}]",1250,Aa2HhM7pcGr6A4P6bjBqRi8gyHRvNpSSLXCns7NfArzd,"[{'trait_type': 'Background', 'value': 'BG 12'}, {'trait_type': 'Face', 'value': 'Ogre'}, {'trait_type': 'Arms', 'value': 'Undine'}, {'trait_type': 'Accessories', 'value': 'Double Eyebrow Ring'}, {'trait_type': 'Torso', 'value': 'ZOKU018'}, {'trait_type': 'Helmet', 'value': 'Cyan'}, {'trait_type': 'Feet', 'value': 'Vox'}, {'trait_type': 'Bracers', 'value': 'Aphrodite'}, {'trait_type': 'Hands', 'value': 'Geo'}]","{'files': [{'type': 'image/png', 'uri': 'https://arweave.net/SvzXoRh3HLQxrowMuNY5wxYMY9nICT2hWFmFm3yjklA'}], 'category': 'image', 'creators': [{'address': '52Cy9Xus2JgCszQ9vZq24A4r1gWRgpLLhSG1Bfk1YjNZ', 'share': 100}]}",1,ZanzPN8P8kP41jq5gTR5yVQMavndvmSxUhSqrSjY36v,1,{},False,"{'auctionHouseKey': 'E8cU1WiRWjanGxmn96ewBgk9vPTcL6AEZ1t6F6fkgUWe', 'sellerReferral': 'autMW8SgBkVYeBgqYiTuJZnkvDZMVU2MHJh9Jh7CSQ2', 'expiry': -1}"
13,ifJ4mJfCaqSsLUbtwLoRdsb4casYMuNCdmy38BSTf3X,12.8,CH3T776faxjwZn92UHEXchKQqHXnnQN5dTCa13F2GRFf,6MCHoXfeRWi3zKaduWpFsBRgZRpiTbfvy8H7wtizPW1p,zankoku,Zankoku Cybogrez,https://arweave.net/dgiKBFlFxySzZc9GVCJ5TzOrKL7v_NlZ3gRclzAwQ8E,Zankoku Cybogrez #658,Cybogrez go BOP BOP,https://zankokuarena.io,image,"[{'address': 'xgLPMgPaFd1mjgP73Ghkogkpokn9AZFQhPAB5nre8m5', 'verified': 1, 'share': 0}, {'address': '52Cy9Xus2JgCszQ9vZq24A4r1gWRgpLLhSG1Bfk1YjNZ', 'verified': 0, 'share': 100}]",1250,BSCDB4dbhMdCXS25ATRHVKgErKr1C9Vbu48Kwt22V6Sj,"[{'trait_type': 'Background', 'value': 'BG 12'}, {'trait_type': 'Face', 'value': 'Ogre'}, {'trait_type': 'Arms', 'value': 'Kappa'}, {'trait_type': 'Accessories', 'value': 'Horns'}, {'trait_type': 'Torso', 'value': 'ZOKU017'}, {'trait_type': 'Helmet', 'value': 'Golem'}, {'trait_type': 'Feet', 'value': 'Delta'}, {'trait_type': 'Bracers', 'value': 'Fane'}, {'trait_type': 'Hands', 'value': 'Anubis'}]","{'files': [{'type': 'image/png', 'uri': 'https://arweave.net/dgiKBFlFxySzZc9GVCJ5TzOrKL7v_NlZ3gRclzAwQ8E'}], 'category': 'image', 'creators': [{'address': '52Cy9Xus2JgCszQ9vZq24A4r1gWRgpLLhSG1Bfk1YjNZ', 'share': 100}]}",1,ZanzPN8P8kP41jq5gTR5yVQMavndvmSxUhSqrSjY36v,1,{},False,"{'auctionHouseKey': 'E8cU1WiRWjanGxmn96ewBgk9vPTcL6AEZ1t6F6fkgUWe', 'sellerReferral': 'autMW8SgBkVYeBgqYiTuJZnkvDZMVU2MHJh9Jh7CSQ2', 'expiry': -1}"
14,C7FUK6eDGxfLNub8chxngadYmh5XkTbitgdw8PXunkaC,14.0,DdeBBF1b4cEbEmcFZR3pFo7CYVqTMq35c3fWt6WzMf3D,9rnD5YStiys48QHWMjUVS1fSRkW4Zgav3ApGLtp1YvMB,zankoku,Zankoku Cybogrez,https://arweave.net/uquY0HAhHo1AT-QJDbEozmJOoYS674AoCews_kZ_i0I,Zankoku Cybogrez #9,Cybogrez go BOP BOP,https://zankokuarena.io,image,"[{'address': 'xgLPMgPaFd1mjgP73Ghkogkpokn9AZFQhPAB5nre8m5', 'verified': 1, 'share': 0}, {'address': '52Cy9Xus2JgCszQ9vZq24A4r1gWRgpLLhSG1Bfk1YjNZ', 'verified': 0, 'share': 100}]",1250,H6EJXErRz9i72ZcAMjxMU3cf3hsz1Fgc4vatfAWjHTAy,"[{'trait_type': 'Background', 'value': 'BG 7'}, {'trait_type': 'Face', 'value': 'Ogre'}, {'trait_type': 'Arms', 'value': 'Ares'}, {'trait_type': 'Accessories', 'value': 'None'}, {'trait_type': 'Torso', 'value': 'ZOKU025'}, {'trait_type': 'Helmet', 'value': 'Justice'}, {'trait_type': 'Feet', 'value': 'Hero'}, {'trait_type': 'Bracers', 'value': 'Aion'}, {'trait_type': 'Hands', 'value': 'Gold Finger'}]","{'files': [{'type': 'image/png', 'uri': 'https://arweave.net/uquY0HAhHo1AT-QJDbEozmJOoYS674AoCews_kZ_i0I'}], 'category': 'image', 'creators': [{'address': '52Cy9Xus2JgCszQ9vZq24A4r1gWRgpLLhSG1Bfk1YjNZ', 'share': 100}]}",1,ZanzPN8P8kP41jq5gTR5yVQMavndvmSxUhSqrSjY36v,1,{},False,
15,Hcr6eC95XfYtDGbmHDppk1h9KiHeTGT3hezMViVDkEed,14.0,8FtkJ4LwxrtyJgZU12xdG4eqFqWwsBJs831nxNfHBnmy,7fTZ1d4JpWcbBQPxkxJffSUzGNRLb1Y5ChecNumxCy35,zankoku,Zankoku Cybogrez,https://arweave.net/eFAk6GAAw4VjkeCyhC1BIbHpSkz61RUT6FVG2giue-g,Zankoku Cybogrez #823,Cybogrez go BOP BOP,https://zankokuarena.io,image,"[{'address': 'xgLPMgPaFd1mjgP73Ghkogkpokn9AZFQhPAB5nre8m5', 'verified': 1, 'share': 0}, {'address': '52Cy9Xus2JgCszQ9vZq24A4r1gWRgpLLhSG1Bfk1YjNZ', 'verified': 0, 'share': 100}]",1250,BttpBL4zbZePE2MDi7nEVg3gMbufkG6BtKk6ia9CSsMA,"[{'trait_type': 'Background', 'value': 'BG 8'}, {'trait_type': 'Face', 'value': 'Ogre'}, {'trait_type': 'Arms', 'value': 'Ares'}, {'trait_type': 'Accessories', 'value': 'Songbird'}, {'trait_type': 'Torso', 'value': 'ZOKU001'}, {'trait_type': 'Helmet', 'value': 'Seige'}, {'trait_type': 'Feet', 'value': 'Hero'}, {'trait_type': 'Bracers', 'value': 'Zues'}, {'trait_type': 'Hands', 'value': 'Gold Finger'}]","{'files': [{'type': 'image/png', 'uri': 'https://arweave.net/eFAk6GAAw4VjkeCyhC1BIbHpSkz61RUT6FVG2giue-g'}], 'category': 'image', 'creators': [{'address': '52Cy9Xus2JgCszQ9vZq24A4r1gWRgpLLhSG1Bfk1YjNZ', 'share': 100}]}",1,ZanzPN8P8kP41jq5gTR5yVQMavndvmSxUhSqrSjY36v,1,{},False,"{'auctionHouseKey': 'E8cU1WiRWjanGxmn96ewBgk9vPTcL6AEZ1t6F6fkgUWe', 'sellerReferral': 'autMW8SgBkVYeBgqYiTuJZnkvDZMVU2MHJh9Jh7CSQ2', 'expiry': -1}"
16,H4sTicP4sHNmpTPnQcNkUUR1FfjvYyaymGc5h924dKg9,14.49,H9p6U1Gw3vqX2vLEReAi9msgnohYaVaDA5DgFne7dJRj,5SnVytnkv4FstLEsFvtLhaL6imthdytYMdxbvt4zr2hG,zankoku,Zankoku Cybogrez,https://arweave.net/97bod95f2KoVYMyLhX1uP9CGYDJxmjBaVaPAx8l0AHA,Zankoku Cybogrez #788,Cybogrez go BOP BOP,https://zankokuarena.io,image,"[{'address': 'xgLPMgPaFd1mjgP73Ghkogkpokn9AZFQhPAB5nre8m5', 'verified': 1, 'share': 0}, {'address': '52Cy9Xus2JgCszQ9vZq24A4r1gWRgpLLhSG1Bfk1YjNZ', 'verified': 0, 'share': 100}]",1250,84xxEzJ5yPHYnFkayR9j644vzqCQvbdEtHfF7rfNH2DM,"[{'trait_type': 'Background', 'value': 'BG 8'}, {'trait_type': 'Face', 'value': 'Ogre'}, {'trait_type': 'Arms', 'value': 'Ratchet'}, {'trait_type': 'Accessories', 'value': 'Songbird'}, {'trait_type': 'Torso', 'value': 'ZOKU018'}, {'trait_type': 'Helmet', 'value': 'Golem'}, {'trait_type': 'Feet', 'value': 'Berrier'}, {'trait_type': 'Bracers', 'value': 'Chaos'}, {'trait_type': 'Hands', 'value': 'Geo'}]","{'files': [{'type': 'image/png', 'uri': 'https://arweave.net/97bod95f2KoVYMyLhX1uP9CGYDJxmjBaVaPAx8l0AHA'}], 'category': 'image', 'creators': [{'address': '52Cy9Xus2JgCszQ9vZq24A4r1gWRgpLLhSG1Bfk1YjNZ', 'share': 100}]}",1,ZanzPN8P8kP41jq5gTR5yVQMavndvmSxUhSqrSjY36v,1,{},False,"{'auctionHouseKey': 'E8cU1WiRWjanGxmn96ewBgk9vPTcL6AEZ1t6F6fkgUWe', 'sellerReferral': 'autMW8SgBkVYeBgqYiTuJZnkvDZMVU2MHJh9Jh7CSQ2', 'expiry': -1}"
17,2cvjaqGo8R5vaY5mzSqPycjghAdCTkQQbkiWaUD65nsC,14.75,GZAueNwwNJSh16gkvSk8LfkpAS7tTTVRJnBgJ69goSmz,471hynB3M9K7VJjFfq2qs5aZH9pr8Z8icR1WyCNiJdBG,zankoku,Zankoku Cybogrez,https://arweave.net/sc358dH-4dpmbDFar4BFHeYXoBkfxH4VT2caLE40aFA,Zankoku Cybogrez #820,Cybogrez go BOP BOP,https://zankokuarena.io,image,"[{'address': 'xgLPMgPaFd1mjgP73Ghkogkpokn9AZFQhPAB5nre8m5', 'verified': 1, 'share': 0}, {'address': '52Cy9Xus2JgCszQ9vZq24A4r1gWRgpLLhSG1Bfk1YjNZ', 'verified': 0, 'share': 100}]",1250,8e37HkNHUZSx6jdDRyodeJwikDntpb3Ytjd7UDcMG7a6,"[{'trait_type': 'Background', 'value': 'BG 20'}, {'trait_type': 'Face', 'value': 'Ogre'}, {'trait_type': 'Arms', 'value': 'Beta'}, {'trait_type': 'Accessories', 'value': 'None'}, {'trait_type': 'Torso', 'value': 'ZOKU007'}, {'trait_type': 'Helmet', 'value': 'Golem'}, {'trait_type': 'Feet', 'value': 'Berrier'}, {'trait_type': 'Bracers', 'value': 'Athena'}, {'trait_type': 'Hands', 'value': 'Star Crossed'}]","{'files': [{'type': 'image/png', 'uri': 'https://arweave.net/sc358dH-4dpmbDFar4BFHeYXoBkfxH4VT2caLE40aFA'}], 'category': 'image', 'creators': [{'address': '52Cy9Xus2JgCszQ9vZq24A4r1gWRgpLLhSG1Bfk1YjNZ', 'share': 100}]}",1,ZanzPN8P8kP41jq5gTR5yVQMavndvmSxUhSqrSjY36v,1,{},False,"{'auctionHouseKey': 'E8cU1WiRWjanGxmn96ewBgk9vPTcL6AEZ1t6F6fkgUWe', 'sellerReferral': 'autMW8SgBkVYeBgqYiTuJZnkvDZMVU2MHJh9Jh7CSQ2', 'expiry': -1}"
18,ALLKH7VvRsZtzy7AiozRGhQdjaGShsTZpa3D9HC8V1ef,14.75,B3aJQvvqmy7gXdj1osVUvQphS1FDDcedPkxh3J78CRz1,HDcZHcTz3vHuWvyNp4Z7NnHd89bsQ1ezQugwa9bMCsZV,zankoku,Zankoku Cybogrez,https://arweave.net/LQ9GN9UBZH4e8Nidpo5GYlebSE5g_s4qdHI5xnopN2A,Zankoku Cybogrez #38,Cybogrez go BOP BOP,https://zankokuarena.io,image,"[{'address': 'xgLPMgPaFd1mjgP73Ghkogkpokn9AZFQhPAB5nre8m5', 'verified': 1, 'share': 0}, {'address': '52Cy9Xus2JgCszQ9vZq24A4r1gWRgpLLhSG1Bfk1YjNZ', 'verified': 0, 'share': 100}]",1250,A5e1GHLEh2BS6dhBbv43B1mex6MV8b4oMLKykga1KRhD,"[{'trait_type': 'Background', 'value': 'BG 6'}, {'trait_type': 'Face', 'value': 'Ogre'}, {'trait_type': 'Arms', 'value': 'Kappa'}, {'trait_type': 'Accessories', 'value': 'Double Eyebrow Ring'}, {'trait_type': 'Torso', 'value': 'ZOKU018'}, {'trait_type': 'Helmet', 'value': 'Golem'}, {'trait_type': 'Feet', 'value': 'Mega'}, {'trait_type': 'Bracers', 'value': 'Atlas'}, {'trait_type': 'Hands', 'value': 'Sloth'}]","{'files': [{'type': 'image/png', 'uri': 'https://arweave.net/LQ9GN9UBZH4e8Nidpo5GYlebSE5g_s4qdHI5xnopN2A'}], 'category': 'image', 'creators': [{'address': '52Cy9Xus2JgCszQ9vZq24A4r1gWRgpLLhSG1Bfk1YjNZ', 'share': 100}]}",1,ZanzPN8P8kP41jq5gTR5yVQMavndvmSxUhSqrSjY36v,1,{},False,"{'auctionHouseKey': 'E8cU1WiRWjanGxmn96ewBgk9vPTcL6AEZ1t6F6fkgUWe', 'sellerReferral': 'autMW8SgBkVYeBgqYiTuJZnkvDZMVU2MHJh9Jh7CSQ2', 'expiry': -1}"
19,9spJiBruJLazmfH3SjbqhLa3zm5Z2gFJGTkyP1mz7d9U,15.0,EsnLU6uprdxXdFAfFZKCmxthFpeGP1m9XXEQofPLJSBb,ANuvG3HY1cNTRW84wrGwhkoTpfS9v77G4q9xnBMZ3tEb,zankoku,Zankoku Cybogrez,https://arweave.net/FdqGzpCVehrV-MUudLX29S5l_pdOtufNq4jUTZVZ-fg,Zankoku Cybogrez #39,Cybogrez go BOP BOP,https://zankokuarena.io,image,"[{'address': 'xgLPMgPaFd1mjgP73Ghkogkpokn9AZFQhPAB5nre8m5', 'verified': 1, 'share': 0}, {'address': '52Cy9Xus2JgCszQ9vZq24A4r1gWRgpLLhSG1Bfk1YjNZ', 'verified': 0, 'share': 100}]",1250,Gry5Z1H5XrL1xsX8Q6rvznrL4TZPe1dYukjpHbZqwqGk,"[{'trait_type': 'Background', 'value': 'BG 8'}, {'trait_type': 'Face', 'value': 'Ogre'}, {'trait_type': 'Arms', 'value': 'Gemin'}, {'trait_type': 'Accessories', 'value': 'X'}, {'trait_type': 'Torso', 'value': 'ZOKU017'}, {'trait_type': 'Helmet', 'value': 'Tohth'}, {'trait_type': 'Feet', 'value': 'Delta'}, {'trait_type': 'Bracers', 'value': 'Aion'}, {'trait_type': 'Hands', 'value': 'Gold Finger'}]","{'files': [{'type': 'image/png', 'uri': 'https://arweave.net/FdqGzpCVehrV-MUudLX29S5l_pdOtufNq4jUTZVZ-fg'}], 'category': 'image', 'creators': [{'address': '52Cy9Xus2JgCszQ9vZq24A4r1gWRgpLLhSG1Bfk1YjNZ', 'share': 100}]}",1,ZanzPN8P8kP41jq5gTR5yVQMavndvmSxUhSqrSjY36v,1,{},False,"{'auctionHouseKey': 'E8cU1WiRWjanGxmn96ewBgk9vPTcL6AEZ1t6F6fkgUWe', 'sellerReferral': 'autMW8SgBkVYeBgqYiTuJZnkvDZMVU2MHJh9Jh7CSQ2', 'expiry': -1}"
20,E1jMLxRJwAFWrsCe8kRUkkEywa8rAqEQZjgMjLZin2pr,15.0,7SbNJjR2VK5vfkETUuqruX2sW22wjmJnwtjQJdWT5CUn,PoLoy5q6vPoFU3BPFoG485LSMsQyXXRDy2Y6AS5qVkX,zankoku,Zankoku Cybogrez,https://arweave.net/rMLsdQuLhgUup-O-2jisnPj6vSG7JpuYSgWauSjrOGE,Zankoku Cybogrez #721,Cybogrez go BOP BOP,https://zankokuarena.io,image,"[{'address': 'xgLPMgPaFd1mjgP73Ghkogkpokn9AZFQhPAB5nre8m5', 'verified': 1, 'share': 0}, {'address': '52Cy9Xus2JgCszQ9vZq24A4r1gWRgpLLhSG1Bfk1YjNZ', 'verified': 0, 'share': 100}]",1250,3wNcNdkdJRZ6eRgr7okt9Bb29ZMVXQKZ47tP4UnuJfMX,"[{'trait_type': 'Background', 'value': 'BG 6'}, {'trait_type': 'Face', 'value': 'Ogre'}, {'trait_type': 'Arms', 'value': 'Ultima'}, {'trait_type': 'Accessories', 'value': 'Double Eyebrow Ring'}, {'trait_type': 'Torso', 'value': 'ZOKU019'}, {'trait_type': 'Helmet', 'value': 'Brax'}, {'trait_type': 'Feet', 'value': 'Balder'}, {'trait_type': 'Bracers', 'value': 'Hermes'}, {'trait_type': 'Hands', 'value': 'Enigma'}]","{'files': [{'type': 'image/png', 'uri': 'https://arweave.net/rMLsdQuLhgUup-O-2jisnPj6vSG7JpuYSgWauSjrOGE'}], 'category': 'image', 'creators': [{'address': '52Cy9Xus2JgCszQ9vZq24A4r1gWRgpLLhSG1Bfk1YjNZ', 'share': 100}]}",1,ZanzPN8P8kP41jq5gTR5yVQMavndvmSxUhSqrSjY36v,1,{},False,"{'auctionHouseKey': 'E8cU1WiRWjanGxmn96ewBgk9vPTcL6AEZ1t6F6fkgUWe', 'sellerReferral': 'autMW8SgBkVYeBgqYiTuJZnkvDZMVU2MHJh9Jh7CSQ2', 'expiry': -1}"
21,HR76VSmZPnU1qhpyebcvRF9WgENSwdoPwW39zkiuY29j,15.0,GC9rXBmD8TopNWhofJpxS5uig6r8ERwFhtQ3yFuZhcsG,CJiL9nWoDg5v7wB71qpnYZXR9Lny1FqTzNq88nY2Cgjt,zankoku,Zankoku Cybogrez,https://arweave.net/86dLboHc16hhhVAcbYLBHv9WhRueouaF6IxfAqob26U,Zankoku Cybogrez #902,Cybogrez go BOP BOP,https://zankokuarena.io,image,"[{'address': 'xgLPMgPaFd1mjgP73Ghkogkpokn9AZFQhPAB5nre8m5', 'verified': 1, 'share': 0}, {'address': '52Cy9Xus2JgCszQ9vZq24A4r1gWRgpLLhSG1Bfk1YjNZ', 'verified': 0, 'share': 100}]",1250,HkdjADojp5aGniWGFFC5EbsZ6W94tWUoEGqo3zLQydk7,"[{'trait_type': 'Background', 'value': 'BG 12'}, {'trait_type': 'Face', 'value': 'Ogre'}, {'trait_type': 'Arms', 'value': 'Shanks'}, {'trait_type': 'Accessories', 'value': 'Sparkle'}, {'trait_type': 'Torso', 'value': 'ZOKU018'}, {'trait_type': 'Helmet', 'value': 'Sethan'}, {'trait_type': 'Feet', 'value': 'Spark'}, {'trait_type': 'Bracers', 'value': 'Ultima'}, {'trait_type': 'Hands', 'value': 'Drako'}]","{'files': [{'type': 'image/png', 'uri': 'https://arweave.net/86dLboHc16hhhVAcbYLBHv9WhRueouaF6IxfAqob26U'}], 'category': 'image', 'creators': [{'address': '52Cy9Xus2JgCszQ9vZq24A4r1gWRgpLLhSG1Bfk1YjNZ', 'share': 100}]}",1,ZanzPN8P8kP41jq5gTR5yVQMavndvmSxUhSqrSjY36v,1,{},False,"{'auctionHouseKey': 'E8cU1WiRWjanGxmn96ewBgk9vPTcL6AEZ1t6F6fkgUWe', 'sellerReferral': 'autMW8SgBkVYeBgqYiTuJZnkvDZMVU2MHJh9Jh7CSQ2', 'expiry': -1}"
22,DovBDSEuu9R6M1hPmbcg686pvFkEo1XUVfFqRyaiM2VK,16.0,3TX5Rgs5FGhExAYpVMfwJo67MVpqF5z8SBto6awTAD4S,Euv16hYN7Pu7AYDVRLK2s6BTCxoxt5u7un8ZvtbjccBa,zankoku,Zankoku Cybogrez,https://arweave.net/4V5vh6u7NCGpQ0HFVaFBVkejK-1W7JhZmlFg3OohbdA,Zankoku Cybogrez #16,Cybogrez go BOP BOP,https://zankokuarena.io,image,"[{'address': 'xgLPMgPaFd1mjgP73Ghkogkpokn9AZFQhPAB5nre8m5', 'verified': 1, 'share': 0}, {'address': '52Cy9Xus2JgCszQ9vZq24A4r1gWRgpLLhSG1Bfk1YjNZ', 'verified': 0, 'share': 100}]",1250,5tbbCUfmsC9mFyZzaXrz8hKW51N9wGVbsGe3e1u53omX,"[{'trait_type': 'Background', 'value': 'BG 4'}, {'trait_type': 'Face', 'value': 'Ogre'}, {'trait_type': 'Arms', 'value': 'Ratchet'}, {'trait_type': 'Accessories', 'value': 'None'}, {'trait_type': 'Torso', 'value': 'ZOKU020'}, {'trait_type': 'Helmet', 'value': 'Justice'}, {'trait_type': 'Feet', 'value': 'Loki'}, {'trait_type': 'Bracers', 'value': 'Prime'}, {'trait_type': 'Hands', 'value': 'Survivor'}]","{'files': [{'type': 'image/png', 'uri': 'https://arweave.net/4V5vh6u7NCGpQ0HFVaFBVkejK-1W7JhZmlFg3OohbdA'}], 'category': 'image', 'creators': [{'address': '52Cy9Xus2JgCszQ9vZq24A4r1gWRgpLLhSG1Bfk1YjNZ', 'share': 100}]}",1,ZanzPN8P8kP41jq5gTR5yVQMavndvmSxUhSqrSjY36v,1,{},False,"{'auctionHouseKey': 'E8cU1WiRWjanGxmn96ewBgk9vPTcL6AEZ1t6F6fkgUWe', 'sellerReferral': 'autMW8SgBkVYeBgqYiTuJZnkvDZMVU2MHJh9Jh7CSQ2', 'expiry': -1}"
23,BjRQ5LhqTVGAR9y1cmDkkZtM13E1Z1PLEeaq3pofqc6C,16.94201,iaroLYJrHBmiCzgpBPpYUdVTotUd1eAXRD8vyR4jNVR,9SEycz66VrPnAhhH8sXWQzb11FuBaLYiYuMFNrAxxeQj,zankoku,Zankoku Cybogrez,https://arweave.net/zeVzfluzPSpyk7umCZCoPjrCn33XJnwRtV8q3CUtCsQ,Zankoku Cybogrez #146,Cybogrez go BOP BOP,https://zankokuarena.io,image,"[{'address': 'xgLPMgPaFd1mjgP73Ghkogkpokn9AZFQhPAB5nre8m5', 'verified': 1, 'share': 0}, {'address': '52Cy9Xus2JgCszQ9vZq24A4r1gWRgpLLhSG1Bfk1YjNZ', 'verified': 0, 'share': 100}]",1250,A2ZF94LdNM8bYdGgrFSREuuKy9tgyugQ1dP8XBza1W7Y,"[{'trait_type': 'Background', 'value': 'BG 9'}, {'trait_type': 'Face', 'value': 'Ogre'}, {'trait_type': 'Arms', 'value': 'Merlin'}, {'trait_type': 'Accessories', 'value': 'Cross Bandaid'}, {'trait_type': 'Torso', 'value': 'ZOKU014'}, {'trait_type': 'Helmet', 'value': 'Neptune'}, {'trait_type': 'Feet', 'value': 'Bragi'}, {'trait_type': 'Bracers', 'value': 'Atlas'}, {'trait_type': 'Hands', 'value': 'Empress'}]","{'files': [{'type': 'image/png', 'uri': 'https://arweave.net/zeVzfluzPSpyk7umCZCoPjrCn33XJnwRtV8q3CUtCsQ'}], 'category': 'image', 'creators': [{'address': '52Cy9Xus2JgCszQ9vZq24A4r1gWRgpLLhSG1Bfk1YjNZ', 'share': 100}]}",1,ZanzPN8P8kP41jq5gTR5yVQMavndvmSxUhSqrSjY36v,1,{},False,"{'auctionHouseKey': 'E8cU1WiRWjanGxmn96ewBgk9vPTcL6AEZ1t6F6fkgUWe', 'sellerReferral': 'autMW8SgBkVYeBgqYiTuJZnkvDZMVU2MHJh9Jh7CSQ2', 'expiry': -1}"
24,7PwpZpBgTvQbHC9VzEjfuDerHJ84hppMBieAJJUjKmG8,17.0,9a7JLekLV1FWotzJWmC6Eh78FFf2GFypLALkD5EsmKA3,GLKDAAo5fDs8A9pzWrbmpnvW1hHfaMcMbEdWjzTo9U8v,zankoku,Zankoku Cybogrez,https://arweave.net/b_sRf5VW479zLUa6_-zQOCwlKpFBAR2bQXCeOtxGK3Q,Zankoku Cybogrez #305,Cybogrez go BOP BOP,https://zankokuarena.io,image,"[{'address': 'xgLPMgPaFd1mjgP73Ghkogkpokn9AZFQhPAB5nre8m5', 'verified': 1, 'share': 0}, {'address': '52Cy9Xus2JgCszQ9vZq24A4r1gWRgpLLhSG1Bfk1YjNZ', 'verified': 0, 'share': 100}]",1250,BKdqeWc18Htk2jHv7nrjtTgLBTNxxduT7QJiZMbE3xYY,"[{'trait_type': 'Background', 'value': 'BG 16'}, {'trait_type': 'Face', 'value': 'Ogre'}, {'trait_type': 'Arms', 'value': 'Ares'}, {'trait_type': 'Accessories', 'value': 'Eyebrow Ring Blue'}, {'trait_type': 'Torso', 'value': 'ZOKU002'}, {'trait_type': 'Helmet', 'value': 'Golem'}, {'trait_type': 'Feet', 'value': 'Wasp'}, {'trait_type': 'Bracers', 'value': 'Omen'}, {'trait_type': 'Hands', 'value': 'Ogre'}]","{'files': [{'type': 'image/png', 'uri': 'https://arweave.net/b_sRf5VW479zLUa6_-zQOCwlKpFBAR2bQXCeOtxGK3Q'}], 'category': 'image', 'creators': [{'address': '52Cy9Xus2JgCszQ9vZq24A4r1gWRgpLLhSG1Bfk1YjNZ', 'share': 100}]}",1,ZanzPN8P8kP41jq5gTR5yVQMavndvmSxUhSqrSjY36v,1,{},False,"{'auctionHouseKey': 'E8cU1WiRWjanGxmn96ewBgk9vPTcL6AEZ1t6F6fkgUWe', 'sellerReferral': 'autMW8SgBkVYeBgqYiTuJZnkvDZMVU2MHJh9Jh7CSQ2', 'expiry': -1}"
25,GtPEfyiMm6UTTNXGQjSwtot6jLmYdpLTXjF9UihTU8Mz,17.5,3BkJTDeG83VmDYVYzEMAvCtKAcPsJL5fSfZAf5vvdd3N,5v9okbE9guXoj2J3yaxpWVYBS5chGoR9kYXf8hwVWTcU,zankoku,Zankoku Cybogrez,https://arweave.net/FzPofc-cGl0djQUzDygwNr2f1pe1tM-z-IyQVVP1TEo,Zankoku Cybogrez #159,Cybogrez go BOP BOP,https://zankokuarena.io,image,"[{'address': 'xgLPMgPaFd1mjgP73Ghkogkpokn9AZFQhPAB5nre8m5', 'verified': 1, 'share': 0}, {'address': '52Cy9Xus2JgCszQ9vZq24A4r1gWRgpLLhSG1Bfk1YjNZ', 'verified': 0, 'share': 100}]",1250,8JRKA3fN4BByQRLE6ELADmwZKoMgym6M6vBKdSLpG1Fn,"[{'trait_type': 'Background', 'value': 'BG 16'}, {'trait_type': 'Face', 'value': 'Ogre'}, {'trait_type': 'Arms', 'value': 'Storm'}, {'trait_type': 'Accessories', 'value': 'Horns'}, {'trait_type': 'Torso', 'value': 'ZOKU001'}, {'trait_type': 'Helmet', 'value': 'Brax'}, {'trait_type': 'Feet', 'value': 'Hercule'}, {'trait_type': 'Bracers', 'value': 'Atlas'}, {'trait_type': 'Hands', 'value': 'Wrath'}]","{'files': [{'type': 'image/png', 'uri': 'https://arweave.net/FzPofc-cGl0djQUzDygwNr2f1pe1tM-z-IyQVVP1TEo'}], 'category': 'image', 'creators': [{'address': '52Cy9Xus2JgCszQ9vZq24A4r1gWRgpLLhSG1Bfk1YjNZ', 'share': 100}]}",1,ZanzPN8P8kP41jq5gTR5yVQMavndvmSxUhSqrSjY36v,1,{},False,"{'auctionHouseKey': 'E8cU1WiRWjanGxmn96ewBgk9vPTcL6AEZ1t6F6fkgUWe', 'sellerReferral': 'autMW8SgBkVYeBgqYiTuJZnkvDZMVU2MHJh9Jh7CSQ2', 'expiry': -1}"
26,Bpd8kVjiHkrNXgwmMfztqZ8MCUv1Q3HaQ9QWB6gipeQs,17.69,BzJVsN53HgMVPhiNoiXQyPAH7BjAMC6wugsndqXD15aq,ABAeQpvcTDfWMownZtTiaqTSTtUs5b37vTBE9ieWxiMo,zankoku,Zankoku Cybogrez,https://arweave.net/0l9GJ-gavPbFAK6UsBbjXKuGFDIosy6VJXGvigA3xxo,Zankoku Cybogrez #912,Cybogrez go BOP BOP,https://zankokuarena.io,image,"[{'address': 'xgLPMgPaFd1mjgP73Ghkogkpokn9AZFQhPAB5nre8m5', 'verified': 1, 'share': 0}, {'address': '52Cy9Xus2JgCszQ9vZq24A4r1gWRgpLLhSG1Bfk1YjNZ', 'verified': 0, 'share': 100}]",1250,DzXjqCBJddvNNrueDgVDUYmPUqx5gonzZWizrWK9rFDw,"[{'trait_type': 'Background', 'value': 'BG 8'}, {'trait_type': 'Face', 'value': 'Ogre'}, {'trait_type': 'Arms', 'value': 'Beta'}, {'trait_type': 'Accessories', 'value': '3D Glasses'}, {'trait_type': 'Torso', 'value': 'ZOKU018'}, {'trait_type': 'Helmet', 'value': 'Sett'}, {'trait_type': 'Feet', 'value': 'Bronze'}, {'trait_type': 'Bracers', 'value': 'Hephaestus'}, {'trait_type': 'Hands', 'value': 'Anubis'}]","{'files': [{'type': 'image/png', 'uri': 'https://arweave.net/0l9GJ-gavPbFAK6UsBbjXKuGFDIosy6VJXGvigA3xxo'}], 'category': 'image', 'creators': [{'address': '52Cy9Xus2JgCszQ9vZq24A4r1gWRgpLLhSG1Bfk1YjNZ', 'share': 100}]}",1,ZanzPN8P8kP41jq5gTR5yVQMavndvmSxUhSqrSjY36v,1,{},False,"{'auctionHouseKey': 'E8cU1WiRWjanGxmn96ewBgk9vPTcL6AEZ1t6F6fkgUWe', 'sellerReferral': 'autMW8SgBkVYeBgqYiTuJZnkvDZMVU2MHJh9Jh7CSQ2', 'expiry': -1}"
27,BxYpQctF7Vmt4nNnGj7LqFDAuTiBd9XnkvVDhBJbYfJh,17.77,CRePhzgBP4XbRiQCxHdwaSVAXd12cJVdbX4ZNSgwAJti,FPAbREWjYPUhdH5AH8X62WoAsYqUEQASMmcVFwrHb7vW,zankoku,Zankoku Cybogrez,https://arweave.net/-yHn51zYgtwqFkCQs4IkAW48gKK8tZKd0JjdXj2Qo2E,Zankoku Cybogrez #63,Cybogrez go BOP BOP,https://zankokuarena.io,image,"[{'address': 'xgLPMgPaFd1mjgP73Ghkogkpokn9AZFQhPAB5nre8m5', 'verified': 1, 'share': 0}, {'address': '52Cy9Xus2JgCszQ9vZq24A4r1gWRgpLLhSG1Bfk1YjNZ', 'verified': 0, 'share': 100}]",1250,3SuihwCczWewj9ZDovv5pZ9YsEWvPvZh1KQ777pNWpVN,"[{'trait_type': 'Background', 'value': 'BG 13'}, {'trait_type': 'Face', 'value': 'Ogre'}, {'trait_type': 'Arms', 'value': 'Shanks'}, {'trait_type': 'Accessories', 'value': '3D Glasses'}, {'trait_type': 'Torso', 'value': 'ZOKU017'}, {'trait_type': 'Helmet', 'value': 'Brax'}, {'trait_type': 'Feet', 'value': 'Bragi'}, {'trait_type': 'Bracers', 'value': 'Tarto'}, {'trait_type': 'Hands', 'value': 'Purple Haze'}]","{'files': [{'type': 'image/png', 'uri': 'https://arweave.net/-yHn51zYgtwqFkCQs4IkAW48gKK8tZKd0JjdXj2Qo2E'}], 'category': 'image', 'creators': [{'address': '52Cy9Xus2JgCszQ9vZq24A4r1gWRgpLLhSG1Bfk1YjNZ', 'share': 100}]}",1,ZanzPN8P8kP41jq5gTR5yVQMavndvmSxUhSqrSjY36v,1,{},False,"{'auctionHouseKey': 'E8cU1WiRWjanGxmn96ewBgk9vPTcL6AEZ1t6F6fkgUWe', 'sellerReferral': 'autMW8SgBkVYeBgqYiTuJZnkvDZMVU2MHJh9Jh7CSQ2', 'expiry': -1}"
28,egzodpq2UtSo7ZmeiiQg7ZabnF6a16xtEyHca1vwS6u,19.89,EhZ8oHoiB83uqaqm1yqKG88fKz39ueuvvS73CVRcTHnf,79XQC783a2WBogq5qJucSeuZwtsFf7qz1hDF934ip7EK,zankoku,Zankoku Cybogrez,https://arweave.net/SE_OKZSJJf7cyCU4Psm6lmgc62U8YWc13ukXgOdVfPo,Zankoku Cybogrez #573,Cybogrez go BOP BOP,https://zankokuarena.io,image,"[{'address': 'xgLPMgPaFd1mjgP73Ghkogkpokn9AZFQhPAB5nre8m5', 'verified': 1, 'share': 0}, {'address': '52Cy9Xus2JgCszQ9vZq24A4r1gWRgpLLhSG1Bfk1YjNZ', 'verified': 0, 'share': 100}]",1250,7t5tzseJJvv29mYZHTPesERAhAtWYbP9VFFWtGhDeBcb,"[{'trait_type': 'Background', 'value': 'BG 3'}, {'trait_type': 'Face', 'value': 'Ogre'}, {'trait_type': 'Arms', 'value': 'Undine'}, {'trait_type': 'Accessories', 'value': '3D Glasses'}, {'trait_type': 'Torso', 'value': 'ZOKU009'}, {'trait_type': 'Helmet', 'value': 'Sett'}, {'trait_type': 'Feet', 'value': 'Echo'}, {'trait_type': 'Bracers', 'value': 'Eros'}, {'trait_type': 'Hands', 'value': 'Ogre'}]","{'files': [{'type': 'image/png', 'uri': 'https://arweave.net/SE_OKZSJJf7cyCU4Psm6lmgc62U8YWc13ukXgOdVfPo'}], 'category': 'image', 'creators': [{'address': '52Cy9Xus2JgCszQ9vZq24A4r1gWRgpLLhSG1Bfk1YjNZ', 'share': 100}]}",1,ZanzPN8P8kP41jq5gTR5yVQMavndvmSxUhSqrSjY36v,1,{},False,"{'auctionHouseKey': 'E8cU1WiRWjanGxmn96ewBgk9vPTcL6AEZ1t6F6fkgUWe', 'sellerReferral': 'autMW8SgBkVYeBgqYiTuJZnkvDZMVU2MHJh9Jh7CSQ2', 'expiry': -1}"
29,3ab6sHrvaLLHwo4HUYBcaB7ZAKi6pJYi9yHJJYg8jsBU,20.0,EeBBzpA8aNzrix1R6CgtWLUL6uoX95iGxMico7NSXUMf,672ErvoRqr1amgvuHXhtp9o9ctexkgtUBnxjcnw4sQ91,zankoku,Zankoku Cybogrez,https://arweave.net/MByoFZWkO5VZqH1cqqkHoDIoAnLgby2E7rgEVVE7FDk,Zankoku Cybogrez #517,Cybogrez go BOP BOP,https://zankokuarena.io,image,"[{'address': 'xgLPMgPaFd1mjgP73Ghkogkpokn9AZFQhPAB5nre8m5', 'verified': 1, 'share': 0}, {'address': '52Cy9Xus2JgCszQ9vZq24A4r1gWRgpLLhSG1Bfk1YjNZ', 'verified': 0, 'share': 100}]",1250,47zyh5xUtBu9NeYuNLXHXHaE1QZZfwfxvQdm5t9sUWGw,"[{'trait_type': 'Background', 'value': 'BG 5'}, {'trait_type': 'Face', 'value': 'Ogre'}, {'trait_type': 'Arms', 'value': 'Golden'}, {'trait_type': 'Accessories', 'value': 'Tongue'}, {'trait_type': 'Torso', 'value': 'ZOKU021'}, {'trait_type': 'Helmet', 'value': 'Oath'}, {'trait_type': 'Feet', 'value': 'Bronze'}, {'trait_type': 'Bracers', 'value': 'Hermes'}, {'trait_type': 'Hands', 'value': 'Gold Finger'}]","{'files': [{'type': 'image/png', 'uri': 'https://arweave.net/MByoFZWkO5VZqH1cqqkHoDIoAnLgby2E7rgEVVE7FDk'}], 'category': 'image', 'creators': [{'address': '52Cy9Xus2JgCszQ9vZq24A4r1gWRgpLLhSG1Bfk1YjNZ', 'share': 100}]}",1,ZanzPN8P8kP41jq5gTR5yVQMavndvmSxUhSqrSjY36v,1,{},False,"{'auctionHouseKey': 'E8cU1WiRWjanGxmn96ewBgk9vPTcL6AEZ1t6F6fkgUWe', 'sellerReferral': 'autMW8SgBkVYeBgqYiTuJZnkvDZMVU2MHJh9Jh7CSQ2', 'expiry': -1}"
30,9g3a1uWXA9h7wzBhDuPfny4wmjU8GT85Vw9ec2hA4r4e,21.0,GmYuR6hyg4wLCmSybWU96KEEL2hmrYZybb1SiRkxS94k,5UxB1w9jyuum5ynW32XXSpsDTxFyvvVDewVznZkxPPZQ,zankoku,Zankoku Cybogrez,https://arweave.net/pPiVrD-ImEDl6GllGjTa1QPQ7GUbGmBHVUM0xVegexA,Zankoku Cybogrez #464,Cybogrez go BOP BOP,https://zankokuarena.io,image,"[{'address': 'xgLPMgPaFd1mjgP73Ghkogkpokn9AZFQhPAB5nre8m5', 'verified': 1, 'share': 0}, {'address': '52Cy9Xus2JgCszQ9vZq24A4r1gWRgpLLhSG1Bfk1YjNZ', 'verified': 0, 'share': 100}]",1250,HniaWoVLKNngSCQLB5MTtHipNQ1iLFu88m83G4gspUUX,"[{'trait_type': 'Background', 'value': 'BG 21'}, {'trait_type': 'Face', 'value': 'Ogre'}, {'trait_type': 'Arms', 'value': 'Libra'}, {'trait_type': 'Accessories', 'value': 'Songbird'}, {'trait_type': 'Torso', 'value': 'ZOKU009'}, {'trait_type': 'Helmet', 'value': 'Sethan'}, {'trait_type': 'Feet', 'value': 'Lapras'}, {'trait_type': 'Bracers', 'value': 'Hazard'}, {'trait_type': 'Hands', 'value': 'Thanos'}]","{'files': [{'type': 'image/png', 'uri': 'https://arweave.net/pPiVrD-ImEDl6GllGjTa1QPQ7GUbGmBHVUM0xVegexA'}], 'category': 'image', 'creators': [{'address': '52Cy9Xus2JgCszQ9vZq24A4r1gWRgpLLhSG1Bfk1YjNZ', 'share': 100}]}",1,ZanzPN8P8kP41jq5gTR5yVQMavndvmSxUhSqrSjY36v,1,{},False,"{'auctionHouseKey': 'E8cU1WiRWjanGxmn96ewBgk9vPTcL6AEZ1t6F6fkgUWe', 'sellerReferral': 'autMW8SgBkVYeBgqYiTuJZnkvDZMVU2MHJh9Jh7CSQ2', 'expiry': -1}"
31,EUHPfdmEkhXBvigc7B7ZLtijDE34SJkLAdWmZNcNTDPa,22.0,4HunhczxpWuTumRPKboNkADKyXkNedAHUVVQUXS9i6qn,2bgK3aLPPzXYNmqohSijJYomR4KANDVGwUWQke5GirKU,zankoku,Zankoku Cybogrez,https://arweave.net/qeBgUCoOMbNWQjJYGZEPb7sVLDMAqhr8jeO1Or14Msk,Zankoku Cybogrez #467,Cybogrez go BOP BOP,https://zankokuarena.io,image,"[{'address': 'xgLPMgPaFd1mjgP73Ghkogkpokn9AZFQhPAB5nre8m5', 'verified': 1, 'share': 0}, {'address': '52Cy9Xus2JgCszQ9vZq24A4r1gWRgpLLhSG1Bfk1YjNZ', 'verified': 0, 'share': 100}]",1250,Bg5dY3SMDxFoEpKvKWcHoLuCDZPEaSPzUsRRMFKUjjre,"[{'trait_type': 'Background', 'value': 'BG 8'}, {'trait_type': 'Face', 'value': 'Ogre'}, {'trait_type': 'Arms', 'value': 'Mirage'}, {'trait_type': 'Accessories', 'value': 'Songbird'}, {'trait_type': 'Torso', 'value': 'ZOKU020'}, {'trait_type': 'Helmet', 'value': 'Chaser'}, {'trait_type': 'Feet', 'value': 'Reign'}, {'trait_type': 'Bracers', 'value': 'Hermes'}, {'trait_type': 'Hands', 'value': 'STX1313'}]","{'files': [{'type': 'image/png', 'uri': 'https://arweave.net/qeBgUCoOMbNWQjJYGZEPb7sVLDMAqhr8jeO1Or14Msk'}], 'category': 'image', 'creators': [{'address': '52Cy9Xus2JgCszQ9vZq24A4r1gWRgpLLhSG1Bfk1YjNZ', 'share': 100}]}",1,ZanzPN8P8kP41jq5gTR5yVQMavndvmSxUhSqrSjY36v,1,{},False,"{'auctionHouseKey': 'E8cU1WiRWjanGxmn96ewBgk9vPTcL6AEZ1t6F6fkgUWe', 'sellerReferral': 'autMW8SgBkVYeBgqYiTuJZnkvDZMVU2MHJh9Jh7CSQ2', 'expiry': -1}"
32,44H8VVgSJ4RkbME7EMxeUQ9v6PGRjHt2CCReYxAB2yAd,25.0,8NkVRhGouqSWxhSooPxZZgTjg3C7LBd412gyN1JQvB8D,HobkGhQsojZnzmaSTf7W2owVNBQxpMn11zPg4XNxgtiU,zankoku,Zankoku Cybogrez,https://arweave.net/HIvnGj7bkJKAX0tNPg6IszVqZ0fbRw5-LtlLNzRHlj4,Zankoku Cybogrez #569,Cybogrez go BOP BOP,https://zankokuarena.io,image,"[{'address': 'xgLPMgPaFd1mjgP73Ghkogkpokn9AZFQhPAB5nre8m5', 'verified': 1, 'share': 0}, {'address': '52Cy9Xus2JgCszQ9vZq24A4r1gWRgpLLhSG1Bfk1YjNZ', 'verified': 0, 'share': 100}]",1250,CMZPvqBAF1ws28MLDy9PBBGsjE36fQy9NpsXtTe9CzRa,"[{'trait_type': 'Background', 'value': 'BG 17'}, {'trait_type': 'Face', 'value': 'Ogre'}, {'trait_type': 'Arms', 'value': 'Virgo'}, {'trait_type': 'Accessories', 'value': 'Cross Bandaid'}, {'trait_type': 'Torso', 'value': 'ZOKU024'}, {'trait_type': 'Helmet', 'value': 'Dream'}, {'trait_type': 'Feet', 'value': 'Kami'}, {'trait_type': 'Bracers', 'value': 'Gaia'}, {'trait_type': 'Hands', 'value': 'Purple Haze'}]","{'files': [{'type': 'image/png', 'uri': 'https://arweave.net/HIvnGj7bkJKAX0tNPg6IszVqZ0fbRw5-LtlLNzRHlj4'}], 'category': 'image', 'creators': [{'address': '52Cy9Xus2JgCszQ9vZq24A4r1gWRgpLLhSG1Bfk1YjNZ', 'share': 100}]}",1,ZanzPN8P8kP41jq5gTR5yVQMavndvmSxUhSqrSjY36v,1,{},False,"{'auctionHouseKey': 'E8cU1WiRWjanGxmn96ewBgk9vPTcL6AEZ1t6F6fkgUWe', 'sellerReferral': 'autMW8SgBkVYeBgqYiTuJZnkvDZMVU2MHJh9Jh7CSQ2', 'expiry': -1}"
33,4AM7c9T2VM8aAQ3NKQZHdmyDXM58n7HGLSWmNR9tGLbR,25.0,6NyeW5j9PyfDvBKPuXQj6op9K8WM3Zq6UxLY1yLES2jT,3j54792sVPx9y9T1AFfpNNXEZyChyFhvzEheJjHpC2Vd,zankoku,Zankoku Cybogrez,https://arweave.net/tP8BZ8tOicuuIiPVhLOO0YvwR6XaOGIOKKQ0g53OWYo,Zankoku Cybogrez #278,Cybogrez go BOP BOP,https://zankokuarena.io,image,"[{'address': 'xgLPMgPaFd1mjgP73Ghkogkpokn9AZFQhPAB5nre8m5', 'verified': 1, 'share': 0}, {'address': '52Cy9Xus2JgCszQ9vZq24A4r1gWRgpLLhSG1Bfk1YjNZ', 'verified': 0, 'share': 100}]",1250,GhVVCVTqeDbqttdwDwnvqJBTQZD8F88jYTw5mD1Y24Zw,"[{'trait_type': 'Background', 'value': 'BG 6'}, {'trait_type': 'Face', 'value': 'Ogre'}, {'trait_type': 'Arms', 'value': 'Kraken'}, {'trait_type': 'Accessories', 'value': 'Stars'}, {'trait_type': 'Torso', 'value': 'ZOKU015'}, {'trait_type': 'Helmet', 'value': 'Dream'}, {'trait_type': 'Feet', 'value': 'Thor'}, {'trait_type': 'Bracers', 'value': 'Hazard'}, {'trait_type': 'Hands', 'value': 'Star Crossed'}]","{'files': [{'type': 'image/png', 'uri': 'https://arweave.net/tP8BZ8tOicuuIiPVhLOO0YvwR6XaOGIOKKQ0g53OWYo'}], 'category': 'image', 'creators': [{'address': '52Cy9Xus2JgCszQ9vZq24A4r1gWRgpLLhSG1Bfk1YjNZ', 'share': 100}]}",1,ZanzPN8P8kP41jq5gTR5yVQMavndvmSxUhSqrSjY36v,1,{},False,"{'auctionHouseKey': 'E8cU1WiRWjanGxmn96ewBgk9vPTcL6AEZ1t6F6fkgUWe', 'sellerReferral': 'autMW8SgBkVYeBgqYiTuJZnkvDZMVU2MHJh9Jh7CSQ2', 'expiry': -1}"
34,6ab6HGbiyK3SrTUupab3U2EqqXaPGmfMkZ1hd7FHzoGm,30.0,9GfXsgMwJWU19GvC5DKBLsuK3ShKFWMiymuf5e2L3gt4,HGeD9H3pGMhFJyGMsamm54ZYzaSyQVPtxghuNz1axXvX,zankoku,Zankoku Cybogrez,https://arweave.net/bOhjpPRqzgyoe2MGhPPKYLEd7aem4qnuw-tCxGMFPqI,Zankoku Cybogrez #661,Cybogrez go BOP BOP,https://zankokuarena.io,image,"[{'address': 'xgLPMgPaFd1mjgP73Ghkogkpokn9AZFQhPAB5nre8m5', 'verified': 1, 'share': 0}, {'address': '52Cy9Xus2JgCszQ9vZq24A4r1gWRgpLLhSG1Bfk1YjNZ', 'verified': 0, 'share': 100}]",1250,wWmiWmXMmhTR3XVvCTUGLvzCEiiQx6VD2Ki8C8h8EE6,"[{'trait_type': 'Background', 'value': 'BG 16'}, {'trait_type': 'Face', 'value': 'Ogre'}, {'trait_type': 'Arms', 'value': 'Ratchet'}, {'trait_type': 'Accessories', 'value': '3D Glasses'}, {'trait_type': 'Torso', 'value': 'ZOKU016'}, {'trait_type': 'Helmet', 'value': 'Oath'}, {'trait_type': 'Feet', 'value': 'Mega'}, {'trait_type': 'Bracers', 'value': 'Aphrodite'}, {'trait_type': 'Hands', 'value': 'Gluttony'}]","{'files': [{'type': 'image/png', 'uri': 'https://arweave.net/bOhjpPRqzgyoe2MGhPPKYLEd7aem4qnuw-tCxGMFPqI'}], 'category': 'image', 'creators': [{'address': '52Cy9Xus2JgCszQ9vZq24A4r1gWRgpLLhSG1Bfk1YjNZ', 'share': 100}]}",1,ZanzPN8P8kP41jq5gTR5yVQMavndvmSxUhSqrSjY36v,1,{},False,"{'auctionHouseKey': 'E8cU1WiRWjanGxmn96ewBgk9vPTcL6AEZ1t6F6fkgUWe', 'sellerReferral': 'autMW8SgBkVYeBgqYiTuJZnkvDZMVU2MHJh9Jh7CSQ2', 'expiry': -1}"
35,AJCVeA5ywCn1hdZWS9vD2HmTZF3ecSeHwhLSQw6y3KqV,40.0,8qPxaYRXE1XQvuQVhcaZJJREXRzkrDFifbWvYt1JNbzX,BVjw2E6xFR6Ec73zcT7ECbTe59Mh4URGrnnSofDzNHiB,zankoku,Zankoku Cybogrez,https://arweave.net/jEF9lsOXprKiYVny6ayYBng5QnBoVnu4AmwL8jurD5c,Zankoku Cybogrez #751,Cybogrez go BOP BOP,https://zankokuarena.io,image,"[{'address': 'xgLPMgPaFd1mjgP73Ghkogkpokn9AZFQhPAB5nre8m5', 'verified': 1, 'share': 0}, {'address': '52Cy9Xus2JgCszQ9vZq24A4r1gWRgpLLhSG1Bfk1YjNZ', 'verified': 0, 'share': 100}]",1250,9K7wuy6p1BCEeLR5XnAdgVDFjNshR5WxgXJuLrwNZshy,"[{'trait_type': 'Background', 'value': 'BG 10'}, {'trait_type': 'Face', 'value': 'Ogre'}, {'trait_type': 'Arms', 'value': 'Storm'}, {'trait_type': 'Accessories', 'value': 'Glasses'}, {'trait_type': 'Torso', 'value': 'ZOKU017'}, {'trait_type': 'Helmet', 'value': 'Justice'}, {'trait_type': 'Feet', 'value': 'Fin'}, {'trait_type': 'Bracers', 'value': 'Eros'}, {'trait_type': 'Hands', 'value': 'Wrath'}]","{'files': [{'type': 'image/png', 'uri': 'https://arweave.net/jEF9lsOXprKiYVny6ayYBng5QnBoVnu4AmwL8jurD5c'}], 'category': 'image', 'creators': [{'address': '52Cy9Xus2JgCszQ9vZq24A4r1gWRgpLLhSG1Bfk1YjNZ', 'share': 100}]}",1,ZanzPN8P8kP41jq5gTR5yVQMavndvmSxUhSqrSjY36v,1,{},False,"{'auctionHouseKey': 'E8cU1WiRWjanGxmn96ewBgk9vPTcL6AEZ1t6F6fkgUWe', 'sellerReferral': 'autMW8SgBkVYeBgqYiTuJZnkvDZMVU2MHJh9Jh7CSQ2', 'expiry': -1}"
36,8SKfkWSjMktH65PRkYRNQogSzwM3SrCcobPr43GWwg5n,50.0,GPAKxFnz159ufQ1QcZP98ZMW2ZWVtPQDVJeAgw5eeBi5,BVZtCSWoyhcnd11xQLSej1AANx4z6tQTQbHzZezQGCMX,zankoku,Zankoku Cybogrez,https://arweave.net/KO5flpaipOgfeE2l4wPBk4QIQpvErEpUynxUbyw9KuE,Zankoku Cybogrez #1000,Cybogrez go BOP BOP,https://zankokuarena.io,image,"[{'address': 'xgLPMgPaFd1mjgP73Ghkogkpokn9AZFQhPAB5nre8m5', 'verified': 1, 'share': 0}, {'address': '52Cy9Xus2JgCszQ9vZq24A4r1gWRgpLLhSG1Bfk1YjNZ', 'verified': 0, 'share': 100}]",1250,BitCZZ1Zpx5Cjy15tapae9xkKLisJiUwEDrvFYrMdgpw,"[{'trait_type': 'Background', 'value': 'BG 5'}, {'trait_type': 'Face', 'value': 'Ogre'}, {'trait_type': 'Arms', 'value': 'Golden'}, {'trait_type': 'Accessories', 'value': 'X'}, {'trait_type': 'Torso', 'value': 'ZOKU011'}, {'trait_type': 'Helmet', 'value': 'Oath'}, {'trait_type': 'Feet', 'value': 'Odin'}, {'trait_type': 'Bracers', 'value': 'Hades'}, {'trait_type': 'Hands', 'value': 'Judge'}]","{'files': [{'type': 'image/png', 'uri': 'https://arweave.net/KO5flpaipOgfeE2l4wPBk4QIQpvErEpUynxUbyw9KuE'}], 'category': 'image', 'creators': [{'address': '52Cy9Xus2JgCszQ9vZq24A4r1gWRgpLLhSG1Bfk1YjNZ', 'share': 100}]}",1,ZanzPN8P8kP41jq5gTR5yVQMavndvmSxUhSqrSjY36v,1,{},False,"{'auctionHouseKey': 'E8cU1WiRWjanGxmn96ewBgk9vPTcL6AEZ1t6F6fkgUWe', 'sellerReferral': 'autMW8SgBkVYeBgqYiTuJZnkvDZMVU2MHJh9Jh7CSQ2', 'expiry': -1}"
37,HzRk1LMpHE8qwC87kTnrkCDiCqexahtDQa7DNSc2urKQ,76.7,7vDwmtUgDKp1QwEDe6As9Eh8ncXTwye2SoLLqAKimM3k,4vd2hwpe2mstagwQTtA85gsWXJvVPEP9Ren2sn24xJqT,zankoku,Zankoku Cybogrez,https://arweave.net/mMrrtZeHP9GALAFt01d2U7_sQrIHdJ4u4eGjiwa2QxU,Zankoku Cybogrez #767,Cybogrez go BOP BOP,https://zankokuarena.io,image,"[{'address': 'xgLPMgPaFd1mjgP73Ghkogkpokn9AZFQhPAB5nre8m5', 'verified': 1, 'share': 0}, {'address': '52Cy9Xus2JgCszQ9vZq24A4r1gWRgpLLhSG1Bfk1YjNZ', 'verified': 0, 'share': 100}]",1250,EG7c1nqwyYMhfDESp77EdHvvyyptS6hwRZSMzyVJMdfP,"[{'trait_type': 'Background', 'value': 'BG 9'}, {'trait_type': 'Face', 'value': 'Ogre'}, {'trait_type': 'Arms', 'value': 'Apollo'}, {'trait_type': 'Accessories', 'value': '3D Glasses'}, {'trait_type': 'Torso', 'value': 'ZOKU003'}, {'trait_type': 'Helmet', 'value': 'Oath'}, {'trait_type': 'Feet', 'value': 'Vox'}, {'trait_type': 'Bracers', 'value': 'Aion'}, {'trait_type': 'Hands', 'value': 'Geo'}]","{'files': [{'type': 'image/png', 'uri': 'https://arweave.net/mMrrtZeHP9GALAFt01d2U7_sQrIHdJ4u4eGjiwa2QxU'}], 'category': 'image', 'creators': [{'address': '52Cy9Xus2JgCszQ9vZq24A4r1gWRgpLLhSG1Bfk1YjNZ', 'share': 100}]}",1,ZanzPN8P8kP41jq5gTR5yVQMavndvmSxUhSqrSjY36v,1,{},False,"{'auctionHouseKey': 'E8cU1WiRWjanGxmn96ewBgk9vPTcL6AEZ1t6F6fkgUWe', 'sellerReferral': 'autMW8SgBkVYeBgqYiTuJZnkvDZMVU2MHJh9Jh7CSQ2', 'expiry': -1}"
38,9Xgh7uDEAt2YTe7vS4p7STb7a6LkAW5rQAdzXUUSdWCU,250.0,DQiS7Dw9QAdwXWoofnZ8HemaJwLFqJF6ChUP8FjjFjAp,6oP78Kng7TVXWkx49Mr71syjkzjqw3aMnjD8EYyisnhi,zankoku,Zankoku Cybogrez,https://arweave.net/SynQmhBnYRfhq5Q3gkDt4MtqGgi_WnhlBghuLijLcCk,Zankoku Cybogrez #729,Cybogrez go BOP BOP,https://zankokuarena.io,image,"[{'address': 'xgLPMgPaFd1mjgP73Ghkogkpokn9AZFQhPAB5nre8m5', 'verified': 1, 'share': 0}, {'address': '52Cy9Xus2JgCszQ9vZq24A4r1gWRgpLLhSG1Bfk1YjNZ', 'verified': 0, 'share': 100}]",1250,J4YC46cav7eAaPA6J1TqPasqeK3g4nuyUVtKHYK72pYM,"[{'trait_type': 'Background', 'value': 'BG 15'}, {'trait_type': 'Face', 'value': 'Ogre'}, {'trait_type': 'Arms', 'value': 'Merlin'}, {'trait_type': 'Accessories', 'value': 'Monocle'}, {'trait_type': 'Torso', 'value': 'ZOKU009'}, {'trait_type': 'Helmet', 'value': 'Disco'}, {'trait_type': 'Feet', 'value': 'Vox'}, {'trait_type': 'Bracers', 'value': 'Ares'}, {'trait_type': 'Hands', 'value': 'Emperor'}]","{'files': [{'type': 'image/png', 'uri': 'https://arweave.net/SynQmhBnYRfhq5Q3gkDt4MtqGgi_WnhlBghuLijLcCk'}], 'category': 'image', 'creators': [{'address': '52Cy9Xus2JgCszQ9vZq24A4r1gWRgpLLhSG1Bfk1YjNZ', 'share': 100}]}",1,ZanzPN8P8kP41jq5gTR5yVQMavndvmSxUhSqrSjY36v,1,{},False,"{'auctionHouseKey': 'E8cU1WiRWjanGxmn96ewBgk9vPTcL6AEZ1t6F6fkgUWe', 'sellerReferral': 'autMW8SgBkVYeBgqYiTuJZnkvDZMVU2MHJh9Jh7CSQ2', 'expiry': -1}"
